Problem,nvar,ncon,Variant,SAR,M,PH,ATR,RRU,Status,Iterations,Time_ms,f_final,h_norm,Is_Base
10FOLDTRLS,1000,0,2P_SAR0_PH1_ATR0_RRU1_SQP_IDENTITY,false,1,true,false,true,MAX_IT,5000,13874.203672,-285244.7435346256,0.0,false
10FOLDTRLS,1000,0,2P_SAR0_PH1_ATR0_RRU1_SQP_SPECTRAL,false,1,true,false,true,MAX_IT,5000,13317.097831,-285230.53982055007,0.0,false
10FOLDTRLS,1000,0,2P_SAR0_PH1_ATR0_RRU1_SQP_RECIPROCAL,false,1,true,false,true,MAX_IT,5000,15809.752844,-349140.7892324531,0.0,false
10FOLDTRLS,1000,0,2P_SAR0_PH1_ATR0_RRU1_SQP_EXPONENTIAL,false,1,true,false,true,MAX_IT,5000,17986.102439,-211778.66210214837,0.0,false
10FOLDTRLS,1000,0,2P_SAR0_PH1_ATR0_RRU1_SQP_QUASI_NEWTON,false,1,true,false,true,MAX_IT,5000,15036.030173000001,-3.285716561881199e6,0.0,false
3PK,30,0,2P_SAR0_PH1_ATR0_RRU1_SQP_IDENTITY,false,1,true,false,true,MAX_IT,5000,439.055794,9112.256715576128,0.0,false
3PK,30,0,2P_SAR0_PH1_ATR0_RRU1_SQP_SPECTRAL,false,1,true,false,true,MAX_IT,5000,395.877085,8691.103341446158,0.0,false
3PK,30,0,2P_SAR0_PH1_ATR0_RRU1_SQP_RECIPROCAL,false,1,true,false,true,MAX_IT,5000,439.535668,9150.875182867958,0.0,false
3PK,30,0,2P_SAR0_PH1_ATR0_RRU1_SQP_EXPONENTIAL,false,1,true,false,true,MAX_IT,5000,444.828101,8752.091519605263,0.0,false
3PK,30,0,2P_SAR0_PH1_ATR0_RRU1_SQP_QUASI_NEWTON,false,1,true,false,true,SMALL_STEP,506,39.088374,4.692062457574896,0.0,false
AIRCRFTB,8,0,2P_SAR0_PH1_ATR0_RRU1_SQP_IDENTITY,false,1,true,false,true,SMALL_STEP,3926,251.38233999999997,0.07049991266989836,0.0,false
AIRCRFTB,8,0,2P_SAR0_PH1_ATR0_RRU1_SQP_SPECTRAL,false,1,true,false,true,SMALL_STEP,20,1.543785,0.2692847938925393,0.0,false
AIRCRFTB,8,0,2P_SAR0_PH1_ATR0_RRU1_SQP_RECIPROCAL,false,1,true,false,true,SMALL_STEP,4118,211.91010699999998,0.05082075887775068,0.0,false
AIRCRFTB,8,0,2P_SAR0_PH1_ATR0_RRU1_SQP_EXPONENTIAL,false,1,true,false,true,SMALL_STEP,4024,196.289574,0.035591502934863406,0.0,false
AIRCRFTB,8,0,2P_SAR0_PH1_ATR0_RRU1_SQP_QUASI_NEWTON,false,1,true,false,true,SMALL_STEP,455,30.456031000000003,0.043156223787986905,0.0,false
AKIVA,2,0,2P_SAR0_PH1_ATR0_RRU1_SQP_IDENTITY,false,1,true,false,true,SMALL_STEP,11,5.802282,6.168291454315725,0.0,false
AKIVA,2,0,2P_SAR0_PH1_ATR0_RRU1_SQP_SPECTRAL,false,1,true,false,true,SMALL_STEP,12,1.662175,6.166534934041762,0.0,false
AKIVA,2,0,2P_SAR0_PH1_ATR0_RRU1_SQP_RECIPROCAL,false,1,true,false,true,SMALL_STEP,15,1.409399,6.166078089972715,0.0,false
AKIVA,2,0,2P_SAR0_PH1_ATR0_RRU1_SQP_EXPONENTIAL,false,1,true,false,true,SMALL_STEP,20,1.565214,6.167680173457025,0.0,false
AKIVA,2,0,2P_SAR0_PH1_ATR0_RRU1_SQP_QUASI_NEWTON,false,1,true,false,true,KKT_OK,15,1.2370619999999999,6.166042212420908,0.0,false
ALJAZZAF,1000,1,2P_SAR0_PH1_ATR0_RRU1_SQP_IDENTITY,false,1,true,false,true,INFEASIBLE_STATIONARY,947,7737.867644999999,37437.31199673909,0.01471024454616349,false
ALJAZZAF,1000,1,2P_SAR0_PH1_ATR0_RRU1_SQP_SPECTRAL,false,1,true,false,true,INFEASIBLE_STATIONARY,116,6037.360222,37413.76131802172,0.5047903954116826,false
ALJAZZAF,1000,1,2P_SAR0_PH1_ATR0_RRU1_SQP_RECIPROCAL,false,1,true,false,true,MAX_IT,5000,18756.918856999997,37497.82267843287,0.015378075245048806,false
ALJAZZAF,1000,1,2P_SAR0_PH1_ATR0_RRU1_SQP_EXPONENTIAL,false,1,true,false,true,MAX_IT,5000,33171.739842999996,37476.30694011997,0.0015519844804116056,false
ALJAZZAF,1000,1,2P_SAR0_PH1_ATR0_RRU1_SQP_QUASI_NEWTON,false,1,true,false,true,INFEASIBLE_STATIONARY,133,9928.083552,37413.76128809382,0.5013200204226673,false
ALLINIT,4,0,2P_SAR0_PH1_ATR0_RRU1_SQP_IDENTITY,false,1,true,false,true,KKT_OK,33,6.368289,16.70596843661413,0.0,false
ALLINIT,4,0,2P_SAR0_PH1_ATR0_RRU1_SQP_SPECTRAL,false,1,true,false,true,KKT_OK,45,2.564739,16.705968444717932,0.0,false
ALLINIT,4,0,2P_SAR0_PH1_ATR0_RRU1_SQP_RECIPROCAL,false,1,true,false,true,SMALL_STEP,30,2.053697,16.705968948562205,0.0,false
ALLINIT,4,0,2P_SAR0_PH1_ATR0_RRU1_SQP_EXPONENTIAL,false,1,true,false,true,KKT_OK,21,1.6679819999999999,16.705968476894096,0.0,false
ALLINIT,4,0,2P_SAR0_PH1_ATR0_RRU1_SQP_QUASI_NEWTON,false,1,true,false,true,KKT_OK,22,1.68165,16.705968538425875,0.0,false
ALLINITC,4,1,2P_SAR0_PH1_ATR0_RRU1_SQP_IDENTITY,false,1,true,false,true,SMALL_STEP,13,333.483572,30.322382634925205,3.93757226089253e-5,false
ALLINITC,4,1,2P_SAR0_PH1_ATR0_RRU1_SQP_SPECTRAL,false,1,true,false,true,SMALL_STEP,14,4.450951,30.323073014839085,3.906250574836623e-5,false
ALLINITC,4,1,2P_SAR0_PH1_ATR0_RRU1_SQP_RECIPROCAL,false,1,true,false,true,SMALL_STEP,11,3.879664,30.323096530009973,3.906250251584087e-5,false
ALLINITC,4,1,2P_SAR0_PH1_ATR0_RRU1_SQP_EXPONENTIAL,false,1,true,false,true,SMALL_STEP,12,4.645037,30.323073020951423,3.906250034746428e-5,false
ALLINITC,4,1,2P_SAR0_PH1_ATR0_RRU1_SQP_QUASI_NEWTON,false,1,true,false,true,SMALL_STEP,9,3.209762,30.323073019163314,3.90625004053069e-5,false
ALLINITU,4,0,2P_SAR0_PH1_ATR0_RRU1_SQP_IDENTITY,false,1,true,false,true,KKT_OK,25,6.730507,5.7443850953938185,0.0,false
ALLINITU,4,0,2P_SAR0_PH1_ATR0_RRU1_SQP_SPECTRAL,false,1,true,false,true,KKT_OK,24,1.59476,5.744384910770057,0.0,false
ALLINITU,4,0,2P_SAR0_PH1_ATR0_RRU1_SQP_RECIPROCAL,false,1,true,false,true,KKT_OK,38,2.458975,5.744385016433947,0.0,false
ALLINITU,4,0,2P_SAR0_PH1_ATR0_RRU1_SQP_EXPONENTIAL,false,1,true,false,true,KKT_OK,34,2.272907,5.744384994933092,0.0,false
ALLINITU,4,0,2P_SAR0_PH1_ATR0_RRU1_SQP_QUASI_NEWTON,false,1,true,false,true,KKT_OK,21,1.5636750000000001,5.744384948270396,0.0,false
ALSOTAME,2,1,2P_SAR0_PH1_ATR0_RRU1_SQP_IDENTITY,false,1,true,false,true,KKT_OK,7,3.549922,0.08208496761140412,3.7797570939800617e-7,false
ALSOTAME,2,1,2P_SAR0_PH1_ATR0_RRU1_SQP_SPECTRAL,false,1,true,false,true,SMALL_STEP,11,2.896137,0.1139597420117259,6.023048726433444e-11,false
ALSOTAME,2,1,2P_SAR0_PH1_ATR0_RRU1_SQP_RECIPROCAL,false,1,true,false,true,SMALL_STEP,46,3.85628,0.13537953342575143,5.848233008975967e-11,false
ALSOTAME,2,1,2P_SAR0_PH1_ATR0_RRU1_SQP_EXPONENTIAL,false,1,true,false,true,KKT_OK,8,2.1432249999999997,0.08208499862799047,4.98399099768676e-11,false
ALSOTAME,2,1,2P_SAR0_PH1_ATR0_RRU1_SQP_QUASI_NEWTON,false,1,true,false,true,KKT_OK,7,2.36174,0.08208496765255202,3.774731924810392e-7,false
ARGLINA,200,0,2P_SAR0_PH1_ATR0_RRU1_SQP_IDENTITY,false,1,true,false,true,KKT_OK,10,7.667117,200.00000020503944,0.0,false
ARGLINA,200,0,2P_SAR0_PH1_ATR0_RRU1_SQP_SPECTRAL,false,1,true,false,true,KKT_OK,8,5.904317,199.99999999999866,0.0,false
ARGLINA,200,0,2P_SAR0_PH1_ATR0_RRU1_SQP_RECIPROCAL,false,1,true,false,true,KKT_OK,12,9.699767999999999,200.00000799971917,0.0,false
ARGLINA,200,0,2P_SAR0_PH1_ATR0_RRU1_SQP_EXPONENTIAL,false,1,true,false,true,KKT_OK,11,10.128516000000001,200.00006784368264,0.0,false
ARGLINA,200,0,2P_SAR0_PH1_ATR0_RRU1_SQP_QUASI_NEWTON,false,1,true,false,true,KKT_OK,8,6.875331,199.999999999999,0.0,false
ARGLINB,200,0,2P_SAR0_PH1_ATR0_RRU1_SQP_IDENTITY,false,1,true,false,true,SMALL_STEP,13,9.817908000000001,1791.2612334175717,0.0,false
ARGLINB,200,0,2P_SAR0_PH1_ATR0_RRU1_SQP_SPECTRAL,false,1,true,false,true,SMALL_STEP,13,10.640179,1791.261233491301,0.0,false
ARGLINB,200,0,2P_SAR0_PH1_ATR0_RRU1_SQP_RECIPROCAL,false,1,true,false,true,SMALL_STEP,13,11.534633000000001,1791.2611803636187,0.0,false
ARGLINB,200,0,2P_SAR0_PH1_ATR0_RRU1_SQP_EXPONENTIAL,false,1,true,false,true,SMALL_STEP,13,12.496875,1791.2611803636187,0.0,false
ARGLINB,200,0,2P_SAR0_PH1_ATR0_RRU1_SQP_QUASI_NEWTON,false,1,true,false,true,SMALL_STEP,13,11.433584999999999,1791.2611803636187,0.0,false
ARGLINC,200,0,2P_SAR0_PH1_ATR0_RRU1_SQP_IDENTITY,false,1,true,false,true,SMALL_STEP,13,9.739176,1755.7472630858651,0.0,false
ARGLINC,200,0,2P_SAR0_PH1_ATR0_RRU1_SQP_SPECTRAL,false,1,true,false,true,SMALL_STEP,13,9.079617,1755.7472635048414,0.0,false
ARGLINC,200,0,2P_SAR0_PH1_ATR0_RRU1_SQP_RECIPROCAL,false,1,true,false,true,SMALL_STEP,13,9.957392,1755.7660679728347,0.0,false
ARGLINC,200,0,2P_SAR0_PH1_ATR0_RRU1_SQP_EXPONENTIAL,false,1,true,false,true,SMALL_STEP,13,10.99753,1755.7660679728347,0.0,false
ARGLINC,200,0,2P_SAR0_PH1_ATR0_RRU1_SQP_QUASI_NEWTON,false,1,true,false,true,SMALL_STEP,13,9.901765999999999,1755.7660679728347,0.0,false
ARGTRIGLS,200,0,2P_SAR0_PH1_ATR0_RRU1_SQP_IDENTITY,false,1,true,false,true,SMALL_STEP,8,11.400096,0.015865588291196688,0.0,false
ARGTRIGLS,200,0,2P_SAR0_PH1_ATR0_RRU1_SQP_SPECTRAL,false,1,true,false,true,SMALL_STEP,8,6.687028000000001,0.04397124827507861,0.0,false
ARGTRIGLS,200,0,2P_SAR0_PH1_ATR0_RRU1_SQP_RECIPROCAL,false,1,true,false,true,SMALL_STEP,8,7.53268,0.015865565200548156,0.0,false
ARGTRIGLS,200,0,2P_SAR0_PH1_ATR0_RRU1_SQP_EXPONENTIAL,false,1,true,false,true,SMALL_STEP,5,5.792709,0.025727808776128392,0.0,false
ARGTRIGLS,200,0,2P_SAR0_PH1_ATR0_RRU1_SQP_QUASI_NEWTON,false,1,true,false,true,SMALL_STEP,7,6.544286,0.002118533376414923,0.0,false
ARWHEAD,5000,0,2P_SAR0_PH1_ATR0_RRU1_SQP_IDENTITY,false,1,true,false,true,KKT_OK,11,63.355841,1.6380573062413362e-6,0.0,false
ARWHEAD,5000,0,2P_SAR0_PH1_ATR0_RRU1_SQP_SPECTRAL,false,1,true,false,true,SMALL_STEP,591,2529.007426,60.0837446346574,0.0,false
ARWHEAD,5000,0,2P_SAR0_PH1_ATR0_RRU1_SQP_RECIPROCAL,false,1,true,false,true,KKT_OK,18,93.33673900000001,1.9680317375758705e-9,0.0,false
ARWHEAD,5000,0,2P_SAR0_PH1_ATR0_RRU1_SQP_EXPONENTIAL,false,1,true,false,true,KKT_OK,14,75.805172,1.587356013477148e-5,0.0,false
ARWHEAD,5000,0,2P_SAR0_PH1_ATR0_RRU1_SQP_QUASI_NEWTON,false,1,true,false,true,KKT_OK,10,57.558576,0.0,0.0,false
BA-L1LS,57,0,2P_SAR0_PH1_ATR0_RRU1_SQP_IDENTITY,false,1,true,false,true,SMALL_STEP,21,7.801541,0.25980819343904155,0.0,false
BA-L1LS,57,0,2P_SAR0_PH1_ATR0_RRU1_SQP_SPECTRAL,false,1,true,false,true,SMALL_STEP,23,3.783922,0.04539796199931444,0.0,false
BA-L1LS,57,0,2P_SAR0_PH1_ATR0_RRU1_SQP_RECIPROCAL,false,1,true,false,true,SMALL_STEP,25,4.03052,0.023912353149185918,0.0,false
BA-L1LS,57,0,2P_SAR0_PH1_ATR0_RRU1_SQP_EXPONENTIAL,false,1,true,false,true,SMALL_STEP,22,3.811449,0.0791291573262813,0.0,false
BA-L1LS,57,0,2P_SAR0_PH1_ATR0_RRU1_SQP_QUASI_NEWTON,false,1,true,false,true,SMALL_STEP,19,3.181108,0.0003553904954821454,0.0,false
BA-L1SPLS,57,0,2P_SAR0_PH1_ATR0_RRU1_SQP_IDENTITY,false,1,true,false,true,SMALL_STEP,28,5.851355,5.124018130246937,0.0,false
BA-L1SPLS,57,0,2P_SAR0_PH1_ATR0_RRU1_SQP_SPECTRAL,false,1,true,false,true,SMALL_STEP,28,5.511223,5.428030977021426,0.0,false
BA-L1SPLS,57,0,2P_SAR0_PH1_ATR0_RRU1_SQP_RECIPROCAL,false,1,true,false,true,SMALL_STEP,35,6.8732619999999995,16.692138016906984,0.0,false
BA-L1SPLS,57,0,2P_SAR0_PH1_ATR0_RRU1_SQP_EXPONENTIAL,false,1,true,false,true,SMALL_STEP,44,9.083788,9.122045936324012,0.0,false
BA-L1SPLS,57,0,2P_SAR0_PH1_ATR0_RRU1_SQP_QUASI_NEWTON,false,1,true,false,true,SMALL_STEP,21,4.096791,0.0012732923886421721,0.0,false
BA-L21LS,34134,0,2P_SAR0_PH1_ATR0_RRU1_SQP_IDENTITY,false,1,true,false,true,SMALL_STEP,218,34576.165171,8.55294872827341e6,0.0,false
BA-L21LS,34134,0,2P_SAR0_PH1_ATR0_RRU1_SQP_SPECTRAL,false,1,true,false,true,SMALL_STEP,190,29549.528947,8.945373730382077e6,0.0,false
BA-L21LS,34134,0,2P_SAR0_PH1_ATR0_RRU1_SQP_RECIPROCAL,false,1,true,false,true,SMALL_STEP,202,34897.730301999996,8.828839785204483e6,0.0,false
BA-L21LS,34134,0,2P_SAR0_PH1_ATR0_RRU1_SQP_EXPONENTIAL,false,1,true,false,true,SMALL_STEP,198,38874.850708,8.55749777209207e6,0.0,false
BA-L21LS,34134,0,2P_SAR0_PH1_ATR0_RRU1_SQP_QUASI_NEWTON,false,1,true,false,true,SMALL_STEP,220,38623.468469,8.221041873664838e6,0.0,false
BA-L49LS,23769,0,2P_SAR0_PH1_ATR0_RRU1_SQP_IDENTITY,false,1,true,false,true,SMALL_STEP,630,80399.10397200001,3.992234609880574e6,0.0,false
BA-L49LS,23769,0,2P_SAR0_PH1_ATR0_RRU1_SQP_SPECTRAL,false,1,true,false,true,SMALL_STEP,620,77698.700856,4.025640791028313e6,0.0,false
BA-L49LS,23769,0,2P_SAR0_PH1_ATR0_RRU1_SQP_RECIPROCAL,false,1,true,false,true,SMALL_STEP,765,108444.228142,3.734896690313482e6,0.0,false
BA-L49LS,23769,0,2P_SAR0_PH1_ATR0_RRU1_SQP_EXPONENTIAL,false,1,true,false,true,SMALL_STEP,523,84686.104268,4.1663287570562046e6,0.0,false
BA-L49LS,23769,0,2P_SAR0_PH1_ATR0_RRU1_SQP_QUASI_NEWTON,false,1,true,false,true,SMALL_STEP,670,94964.970794,3.894771968964365e6,0.0,false
BA-L73LS,33753,0,2P_SAR0_PH1_ATR0_RRU1_SQP_IDENTITY,false,1,true,false,true,SMALL_STEP,43,10021.377668,1.3507714435339916e8,0.0,false
BA-L73LS,33753,0,2P_SAR0_PH1_ATR0_RRU1_SQP_SPECTRAL,false,1,true,false,true,SMALL_STEP,42,7524.321433,1.349700057625795e8,0.0,false
BA-L73LS,33753,0,2P_SAR0_PH1_ATR0_RRU1_SQP_RECIPROCAL,false,1,true,false,true,SMALL_STEP,30,6147.01057,1.50894421487925e8,0.0,false
BA-L73LS,33753,0,2P_SAR0_PH1_ATR0_RRU1_SQP_EXPONENTIAL,false,1,true,false,true,SMALL_STEP,38,9156.61383,1.2362565021722099e8,0.0,false
BA-L73LS,33753,0,2P_SAR0_PH1_ATR0_RRU1_SQP_QUASI_NEWTON,false,1,true,false,true,SMALL_STEP,51,10280.212649,1.2693683699595657e8,0.0,false
BARD,3,0,2P_SAR0_PH1_ATR0_RRU1_SQP_IDENTITY,false,1,true,false,true,KKT_OK,49,7.984405,0.009901195451467488,0.0,false
BARD,3,0,2P_SAR0_PH1_ATR0_RRU1_SQP_SPECTRAL,false,1,true,false,true,KKT_OK,18,1.405065,0.009941854174652136,0.0,false
BARD,3,0,2P_SAR0_PH1_ATR0_RRU1_SQP_RECIPROCAL,false,1,true,false,true,KKT_OK,353,15.897827999999999,0.009546056378945863,0.0,false
BARD,3,0,2P_SAR0_PH1_ATR0_RRU1_SQP_EXPONENTIAL,false,1,true,false,true,KKT_OK,24,1.70831,0.009921150270948392,0.0,false
BARD,3,0,2P_SAR0_PH1_ATR0_RRU1_SQP_QUASI_NEWTON,false,1,true,false,true,KKT_OK,127,6.072939,0.009521825721688689,0.0,false
BDEXP,5000,0,2P_SAR0_PH1_ATR0_RRU1_SQP_IDENTITY,false,1,true,false,true,KKT_OK,0,10.587328999999999,1352.8114912330796,0.0,false
BDEXP,5000,0,2P_SAR0_PH1_ATR0_RRU1_SQP_SPECTRAL,false,1,true,false,true,KKT_OK,0,10.362434,1352.8114912330796,0.0,false
BDEXP,5000,0,2P_SAR0_PH1_ATR0_RRU1_SQP_RECIPROCAL,false,1,true,false,true,KKT_OK,0,10.28258,1352.8114912330796,0.0,false
BDEXP,5000,0,2P_SAR0_PH1_ATR0_RRU1_SQP_EXPONENTIAL,false,1,true,false,true,KKT_OK,0,10.317171,1352.8114912330796,0.0,false
BDEXP,5000,0,2P_SAR0_PH1_ATR0_RRU1_SQP_QUASI_NEWTON,false,1,true,false,true,KKT_OK,0,10.320034,1352.8114912330796,0.0,false
BDQRTIC,5000,0,2P_SAR0_PH1_ATR0_RRU1_SQP_IDENTITY,false,1,true,false,true,KKT_OK,23,130.021321,20006.474707843692,0.0,false
BDQRTIC,5000,0,2P_SAR0_PH1_ATR0_RRU1_SQP_SPECTRAL,false,1,true,false,true,KKT_OK,580,2414.827647,20006.703195205188,0.0,false
BDQRTIC,5000,0,2P_SAR0_PH1_ATR0_RRU1_SQP_RECIPROCAL,false,1,true,false,true,SMALL_STEP,20,97.64912000000001,20006.735739187665,0.0,false
BDQRTIC,5000,0,2P_SAR0_PH1_ATR0_RRU1_SQP_EXPONENTIAL,false,1,true,false,true,SMALL_STEP,26,142.541015,20036.54883518982,0.0,false
BDQRTIC,5000,0,2P_SAR0_PH1_ATR0_RRU1_SQP_QUASI_NEWTON,false,1,true,false,true,KKT_OK,14,59.701345,20006.257187552717,0.0,false
BEALE,2,0,2P_SAR0_PH1_ATR0_RRU1_SQP_IDENTITY,false,1,true,false,true,SMALL_STEP,268,16.317704,5.481949594087889e-5,0.0,false
BEALE,2,0,2P_SAR0_PH1_ATR0_RRU1_SQP_SPECTRAL,false,1,true,false,true,KKT_OK,42,2.377562,9.675610758913774e-7,0.0,false
BEALE,2,0,2P_SAR0_PH1_ATR0_RRU1_SQP_RECIPROCAL,false,1,true,false,true,SMALL_STEP,284,12.733126,5.0613950200442334e-5,0.0,false
BEALE,2,0,2P_SAR0_PH1_ATR0_RRU1_SQP_EXPONENTIAL,false,1,true,false,true,SMALL_STEP,167,7.843419000000001,1.887188698039264e-5,0.0,false
BEALE,2,0,2P_SAR0_PH1_ATR0_RRU1_SQP_QUASI_NEWTON,false,1,true,false,true,KKT_OK,110,5.109513000000001,1.1785030363780395e-6,0.0,false
BENNETT5LS,3,0,2P_SAR0_PH1_ATR0_RRU1_SQP_IDENTITY,false,1,true,false,true,SMALL_STEP,12,4.03035,0.6431990833507385,0.0,false
BENNETT5LS,3,0,2P_SAR0_PH1_ATR0_RRU1_SQP_SPECTRAL,false,1,true,false,true,SMALL_STEP,12,2.6116289999999998,0.6455552098415973,0.0,false
BENNETT5LS,3,0,2P_SAR0_PH1_ATR0_RRU1_SQP_RECIPROCAL,false,1,true,false,true,SMALL_STEP,12,2.071524,0.64319908919259,0.0,false
BENNETT5LS,3,0,2P_SAR0_PH1_ATR0_RRU1_SQP_EXPONENTIAL,false,1,true,false,true,SMALL_STEP,12,1.752307,0.642938583328824,0.0,false
BENNETT5LS,3,0,2P_SAR0_PH1_ATR0_RRU1_SQP_QUASI_NEWTON,false,1,true,false,true,SMALL_STEP,16,1.917885,0.6409074203811487,0.0,false
BIGGS3,6,0,2P_SAR0_PH1_ATR0_RRU1_SQP_IDENTITY,false,1,true,false,true,KKT_OK,217,16.204418,0.000614396613553038,0.0,false
BIGGS3,6,0,2P_SAR0_PH1_ATR0_RRU1_SQP_SPECTRAL,false,1,true,false,true,KKT_OK,181,7.791244,0.0020051859151892786,0.0,false
BIGGS3,6,0,2P_SAR0_PH1_ATR0_RRU1_SQP_RECIPROCAL,false,1,true,false,true,KKT_OK,221,11.581032,0.0012235804022300725,0.0,false
BIGGS3,6,0,2P_SAR0_PH1_ATR0_RRU1_SQP_EXPONENTIAL,false,1,true,false,true,KKT_OK,232,11.96384,0.0012418038087642956,0.0,false
BIGGS3,6,0,2P_SAR0_PH1_ATR0_RRU1_SQP_QUASI_NEWTON,false,1,true,false,true,KKT_OK,57,3.2162100000000002,0.00046711392459387847,0.0,false
BIGGS5,6,0,2P_SAR0_PH1_ATR0_RRU1_SQP_IDENTITY,false,1,true,false,true,KKT_OK,2722,169.20939199999998,0.003977387846217621,0.0,false
BIGGS5,6,0,2P_SAR0_PH1_ATR0_RRU1_SQP_SPECTRAL,false,1,true,false,true,KKT_OK,199,11.790132999999999,0.0007363758320841753,0.0,false
BIGGS5,6,0,2P_SAR0_PH1_ATR0_RRU1_SQP_RECIPROCAL,false,1,true,false,true,KKT_OK,2675,162.858582,0.0040493068979910235,0.0,false
BIGGS5,6,0,2P_SAR0_PH1_ATR0_RRU1_SQP_EXPONENTIAL,false,1,true,false,true,KKT_OK,2390,161.0374,0.004187593346315982,0.0,false
BIGGS5,6,0,2P_SAR0_PH1_ATR0_RRU1_SQP_QUASI_NEWTON,false,1,true,false,true,KKT_OK,284,14.310162,0.002994904928861519,0.0,false
BIGGS6,6,0,2P_SAR0_PH1_ATR0_RRU1_SQP_IDENTITY,false,1,true,false,true,MAX_IT,5000,268.39087700000005,0.033680588126782644,0.0,false
BIGGS6,6,0,2P_SAR0_PH1_ATR0_RRU1_SQP_SPECTRAL,false,1,true,false,true,KKT_OK,186,10.977507,0.02003360679148675,0.0,false
BIGGS6,6,0,2P_SAR0_PH1_ATR0_RRU1_SQP_RECIPROCAL,false,1,true,false,true,MAX_IT,5000,316.50735000000003,0.03449616117140994,0.0,false
BIGGS6,6,0,2P_SAR0_PH1_ATR0_RRU1_SQP_EXPONENTIAL,false,1,true,false,true,MAX_IT,5000,276.476581,0.03101575727298382,0.0,false
BIGGS6,6,0,2P_SAR0_PH1_ATR0_RRU1_SQP_QUASI_NEWTON,false,1,true,false,true,KKT_OK,119,7.807533,0.015550888558447072,0.0,false
BIGGSB1,5000,0,2P_SAR0_PH1_ATR0_RRU1_SQP_IDENTITY,false,1,true,false,true,KKT_OK,0,9.349176,2.0,0.0,false
BIGGSB1,5000,0,2P_SAR0_PH1_ATR0_RRU1_SQP_SPECTRAL,false,1,true,false,true,KKT_OK,0,9.404102,2.0,0.0,false
BIGGSB1,5000,0,2P_SAR0_PH1_ATR0_RRU1_SQP_RECIPROCAL,false,1,true,false,true,KKT_OK,0,9.101353,2.0,0.0,false
BIGGSB1,5000,0,2P_SAR0_PH1_ATR0_RRU1_SQP_EXPONENTIAL,false,1,true,false,true,KKT_OK,0,9.061603999999999,2.0,0.0,false
BIGGSB1,5000,0,2P_SAR0_PH1_ATR0_RRU1_SQP_QUASI_NEWTON,false,1,true,false,true,KKT_OK,0,9.046513000000001,2.0,0.0,false
BLEACHNG,17,0,2P_SAR0_PH1_ATR0_RRU1_SQP_IDENTITY,false,1,true,false,true,SMALL_STEP,8,7936.7507000000005,18910.247487452874,0.0,false
BLEACHNG,17,0,2P_SAR0_PH1_ATR0_RRU1_SQP_SPECTRAL,false,1,true,false,true,SMALL_STEP,10,9602.528746999998,18892.36867851899,0.0,false
BLEACHNG,17,0,2P_SAR0_PH1_ATR0_RRU1_SQP_RECIPROCAL,false,1,true,false,true,SMALL_STEP,8,9424.789959,18910.24749371071,0.0,false
BLEACHNG,17,0,2P_SAR0_PH1_ATR0_RRU1_SQP_EXPONENTIAL,false,1,true,false,true,SMALL_STEP,8,10807.832967,18910.247493357274,0.0,false
BLEACHNG,17,0,2P_SAR0_PH1_ATR0_RRU1_SQP_QUASI_NEWTON,false,1,true,false,true,SMALL_STEP,17,20921.639133,18248.482515399075,0.0,false
BOX,10000,0,2P_SAR0_PH1_ATR0_RRU1_SQP_IDENTITY,false,1,true,false,true,KKT_OK,0,14.211777,0.0,0.0,false
BOX,10000,0,2P_SAR0_PH1_ATR0_RRU1_SQP_SPECTRAL,false,1,true,false,true,KKT_OK,0,13.663316,0.0,0.0,false
BOX,10000,0,2P_SAR0_PH1_ATR0_RRU1_SQP_RECIPROCAL,false,1,true,false,true,KKT_OK,0,15.048088,0.0,0.0,false
BOX,10000,0,2P_SAR0_PH1_ATR0_RRU1_SQP_EXPONENTIAL,false,1,true,false,true,KKT_OK,0,16.785466,0.0,0.0,false
BOX,10000,0,2P_SAR0_PH1_ATR0_RRU1_SQP_QUASI_NEWTON,false,1,true,false,true,KKT_OK,0,17.340643,0.0,0.0,false
BOX2,3,0,2P_SAR0_PH1_ATR0_RRU1_SQP_IDENTITY,false,1,true,false,true,KKT_OK,12,5.048615,0.0005672754083635387,0.0,false
BOX2,3,0,2P_SAR0_PH1_ATR0_RRU1_SQP_SPECTRAL,false,1,true,false,true,KKT_OK,22,2.227906,4.931964003786331e-6,0.0,false
BOX2,3,0,2P_SAR0_PH1_ATR0_RRU1_SQP_RECIPROCAL,false,1,true,false,true,KKT_OK,291,14.147111,0.0006704263581766429,0.0,false
BOX2,3,0,2P_SAR0_PH1_ATR0_RRU1_SQP_EXPONENTIAL,false,1,true,false,true,KKT_OK,77,4.029983,0.0007870803217021491,0.0,false
BOX2,3,0,2P_SAR0_PH1_ATR0_RRU1_SQP_QUASI_NEWTON,false,1,true,false,true,KKT_OK,15,1.20084,3.08235553853299e-5,0.0,false
BOX3,3,0,2P_SAR0_PH1_ATR0_RRU1_SQP_IDENTITY,false,1,true,false,true,KKT_OK,40,4.848978000000001,4.387187576196486e-5,0.0,false
BOX3,3,0,2P_SAR0_PH1_ATR0_RRU1_SQP_SPECTRAL,false,1,true,false,true,KKT_OK,17,1.818186,9.695708370502991e-7,0.0,false
BOX3,3,0,2P_SAR0_PH1_ATR0_RRU1_SQP_RECIPROCAL,false,1,true,false,true,KKT_OK,70,3.825821,0.0004975533653654286,0.0,false
BOX3,3,0,2P_SAR0_PH1_ATR0_RRU1_SQP_EXPONENTIAL,false,1,true,false,true,KKT_OK,37,2.338155,0.0004215647749455895,0.0,false
BOX3,3,0,2P_SAR0_PH1_ATR0_RRU1_SQP_QUASI_NEWTON,false,1,true,false,true,KKT_OK,50,2.848842,0.000517692719063777,0.0,false
BOXBODLS,2,0,2P_SAR0_PH1_ATR0_RRU1_SQP_IDENTITY,false,1,true,false,true,MAX_IT,5000,277.287219,1428.317547136656,0.0,false
BOXBODLS,2,0,2P_SAR0_PH1_ATR0_RRU1_SQP_SPECTRAL,false,1,true,false,true,MAX_IT,5000,303.817856,1362.8487187191986,0.0,false
BOXBODLS,2,0,2P_SAR0_PH1_ATR0_RRU1_SQP_RECIPROCAL,false,1,true,false,true,KKT_OK,27,2.1077660000000003,9771.499848289597,0.0,false
BOXBODLS,2,0,2P_SAR0_PH1_ATR0_RRU1_SQP_EXPONENTIAL,false,1,true,false,true,MAX_IT,5000,220.018775,1248.7001635921065,0.0,false
BOXBODLS,2,0,2P_SAR0_PH1_ATR0_RRU1_SQP_QUASI_NEWTON,false,1,true,false,true,SMALL_STEP,56,3.479974,1168.0119409593524,0.0,false
BOXPOWER,20000,0,2P_SAR0_PH1_ATR0_RRU1_SQP_IDENTITY,false,1,true,false,true,KKT_OK,14,351.791646,1.8430403437859247e-6,0.0,false
BOXPOWER,20000,0,2P_SAR0_PH1_ATR0_RRU1_SQP_SPECTRAL,false,1,true,false,true,KKT_OK,13,274.432065,0.1975579927809001,0.0,false
BOXPOWER,20000,0,2P_SAR0_PH1_ATR0_RRU1_SQP_RECIPROCAL,false,1,true,false,true,KKT_OK,14,304.96563799999996,1.8435766033512736e-6,0.0,false
BOXPOWER,20000,0,2P_SAR0_PH1_ATR0_RRU1_SQP_EXPONENTIAL,false,1,true,false,true,KKT_OK,7,176.246149,2.059055560083599e-12,0.0,false
BOXPOWER,20000,0,2P_SAR0_PH1_ATR0_RRU1_SQP_QUASI_NEWTON,false,1,true,false,true,KKT_OK,7,187.641163,1.7360109783649262e-15,0.0,false
BQP1VAR,1,0,2P_SAR0_PH1_ATR0_RRU1_SQP_IDENTITY,false,1,true,false,true,KKT_OK,5,9.723481000000001,1.874997661395309e-16,0.0,false
BQP1VAR,1,0,2P_SAR0_PH1_ATR0_RRU1_SQP_SPECTRAL,false,1,true,false,true,KKT_OK,5,0.957074,5.999992516466054e-17,0.0,false
BQP1VAR,1,0,2P_SAR0_PH1_ATR0_RRU1_SQP_RECIPROCAL,false,1,true,false,true,KKT_OK,5,0.733621,1.8749976613948986e-16,0.0,false
BQP1VAR,1,0,2P_SAR0_PH1_ATR0_RRU1_SQP_EXPONENTIAL,false,1,true,false,true,KKT_OK,5,0.677451,1.8749976613947335e-16,0.0,false
BQP1VAR,1,0,2P_SAR0_PH1_ATR0_RRU1_SQP_QUASI_NEWTON,false,1,true,false,true,KKT_OK,5,0.6843729999999999,1.874997661393493e-16,0.0,false
BQPGABIM,50,0,2P_SAR0_PH1_ATR0_RRU1_SQP_IDENTITY,false,1,true,false,true,KKT_OK,0,4.1380870000000005,0.0,0.0,false
BQPGABIM,50,0,2P_SAR0_PH1_ATR0_RRU1_SQP_SPECTRAL,false,1,true,false,true,KKT_OK,0,2.126488,0.0,0.0,false
BQPGABIM,50,0,2P_SAR0_PH1_ATR0_RRU1_SQP_RECIPROCAL,false,1,true,false,true,KKT_OK,0,0.549324,0.0,0.0,false
BQPGABIM,50,0,2P_SAR0_PH1_ATR0_RRU1_SQP_EXPONENTIAL,false,1,true,false,true,KKT_OK,0,0.5486650000000001,0.0,0.0,false
BQPGABIM,50,0,2P_SAR0_PH1_ATR0_RRU1_SQP_QUASI_NEWTON,false,1,true,false,true,KKT_OK,0,0.5291929999999999,0.0,0.0,false
BQPGASIM,50,0,2P_SAR0_PH1_ATR0_RRU1_SQP_IDENTITY,false,1,true,false,true,SMALL_STEP,3,4.073709,-3.245818180977636e-5,0.0,false
BQPGASIM,50,0,2P_SAR0_PH1_ATR0_RRU1_SQP_SPECTRAL,false,1,true,false,true,SMALL_STEP,3,2.864252,-3.2830372098442955e-5,0.0,false
BQPGASIM,50,0,2P_SAR0_PH1_ATR0_RRU1_SQP_RECIPROCAL,false,1,true,false,true,SMALL_STEP,3,2.427308,-2.7198418460287827e-5,0.0,false
BQPGASIM,50,0,2P_SAR0_PH1_ATR0_RRU1_SQP_EXPONENTIAL,false,1,true,false,true,SMALL_STEP,3,1.3557569999999999,-2.807579958880207e-5,0.0,false
BQPGASIM,50,0,2P_SAR0_PH1_ATR0_RRU1_SQP_QUASI_NEWTON,false,1,true,false,true,SMALL_STEP,3,1.2457399999999998,-3.606244796562065e-5,0.0,false
BQPGAUSS,2003,0,2P_SAR0_PH1_ATR0_RRU1_SQP_IDENTITY,false,1,true,false,true,KKT_OK,0,4.073488,0.0,0.0,false
BQPGAUSS,2003,0,2P_SAR0_PH1_ATR0_RRU1_SQP_SPECTRAL,false,1,true,false,true,KKT_OK,0,3.817057,0.0,0.0,false
BQPGAUSS,2003,0,2P_SAR0_PH1_ATR0_RRU1_SQP_RECIPROCAL,false,1,true,false,true,KKT_OK,0,3.6130910000000003,0.0,0.0,false
BQPGAUSS,2003,0,2P_SAR0_PH1_ATR0_RRU1_SQP_EXPONENTIAL,false,1,true,false,true,KKT_OK,0,3.701274,0.0,0.0,false
BQPGAUSS,2003,0,2P_SAR0_PH1_ATR0_RRU1_SQP_QUASI_NEWTON,false,1,true,false,true,KKT_OK,0,3.73776,0.0,0.0,false
BRANIN,2,0,2P_SAR0_PH1_ATR0_RRU1_SQP_IDENTITY,false,1,true,false,true,KKT_OK,27,6.692638,0.39788736274922654,0.0,false
BRANIN,2,0,2P_SAR0_PH1_ATR0_RRU1_SQP_SPECTRAL,false,1,true,false,true,KKT_OK,15,1.322396,0.3978873597100914,0.0,false
BRANIN,2,0,2P_SAR0_PH1_ATR0_RRU1_SQP_RECIPROCAL,false,1,true,false,true,KKT_OK,24,1.696217,0.39788744505009693,0.0,false
BRANIN,2,0,2P_SAR0_PH1_ATR0_RRU1_SQP_EXPONENTIAL,false,1,true,false,true,KKT_OK,23,1.60321,0.39788735779581696,0.0,false
BRANIN,2,0,2P_SAR0_PH1_ATR0_RRU1_SQP_QUASI_NEWTON,false,1,true,false,true,KKT_OK,23,1.5471949999999999,0.3978873632235952,0.0,false
BRATU1D,5003,0,2P_SAR0_PH1_ATR0_RRU1_SQP_IDENTITY,false,1,true,false,true,MAX_IT,5000,29826.48369,2.1226438215586454e8,0.0,false
BRATU1D,5003,0,2P_SAR0_PH1_ATR0_RRU1_SQP_SPECTRAL,false,1,true,false,true,MAX_IT,5000,30722.366339,2.5750395511062074e7,0.0,false
BRATU1D,5003,0,2P_SAR0_PH1_ATR0_RRU1_SQP_RECIPROCAL,false,1,true,false,true,MAX_IT,5000,29718.478124,1.5216898432309628e8,0.0,false
BRATU1D,5003,0,2P_SAR0_PH1_ATR0_RRU1_SQP_EXPONENTIAL,false,1,true,false,true,MAX_IT,5000,30189.76352,2.0478220170810902e8,0.0,false
BRATU1D,5003,0,2P_SAR0_PH1_ATR0_RRU1_SQP_QUASI_NEWTON,false,1,true,false,true,MAX_IT,5000,33246.742177,1.4676558555742364e7,0.0,false
BRKMCC,2,0,2P_SAR0_PH1_ATR0_RRU1_SQP_IDENTITY,false,1,true,false,true,SMALL_STEP,93,20.430779,0.1690477902374604,0.0,false
BRKMCC,2,0,2P_SAR0_PH1_ATR0_RRU1_SQP_SPECTRAL,false,1,true,false,true,KKT_OK,12,1.941947,0.16904273097026243,0.0,false
BRKMCC,2,0,2P_SAR0_PH1_ATR0_RRU1_SQP_RECIPROCAL,false,1,true,false,true,SMALL_STEP,93,4.793874,0.16904384420883425,0.0,false
BRKMCC,2,0,2P_SAR0_PH1_ATR0_RRU1_SQP_EXPONENTIAL,false,1,true,false,true,KKT_OK,53,2.868881,0.16904268256297383,0.0,false
BRKMCC,2,0,2P_SAR0_PH1_ATR0_RRU1_SQP_QUASI_NEWTON,false,1,true,false,true,KKT_OK,63,3.120448,0.16904280113710135,0.0,false
BROWNAL,200,0,2P_SAR0_PH1_ATR0_RRU1_SQP_IDENTITY,false,1,true,false,true,KKT_OK,12,7.0634239999999995,8.58305527187629e-14,0.0,false
BROWNAL,200,0,2P_SAR0_PH1_ATR0_RRU1_SQP_SPECTRAL,false,1,true,false,true,KKT_OK,12,6.093299,1.941656372462389e-15,0.0,false
BROWNAL,200,0,2P_SAR0_PH1_ATR0_RRU1_SQP_RECIPROCAL,false,1,true,false,true,SMALL_STEP,7,4.35143,1.7368601382701155e-6,0.0,false
BROWNAL,200,0,2P_SAR0_PH1_ATR0_RRU1_SQP_EXPONENTIAL,false,1,true,false,true,SMALL_STEP,12,6.648231999999999,2.9810139771394247e-6,0.0,false
BROWNAL,200,0,2P_SAR0_PH1_ATR0_RRU1_SQP_QUASI_NEWTON,false,1,true,false,true,KKT_OK,6,4.951878,3.250170769652801e-9,0.0,false
BROWNBS,2,0,2P_SAR0_PH1_ATR0_RRU1_SQP_IDENTITY,false,1,true,false,true,MAX_IT,5000,270.425499,9.929292022237732e11,0.0,false
BROWNBS,2,0,2P_SAR0_PH1_ATR0_RRU1_SQP_SPECTRAL,false,1,true,false,true,MAX_IT,5000,271.984545,9.930291520709729e11,0.0,false
BROWNBS,2,0,2P_SAR0_PH1_ATR0_RRU1_SQP_RECIPROCAL,false,1,true,false,true,MAX_IT,5000,280.42435,9.340898748836846e11,0.0,false
BROWNBS,2,0,2P_SAR0_PH1_ATR0_RRU1_SQP_EXPONENTIAL,false,1,true,false,true,MAX_IT,5000,282.047444,9.821107692179943e11,0.0,false
BROWNBS,2,0,2P_SAR0_PH1_ATR0_RRU1_SQP_QUASI_NEWTON,false,1,true,false,true,MAX_IT,5000,311.917036,8.978771110999467e11,0.0,false
BROWNDEN,4,0,2P_SAR0_PH1_ATR0_RRU1_SQP_IDENTITY,false,1,true,false,true,SMALL_STEP,304,19.118434,85822.20945961413,0.0,false
BROWNDEN,4,0,2P_SAR0_PH1_ATR0_RRU1_SQP_SPECTRAL,false,1,true,false,true,SMALL_STEP,241,12.234058000000001,85822.207821183,0.0,false
BROWNDEN,4,0,2P_SAR0_PH1_ATR0_RRU1_SQP_RECIPROCAL,false,1,true,false,true,SMALL_STEP,326,16.369709,85822.20655422618,0.0,false
BROWNDEN,4,0,2P_SAR0_PH1_ATR0_RRU1_SQP_EXPONENTIAL,false,1,true,false,true,SMALL_STEP,274,14.083322,85822.20281768443,0.0,false
BROWNDEN,4,0,2P_SAR0_PH1_ATR0_RRU1_SQP_QUASI_NEWTON,false,1,true,false,true,SMALL_STEP,104,5.304431,85822.20171800203,0.0,false
BROYDN3DLS,5000,0,2P_SAR0_PH1_ATR0_RRU1_SQP_IDENTITY,false,1,true,false,true,KKT_OK,521,2411.153327,0.2852251946791838,0.0,false
BROYDN3DLS,5000,0,2P_SAR0_PH1_ATR0_RRU1_SQP_SPECTRAL,false,1,true,false,true,KKT_OK,14,51.444505,0.0014752667353854537,0.0,false
BROYDN3DLS,5000,0,2P_SAR0_PH1_ATR0_RRU1_SQP_RECIPROCAL,false,1,true,false,true,KKT_OK,523,2267.0345119999997,0.28294291553100803,0.0,false
BROYDN3DLS,5000,0,2P_SAR0_PH1_ATR0_RRU1_SQP_EXPONENTIAL,false,1,true,false,true,SMALL_STEP,198,895.867908,0.395508254778937,0.0,false
BROYDN3DLS,5000,0,2P_SAR0_PH1_ATR0_RRU1_SQP_QUASI_NEWTON,false,1,true,false,true,KKT_OK,11,74.02819600000001,0.024540989137066947,0.0,false
BROYDN7D,5000,0,2P_SAR0_PH1_ATR0_RRU1_SQP_IDENTITY,false,1,true,false,true,KKT_OK,12,67.315427,3443.890295257934,0.0,false
BROYDN7D,5000,0,2P_SAR0_PH1_ATR0_RRU1_SQP_SPECTRAL,false,1,true,false,true,KKT_OK,12,60.895417,3443.1437877666453,0.0,false
BROYDN7D,5000,0,2P_SAR0_PH1_ATR0_RRU1_SQP_RECIPROCAL,false,1,true,false,true,KKT_OK,972,5601.162593999999,1942.7557918541927,0.0,false
BROYDN7D,5000,0,2P_SAR0_PH1_ATR0_RRU1_SQP_EXPONENTIAL,false,1,true,false,true,KKT_OK,63,366.036971,3441.8256999345067,0.0,false
BROYDN7D,5000,0,2P_SAR0_PH1_ATR0_RRU1_SQP_QUASI_NEWTON,false,1,true,false,true,KKT_OK,756,4600.958106,1751.933669542157,0.0,false
BROYDNBDLS,5000,0,2P_SAR0_PH1_ATR0_RRU1_SQP_IDENTITY,false,1,true,false,true,SMALL_STEP,181,950.560876,0.30442900133491074,0.0,false
BROYDNBDLS,5000,0,2P_SAR0_PH1_ATR0_RRU1_SQP_SPECTRAL,false,1,true,false,true,KKT_OK,22,77.180756,0.008709675007806773,0.0,false
BROYDNBDLS,5000,0,2P_SAR0_PH1_ATR0_RRU1_SQP_RECIPROCAL,false,1,true,false,true,KKT_OK,180,989.879926,0.1771474023758511,0.0,false
BROYDNBDLS,5000,0,2P_SAR0_PH1_ATR0_RRU1_SQP_EXPONENTIAL,false,1,true,false,true,KKT_OK,20,133.29729700000001,0.749992803029335,0.0,false
BROYDNBDLS,5000,0,2P_SAR0_PH1_ATR0_RRU1_SQP_QUASI_NEWTON,false,1,true,false,true,KKT_OK,40,203.647054,1.6145624135028969,0.0,false
BRYBND,5000,0,2P_SAR0_PH1_ATR0_RRU1_SQP_IDENTITY,false,1,true,false,true,SMALL_STEP,181,948.633524,0.30442900133491074,0.0,false
BRYBND,5000,0,2P_SAR0_PH1_ATR0_RRU1_SQP_SPECTRAL,false,1,true,false,true,KKT_OK,22,77.962299,0.008709675007806773,0.0,false
BRYBND,5000,0,2P_SAR0_PH1_ATR0_RRU1_SQP_RECIPROCAL,false,1,true,false,true,KKT_OK,180,1011.6693720000001,0.1771474023758511,0.0,false
BRYBND,5000,0,2P_SAR0_PH1_ATR0_RRU1_SQP_EXPONENTIAL,false,1,true,false,true,KKT_OK,20,111.837465,0.749992803029335,0.0,false
BRYBND,5000,0,2P_SAR0_PH1_ATR0_RRU1_SQP_QUASI_NEWTON,false,1,true,false,true,KKT_OK,40,231.30325,1.6145624135028969,0.0,false
BT1,2,1,2P_SAR0_PH1_ATR0_RRU1_SQP_IDENTITY,false,1,true,false,true,SMALL_STEP,10,8.651139,-0.8325509099514115,5.259208524122094e-6,false
BT1,2,1,2P_SAR0_PH1_ATR0_RRU1_SQP_SPECTRAL,false,1,true,false,true,SMALL_STEP,12,3.274746,-0.8323179420526614,5.176426025765846e-6,false
BT1,2,1,2P_SAR0_PH1_ATR0_RRU1_SQP_RECIPROCAL,false,1,true,false,true,SMALL_STEP,14,3.3580870000000003,-0.8346526024512606,1.1664504225572525e-5,false
BT1,2,1,2P_SAR0_PH1_ATR0_RRU1_SQP_EXPONENTIAL,false,1,true,false,true,SMALL_STEP,12,3.209636,-0.832317764146218,5.176418477526035e-6,false
BT1,2,1,2P_SAR0_PH1_ATR0_RRU1_SQP_QUASI_NEWTON,false,1,true,false,true,SMALL_STEP,12,3.18439,-0.8323179420526614,5.176426025821357e-6,false
BT13,5,1,2P_SAR0_PH1_ATR0_RRU1_SQP_IDENTITY,false,1,true,false,true,KKT_OK,119,104.81649399999999,0.0,8.074894736679473e-5,false
BT13,5,1,2P_SAR0_PH1_ATR0_RRU1_SQP_SPECTRAL,false,1,true,false,true,KKT_OK,119,100.26990199999999,0.0,8.074894736679473e-5,false
BT13,5,1,2P_SAR0_PH1_ATR0_RRU1_SQP_RECIPROCAL,false,1,true,false,true,KKT_OK,116,88.679912,0.0,8.90559791486655e-5,false
BT13,5,1,2P_SAR0_PH1_ATR0_RRU1_SQP_EXPONENTIAL,false,1,true,false,true,KKT_OK,109,79.53308200000001,0.0,8.909973316060439e-5,false
BT13,5,1,2P_SAR0_PH1_ATR0_RRU1_SQP_QUASI_NEWTON,false,1,true,false,true,KKT_OK,117,90.60597,0.0,7.196359815497672e-5,false
BT2,3,1,2P_SAR0_PH1_ATR0_RRU1_SQP_IDENTITY,false,1,true,false,true,SMALL_STEP,62,31.823111,0.0325734770353621,9.742874686580194e-6,false
BT2,3,1,2P_SAR0_PH1_ATR0_RRU1_SQP_SPECTRAL,false,1,true,false,true,KKT_OK,54,15.993898999999999,0.03256914198569438,8.61706859458522e-5,false
BT2,3,1,2P_SAR0_PH1_ATR0_RRU1_SQP_RECIPROCAL,false,1,true,false,true,SMALL_STEP,62,17.959159999999997,0.032573477806552634,9.742531433154511e-6,false
BT2,3,1,2P_SAR0_PH1_ATR0_RRU1_SQP_EXPONENTIAL,false,1,true,false,true,KKT_OK,61,17.952638999999998,0.03256812845870627,1.0280872338341851e-5,false
BT2,3,1,2P_SAR0_PH1_ATR0_RRU1_SQP_QUASI_NEWTON,false,1,true,false,true,KKT_OK,56,17.086292999999998,0.03256776546215788,4.360218391585846e-5,false
BURKEHAN,1,1,2P_SAR0_PH1_ATR0_RRU1_SQP_IDENTITY,false,1,true,false,true,INFEASIBLE_STATIONARY,0,11.964966,0.0,1.0,false
BURKEHAN,1,1,2P_SAR0_PH1_ATR0_RRU1_SQP_SPECTRAL,false,1,true,false,true,INFEASIBLE_STATIONARY,0,0.586168,0.0,1.0,false
BURKEHAN,1,1,2P_SAR0_PH1_ATR0_RRU1_SQP_RECIPROCAL,false,1,true,false,true,INFEASIBLE_STATIONARY,0,0.514265,0.0,1.0,false
BURKEHAN,1,1,2P_SAR0_PH1_ATR0_RRU1_SQP_EXPONENTIAL,false,1,true,false,true,INFEASIBLE_STATIONARY,0,0.503988,0.0,1.0,false
BURKEHAN,1,1,2P_SAR0_PH1_ATR0_RRU1_SQP_QUASI_NEWTON,false,1,true,false,true,INFEASIBLE_STATIONARY,0,0.515131,0.0,1.0,false
CAMEL6,2,0,2P_SAR0_PH1_ATR0_RRU1_SQP_IDENTITY,false,1,true,false,true,KKT_OK,22,5.142765,-1.0316284285580921,0.0,false
CAMEL6,2,0,2P_SAR0_PH1_ATR0_RRU1_SQP_SPECTRAL,false,1,true,false,true,KKT_OK,15,2.160545,-1.0316284534790237,0.0,false
CAMEL6,2,0,2P_SAR0_PH1_ATR0_RRU1_SQP_RECIPROCAL,false,1,true,false,true,SMALL_STEP,13,1.883205,-1.0000001554680125,0.0,false
CAMEL6,2,0,2P_SAR0_PH1_ATR0_RRU1_SQP_EXPONENTIAL,false,1,true,false,true,SMALL_STEP,14,1.5489709999999999,-1.0000001075590854,0.0,false
CAMEL6,2,0,2P_SAR0_PH1_ATR0_RRU1_SQP_QUASI_NEWTON,false,1,true,false,true,KKT_OK,11,1.0214180000000002,-1.0316284533014932,0.0,false
CANTILVR,5,1,2P_SAR0_PH1_ATR0_RRU1_SQP_IDENTITY,false,1,true,false,true,KKT_OK,50,13.166407,1.3399557000664308,6.008688374123383e-6,false
CANTILVR,5,1,2P_SAR0_PH1_ATR0_RRU1_SQP_SPECTRAL,false,1,true,false,true,KKT_OK,50,12.538806,1.3399557000664308,6.008688374123383e-6,false
CANTILVR,5,1,2P_SAR0_PH1_ATR0_RRU1_SQP_RECIPROCAL,false,1,true,false,true,KKT_OK,62,16.453217,1.3399406420705111,4.8720193855225635e-5,false
CANTILVR,5,1,2P_SAR0_PH1_ATR0_RRU1_SQP_EXPONENTIAL,false,1,true,false,true,KKT_OK,64,16.880321,1.339938399065606,5.065577157400969e-5,false
CANTILVR,5,1,2P_SAR0_PH1_ATR0_RRU1_SQP_QUASI_NEWTON,false,1,true,false,true,KKT_OK,62,16.163095,1.339939490167521,5.0855125501708676e-5,false
CERI651ALS,7,0,2P_SAR0_PH1_ATR0_RRU1_SQP_IDENTITY,false,1,true,false,true,SMALL_STEP,5,3.644876,9158.56942935385,0.0,false
CERI651ALS,7,0,2P_SAR0_PH1_ATR0_RRU1_SQP_SPECTRAL,false,1,true,false,true,SMALL_STEP,5,2.414153,9158.569519021426,0.0,false
CERI651ALS,7,0,2P_SAR0_PH1_ATR0_RRU1_SQP_RECIPROCAL,false,1,true,false,true,SMALL_STEP,5,1.878644,9158.574390367243,0.0,false
CERI651ALS,7,0,2P_SAR0_PH1_ATR0_RRU1_SQP_EXPONENTIAL,false,1,true,false,true,SMALL_STEP,5,1.525596,9158.574390572401,0.0,false
CERI651ALS,7,0,2P_SAR0_PH1_ATR0_RRU1_SQP_QUASI_NEWTON,false,1,true,false,true,SMALL_STEP,5,1.273773,9158.570119107228,0.0,false
CERI651BLS,7,0,2P_SAR0_PH1_ATR0_RRU1_SQP_IDENTITY,false,1,true,false,true,SMALL_STEP,3,2.671973,448.91750107912935,0.0,false
CERI651BLS,7,0,2P_SAR0_PH1_ATR0_RRU1_SQP_SPECTRAL,false,1,true,false,true,SMALL_STEP,3,1.8247389999999999,448.917501079142,0.0,false
CERI651BLS,7,0,2P_SAR0_PH1_ATR0_RRU1_SQP_RECIPROCAL,false,1,true,false,true,SMALL_STEP,3,1.440242,448.9175010851498,0.0,false
CERI651BLS,7,0,2P_SAR0_PH1_ATR0_RRU1_SQP_EXPONENTIAL,false,1,true,false,true,SMALL_STEP,3,1.2695779999999999,448.9175010851498,0.0,false
CERI651BLS,7,0,2P_SAR0_PH1_ATR0_RRU1_SQP_QUASI_NEWTON,false,1,true,false,true,SMALL_STEP,3,1.089998,448.91750107946217,0.0,false
CERI651CLS,7,0,2P_SAR0_PH1_ATR0_RRU1_SQP_IDENTITY,false,1,true,false,true,SMALL_STEP,3,2.7402509999999998,113.34546916490604,0.0,false
CERI651CLS,7,0,2P_SAR0_PH1_ATR0_RRU1_SQP_SPECTRAL,false,1,true,false,true,SMALL_STEP,3,1.832719,113.34547059679647,0.0,false
CERI651CLS,7,0,2P_SAR0_PH1_ATR0_RRU1_SQP_RECIPROCAL,false,1,true,false,true,SMALL_STEP,3,1.469104,113.34536324894559,0.0,false
CERI651CLS,7,0,2P_SAR0_PH1_ATR0_RRU1_SQP_EXPONENTIAL,false,1,true,false,true,SMALL_STEP,3,1.2902689999999999,113.34536324400077,0.0,false
CERI651CLS,7,0,2P_SAR0_PH1_ATR0_RRU1_SQP_QUASI_NEWTON,false,1,true,false,true,SMALL_STEP,3,1.1054229999999998,113.3454033458446,0.0,false
CERI651DLS,7,0,2P_SAR0_PH1_ATR0_RRU1_SQP_IDENTITY,false,1,true,false,true,SMALL_STEP,3,3.75163,27.88704164549297,0.0,false
CERI651DLS,7,0,2P_SAR0_PH1_ATR0_RRU1_SQP_SPECTRAL,false,1,true,false,true,SMALL_STEP,3,2.008452,27.88704164003872,0.0,false
CERI651DLS,7,0,2P_SAR0_PH1_ATR0_RRU1_SQP_RECIPROCAL,false,1,true,false,true,SMALL_STEP,3,1.091208,27.887041687029054,0.0,false
CERI651DLS,7,0,2P_SAR0_PH1_ATR0_RRU1_SQP_EXPONENTIAL,false,1,true,false,true,SMALL_STEP,3,1.080259,27.887041678162138,0.0,false
CERI651DLS,7,0,2P_SAR0_PH1_ATR0_RRU1_SQP_QUASI_NEWTON,false,1,true,false,true,SMALL_STEP,3,1.105132,27.88704164150836,0.0,false
CERI651ELS,7,0,2P_SAR0_PH1_ATR0_RRU1_SQP_IDENTITY,false,1,true,false,true,SMALL_STEP,3,3.9658109999999995,27.493387716853082,0.0,false
CERI651ELS,7,0,2P_SAR0_PH1_ATR0_RRU1_SQP_SPECTRAL,false,1,true,false,true,SMALL_STEP,3,2.598796,27.49338772895774,0.0,false
CERI651ELS,7,0,2P_SAR0_PH1_ATR0_RRU1_SQP_RECIPROCAL,false,1,true,false,true,SMALL_STEP,3,1.938412,27.49338771681561,0.0,false
CERI651ELS,7,0,2P_SAR0_PH1_ATR0_RRU1_SQP_EXPONENTIAL,false,1,true,false,true,SMALL_STEP,3,1.599336,27.49338771659965,0.0,false
CERI651ELS,7,0,2P_SAR0_PH1_ATR0_RRU1_SQP_QUASI_NEWTON,false,1,true,false,true,SMALL_STEP,3,1.3048160000000002,27.493387652541696,0.0,false
CHAINWOO,4000,0,2P_SAR0_PH1_ATR0_RRU1_SQP_IDENTITY,false,1,true,false,true,SMALL_STEP,1738,7085.055404000001,6.331680127446867,0.0,false
CHAINWOO,4000,0,2P_SAR0_PH1_ATR0_RRU1_SQP_SPECTRAL,false,1,true,false,true,KKT_OK,63,195.337919,15743.834610467491,0.0,false
CHAINWOO,4000,0,2P_SAR0_PH1_ATR0_RRU1_SQP_RECIPROCAL,false,1,true,false,true,SMALL_STEP,643,2623.421002,46.930848124334254,0.0,false
CHAINWOO,4000,0,2P_SAR0_PH1_ATR0_RRU1_SQP_EXPONENTIAL,false,1,true,false,true,SMALL_STEP,522,2036.014878,15760.203636988861,0.0,false
CHAINWOO,4000,0,2P_SAR0_PH1_ATR0_RRU1_SQP_QUASI_NEWTON,false,1,true,false,true,KKT_OK,79,279.886148,15747.276410081227,0.0,false
CHARDIS0,2000,0,2P_SAR0_PH1_ATR0_RRU1_SQP_IDENTITY,false,1,true,false,true,SMALL_STEP,171,6522.61734,78.73621404440041,0.0,false
CHARDIS0,2000,0,2P_SAR0_PH1_ATR0_RRU1_SQP_SPECTRAL,false,1,true,false,true,SMALL_STEP,157,5988.246925,88.70365788238914,0.0,false
CHARDIS0,2000,0,2P_SAR0_PH1_ATR0_RRU1_SQP_RECIPROCAL,false,1,true,false,true,SMALL_STEP,180,8342.797628999999,50.9581109855439,0.0,false
CHARDIS0,2000,0,2P_SAR0_PH1_ATR0_RRU1_SQP_EXPONENTIAL,false,1,true,false,true,SMALL_STEP,258,13975.203258000001,207.6353895047477,0.0,false
CHARDIS0,2000,0,2P_SAR0_PH1_ATR0_RRU1_SQP_QUASI_NEWTON,false,1,true,false,true,SMALL_STEP,65,2997.248961,0.04687748265240838,0.0,false
CHARDIS02,2000,0,2P_SAR0_PH1_ATR0_RRU1_SQP_IDENTITY,false,1,true,false,true,MAX_IT,5000,232630.700247,3.15104459013813e6,0.0,false
CHARDIS02,2000,0,2P_SAR0_PH1_ATR0_RRU1_SQP_SPECTRAL,false,1,true,false,true,MAX_IT,5000,231583.887957,2.698788214957754e6,0.0,false
CHARDIS02,2000,0,2P_SAR0_PH1_ATR0_RRU1_SQP_RECIPROCAL,false,1,true,false,true,MAX_IT,5000,285140.083119,2.234412846842206e6,0.0,false
CHARDIS02,2000,0,2P_SAR0_PH1_ATR0_RRU1_SQP_EXPONENTIAL,false,1,true,false,true,MAX_IT,5000,340092.962337,2.0286796614845742e6,0.0,false
CHARDIS02,2000,0,2P_SAR0_PH1_ATR0_RRU1_SQP_QUASI_NEWTON,false,1,true,false,true,SMALL_STEP,4894,279195.611503,2.1132558319520094e6,0.0,false
CHEBYQAD,100,0,2P_SAR0_PH1_ATR0_RRU1_SQP_IDENTITY,false,1,true,false,true,SMALL_STEP,12,33.762882,0.009655097123023305,0.0,false
CHEBYQAD,100,0,2P_SAR0_PH1_ATR0_RRU1_SQP_SPECTRAL,false,1,true,false,true,KKT_OK,7,18.564866,0.009595402604894603,0.0,false
CHEBYQAD,100,0,2P_SAR0_PH1_ATR0_RRU1_SQP_RECIPROCAL,false,1,true,false,true,SMALL_STEP,12,37.136112,0.009653791921002113,0.0,false
CHEBYQAD,100,0,2P_SAR0_PH1_ATR0_RRU1_SQP_EXPONENTIAL,false,1,true,false,true,SMALL_STEP,10,35.303341,0.009689897068294609,0.0,false
CHEBYQAD,100,0,2P_SAR0_PH1_ATR0_RRU1_SQP_QUASI_NEWTON,false,1,true,false,true,KKT_OK,9,27.98299,0.00956271989507113,0.0,false
CHENHARK,5000,0,2P_SAR0_PH1_ATR0_RRU1_SQP_IDENTITY,false,1,true,false,true,KKT_OK,0,8.623505999999999,999.5,0.0,false
CHENHARK,5000,0,2P_SAR0_PH1_ATR0_RRU1_SQP_SPECTRAL,false,1,true,false,true,KKT_OK,0,8.72559,999.5,0.0,false
CHENHARK,5000,0,2P_SAR0_PH1_ATR0_RRU1_SQP_RECIPROCAL,false,1,true,false,true,KKT_OK,0,32.309973,999.5,0.0,false
CHENHARK,5000,0,2P_SAR0_PH1_ATR0_RRU1_SQP_EXPONENTIAL,false,1,true,false,true,KKT_OK,0,7.001760999999999,999.5,0.0,false
CHENHARK,5000,0,2P_SAR0_PH1_ATR0_RRU1_SQP_QUASI_NEWTON,false,1,true,false,true,KKT_OK,0,6.952337,999.5,0.0,false
CHNROSNB,50,0,2P_SAR0_PH1_ATR0_RRU1_SQP_IDENTITY,false,1,true,false,true,MAX_IT,5000,595.588708,0.056490471491370785,0.0,false
CHNROSNB,50,0,2P_SAR0_PH1_ATR0_RRU1_SQP_SPECTRAL,false,1,true,false,true,SMALL_STEP,1804,194.416327,0.0078101111673557376,0.0,false
CHNROSNB,50,0,2P_SAR0_PH1_ATR0_RRU1_SQP_RECIPROCAL,false,1,true,false,true,MAX_IT,5000,587.2396319999999,0.39351907032520955,0.0,false
CHNROSNB,50,0,2P_SAR0_PH1_ATR0_RRU1_SQP_EXPONENTIAL,false,1,true,false,true,MAX_IT,5000,616.562831,7.308124354407333,0.0,false
CHNROSNB,50,0,2P_SAR0_PH1_ATR0_RRU1_SQP_QUASI_NEWTON,false,1,true,false,true,SMALL_STEP,940,81.057024,0.0038029784666383805,0.0,false
CHNRSNBM,50,0,2P_SAR0_PH1_ATR0_RRU1_SQP_IDENTITY,false,1,true,false,true,SMALL_STEP,619,84.649996,0.1283401864534696,0.0,false
CHNRSNBM,50,0,2P_SAR0_PH1_ATR0_RRU1_SQP_SPECTRAL,false,1,true,false,true,KKT_OK,2506,224.073317,0.0019851332086148706,0.0,false
CHNRSNBM,50,0,2P_SAR0_PH1_ATR0_RRU1_SQP_RECIPROCAL,false,1,true,false,true,SMALL_STEP,1309,135.432597,0.11704218139138046,0.0,false
CHNRSNBM,50,0,2P_SAR0_PH1_ATR0_RRU1_SQP_EXPONENTIAL,false,1,true,false,true,MAX_IT,5000,578.830164,6.651325263398903,0.0,false
CHNRSNBM,50,0,2P_SAR0_PH1_ATR0_RRU1_SQP_QUASI_NEWTON,false,1,true,false,true,SMALL_STEP,1721,162.884065,0.009680255324783036,0.0,false
CHWIRUT1LS,3,0,2P_SAR0_PH1_ATR0_RRU1_SQP_IDENTITY,false,1,true,false,true,SMALL_STEP,10,9.356184,2656.94295722406,0.0,false
CHWIRUT1LS,3,0,2P_SAR0_PH1_ATR0_RRU1_SQP_SPECTRAL,false,1,true,false,true,SMALL_STEP,10,5.4644330000000005,2656.9429572239164,0.0,false
CHWIRUT1LS,3,0,2P_SAR0_PH1_ATR0_RRU1_SQP_RECIPROCAL,false,1,true,false,true,SMALL_STEP,10,3.1025620000000003,2656.9429571166966,0.0,false
CHWIRUT1LS,3,0,2P_SAR0_PH1_ATR0_RRU1_SQP_EXPONENTIAL,false,1,true,false,true,SMALL_STEP,10,2.090907,2656.687011414613,0.0,false
CHWIRUT1LS,3,0,2P_SAR0_PH1_ATR0_RRU1_SQP_QUASI_NEWTON,false,1,true,false,true,SMALL_STEP,10,1.537905,2656.8953375780275,0.0,false
CHWIRUT2LS,3,0,2P_SAR0_PH1_ATR0_RRU1_SQP_IDENTITY,false,1,true,false,true,SMALL_STEP,9,3.027761,568.1985638178477,0.0,false
CHWIRUT2LS,3,0,2P_SAR0_PH1_ATR0_RRU1_SQP_SPECTRAL,false,1,true,false,true,SMALL_STEP,9,2.074437,568.1985638178332,0.0,false
CHWIRUT2LS,3,0,2P_SAR0_PH1_ATR0_RRU1_SQP_RECIPROCAL,false,1,true,false,true,SMALL_STEP,9,1.6398789999999999,568.1985638336196,0.0,false
CHWIRUT2LS,3,0,2P_SAR0_PH1_ATR0_RRU1_SQP_EXPONENTIAL,false,1,true,false,true,SMALL_STEP,9,1.3895929999999999,567.5219102997232,0.0,false
CHWIRUT2LS,3,0,2P_SAR0_PH1_ATR0_RRU1_SQP_QUASI_NEWTON,false,1,true,false,true,SMALL_STEP,9,1.202242,567.4622210184594,0.0,false
CLIFF,2,0,2P_SAR0_PH1_ATR0_RRU1_SQP_IDENTITY,false,1,true,false,true,KKT_OK,12,4.754792,0.20106425460584662,0.0,false
CLIFF,2,0,2P_SAR0_PH1_ATR0_RRU1_SQP_SPECTRAL,false,1,true,false,true,KKT_OK,11,2.504887,0.20106456911824092,0.0,false
CLIFF,2,0,2P_SAR0_PH1_ATR0_RRU1_SQP_RECIPROCAL,false,1,true,false,true,KKT_OK,6,1.7389720000000002,0.2009767935021773,0.0,false
CLIFF,2,0,2P_SAR0_PH1_ATR0_RRU1_SQP_EXPONENTIAL,false,1,true,false,true,KKT_OK,17,2.029416,0.20114781658194328,0.0,false
CLIFF,2,0,2P_SAR0_PH1_ATR0_RRU1_SQP_QUASI_NEWTON,false,1,true,false,true,KKT_OK,24,1.6487610000000001,0.20106455369916865,0.0,false
CLPLATEA,5041,0,2P_SAR0_PH1_ATR0_RRU1_SQP_IDENTITY,false,1,true,false,true,KKT_OK,0,8.726263,0.0,0.0,false
CLPLATEA,5041,0,2P_SAR0_PH1_ATR0_RRU1_SQP_SPECTRAL,false,1,true,false,true,KKT_OK,0,8.673727000000001,0.0,0.0,false
CLPLATEA,5041,0,2P_SAR0_PH1_ATR0_RRU1_SQP_RECIPROCAL,false,1,true,false,true,KKT_OK,0,27.581979,0.0,0.0,false
CLPLATEA,5041,0,2P_SAR0_PH1_ATR0_RRU1_SQP_EXPONENTIAL,false,1,true,false,true,KKT_OK,0,6.7463820000000005,0.0,0.0,false
CLPLATEA,5041,0,2P_SAR0_PH1_ATR0_RRU1_SQP_QUASI_NEWTON,false,1,true,false,true,KKT_OK,0,6.72693,0.0,0.0,false
CLPLATEB,5041,0,2P_SAR0_PH1_ATR0_RRU1_SQP_IDENTITY,false,1,true,false,true,KKT_OK,0,7.767848,0.0,0.0,false
CLPLATEB,5041,0,2P_SAR0_PH1_ATR0_RRU1_SQP_SPECTRAL,false,1,true,false,true,KKT_OK,0,7.301809,0.0,0.0,false
CLPLATEB,5041,0,2P_SAR0_PH1_ATR0_RRU1_SQP_RECIPROCAL,false,1,true,false,true,KKT_OK,0,7.010809,0.0,0.0,false
CLPLATEB,5041,0,2P_SAR0_PH1_ATR0_RRU1_SQP_EXPONENTIAL,false,1,true,false,true,KKT_OK,0,6.820113,0.0,0.0,false
CLPLATEB,5041,0,2P_SAR0_PH1_ATR0_RRU1_SQP_QUASI_NEWTON,false,1,true,false,true,KKT_OK,0,6.82388,0.0,0.0,false
CLPLATEC,5041,0,2P_SAR0_PH1_ATR0_RRU1_SQP_IDENTITY,false,1,true,false,true,KKT_OK,0,7.403491,0.0,0.0,false
CLPLATEC,5041,0,2P_SAR0_PH1_ATR0_RRU1_SQP_SPECTRAL,false,1,true,false,true,KKT_OK,0,6.965947999999999,0.0,0.0,false
CLPLATEC,5041,0,2P_SAR0_PH1_ATR0_RRU1_SQP_RECIPROCAL,false,1,true,false,true,KKT_OK,0,6.74305,0.0,0.0,false
CLPLATEC,5041,0,2P_SAR0_PH1_ATR0_RRU1_SQP_EXPONENTIAL,false,1,true,false,true,KKT_OK,0,6.755388,0.0,0.0,false
CLPLATEC,5041,0,2P_SAR0_PH1_ATR0_RRU1_SQP_QUASI_NEWTON,false,1,true,false,true,KKT_OK,0,6.655703,0.0,0.0,false
CLUSTERLS,2,0,2P_SAR0_PH1_ATR0_RRU1_SQP_IDENTITY,false,1,true,false,true,KKT_OK,6,2.958277,7.117088409140658e-6,0.0,false
CLUSTERLS,2,0,2P_SAR0_PH1_ATR0_RRU1_SQP_SPECTRAL,false,1,true,false,true,KKT_OK,11,2.383495,2.6948919255521546e-6,0.0,false
CLUSTERLS,2,0,2P_SAR0_PH1_ATR0_RRU1_SQP_RECIPROCAL,false,1,true,false,true,KKT_OK,9,1.886186,2.1318272065020038e-7,0.0,false
CLUSTERLS,2,0,2P_SAR0_PH1_ATR0_RRU1_SQP_EXPONENTIAL,false,1,true,false,true,KKT_OK,8,1.5410000000000001,4.685509685459268e-7,0.0,false
CLUSTERLS,2,0,2P_SAR0_PH1_ATR0_RRU1_SQP_QUASI_NEWTON,false,1,true,false,true,KKT_OK,11,1.28942,2.4899036787131095e-6,0.0,false
COATING,134,0,2P_SAR0_PH1_ATR0_RRU1_SQP_IDENTITY,false,1,true,false,true,SMALL_STEP,1810,474.166514,4.888208296951103,0.0,false
COATING,134,0,2P_SAR0_PH1_ATR0_RRU1_SQP_SPECTRAL,false,1,true,false,true,SMALL_STEP,332,59.735358000000005,6.575851718967834,0.0,false
COATING,134,0,2P_SAR0_PH1_ATR0_RRU1_SQP_RECIPROCAL,false,1,true,false,true,SMALL_STEP,3406,856.981555,4.296667666941164,0.0,false
COATING,134,0,2P_SAR0_PH1_ATR0_RRU1_SQP_EXPONENTIAL,false,1,true,false,true,SMALL_STEP,3298,863.265711,4.522651059098485,0.0,false
COATING,134,0,2P_SAR0_PH1_ATR0_RRU1_SQP_QUASI_NEWTON,false,1,true,false,true,SMALL_STEP,4733,1029.7382790000001,1.485274169492823,0.0,false
COOLHANSLS,9,0,2P_SAR0_PH1_ATR0_RRU1_SQP_IDENTITY,false,1,true,false,true,SMALL_STEP,137,12.810637999999999,0.9986095205472556,0.0,false
COOLHANSLS,9,0,2P_SAR0_PH1_ATR0_RRU1_SQP_SPECTRAL,false,1,true,false,true,SMALL_STEP,126,9.399908,2.8129819906587548,0.0,false
COOLHANSLS,9,0,2P_SAR0_PH1_ATR0_RRU1_SQP_RECIPROCAL,false,1,true,false,true,SMALL_STEP,133,9.636242999999999,1.5896953532307978,0.0,false
COOLHANSLS,9,0,2P_SAR0_PH1_ATR0_RRU1_SQP_EXPONENTIAL,false,1,true,false,true,SMALL_STEP,32,2.838421,0.10791533117533096,0.0,false
COOLHANSLS,9,0,2P_SAR0_PH1_ATR0_RRU1_SQP_QUASI_NEWTON,false,1,true,false,true,SMALL_STEP,79,5.800544,0.17379928618429952,0.0,false
COSINE,10000,0,2P_SAR0_PH1_ATR0_RRU1_SQP_IDENTITY,false,1,true,false,true,KKT_OK,0,14.481655,8774.948036342494,0.0,false
COSINE,10000,0,2P_SAR0_PH1_ATR0_RRU1_SQP_SPECTRAL,false,1,true,false,true,KKT_OK,0,13.904468,8774.948036342494,0.0,false
COSINE,10000,0,2P_SAR0_PH1_ATR0_RRU1_SQP_RECIPROCAL,false,1,true,false,true,KKT_OK,0,13.503642,8774.948036342494,0.0,false
COSINE,10000,0,2P_SAR0_PH1_ATR0_RRU1_SQP_EXPONENTIAL,false,1,true,false,true,KKT_OK,0,13.466086,8774.948036342494,0.0,false
COSINE,10000,0,2P_SAR0_PH1_ATR0_RRU1_SQP_QUASI_NEWTON,false,1,true,false,true,KKT_OK,0,13.426448,8774.948036342494,0.0,false
CRAGGLVY,5000,0,2P_SAR0_PH1_ATR0_RRU1_SQP_IDENTITY,false,1,true,false,true,KKT_OK,54,247.44803000000002,1688.9779866533881,0.0,false
CRAGGLVY,5000,0,2P_SAR0_PH1_ATR0_RRU1_SQP_SPECTRAL,false,1,true,false,true,KKT_OK,41,166.619956,1688.395841244243,0.0,false
CRAGGLVY,5000,0,2P_SAR0_PH1_ATR0_RRU1_SQP_RECIPROCAL,false,1,true,false,true,KKT_OK,54,248.968085,1689.400164262678,0.0,false
CRAGGLVY,5000,0,2P_SAR0_PH1_ATR0_RRU1_SQP_EXPONENTIAL,false,1,true,false,true,SMALL_STEP,309,1703.120727,1699.7894766546801,0.0,false
CRAGGLVY,5000,0,2P_SAR0_PH1_ATR0_RRU1_SQP_QUASI_NEWTON,false,1,true,false,true,KKT_OK,70,322.516116,1688.3886504472614,0.0,false
CUBE,2,0,2P_SAR0_PH1_ATR0_RRU1_SQP_IDENTITY,false,1,true,false,true,SMALL_STEP,920,45.053520999999996,0.024844550670426496,0.0,false
CUBE,2,0,2P_SAR0_PH1_ATR0_RRU1_SQP_SPECTRAL,false,1,true,false,true,SMALL_STEP,674,26.613816,0.009578178944600703,0.0,false
CUBE,2,0,2P_SAR0_PH1_ATR0_RRU1_SQP_RECIPROCAL,false,1,true,false,true,SMALL_STEP,9,0.995628,0.9999998864339475,0.0,false
CUBE,2,0,2P_SAR0_PH1_ATR0_RRU1_SQP_EXPONENTIAL,false,1,true,false,true,SMALL_STEP,597,24.257994,0.027048431520130412,0.0,false
CUBE,2,0,2P_SAR0_PH1_ATR0_RRU1_SQP_QUASI_NEWTON,false,1,true,false,true,SMALL_STEP,1253,56.691434,0.0058100065808563755,0.0,false
CURLY10,10000,0,2P_SAR0_PH1_ATR0_RRU1_SQP_IDENTITY,false,1,true,false,true,KKT_OK,0,19.106586,-0.6306184152245703,0.0,false
CURLY10,10000,0,2P_SAR0_PH1_ATR0_RRU1_SQP_SPECTRAL,false,1,true,false,true,KKT_OK,0,18.847309,-0.6306184152245703,0.0,false
CURLY10,10000,0,2P_SAR0_PH1_ATR0_RRU1_SQP_RECIPROCAL,false,1,true,false,true,KKT_OK,0,18.644467000000002,-0.6306184152245703,0.0,false
CURLY10,10000,0,2P_SAR0_PH1_ATR0_RRU1_SQP_EXPONENTIAL,false,1,true,false,true,KKT_OK,0,47.832894,-0.6306184152245703,0.0,false
CURLY10,10000,0,2P_SAR0_PH1_ATR0_RRU1_SQP_QUASI_NEWTON,false,1,true,false,true,KKT_OK,0,13.005623,-0.6306184152245703,0.0,false
CURLY20,10000,0,2P_SAR0_PH1_ATR0_RRU1_SQP_IDENTITY,false,1,true,false,true,KKT_OK,0,14.459379,-1.3436757533804788,0.0,false
CURLY20,10000,0,2P_SAR0_PH1_ATR0_RRU1_SQP_SPECTRAL,false,1,true,false,true,KKT_OK,0,17.501285,-1.3436757533804788,0.0,false
CURLY20,10000,0,2P_SAR0_PH1_ATR0_RRU1_SQP_RECIPROCAL,false,1,true,false,true,KKT_OK,0,17.497021,-1.3436757533804788,0.0,false
CURLY20,10000,0,2P_SAR0_PH1_ATR0_RRU1_SQP_EXPONENTIAL,false,1,true,false,true,KKT_OK,0,18.098823,-1.3436757533804788,0.0,false
CURLY20,10000,0,2P_SAR0_PH1_ATR0_RRU1_SQP_QUASI_NEWTON,false,1,true,false,true,KKT_OK,0,18.792583,-1.3436757533804788,0.0,false
CURLY30,10000,0,2P_SAR0_PH1_ATR0_RRU1_SQP_IDENTITY,false,1,true,false,true,KKT_OK,0,14.310187,-2.1896375904943715,0.0,false
CURLY30,10000,0,2P_SAR0_PH1_ATR0_RRU1_SQP_SPECTRAL,false,1,true,false,true,KKT_OK,0,13.528985,-2.1896375904943715,0.0,false
CURLY30,10000,0,2P_SAR0_PH1_ATR0_RRU1_SQP_RECIPROCAL,false,1,true,false,true,KKT_OK,0,13.51129,-2.1896375904943715,0.0,false
CURLY30,10000,0,2P_SAR0_PH1_ATR0_RRU1_SQP_EXPONENTIAL,false,1,true,false,true,KKT_OK,0,13.450211,-2.1896375904943715,0.0,false
CURLY30,10000,0,2P_SAR0_PH1_ATR0_RRU1_SQP_QUASI_NEWTON,false,1,true,false,true,KKT_OK,0,14.363737,-2.1896375904943715,0.0,false
CVXBQP1,100000,0,2P_SAR0_PH1_ATR0_RRU1_SQP_IDENTITY,false,1,true,false,true,KKT_OK,0,174.082121,5.62505625e9,0.0,false
CVXBQP1,100000,0,2P_SAR0_PH1_ATR0_RRU1_SQP_SPECTRAL,false,1,true,false,true,KKT_OK,0,179.496766,5.62505625e9,0.0,false
CVXBQP1,100000,0,2P_SAR0_PH1_ATR0_RRU1_SQP_RECIPROCAL,false,1,true,false,true,KKT_OK,0,193.23528100000001,5.62505625e9,0.0,false
CVXBQP1,100000,0,2P_SAR0_PH1_ATR0_RRU1_SQP_EXPONENTIAL,false,1,true,false,true,KKT_OK,0,207.171851,5.62505625e9,0.0,false
CVXBQP1,100000,0,2P_SAR0_PH1_ATR0_RRU1_SQP_QUASI_NEWTON,false,1,true,false,true,KKT_OK,0,187.68635799999998,5.62505625e9,0.0,false
CYCLIC3LS,100002,0,2P_SAR0_PH1_ATR0_RRU1_SQP_IDENTITY,false,1,true,false,true,SMALL_STEP,78,10631.841685,1.036699025731281e8,0.0,false
CYCLIC3LS,100002,0,2P_SAR0_PH1_ATR0_RRU1_SQP_SPECTRAL,false,1,true,false,true,SMALL_STEP,3730,1.66193610191e6,8.786865557207625e6,0.0,false
CYCLIC3LS,100002,0,2P_SAR0_PH1_ATR0_RRU1_SQP_RECIPROCAL,false,1,true,false,true,MAX_IT,5000,2.367541217373e6,3.22269554962316e7,0.0,false
CYCLIC3LS,100002,0,2P_SAR0_PH1_ATR0_RRU1_SQP_EXPONENTIAL,false,1,true,false,true,SMALL_STEP,4638,2.215921730521e6,6.195126025951064e6,0.0,false
CYCLIC3LS,100002,0,2P_SAR0_PH1_ATR0_RRU1_SQP_QUASI_NEWTON,false,1,true,false,true,SMALL_STEP,178,21227.707323000002,5.643047089569832e6,0.0,false
CYCLOOCFLS,29996,0,2P_SAR0_PH1_ATR0_RRU1_SQP_IDENTITY,false,1,true,false,true,KKT_OK,0,68.015515,50012.99339817859,0.0,false
CYCLOOCFLS,29996,0,2P_SAR0_PH1_ATR0_RRU1_SQP_SPECTRAL,false,1,true,false,true,KKT_OK,0,251.302197,50012.99339817859,0.0,false
CYCLOOCFLS,29996,0,2P_SAR0_PH1_ATR0_RRU1_SQP_RECIPROCAL,false,1,true,false,true,KKT_OK,0,62.51377900000001,50012.99339817859,0.0,false
CYCLOOCFLS,29996,0,2P_SAR0_PH1_ATR0_RRU1_SQP_EXPONENTIAL,false,1,true,false,true,KKT_OK,0,248.149537,50012.99339817859,0.0,false
CYCLOOCFLS,29996,0,2P_SAR0_PH1_ATR0_RRU1_SQP_QUASI_NEWTON,false,1,true,false,true,KKT_OK,0,60.465811,50012.99339817859,0.0,false
CYCLOOCTLS,30000,0,2P_SAR0_PH1_ATR0_RRU1_SQP_IDENTITY,false,1,true,false,true,KKT_OK,0,87.516271,50012.99180073872,0.0,false
CYCLOOCTLS,30000,0,2P_SAR0_PH1_ATR0_RRU1_SQP_SPECTRAL,false,1,true,false,true,KKT_OK,0,215.508221,50012.99180073872,0.0,false
CYCLOOCTLS,30000,0,2P_SAR0_PH1_ATR0_RRU1_SQP_RECIPROCAL,false,1,true,false,true,KKT_OK,0,99.704133,50012.99180073872,0.0,false
CYCLOOCTLS,30000,0,2P_SAR0_PH1_ATR0_RRU1_SQP_EXPONENTIAL,false,1,true,false,true,KKT_OK,0,203.985824,50012.99180073872,0.0,false
CYCLOOCTLS,30000,0,2P_SAR0_PH1_ATR0_RRU1_SQP_QUASI_NEWTON,false,1,true,false,true,KKT_OK,0,100.19287200000001,50012.99180073872,0.0,false
DANIWOODLS,2,0,2P_SAR0_PH1_ATR0_RRU1_SQP_IDENTITY,false,1,true,false,true,SMALL_STEP,1408,77.135012,0.005444696335092708,0.0,false
DANIWOODLS,2,0,2P_SAR0_PH1_ATR0_RRU1_SQP_SPECTRAL,false,1,true,false,true,KKT_OK,485,25.797381,0.004317517218860605,0.0,false
DANIWOODLS,2,0,2P_SAR0_PH1_ATR0_RRU1_SQP_RECIPROCAL,false,1,true,false,true,SMALL_STEP,1563,79.884104,0.005444490501698004,0.0,false
DANIWOODLS,2,0,2P_SAR0_PH1_ATR0_RRU1_SQP_EXPONENTIAL,false,1,true,false,true,SMALL_STEP,953,48.475032,0.005250550307047288,0.0,false
DANIWOODLS,2,0,2P_SAR0_PH1_ATR0_RRU1_SQP_QUASI_NEWTON,false,1,true,false,true,SMALL_STEP,475,25.693362,0.004356433602702608,0.0,false
DANWOODLS,2,0,2P_SAR0_PH1_ATR0_RRU1_SQP_IDENTITY,false,1,true,false,true,SMALL_STEP,1340,74.83269700000001,0.1826843615713192,0.0,false
DANWOODLS,2,0,2P_SAR0_PH1_ATR0_RRU1_SQP_SPECTRAL,false,1,true,false,true,SMALL_STEP,1522,72.955788,0.23469061369245925,0.0,false
DANWOODLS,2,0,2P_SAR0_PH1_ATR0_RRU1_SQP_RECIPROCAL,false,1,true,false,true,SMALL_STEP,559,24.658353,0.2883269331195184,0.0,false
DANWOODLS,2,0,2P_SAR0_PH1_ATR0_RRU1_SQP_EXPONENTIAL,false,1,true,false,true,SMALL_STEP,2804,142.585418,0.05183970347649332,0.0,false
DANWOODLS,2,0,2P_SAR0_PH1_ATR0_RRU1_SQP_QUASI_NEWTON,false,1,true,false,true,SMALL_STEP,417,24.068549,0.007427847634167362,0.0,false
DECONVB,63,0,2P_SAR0_PH1_ATR0_RRU1_SQP_IDENTITY,false,1,true,false,true,KKT_OK,156,28.506685,0.007694394632875573,0.0,false
DECONVB,63,0,2P_SAR0_PH1_ATR0_RRU1_SQP_SPECTRAL,false,1,true,false,true,KKT_OK,18,2.798602,0.00938521114925135,0.0,false
DECONVB,63,0,2P_SAR0_PH1_ATR0_RRU1_SQP_RECIPROCAL,false,1,true,false,true,KKT_OK,119,23.283813000000002,0.027803182989805737,0.0,false
DECONVB,63,0,2P_SAR0_PH1_ATR0_RRU1_SQP_EXPONENTIAL,false,1,true,false,true,KKT_OK,162,25.99473,0.027599813432144748,0.0,false
DECONVB,63,0,2P_SAR0_PH1_ATR0_RRU1_SQP_QUASI_NEWTON,false,1,true,false,true,KKT_OK,48,10.849883,0.0027978575003252512,0.0,false
DECONVC,63,1,2P_SAR0_PH1_ATR0_RRU1_SQP_IDENTITY,false,1,true,false,true,SMALL_STEP,78,48.881543,0.06830122979860012,7.65331468115301e-5,false
DECONVC,63,1,2P_SAR0_PH1_ATR0_RRU1_SQP_SPECTRAL,false,1,true,false,true,KKT_OK,12,6.208311,0.033086017323651865,5.033181839833589e-5,false
DECONVC,63,1,2P_SAR0_PH1_ATR0_RRU1_SQP_RECIPROCAL,false,1,true,false,true,SMALL_STEP,37,17.468654,0.08284280506105227,6.819743830026713e-5,false
DECONVC,63,1,2P_SAR0_PH1_ATR0_RRU1_SQP_EXPONENTIAL,false,1,true,false,true,SMALL_STEP,56,32.514094,0.10568976561920705,1.451270730768936e-5,false
DECONVC,63,1,2P_SAR0_PH1_ATR0_RRU1_SQP_QUASI_NEWTON,false,1,true,false,true,SMALL_STEP,21,9.881819,0.03428232393301501,4.1579062040157655e-5,false
DECONVU,63,0,2P_SAR0_PH1_ATR0_RRU1_SQP_IDENTITY,false,1,true,false,true,SMALL_STEP,836,119.184659,0.009798270976095693,0.0,false
DECONVU,63,0,2P_SAR0_PH1_ATR0_RRU1_SQP_SPECTRAL,false,1,true,false,true,KKT_OK,17,2.6085309999999997,9.805017157128672e-5,0.0,false
DECONVU,63,0,2P_SAR0_PH1_ATR0_RRU1_SQP_RECIPROCAL,false,1,true,false,true,SMALL_STEP,545,74.634045,0.026549053598771695,0.0,false
DECONVU,63,0,2P_SAR0_PH1_ATR0_RRU1_SQP_EXPONENTIAL,false,1,true,false,true,KKT_OK,490,74.849301,0.04582231674281008,0.0,false
DECONVU,63,0,2P_SAR0_PH1_ATR0_RRU1_SQP_QUASI_NEWTON,false,1,true,false,true,KKT_OK,43,7.107553,0.002362481365327728,0.0,false
DEGDIAG,100001,0,2P_SAR0_PH1_ATR0_RRU1_SQP_IDENTITY,false,1,true,false,true,KKT_OK,0,195.675883,200002.0,0.0,false
DEGDIAG,100001,0,2P_SAR0_PH1_ATR0_RRU1_SQP_SPECTRAL,false,1,true,false,true,KKT_OK,0,193.609011,200002.0,0.0,false
DEGDIAG,100001,0,2P_SAR0_PH1_ATR0_RRU1_SQP_RECIPROCAL,false,1,true,false,true,KKT_OK,0,198.49412,200002.0,0.0,false
DEGDIAG,100001,0,2P_SAR0_PH1_ATR0_RRU1_SQP_EXPONENTIAL,false,1,true,false,true,KKT_OK,0,188.104849,200002.0,0.0,false
DEGDIAG,100001,0,2P_SAR0_PH1_ATR0_RRU1_SQP_QUASI_NEWTON,false,1,true,false,true,KKT_OK,0,227.630642,200002.0,0.0,false
DEGTRID,100001,0,2P_SAR0_PH1_ATR0_RRU1_SQP_IDENTITY,false,1,true,false,true,KKT_OK,0,169.29361500000002,3.0,0.0,false
DEGTRID,100001,0,2P_SAR0_PH1_ATR0_RRU1_SQP_SPECTRAL,false,1,true,false,true,KKT_OK,0,199.851005,3.0,0.0,false
DEGTRID,100001,0,2P_SAR0_PH1_ATR0_RRU1_SQP_RECIPROCAL,false,1,true,false,true,KKT_OK,0,181.433548,3.0,0.0,false
DEGTRID,100001,0,2P_SAR0_PH1_ATR0_RRU1_SQP_EXPONENTIAL,false,1,true,false,true,KKT_OK,0,262.93861000000004,3.0,0.0,false
DEGTRID,100001,0,2P_SAR0_PH1_ATR0_RRU1_SQP_QUASI_NEWTON,false,1,true,false,true,KKT_OK,0,149.112476,3.0,0.0,false
DEGTRID2,100001,0,2P_SAR0_PH1_ATR0_RRU1_SQP_IDENTITY,false,1,true,false,true,KKT_OK,0,176.981948,3.0,0.0,false
DEGTRID2,100001,0,2P_SAR0_PH1_ATR0_RRU1_SQP_SPECTRAL,false,1,true,false,true,KKT_OK,0,191.533655,3.0,0.0,false
DEGTRID2,100001,0,2P_SAR0_PH1_ATR0_RRU1_SQP_RECIPROCAL,false,1,true,false,true,KKT_OK,0,188.544079,3.0,0.0,false
DEGTRID2,100001,0,2P_SAR0_PH1_ATR0_RRU1_SQP_EXPONENTIAL,false,1,true,false,true,KKT_OK,0,197.027382,3.0,0.0,false
DEGTRID2,100001,0,2P_SAR0_PH1_ATR0_RRU1_SQP_QUASI_NEWTON,false,1,true,false,true,KKT_OK,0,225.915829,3.0,0.0,false
DEGTRIDL,100001,1,2P_SAR0_PH1_ATR0_RRU1_SQP_IDENTITY,false,1,true,false,true,KKT_OK,18,47933.713908,13.797453964318265,8.464014822351373e-9,false
DEGTRIDL,100001,1,2P_SAR0_PH1_ATR0_RRU1_SQP_SPECTRAL,false,1,true,false,true,KKT_OK,13,54585.720722,0.5033217830496142,2.2247477238224178e-7,false
DEGTRIDL,100001,1,2P_SAR0_PH1_ATR0_RRU1_SQP_RECIPROCAL,false,1,true,false,true,KKT_OK,23,48223.729542,73.8155044868472,1.1946965638998108e-10,false
DEGTRIDL,100001,1,2P_SAR0_PH1_ATR0_RRU1_SQP_EXPONENTIAL,false,1,true,false,true,KKT_OK,15,52169.471643000004,0.7621718404552666,4.8366298077695546e-8,false
DEGTRIDL,100001,1,2P_SAR0_PH1_ATR0_RRU1_SQP_QUASI_NEWTON,false,1,true,false,true,KKT_OK,13,51801.28194,0.5036570838710759,2.278221367113531e-8,false
DENSCHNA,2,0,2P_SAR0_PH1_ATR0_RRU1_SQP_IDENTITY,false,1,true,false,true,KKT_OK,8,4.293843000000001,2.2426522452442856e-16,0.0,false
DENSCHNA,2,0,2P_SAR0_PH1_ATR0_RRU1_SQP_SPECTRAL,false,1,true,false,true,KKT_OK,13,2.886861,1.1981357070833685e-9,0.0,false
DENSCHNA,2,0,2P_SAR0_PH1_ATR0_RRU1_SQP_RECIPROCAL,false,1,true,false,true,KKT_OK,8,1.9322,5.841373075832685e-19,0.0,false
DENSCHNA,2,0,2P_SAR0_PH1_ATR0_RRU1_SQP_EXPONENTIAL,false,1,true,false,true,KKT_OK,8,1.551841,2.0746796631792264e-7,0.0,false
DENSCHNA,2,0,2P_SAR0_PH1_ATR0_RRU1_SQP_QUASI_NEWTON,false,1,true,false,true,KKT_OK,14,1.552707,2.446081653891712e-7,0.0,false
DENSCHNB,2,0,2P_SAR0_PH1_ATR0_RRU1_SQP_IDENTITY,false,1,true,false,true,KKT_OK,11,3.211663,1.8584975945853217e-10,0.0,false
DENSCHNB,2,0,2P_SAR0_PH1_ATR0_RRU1_SQP_SPECTRAL,false,1,true,false,true,KKT_OK,10,1.793601,1.0465913672489305e-15,0.0,false
DENSCHNB,2,0,2P_SAR0_PH1_ATR0_RRU1_SQP_RECIPROCAL,false,1,true,false,true,KKT_OK,18,2.1710369999999997,1.8996556676052482e-7,0.0,false
DENSCHNB,2,0,2P_SAR0_PH1_ATR0_RRU1_SQP_EXPONENTIAL,false,1,true,false,true,KKT_OK,15,1.5918029999999999,3.684036045992074e-9,0.0,false
DENSCHNB,2,0,2P_SAR0_PH1_ATR0_RRU1_SQP_QUASI_NEWTON,false,1,true,false,true,KKT_OK,9,0.932393,2.5531758205107084e-13,0.0,false
DENSCHNC,2,0,2P_SAR0_PH1_ATR0_RRU1_SQP_IDENTITY,false,1,true,false,true,KKT_OK,51,5.826137999999999,3.646443782119208,0.0,false
DENSCHNC,2,0,2P_SAR0_PH1_ATR0_RRU1_SQP_SPECTRAL,false,1,true,false,true,KKT_OK,22,1.9596919999999998,4.0332160172136617e-10,0.0,false
DENSCHNC,2,0,2P_SAR0_PH1_ATR0_RRU1_SQP_RECIPROCAL,false,1,true,false,true,KKT_OK,35,2.1969440000000002,3.646445032790445,0.0,false
DENSCHNC,2,0,2P_SAR0_PH1_ATR0_RRU1_SQP_EXPONENTIAL,false,1,true,false,true,KKT_OK,81,4.051305,2.566884562249083e-7,0.0,false
DENSCHNC,2,0,2P_SAR0_PH1_ATR0_RRU1_SQP_QUASI_NEWTON,false,1,true,false,true,KKT_OK,54,2.80225,2.241180023309379e-7,0.0,false
DENSCHND,3,0,2P_SAR0_PH1_ATR0_RRU1_SQP_IDENTITY,false,1,true,false,true,KKT_OK,214,13.500052,0.00015481556857937045,0.0,false
DENSCHND,3,0,2P_SAR0_PH1_ATR0_RRU1_SQP_SPECTRAL,false,1,true,false,true,KKT_OK,174,8.10604,0.00012187115175251671,0.0,false
DENSCHND,3,0,2P_SAR0_PH1_ATR0_RRU1_SQP_RECIPROCAL,false,1,true,false,true,KKT_OK,217,9.916877,0.00015222284887040532,0.0,false
DENSCHND,3,0,2P_SAR0_PH1_ATR0_RRU1_SQP_EXPONENTIAL,false,1,true,false,true,KKT_OK,571,25.611787,8.358926658640364e-5,0.0,false
DENSCHND,3,0,2P_SAR0_PH1_ATR0_RRU1_SQP_QUASI_NEWTON,false,1,true,false,true,KKT_OK,459,23.010066,0.00011191545563091652,0.0,false
DENSCHNE,3,0,2P_SAR0_PH1_ATR0_RRU1_SQP_IDENTITY,false,1,true,false,true,KKT_OK,19,5.041815,0.9992548393486357,0.0,false
DENSCHNE,3,0,2P_SAR0_PH1_ATR0_RRU1_SQP_SPECTRAL,false,1,true,false,true,KKT_OK,13,2.157562,0.9993277198788719,0.0,false
DENSCHNE,3,0,2P_SAR0_PH1_ATR0_RRU1_SQP_RECIPROCAL,false,1,true,false,true,KKT_OK,21,2.612703,1.6114401993004503e-7,0.0,false
DENSCHNE,3,0,2P_SAR0_PH1_ATR0_RRU1_SQP_EXPONENTIAL,false,1,true,false,true,KKT_OK,16,1.672482,1.321275098773456e-11,0.0,false
DENSCHNE,3,0,2P_SAR0_PH1_ATR0_RRU1_SQP_QUASI_NEWTON,false,1,true,false,true,KKT_OK,15,1.256362,9.842346498565085e-21,0.0,false
DENSCHNF,2,0,2P_SAR0_PH1_ATR0_RRU1_SQP_IDENTITY,false,1,true,false,true,KKT_OK,8,3.815349,2.3385511994917873e-18,0.0,false
DENSCHNF,2,0,2P_SAR0_PH1_ATR0_RRU1_SQP_SPECTRAL,false,1,true,false,true,KKT_OK,15,3.3707540000000003,1.2528220547824332e-10,0.0,false
DENSCHNF,2,0,2P_SAR0_PH1_ATR0_RRU1_SQP_RECIPROCAL,false,1,true,false,true,SMALL_STEP,22,1.909073,4.4468994934836254e-8,0.0,false
DENSCHNF,2,0,2P_SAR0_PH1_ATR0_RRU1_SQP_EXPONENTIAL,false,1,true,false,true,SMALL_STEP,17,1.643673,7.907927404220134e-9,0.0,false
DENSCHNF,2,0,2P_SAR0_PH1_ATR0_RRU1_SQP_QUASI_NEWTON,false,1,true,false,true,SMALL_STEP,15,1.535441,2.3012798857161289e-10,0.0,false
DEVGLA1,4,0,2P_SAR0_PH1_ATR0_RRU1_SQP_IDENTITY,false,1,true,false,true,MAX_IT,5000,346.880102,14524.924723482518,0.0,false
DEVGLA1,4,0,2P_SAR0_PH1_ATR0_RRU1_SQP_SPECTRAL,false,1,true,false,true,MAX_IT,5000,283.867403,14230.284990233356,0.0,false
DEVGLA1,4,0,2P_SAR0_PH1_ATR0_RRU1_SQP_RECIPROCAL,false,1,true,false,true,MAX_IT,5000,324.64976099999996,14524.924864612347,0.0,false
DEVGLA1,4,0,2P_SAR0_PH1_ATR0_RRU1_SQP_EXPONENTIAL,false,1,true,false,true,MAX_IT,5000,355.778186,14131.687677296057,0.0,false
DEVGLA1,4,0,2P_SAR0_PH1_ATR0_RRU1_SQP_QUASI_NEWTON,false,1,true,false,true,SMALL_STEP,525,27.08853,1.6401276141580823,0.0,false
DEVGLA1B,4,0,2P_SAR0_PH1_ATR0_RRU1_SQP_IDENTITY,false,1,true,false,true,MAX_IT,5000,281.94602499999996,14524.924723482518,0.0,false
DEVGLA1B,4,0,2P_SAR0_PH1_ATR0_RRU1_SQP_SPECTRAL,false,1,true,false,true,MAX_IT,5000,318.155275,14230.284990233356,0.0,false
DEVGLA1B,4,0,2P_SAR0_PH1_ATR0_RRU1_SQP_RECIPROCAL,false,1,true,false,true,MAX_IT,5000,357.05758599999996,14524.924864612347,0.0,false
DEVGLA1B,4,0,2P_SAR0_PH1_ATR0_RRU1_SQP_EXPONENTIAL,false,1,true,false,true,MAX_IT,5000,292.16567100000003,14131.687677296057,0.0,false
DEVGLA1B,4,0,2P_SAR0_PH1_ATR0_RRU1_SQP_QUASI_NEWTON,false,1,true,false,true,SMALL_STEP,770,48.011002999999995,5.14427629217699,0.0,false
DEVGLA2,5,0,2P_SAR0_PH1_ATR0_RRU1_SQP_IDENTITY,false,1,true,false,true,MAX_IT,5000,342.00782200000003,860.2278905009927,0.0,false
DEVGLA2,5,0,2P_SAR0_PH1_ATR0_RRU1_SQP_SPECTRAL,false,1,true,false,true,MAX_IT,5000,365.913227,873.6349718504769,0.0,false
DEVGLA2,5,0,2P_SAR0_PH1_ATR0_RRU1_SQP_RECIPROCAL,false,1,true,false,true,MAX_IT,5000,312.11515499999996,857.7975700513509,0.0,false
DEVGLA2,5,0,2P_SAR0_PH1_ATR0_RRU1_SQP_EXPONENTIAL,false,1,true,false,true,MAX_IT,5000,336.569589,894.3477237827146,0.0,false
DEVGLA2,5,0,2P_SAR0_PH1_ATR0_RRU1_SQP_QUASI_NEWTON,false,1,true,false,true,SMALL_STEP,450,30.134584999999998,2.930947849427083,0.0,false
DEVGLA2B,5,0,2P_SAR0_PH1_ATR0_RRU1_SQP_IDENTITY,false,1,true,false,true,SMALL_STEP,4907,374.858737,10641.440189017387,0.0,false
DEVGLA2B,5,0,2P_SAR0_PH1_ATR0_RRU1_SQP_SPECTRAL,false,1,true,false,true,MAX_IT,5000,222.88523800000002,10647.54610115869,0.0,false
DEVGLA2B,5,0,2P_SAR0_PH1_ATR0_RRU1_SQP_RECIPROCAL,false,1,true,false,true,SMALL_STEP,4918,331.627999,10641.454409327567,0.0,false
DEVGLA2B,5,0,2P_SAR0_PH1_ATR0_RRU1_SQP_EXPONENTIAL,false,1,true,false,true,SMALL_STEP,4849,366.766891,10641.30183685167,0.0,false
DEVGLA2B,5,0,2P_SAR0_PH1_ATR0_RRU1_SQP_QUASI_NEWTON,false,1,true,false,true,SMALL_STEP,324,17.822675999999998,5055.686220481044,0.0,false
DGOSPEC,3,0,2P_SAR0_PH1_ATR0_RRU1_SQP_IDENTITY,false,1,true,false,true,SMALL_STEP,4737,253.945749,-993.3405067269521,0.0,false
DGOSPEC,3,0,2P_SAR0_PH1_ATR0_RRU1_SQP_SPECTRAL,false,1,true,false,true,SMALL_STEP,3252,183.265578,-992.5667684430085,0.0,false
DGOSPEC,3,0,2P_SAR0_PH1_ATR0_RRU1_SQP_RECIPROCAL,false,1,true,false,true,SMALL_STEP,2944,164.373644,-992.2529560657343,0.0,false
DGOSPEC,3,0,2P_SAR0_PH1_ATR0_RRU1_SQP_EXPONENTIAL,false,1,true,false,true,SMALL_STEP,50,3.668602,-989.4559644478,0.0,false
DGOSPEC,3,0,2P_SAR0_PH1_ATR0_RRU1_SQP_QUASI_NEWTON,false,1,true,false,true,SMALL_STEP,10,1.6580300000000001,-993.3506218010729,0.0,false
DIAGIQB,10,0,2P_SAR0_PH1_ATR0_RRU1_SQP_IDENTITY,false,1,true,false,true,MAX_IT,5000,356.075521,-1.0149994002231975e13,0.0,false
DIAGIQB,10,0,2P_SAR0_PH1_ATR0_RRU1_SQP_SPECTRAL,false,1,true,false,true,MAX_IT,5000,281.719285,-1.0149994049663682e13,0.0,false
DIAGIQB,10,0,2P_SAR0_PH1_ATR0_RRU1_SQP_RECIPROCAL,false,1,true,false,true,SMALL_STEP,60,4.775426,-1.014999410000059e13,0.0,false
DIAGIQB,10,0,2P_SAR0_PH1_ATR0_RRU1_SQP_EXPONENTIAL,false,1,true,false,true,SMALL_STEP,36,3.000753,-1.014999410000059e13,0.0,false
DIAGIQB,10,0,2P_SAR0_PH1_ATR0_RRU1_SQP_QUASI_NEWTON,false,1,true,false,true,KKT_OK,28,1.981924,-1.0149994100000588e13,0.0,false
DIAGIQE,1000,0,2P_SAR0_PH1_ATR0_RRU1_SQP_IDENTITY,false,1,true,false,true,MAX_IT,5000,5655.19275,-6.237438527122506e16,0.0,false
DIAGIQE,1000,0,2P_SAR0_PH1_ATR0_RRU1_SQP_SPECTRAL,false,1,true,false,true,KKT_OK,973,889.147351,-6.237499950100085e16,0.0,false
DIAGIQE,1000,0,2P_SAR0_PH1_ATR0_RRU1_SQP_RECIPROCAL,false,1,true,false,true,SMALL_STEP,66,65.876328,-6.237499950110001e16,0.0,false
DIAGIQE,1000,0,2P_SAR0_PH1_ATR0_RRU1_SQP_EXPONENTIAL,false,1,true,false,true,SMALL_STEP,539,613.1490739999999,-6.237499950110001e16,0.0,false
DIAGIQE,1000,0,2P_SAR0_PH1_ATR0_RRU1_SQP_QUASI_NEWTON,false,1,true,false,true,KKT_OK,31,44.282258999999996,-6.237499950110001e16,0.0,false
DIAGIQT,1000,0,2P_SAR0_PH1_ATR0_RRU1_SQP_IDENTITY,false,1,true,false,true,MAX_IT,5000,5250.308834,-3.464257589851857e16,0.0,false
DIAGIQT,1000,0,2P_SAR0_PH1_ATR0_RRU1_SQP_SPECTRAL,false,1,true,false,true,KKT_OK,234,182.67659,-3.464270820700001e16,0.0,false
DIAGIQT,1000,0,2P_SAR0_PH1_ATR0_RRU1_SQP_RECIPROCAL,false,1,true,false,true,MAX_IT,5000,5936.775906,-3.4642685046820444e16,0.0,false
DIAGIQT,1000,0,2P_SAR0_PH1_ATR0_RRU1_SQP_EXPONENTIAL,false,1,true,false,true,SMALL_STEP,123,130.60645000000002,-3.4642708206999948e16,0.0,false
DIAGIQT,1000,0,2P_SAR0_PH1_ATR0_RRU1_SQP_QUASI_NEWTON,false,1,true,false,true,KKT_OK,28,45.349394000000004,-3.4642708207000004e16,0.0,false
DIAGNQB,1000,0,2P_SAR0_PH1_ATR0_RRU1_SQP_IDENTITY,false,1,true,false,true,KKT_OK,480,342.059658,-3.330837485061e17,0.0,false
DIAGNQB,1000,0,2P_SAR0_PH1_ATR0_RRU1_SQP_SPECTRAL,false,1,true,false,true,KKT_OK,480,340.007471,-3.330837485061e17,0.0,false
DIAGNQB,1000,0,2P_SAR0_PH1_ATR0_RRU1_SQP_RECIPROCAL,false,1,true,false,true,KKT_OK,41,27.419301,-3.330837485061e17,0.0,false
DIAGNQB,1000,0,2P_SAR0_PH1_ATR0_RRU1_SQP_EXPONENTIAL,false,1,true,false,true,KKT_OK,28,20.109557,-3.330837485061e17,0.0,false
DIAGNQB,1000,0,2P_SAR0_PH1_ATR0_RRU1_SQP_QUASI_NEWTON,false,1,true,false,true,KKT_OK,28,19.515357,-3.330837485061e17,0.0,false
DIAGNQE,1000,0,2P_SAR0_PH1_ATR0_RRU1_SQP_IDENTITY,false,1,true,false,true,KKT_OK,31,23.467953,-2.50249999e17,0.0,false
DIAGNQE,1000,0,2P_SAR0_PH1_ATR0_RRU1_SQP_SPECTRAL,false,1,true,false,true,KKT_OK,31,21.552893,-2.50249999e17,0.0,false
DIAGNQE,1000,0,2P_SAR0_PH1_ATR0_RRU1_SQP_RECIPROCAL,false,1,true,false,true,KKT_OK,60,65.02416099999999,-2.50249999e17,0.0,false
DIAGNQE,1000,0,2P_SAR0_PH1_ATR0_RRU1_SQP_EXPONENTIAL,false,1,true,false,true,KKT_OK,28,18.248945,-2.50249999e17,0.0,false
DIAGNQE,1000,0,2P_SAR0_PH1_ATR0_RRU1_SQP_QUASI_NEWTON,false,1,true,false,true,KKT_OK,28,17.957732,-2.50249999e17,0.0,false
DIAGNQT,1000,0,2P_SAR0_PH1_ATR0_RRU1_SQP_IDENTITY,false,1,true,false,true,KKT_OK,473,351.63872499999997,-1.669115931141e17,0.0,false
DIAGNQT,1000,0,2P_SAR0_PH1_ATR0_RRU1_SQP_SPECTRAL,false,1,true,false,true,KKT_OK,473,332.13052500000003,-1.669115931141e17,0.0,false
DIAGNQT,1000,0,2P_SAR0_PH1_ATR0_RRU1_SQP_RECIPROCAL,false,1,true,false,true,KKT_OK,40,24.588784999999998,-1.669115931141e17,0.0,false
DIAGNQT,1000,0,2P_SAR0_PH1_ATR0_RRU1_SQP_EXPONENTIAL,false,1,true,false,true,KKT_OK,28,19.464150999999998,-1.669115931141e17,0.0,false
DIAGNQT,1000,0,2P_SAR0_PH1_ATR0_RRU1_SQP_QUASI_NEWTON,false,1,true,false,true,KKT_OK,28,18.762663999999997,-1.669115931141e17,0.0,false
DIAGPQB,1000,0,2P_SAR0_PH1_ATR0_RRU1_SQP_IDENTITY,false,1,true,false,true,KKT_OK,52,51.867155,-9.492242965300942,0.0,false
DIAGPQB,1000,0,2P_SAR0_PH1_ATR0_RRU1_SQP_SPECTRAL,false,1,true,false,true,KKT_OK,99,101.980448,-36.36982851187702,0.0,false
DIAGPQB,1000,0,2P_SAR0_PH1_ATR0_RRU1_SQP_RECIPROCAL,false,1,true,false,true,KKT_OK,8,7.403748,-5.555378985857815e-5,0.0,false
DIAGPQB,1000,0,2P_SAR0_PH1_ATR0_RRU1_SQP_EXPONENTIAL,false,1,true,false,true,KKT_OK,8,9.640184,-35.6431467060181,0.0,false
DIAGPQB,1000,0,2P_SAR0_PH1_ATR0_RRU1_SQP_QUASI_NEWTON,false,1,true,false,true,KKT_OK,17,14.916636,-821.9672833407823,0.0,false
DIAGPQE,1000,0,2P_SAR0_PH1_ATR0_RRU1_SQP_IDENTITY,false,1,true,false,true,KKT_OK,13,15.404237,-1.6031792144443027,0.0,false
DIAGPQE,1000,0,2P_SAR0_PH1_ATR0_RRU1_SQP_SPECTRAL,false,1,true,false,true,KKT_OK,106,102.24343800000001,-3.4695118350153877,0.0,false
DIAGPQE,1000,0,2P_SAR0_PH1_ATR0_RRU1_SQP_RECIPROCAL,false,1,true,false,true,KKT_OK,8,7.249388,-7.849204279599379e-5,0.0,false
DIAGPQE,1000,0,2P_SAR0_PH1_ATR0_RRU1_SQP_EXPONENTIAL,false,1,true,false,true,KKT_OK,8,10.008761,-3.711323040241999,0.0,false
DIAGPQE,1000,0,2P_SAR0_PH1_ATR0_RRU1_SQP_QUASI_NEWTON,false,1,true,false,true,KKT_OK,8,9.700049,-3.7427354302751747,0.0,false
DIAGPQT,1000,0,2P_SAR0_PH1_ATR0_RRU1_SQP_IDENTITY,false,1,true,false,true,KKT_OK,12,39.929998000000005,-1.0585598329106651,0.0,false
DIAGPQT,1000,0,2P_SAR0_PH1_ATR0_RRU1_SQP_SPECTRAL,false,1,true,false,true,KKT_OK,114,79.91678300000001,-2.047662928518359,0.0,false
DIAGPQT,1000,0,2P_SAR0_PH1_ATR0_RRU1_SQP_RECIPROCAL,false,1,true,false,true,KKT_OK,8,7.293629999999999,-0.00011151811270355607,0.0,false
DIAGPQT,1000,0,2P_SAR0_PH1_ATR0_RRU1_SQP_EXPONENTIAL,false,1,true,false,true,KKT_OK,8,10.331242,-2.793653203986083,0.0,false
DIAGPQT,1000,0,2P_SAR0_PH1_ATR0_RRU1_SQP_QUASI_NEWTON,false,1,true,false,true,KKT_OK,17,15.510109,-502.044010534926,0.0,false
DIAMON2DLS,66,0,2P_SAR0_PH1_ATR0_RRU1_SQP_IDENTITY,false,1,true,false,true,SMALL_STEP,2000,8703.509777000001,8951.25975634952,0.0,false
DIAMON2DLS,66,0,2P_SAR0_PH1_ATR0_RRU1_SQP_SPECTRAL,false,1,true,false,true,MAX_IT,5000,21860.445286000002,9255.413099098147,0.0,false
DIAMON2DLS,66,0,2P_SAR0_PH1_ATR0_RRU1_SQP_RECIPROCAL,false,1,true,false,true,SMALL_STEP,2654,14463.264618000001,8737.195466080495,0.0,false
DIAMON2DLS,66,0,2P_SAR0_PH1_ATR0_RRU1_SQP_EXPONENTIAL,false,1,true,false,true,MAX_IT,5000,32885.886706,8951.890213926346,0.0,false
DIAMON2DLS,66,0,2P_SAR0_PH1_ATR0_RRU1_SQP_QUASI_NEWTON,false,1,true,false,true,SMALL_STEP,2145,11612.018129,8950.871983845922,0.0,false
DIAMON3DLS,99,0,2P_SAR0_PH1_ATR0_RRU1_SQP_IDENTITY,false,1,true,false,true,SMALL_STEP,632,3656.8369610000004,1311.2830718326059,0.0,false
DIAMON3DLS,99,0,2P_SAR0_PH1_ATR0_RRU1_SQP_SPECTRAL,false,1,true,false,true,SMALL_STEP,438,2546.5034,6224.979311593685,0.0,false
DIAMON3DLS,99,0,2P_SAR0_PH1_ATR0_RRU1_SQP_RECIPROCAL,false,1,true,false,true,SMALL_STEP,1553,11402.289852999998,7605.892602108173,0.0,false
DIAMON3DLS,99,0,2P_SAR0_PH1_ATR0_RRU1_SQP_EXPONENTIAL,false,1,true,false,true,MAX_IT,5000,44347.831564,6028.879575258358,0.0,false
DIAMON3DLS,99,0,2P_SAR0_PH1_ATR0_RRU1_SQP_QUASI_NEWTON,false,1,true,false,true,SMALL_STEP,205,1484.901504,892.8655781517125,0.0,false
DIXMAANA1,3,0,2P_SAR0_PH1_ATR0_RRU1_SQP_IDENTITY,false,1,true,false,true,KKT_OK,10,2.7575410000000002,1.0000000034141783,0.0,false
DIXMAANA1,3,0,2P_SAR0_PH1_ATR0_RRU1_SQP_SPECTRAL,false,1,true,false,true,KKT_OK,10,1.630006,1.0000000000220952,0.0,false
DIXMAANA1,3,0,2P_SAR0_PH1_ATR0_RRU1_SQP_RECIPROCAL,false,1,true,false,true,KKT_OK,10,1.575237,1.0000000037827033,0.0,false
DIXMAANA1,3,0,2P_SAR0_PH1_ATR0_RRU1_SQP_EXPONENTIAL,false,1,true,false,true,KKT_OK,10,1.352776,1.0000000051646414,0.0,false
DIXMAANA1,3,0,2P_SAR0_PH1_ATR0_RRU1_SQP_QUASI_NEWTON,false,1,true,false,true,KKT_OK,12,1.0706559999999998,1.0000000002113598,0.0,false
DIXMAANB,3000,0,2P_SAR0_PH1_ATR0_RRU1_SQP_IDENTITY,false,1,true,false,true,KKT_OK,10,29.828346,1.0000031386883632,0.0,false
DIXMAANB,3000,0,2P_SAR0_PH1_ATR0_RRU1_SQP_SPECTRAL,false,1,true,false,true,KKT_OK,12,24.997929,1.0000000000000013,0.0,false
DIXMAANB,3000,0,2P_SAR0_PH1_ATR0_RRU1_SQP_RECIPROCAL,false,1,true,false,true,KKT_OK,10,30.748617,1.00000313832935,0.0,false
DIXMAANB,3000,0,2P_SAR0_PH1_ATR0_RRU1_SQP_EXPONENTIAL,false,1,true,false,true,KKT_OK,11,77.919099,1.000001317740792,0.0,false
DIXMAANB,3000,0,2P_SAR0_PH1_ATR0_RRU1_SQP_QUASI_NEWTON,false,1,true,false,true,KKT_OK,12,22.083447,1.0000000000898785,0.0,false
DIXMAANC,3000,0,2P_SAR0_PH1_ATR0_RRU1_SQP_IDENTITY,false,1,true,false,true,KKT_OK,10,26.207871,1.0000032027016545,0.0,false
DIXMAANC,3000,0,2P_SAR0_PH1_ATR0_RRU1_SQP_SPECTRAL,false,1,true,false,true,KKT_OK,13,23.311462000000002,1.0000000000021032,0.0,false
DIXMAANC,3000,0,2P_SAR0_PH1_ATR0_RRU1_SQP_RECIPROCAL,false,1,true,false,true,KKT_OK,10,29.94747,1.0000032023949015,0.0,false
DIXMAANC,3000,0,2P_SAR0_PH1_ATR0_RRU1_SQP_EXPONENTIAL,false,1,true,false,true,KKT_OK,12,34.919157999999996,1.0000101909923258,0.0,false
DIXMAANC,3000,0,2P_SAR0_PH1_ATR0_RRU1_SQP_QUASI_NEWTON,false,1,true,false,true,KKT_OK,13,35.510074,1.000001586131661,0.0,false
DIXMAAND,3000,0,2P_SAR0_PH1_ATR0_RRU1_SQP_IDENTITY,false,1,true,false,true,KKT_OK,11,28.602349,1.000000134093411,0.0,false
DIXMAAND,3000,0,2P_SAR0_PH1_ATR0_RRU1_SQP_SPECTRAL,false,1,true,false,true,KKT_OK,14,24.778398,1.0000000018279371,0.0,false
DIXMAAND,3000,0,2P_SAR0_PH1_ATR0_RRU1_SQP_RECIPROCAL,false,1,true,false,true,KKT_OK,11,29.178231,1.0000001340659055,0.0,false
DIXMAAND,3000,0,2P_SAR0_PH1_ATR0_RRU1_SQP_EXPONENTIAL,false,1,true,false,true,KKT_OK,12,39.397013,1.0014413759458467,0.0,false
DIXMAAND,3000,0,2P_SAR0_PH1_ATR0_RRU1_SQP_QUASI_NEWTON,false,1,true,false,true,KKT_OK,14,28.993072,1.000005788972025,0.0,false
DIXMAANE1,3000,0,2P_SAR0_PH1_ATR0_RRU1_SQP_IDENTITY,false,1,true,false,true,KKT_OK,10,30.612496,1.0272639491814366,0.0,false
DIXMAANE1,3000,0,2P_SAR0_PH1_ATR0_RRU1_SQP_SPECTRAL,false,1,true,false,true,KKT_OK,31,58.551173,1.1125001599057482,0.0,false
DIXMAANE1,3000,0,2P_SAR0_PH1_ATR0_RRU1_SQP_RECIPROCAL,false,1,true,false,true,KKT_OK,10,30.392076,1.0000015578752495,0.0,false
DIXMAANE1,3000,0,2P_SAR0_PH1_ATR0_RRU1_SQP_EXPONENTIAL,false,1,true,false,true,KKT_OK,12,38.264882,1.003960600496271,0.0,false
DIXMAANE1,3000,0,2P_SAR0_PH1_ATR0_RRU1_SQP_QUASI_NEWTON,false,1,true,false,true,KKT_OK,15,65.029326,1.0000001048739995,0.0,false
DIXMAANF,3000,0,2P_SAR0_PH1_ATR0_RRU1_SQP_IDENTITY,false,1,true,false,true,KKT_OK,10,30.263919,1.0021969547785827,0.0,false
DIXMAANF,3000,0,2P_SAR0_PH1_ATR0_RRU1_SQP_SPECTRAL,false,1,true,false,true,KKT_OK,20,42.791084,1.0381556174076056,0.0,false
DIXMAANF,3000,0,2P_SAR0_PH1_ATR0_RRU1_SQP_RECIPROCAL,false,1,true,false,true,KKT_OK,10,28.006482,1.0000015477400301,0.0,false
DIXMAANF,3000,0,2P_SAR0_PH1_ATR0_RRU1_SQP_EXPONENTIAL,false,1,true,false,true,KKT_OK,13,33.767081999999995,1.010662261994408,0.0,false
DIXMAANF,3000,0,2P_SAR0_PH1_ATR0_RRU1_SQP_QUASI_NEWTON,false,1,true,false,true,KKT_OK,16,42.586714,1.0008216475345746,0.0,false
DIXMAANG,3000,0,2P_SAR0_PH1_ATR0_RRU1_SQP_IDENTITY,false,1,true,false,true,KKT_OK,10,34.367343,1.0017935032307241,0.0,false
DIXMAANG,3000,0,2P_SAR0_PH1_ATR0_RRU1_SQP_SPECTRAL,false,1,true,false,true,KKT_OK,21,51.731316,1.0214014651018,0.0,false
DIXMAANG,3000,0,2P_SAR0_PH1_ATR0_RRU1_SQP_RECIPROCAL,false,1,true,false,true,KKT_OK,10,53.490156,1.0000015584544064,0.0,false
DIXMAANG,3000,0,2P_SAR0_PH1_ATR0_RRU1_SQP_EXPONENTIAL,false,1,true,false,true,KKT_OK,13,32.290105,1.014791320062275,0.0,false
DIXMAANG,3000,0,2P_SAR0_PH1_ATR0_RRU1_SQP_QUASI_NEWTON,false,1,true,false,true,KKT_OK,17,35.650059,1.0000657052201662,0.0,false
DIXMAANH,3000,0,2P_SAR0_PH1_ATR0_RRU1_SQP_IDENTITY,false,1,true,false,true,KKT_OK,10,56.697717000000004,1.0011369702738906,0.0,false
DIXMAANH,3000,0,2P_SAR0_PH1_ATR0_RRU1_SQP_SPECTRAL,false,1,true,false,true,KKT_OK,21,43.971854,1.014892064743188,0.0,false
DIXMAANH,3000,0,2P_SAR0_PH1_ATR0_RRU1_SQP_RECIPROCAL,false,1,true,false,true,KKT_OK,10,27.831357,1.0000015814937233,0.0,false
DIXMAANH,3000,0,2P_SAR0_PH1_ATR0_RRU1_SQP_EXPONENTIAL,false,1,true,false,true,KKT_OK,14,35.599879,1.0060314974132825,0.0,false
DIXMAANH,3000,0,2P_SAR0_PH1_ATR0_RRU1_SQP_QUASI_NEWTON,false,1,true,false,true,KKT_OK,18,37.992069,1.0000720558946963,0.0,false
DIXMAANI1,3000,0,2P_SAR0_PH1_ATR0_RRU1_SQP_IDENTITY,false,1,true,false,true,KKT_OK,10,31.295305000000003,1.1476424097016045,0.0,false
DIXMAANI1,3000,0,2P_SAR0_PH1_ATR0_RRU1_SQP_SPECTRAL,false,1,true,false,true,KKT_OK,25,50.756766,2.0821971705962623,0.0,false
DIXMAANI1,3000,0,2P_SAR0_PH1_ATR0_RRU1_SQP_RECIPROCAL,false,1,true,false,true,KKT_OK,10,29.080728,1.0000010297854902,0.0,false
DIXMAANI1,3000,0,2P_SAR0_PH1_ATR0_RRU1_SQP_EXPONENTIAL,false,1,true,false,true,KKT_OK,13,40.268089,1.0158668915588733,0.0,false
DIXMAANI1,3000,0,2P_SAR0_PH1_ATR0_RRU1_SQP_QUASI_NEWTON,false,1,true,false,true,KKT_OK,15,37.46789,1.0000016836395926,0.0,false
DIXMAANJ,3000,0,2P_SAR0_PH1_ATR0_RRU1_SQP_IDENTITY,false,1,true,false,true,KKT_OK,10,30.629877,1.0112021482603764,0.0,false
DIXMAANJ,3000,0,2P_SAR0_PH1_ATR0_RRU1_SQP_SPECTRAL,false,1,true,false,true,KKT_OK,21,42.872125,1.0866992668318487,0.0,false
DIXMAANJ,3000,0,2P_SAR0_PH1_ATR0_RRU1_SQP_RECIPROCAL,false,1,true,false,true,KKT_OK,10,28.799417000000002,1.00000102728806,0.0,false
DIXMAANJ,3000,0,2P_SAR0_PH1_ATR0_RRU1_SQP_EXPONENTIAL,false,1,true,false,true,KKT_OK,14,41.51667,1.0097464303980972,0.0,false
DIXMAANJ,3000,0,2P_SAR0_PH1_ATR0_RRU1_SQP_QUASI_NEWTON,false,1,true,false,true,KKT_OK,16,32.934469,1.0009554545856871,0.0,false
DIXMAANK,3000,0,2P_SAR0_PH1_ATR0_RRU1_SQP_IDENTITY,false,1,true,false,true,KKT_OK,10,30.132814,1.009827270820809,0.0,false
DIXMAANK,3000,0,2P_SAR0_PH1_ATR0_RRU1_SQP_SPECTRAL,false,1,true,false,true,KKT_OK,21,43.111990000000006,1.068173464945872,0.0,false
DIXMAANK,3000,0,2P_SAR0_PH1_ATR0_RRU1_SQP_RECIPROCAL,false,1,true,false,true,KKT_OK,10,32.16325,1.000001029658669,0.0,false
DIXMAANK,3000,0,2P_SAR0_PH1_ATR0_RRU1_SQP_EXPONENTIAL,false,1,true,false,true,KKT_OK,14,41.287248,1.021795995857454,0.0,false
DIXMAANK,3000,0,2P_SAR0_PH1_ATR0_RRU1_SQP_QUASI_NEWTON,false,1,true,false,true,KKT_OK,18,36.050337,1.0001690110402597,0.0,false
DIXMAANL,3000,0,2P_SAR0_PH1_ATR0_RRU1_SQP_IDENTITY,false,1,true,false,true,KKT_OK,10,29.784762999999998,1.0071257899840256,0.0,false
DIXMAANL,3000,0,2P_SAR0_PH1_ATR0_RRU1_SQP_SPECTRAL,false,1,true,false,true,KKT_OK,22,48.808236,1.037503795707017,0.0,false
DIXMAANL,3000,0,2P_SAR0_PH1_ATR0_RRU1_SQP_RECIPROCAL,false,1,true,false,true,KKT_OK,10,31.346192000000002,1.0000010347890613,0.0,false
DIXMAANL,3000,0,2P_SAR0_PH1_ATR0_RRU1_SQP_EXPONENTIAL,false,1,true,false,true,KKT_OK,15,43.913277,1.0079520763668273,0.0,false
DIXMAANL,3000,0,2P_SAR0_PH1_ATR0_RRU1_SQP_QUASI_NEWTON,false,1,true,false,true,KKT_OK,19,64.8459,1.0001461755029508,0.0,false
DIXMAANM1,3000,0,2P_SAR0_PH1_ATR0_RRU1_SQP_IDENTITY,false,1,true,false,true,KKT_OK,10,30.681023000000003,1.3521177351914422,0.0,false
DIXMAANM1,3000,0,2P_SAR0_PH1_ATR0_RRU1_SQP_SPECTRAL,false,1,true,false,true,KKT_OK,29,60.776756,1.808651482585893,0.0,false
DIXMAANM1,3000,0,2P_SAR0_PH1_ATR0_RRU1_SQP_RECIPROCAL,false,1,true,false,true,KKT_OK,10,29.798889,1.0000029871485472,0.0,false
DIXMAANM1,3000,0,2P_SAR0_PH1_ATR0_RRU1_SQP_EXPONENTIAL,false,1,true,false,true,KKT_OK,11,34.57179300000001,1.0155358193918458,0.0,false
DIXMAANM1,3000,0,2P_SAR0_PH1_ATR0_RRU1_SQP_QUASI_NEWTON,false,1,true,false,true,KKT_OK,12,34.044218,1.0000122621626144,0.0,false
DIXMAANN,3000,0,2P_SAR0_PH1_ATR0_RRU1_SQP_IDENTITY,false,1,true,false,true,KKT_OK,10,31.484146999999997,1.181987923340513,0.0,false
DIXMAANN,3000,0,2P_SAR0_PH1_ATR0_RRU1_SQP_SPECTRAL,false,1,true,false,true,KKT_OK,26,44.658335,1.2300361137849427,0.0,false
DIXMAANN,3000,0,2P_SAR0_PH1_ATR0_RRU1_SQP_RECIPROCAL,false,1,true,false,true,KKT_OK,10,33.655868999999996,1.0000010972211097,0.0,false
DIXMAANN,3000,0,2P_SAR0_PH1_ATR0_RRU1_SQP_EXPONENTIAL,false,1,true,false,true,KKT_OK,12,43.056715000000004,1.006815471767219,0.0,false
DIXMAANN,3000,0,2P_SAR0_PH1_ATR0_RRU1_SQP_QUASI_NEWTON,false,1,true,false,true,KKT_OK,16,37.896645,1.0000005236191871,0.0,false
DIXMAANO,3000,0,2P_SAR0_PH1_ATR0_RRU1_SQP_IDENTITY,false,1,true,false,true,KKT_OK,10,32.862660000000005,1.1099877345808635,0.0,false
DIXMAANO,3000,0,2P_SAR0_PH1_ATR0_RRU1_SQP_SPECTRAL,false,1,true,false,true,KKT_OK,26,45.090071,1.1658444838003197,0.0,false
DIXMAANO,3000,0,2P_SAR0_PH1_ATR0_RRU1_SQP_RECIPROCAL,false,1,true,false,true,KKT_OK,10,30.082193,1.0000010443041878,0.0,false
DIXMAANO,3000,0,2P_SAR0_PH1_ATR0_RRU1_SQP_EXPONENTIAL,false,1,true,false,true,KKT_OK,13,38.383776000000005,1.011685398346687,0.0,false
DIXMAANO,3000,0,2P_SAR0_PH1_ATR0_RRU1_SQP_QUASI_NEWTON,false,1,true,false,true,KKT_OK,14,35.040032,1.0091290139706937,0.0,false
DIXMAANP,3000,0,2P_SAR0_PH1_ATR0_RRU1_SQP_IDENTITY,false,1,true,false,true,KKT_OK,10,30.738975000000003,1.055191860457249,0.0,false
DIXMAANP,3000,0,2P_SAR0_PH1_ATR0_RRU1_SQP_SPECTRAL,false,1,true,false,true,KKT_OK,22,47.707698,1.2221451448833778,0.0,false
DIXMAANP,3000,0,2P_SAR0_PH1_ATR0_RRU1_SQP_RECIPROCAL,false,1,true,false,true,KKT_OK,10,33.79316,1.0000010383795348,0.0,false
DIXMAANP,3000,0,2P_SAR0_PH1_ATR0_RRU1_SQP_EXPONENTIAL,false,1,true,false,true,KKT_OK,13,45.904213999999996,1.0017363203552518,0.0,false
DIXMAANP,3000,0,2P_SAR0_PH1_ATR0_RRU1_SQP_QUASI_NEWTON,false,1,true,false,true,KKT_OK,15,41.999647,1.0319081088735234,0.0,false
DIXON3DQ,10000,0,2P_SAR0_PH1_ATR0_RRU1_SQP_IDENTITY,false,1,true,false,true,KKT_OK,0,14.124396,8.0,0.0,false
DIXON3DQ,10000,0,2P_SAR0_PH1_ATR0_RRU1_SQP_SPECTRAL,false,1,true,false,true,KKT_OK,0,15.958059,8.0,0.0,false
DIXON3DQ,10000,0,2P_SAR0_PH1_ATR0_RRU1_SQP_RECIPROCAL,false,1,true,false,true,KKT_OK,0,17.103253,8.0,0.0,false
DIXON3DQ,10000,0,2P_SAR0_PH1_ATR0_RRU1_SQP_EXPONENTIAL,false,1,true,false,true,KKT_OK,0,17.936087999999998,8.0,0.0,false
DIXON3DQ,10000,0,2P_SAR0_PH1_ATR0_RRU1_SQP_QUASI_NEWTON,false,1,true,false,true,KKT_OK,0,18.370922,8.0,0.0,false
DJTL,2,0,2P_SAR0_PH1_ATR0_RRU1_SQP_IDENTITY,false,1,true,false,true,SMALL_STEP,513,29.473918,-8946.06732870346,0.0,false
DJTL,2,0,2P_SAR0_PH1_ATR0_RRU1_SQP_SPECTRAL,false,1,true,false,true,SMALL_STEP,330,14.01169,-8948.650513870907,0.0,false
DJTL,2,0,2P_SAR0_PH1_ATR0_RRU1_SQP_RECIPROCAL,false,1,true,false,true,SMALL_STEP,486,23.916771,-8945.847558598349,0.0,false
DJTL,2,0,2P_SAR0_PH1_ATR0_RRU1_SQP_EXPONENTIAL,false,1,true,false,true,SMALL_STEP,429,18.362649,-8946.833424305089,0.0,false
DJTL,2,0,2P_SAR0_PH1_ATR0_RRU1_SQP_QUASI_NEWTON,false,1,true,false,true,SMALL_STEP,214,13.19849,-8946.214352386081,0.0,false
DMN15102LS,66,0,2P_SAR0_PH1_ATR0_RRU1_SQP_IDENTITY,false,1,true,false,true,SMALL_STEP,2000,8662.432259,8951.25975634952,0.0,false
DMN15102LS,66,0,2P_SAR0_PH1_ATR0_RRU1_SQP_SPECTRAL,false,1,true,false,true,MAX_IT,5000,21629.527695,9255.413099098147,0.0,false
DMN15102LS,66,0,2P_SAR0_PH1_ATR0_RRU1_SQP_RECIPROCAL,false,1,true,false,true,SMALL_STEP,2654,14455.05836,8737.195466080495,0.0,false
DMN15102LS,66,0,2P_SAR0_PH1_ATR0_RRU1_SQP_EXPONENTIAL,false,1,true,false,true,MAX_IT,5000,32901.532009,8951.890213926346,0.0,false
DMN15102LS,66,0,2P_SAR0_PH1_ATR0_RRU1_SQP_QUASI_NEWTON,false,1,true,false,true,SMALL_STEP,2145,11640.229523,8950.871983845922,0.0,false
DMN15103LS,99,0,2P_SAR0_PH1_ATR0_RRU1_SQP_IDENTITY,false,1,true,false,true,SMALL_STEP,632,3647.9732409999997,1311.2830718326059,0.0,false
DMN15103LS,99,0,2P_SAR0_PH1_ATR0_RRU1_SQP_SPECTRAL,false,1,true,false,true,SMALL_STEP,438,2530.6117590000003,6224.979311593685,0.0,false
DMN15103LS,99,0,2P_SAR0_PH1_ATR0_RRU1_SQP_RECIPROCAL,false,1,true,false,true,SMALL_STEP,1553,11356.895116,7605.892602108173,0.0,false
DMN15103LS,99,0,2P_SAR0_PH1_ATR0_RRU1_SQP_EXPONENTIAL,false,1,true,false,true,MAX_IT,5000,44152.32009,6028.879575258358,0.0,false
DMN15103LS,99,0,2P_SAR0_PH1_ATR0_RRU1_SQP_QUASI_NEWTON,false,1,true,false,true,SMALL_STEP,205,1485.610165,892.8655781517125,0.0,false
DMN15332LS,66,0,2P_SAR0_PH1_ATR0_RRU1_SQP_IDENTITY,false,1,true,false,true,SMALL_STEP,1323,5736.645236,1280.6118560158225,0.0,false
DMN15332LS,66,0,2P_SAR0_PH1_ATR0_RRU1_SQP_SPECTRAL,false,1,true,false,true,MAX_IT,5000,21721.243812,1268.19306254693,0.0,false
DMN15332LS,66,0,2P_SAR0_PH1_ATR0_RRU1_SQP_RECIPROCAL,false,1,true,false,true,SMALL_STEP,778,4218.724134,1289.9041943862285,0.0,false
DMN15332LS,66,0,2P_SAR0_PH1_ATR0_RRU1_SQP_EXPONENTIAL,false,1,true,false,true,SMALL_STEP,964,6302.477777,1283.5898012559512,0.0,false
DMN15332LS,66,0,2P_SAR0_PH1_ATR0_RRU1_SQP_QUASI_NEWTON,false,1,true,false,true,SMALL_STEP,2407,13139.204871,1252.8474115511376,0.0,false
DMN15333LS,99,0,2P_SAR0_PH1_ATR0_RRU1_SQP_IDENTITY,false,1,true,false,true,SMALL_STEP,1137,6563.174849,381.16963275719814,0.0,false
DMN15333LS,99,0,2P_SAR0_PH1_ATR0_RRU1_SQP_SPECTRAL,false,1,true,false,true,SMALL_STEP,3255,18850.021248,595.7721533358922,0.0,false
DMN15333LS,99,0,2P_SAR0_PH1_ATR0_RRU1_SQP_RECIPROCAL,false,1,true,false,true,SMALL_STEP,1259,9198.552732,378.7794983449787,0.0,false
DMN15333LS,99,0,2P_SAR0_PH1_ATR0_RRU1_SQP_EXPONENTIAL,false,1,true,false,true,SMALL_STEP,754,6718.3990810000005,246.5093572771844,0.0,false
DMN15333LS,99,0,2P_SAR0_PH1_ATR0_RRU1_SQP_QUASI_NEWTON,false,1,true,false,true,SMALL_STEP,382,2759.7765879999997,273.73292332240084,0.0,false
DMN37142LS,66,0,2P_SAR0_PH1_ATR0_RRU1_SQP_IDENTITY,false,1,true,false,true,SMALL_STEP,2502,10848.713721999999,295.77703227095924,0.0,false
DMN37142LS,66,0,2P_SAR0_PH1_ATR0_RRU1_SQP_SPECTRAL,false,1,true,false,true,MAX_IT,5000,21631.857899,256.95518242039844,0.0,false
DMN37142LS,66,0,2P_SAR0_PH1_ATR0_RRU1_SQP_RECIPROCAL,false,1,true,false,true,SMALL_STEP,2929,15959.306383,311.22339605379443,0.0,false
DMN37142LS,66,0,2P_SAR0_PH1_ATR0_RRU1_SQP_EXPONENTIAL,false,1,true,false,true,SMALL_STEP,1288,8461.703011000001,276.32236775056884,0.0,false
DMN37142LS,66,0,2P_SAR0_PH1_ATR0_RRU1_SQP_QUASI_NEWTON,false,1,true,false,true,SMALL_STEP,2240,12151.20939,264.6937984153209,0.0,false
DMN37143LS,99,0,2P_SAR0_PH1_ATR0_RRU1_SQP_IDENTITY,false,1,true,false,true,SMALL_STEP,1382,7928.76837,337.435004478653,0.0,false
DMN37143LS,99,0,2P_SAR0_PH1_ATR0_RRU1_SQP_SPECTRAL,false,1,true,false,true,SMALL_STEP,983,5627.165756,342.04986619787087,0.0,false
DMN37143LS,99,0,2P_SAR0_PH1_ATR0_RRU1_SQP_RECIPROCAL,false,1,true,false,true,SMALL_STEP,280,2024.1727100000003,341.9920732148541,0.0,false
DMN37143LS,99,0,2P_SAR0_PH1_ATR0_RRU1_SQP_EXPONENTIAL,false,1,true,false,true,SMALL_STEP,755,6626.444103,287.0470393820719,0.0,false
DMN37143LS,99,0,2P_SAR0_PH1_ATR0_RRU1_SQP_QUASI_NEWTON,false,1,true,false,true,SMALL_STEP,239,1735.009076,286.61566674354,0.0,false
DQDRTIC,5000,0,2P_SAR0_PH1_ATR0_RRU1_SQP_IDENTITY,false,1,true,false,true,KKT_OK,12,59.901393999999996,1.6443415187314908e-6,0.0,false
DQDRTIC,5000,0,2P_SAR0_PH1_ATR0_RRU1_SQP_SPECTRAL,false,1,true,false,true,KKT_OK,13,57.963677999999994,0.29898864842365025,0.0,false
DQDRTIC,5000,0,2P_SAR0_PH1_ATR0_RRU1_SQP_RECIPROCAL,false,1,true,false,true,KKT_OK,12,93.668974,1.6459433398918526e-6,0.0,false
DQDRTIC,5000,0,2P_SAR0_PH1_ATR0_RRU1_SQP_EXPONENTIAL,false,1,true,false,true,KKT_OK,8,35.446583,3.213570932066081e-8,0.0,false
DQDRTIC,5000,0,2P_SAR0_PH1_ATR0_RRU1_SQP_QUASI_NEWTON,false,1,true,false,true,KKT_OK,8,28.186006,2.5596424396665025e-51,0.0,false
DQRTIC,5000,0,2P_SAR0_PH1_ATR0_RRU1_SQP_IDENTITY,false,1,true,false,true,KKT_OK,56,274.745581,0.0013754519357896393,0.0,false
DQRTIC,5000,0,2P_SAR0_PH1_ATR0_RRU1_SQP_SPECTRAL,false,1,true,false,true,KKT_OK,47,171.382596,0.00181638856519052,0.0,false
DQRTIC,5000,0,2P_SAR0_PH1_ATR0_RRU1_SQP_RECIPROCAL,false,1,true,false,true,KKT_OK,119,573.869067,0.042356432945132354,0.0,false
DQRTIC,5000,0,2P_SAR0_PH1_ATR0_RRU1_SQP_EXPONENTIAL,false,1,true,false,true,KKT_OK,44,184.97401299999999,0.0004316918396391824,0.0,false
DQRTIC,5000,0,2P_SAR0_PH1_ATR0_RRU1_SQP_QUASI_NEWTON,false,1,true,false,true,KKT_OK,54,181.21473,0.001839423249999292,0.0,false
DRCAV1LQ,4489,0,2P_SAR0_PH1_ATR0_RRU1_SQP_IDENTITY,false,1,true,false,true,KKT_OK,0,6.7226040000000005,0.09692307692288292,0.0,false
DRCAV1LQ,4489,0,2P_SAR0_PH1_ATR0_RRU1_SQP_SPECTRAL,false,1,true,false,true,KKT_OK,0,11.968392,0.09692307692288292,0.0,false
DRCAV1LQ,4489,0,2P_SAR0_PH1_ATR0_RRU1_SQP_RECIPROCAL,false,1,true,false,true,KKT_OK,0,6.298818000000001,0.09692307692288292,0.0,false
DRCAV1LQ,4489,0,2P_SAR0_PH1_ATR0_RRU1_SQP_EXPONENTIAL,false,1,true,false,true,KKT_OK,0,12.320819,0.09692307692288292,0.0,false
DRCAV1LQ,4489,0,2P_SAR0_PH1_ATR0_RRU1_SQP_QUASI_NEWTON,false,1,true,false,true,KKT_OK,0,6.237437,0.09692307692288292,0.0,false
DRCAV2LQ,4489,0,2P_SAR0_PH1_ATR0_RRU1_SQP_IDENTITY,false,1,true,false,true,KKT_OK,0,12.358723,0.09692307692288292,0.0,false
DRCAV2LQ,4489,0,2P_SAR0_PH1_ATR0_RRU1_SQP_SPECTRAL,false,1,true,false,true,KKT_OK,0,6.46014,0.09692307692288292,0.0,false
DRCAV2LQ,4489,0,2P_SAR0_PH1_ATR0_RRU1_SQP_RECIPROCAL,false,1,true,false,true,KKT_OK,0,12.298957,0.09692307692288292,0.0,false
DRCAV2LQ,4489,0,2P_SAR0_PH1_ATR0_RRU1_SQP_EXPONENTIAL,false,1,true,false,true,KKT_OK,0,6.6294070000000005,0.09692307692288292,0.0,false
DRCAV2LQ,4489,0,2P_SAR0_PH1_ATR0_RRU1_SQP_QUASI_NEWTON,false,1,true,false,true,KKT_OK,0,6.267338,0.09692307692288292,0.0,false
DRCAV3LQ,4489,0,2P_SAR0_PH1_ATR0_RRU1_SQP_IDENTITY,false,1,true,false,true,KKT_OK,0,7.071711,0.09692307692288292,0.0,false
DRCAV3LQ,4489,0,2P_SAR0_PH1_ATR0_RRU1_SQP_SPECTRAL,false,1,true,false,true,KKT_OK,0,6.640194999999999,0.09692307692288292,0.0,false
DRCAV3LQ,4489,0,2P_SAR0_PH1_ATR0_RRU1_SQP_RECIPROCAL,false,1,true,false,true,KKT_OK,0,6.435532,0.09692307692288292,0.0,false
DRCAV3LQ,4489,0,2P_SAR0_PH1_ATR0_RRU1_SQP_EXPONENTIAL,false,1,true,false,true,KKT_OK,0,6.344908,0.09692307692288292,0.0,false
DRCAV3LQ,4489,0,2P_SAR0_PH1_ATR0_RRU1_SQP_QUASI_NEWTON,false,1,true,false,true,KKT_OK,0,6.388146,0.09692307692288292,0.0,false
DUAL1,85,1,2P_SAR0_PH1_ATR0_RRU1_SQP_IDENTITY,false,1,true,false,true,SMALL_STEP,12,10.331408999999999,0.11874225475956253,3.9896457665333784e-11,false
DUAL1,85,1,2P_SAR0_PH1_ATR0_RRU1_SQP_SPECTRAL,false,1,true,false,true,KKT_OK,24,9.096565,0.0465792295449348,1.1272623459679387e-13,false
DUAL1,85,1,2P_SAR0_PH1_ATR0_RRU1_SQP_RECIPROCAL,false,1,true,false,true,SMALL_STEP,74,28.516443,0.04049606504982342,1.103590829831802e-11,false
DUAL1,85,1,2P_SAR0_PH1_ATR0_RRU1_SQP_EXPONENTIAL,false,1,true,false,true,KKT_OK,33,18.654136,0.04326867458861594,1.1758059803579357e-12,false
DUAL1,85,1,2P_SAR0_PH1_ATR0_RRU1_SQP_QUASI_NEWTON,false,1,true,false,true,KKT_OK,41,22.627253,0.04111180798977262,1.8400905799076384e-13,false
DUAL2,96,1,2P_SAR0_PH1_ATR0_RRU1_SQP_IDENTITY,false,1,true,false,true,KKT_OK,48,28.189566,0.03877323227022601,1.2543318814173254e-11,false
DUAL2,96,1,2P_SAR0_PH1_ATR0_RRU1_SQP_SPECTRAL,false,1,true,false,true,KKT_OK,17,9.691702,0.049743623470401094,2.858165093488907e-13,false
DUAL2,96,1,2P_SAR0_PH1_ATR0_RRU1_SQP_RECIPROCAL,false,1,true,false,true,SMALL_STEP,74,43.740759,0.03853590162179242,3.506705342770644e-12,false
DUAL2,96,1,2P_SAR0_PH1_ATR0_RRU1_SQP_EXPONENTIAL,false,1,true,false,true,KKT_OK,31,20.913965,0.038736551450992196,1.3511310126279596e-12,false
DUAL2,96,1,2P_SAR0_PH1_ATR0_RRU1_SQP_QUASI_NEWTON,false,1,true,false,true,KKT_OK,33,25.921512,0.03651508585107819,4.650429347163865e-13,false
DUAL3,111,1,2P_SAR0_PH1_ATR0_RRU1_SQP_IDENTITY,false,1,true,false,true,SMALL_STEP,34,37.726338,0.16079664192772067,5.315707224981363e-11,false
DUAL3,111,1,2P_SAR0_PH1_ATR0_RRU1_SQP_SPECTRAL,false,1,true,false,true,KKT_OK,20,19.604903999999998,0.14716220801148577,5.754981994426922e-13,false
DUAL3,111,1,2P_SAR0_PH1_ATR0_RRU1_SQP_RECIPROCAL,false,1,true,false,true,SMALL_STEP,72,89.985167,0.14961970922347662,1.7736511044585956e-12,false
DUAL3,111,1,2P_SAR0_PH1_ATR0_RRU1_SQP_EXPONENTIAL,false,1,true,false,true,KKT_OK,57,52.227336,0.1379649857252202,2.3598093965016e-13,false
DUAL3,111,1,2P_SAR0_PH1_ATR0_RRU1_SQP_QUASI_NEWTON,false,1,true,false,true,KKT_OK,37,31.803636000000004,0.1404365175877149,2.020891266829583e-12,false
DUAL4,75,1,2P_SAR0_PH1_ATR0_RRU1_SQP_IDENTITY,false,1,true,false,true,KKT_OK,18,64.31126099999999,0.7749447064406085,2.7201347077565607e-11,false
DUAL4,75,1,2P_SAR0_PH1_ATR0_RRU1_SQP_SPECTRAL,false,1,true,false,true,KKT_OK,9,4.751518,0.80315473906324,1.770111834886734e-14,false
DUAL4,75,1,2P_SAR0_PH1_ATR0_RRU1_SQP_RECIPROCAL,false,1,true,false,true,KKT_OK,17,9.112895,0.7576968452014019,1.2066914308050958e-12,false
DUAL4,75,1,2P_SAR0_PH1_ATR0_RRU1_SQP_EXPONENTIAL,false,1,true,false,true,KKT_OK,12,7.627135,0.7607155767373918,3.706496914945845e-14,false
DUAL4,75,1,2P_SAR0_PH1_ATR0_RRU1_SQP_QUASI_NEWTON,false,1,true,false,true,KKT_OK,12,9.337751,0.7631683197572876,1.4222130417795853e-13,false
ECKERLE4LS,3,0,2P_SAR0_PH1_ATR0_RRU1_SQP_IDENTITY,false,1,true,false,true,KKT_OK,9,5.447588,0.6996989917174116,0.0,false
ECKERLE4LS,3,0,2P_SAR0_PH1_ATR0_RRU1_SQP_SPECTRAL,false,1,true,false,true,KKT_OK,6,0.866503,0.6996960879235148,0.0,false
ECKERLE4LS,3,0,2P_SAR0_PH1_ATR0_RRU1_SQP_RECIPROCAL,false,1,true,false,true,KKT_OK,7,1.048401,0.6996959152075736,0.0,false
ECKERLE4LS,3,0,2P_SAR0_PH1_ATR0_RRU1_SQP_EXPONENTIAL,false,1,true,false,true,KKT_OK,6,0.803489,0.6996959766963012,0.0,false
ECKERLE4LS,3,0,2P_SAR0_PH1_ATR0_RRU1_SQP_QUASI_NEWTON,false,1,true,false,true,KKT_OK,6,0.78378,0.6996960888261825,0.0,false
EDENSCH,2000,0,2P_SAR0_PH1_ATR0_RRU1_SQP_IDENTITY,false,1,true,false,true,KKT_OK,1606,2983.225031,12003.733217768326,0.0,false
EDENSCH,2000,0,2P_SAR0_PH1_ATR0_RRU1_SQP_SPECTRAL,false,1,true,false,true,KKT_OK,23,37.916306,12003.28469212357,0.0,false
EDENSCH,2000,0,2P_SAR0_PH1_ATR0_RRU1_SQP_RECIPROCAL,false,1,true,false,true,KKT_OK,1895,3446.841596,12003.733428526673,0.0,false
EDENSCH,2000,0,2P_SAR0_PH1_ATR0_RRU1_SQP_EXPONENTIAL,false,1,true,false,true,KKT_OK,96,175.12065399999997,12003.430027358005,0.0,false
EDENSCH,2000,0,2P_SAR0_PH1_ATR0_RRU1_SQP_QUASI_NEWTON,false,1,true,false,true,KKT_OK,21,55.405039,12003.294188993334,0.0,false
EG1,3,0,2P_SAR0_PH1_ATR0_RRU1_SQP_IDENTITY,false,1,true,false,true,KKT_OK,34,12.830801,-1.4293067523360887,0.0,false
EG1,3,0,2P_SAR0_PH1_ATR0_RRU1_SQP_SPECTRAL,false,1,true,false,true,KKT_OK,21,4.357899,-1.1328006813657931,0.0,false
EG1,3,0,2P_SAR0_PH1_ATR0_RRU1_SQP_RECIPROCAL,false,1,true,false,true,KKT_OK,25,3.275957,-1.429306749003783,0.0,false
EG1,3,0,2P_SAR0_PH1_ATR0_RRU1_SQP_EXPONENTIAL,false,1,true,false,true,KKT_OK,27,2.251925,-1.4293067202375218,0.0,false
EG1,3,0,2P_SAR0_PH1_ATR0_RRU1_SQP_QUASI_NEWTON,false,1,true,false,true,KKT_OK,10,0.933936,-1.1328007822146298,0.0,false
EG2,1000,0,2P_SAR0_PH1_ATR0_RRU1_SQP_IDENTITY,false,1,true,false,true,KKT_OK,9,13.032492,-998.9473931894292,0.0,false
EG2,1000,0,2P_SAR0_PH1_ATR0_RRU1_SQP_SPECTRAL,false,1,true,false,true,KKT_OK,7,31.755484,-998.9473933009814,0.0,false
EG2,1000,0,2P_SAR0_PH1_ATR0_RRU1_SQP_RECIPROCAL,false,1,true,false,true,KKT_OK,9,9.889759,-998.947393269346,0.0,false
EG2,1000,0,2P_SAR0_PH1_ATR0_RRU1_SQP_EXPONENTIAL,false,1,true,false,true,KKT_OK,7,8.111465,-998.9473931875854,0.0,false
EG2,1000,0,2P_SAR0_PH1_ATR0_RRU1_SQP_QUASI_NEWTON,false,1,true,false,true,KKT_OK,7,7.533631,-998.9473933009913,0.0,false
EGGCRATE,2,0,2P_SAR0_PH1_ATR0_RRU1_SQP_IDENTITY,false,1,true,false,true,SMALL_STEP,11,6.592776,9.488197349900217,0.0,false
EGGCRATE,2,0,2P_SAR0_PH1_ATR0_RRU1_SQP_SPECTRAL,false,1,true,false,true,KKT_OK,9,3.378955,9.488197339106259,0.0,false
EGGCRATE,2,0,2P_SAR0_PH1_ATR0_RRU1_SQP_RECIPROCAL,false,1,true,false,true,KKT_OK,9,2.9156619999999998,9.488197339136715,0.0,false
EGGCRATE,2,0,2P_SAR0_PH1_ATR0_RRU1_SQP_EXPONENTIAL,false,1,true,false,true,KKT_OK,15,2.513427,9.488197339124936,0.0,false
EGGCRATE,2,0,2P_SAR0_PH1_ATR0_RRU1_SQP_QUASI_NEWTON,false,1,true,false,true,KKT_OK,9,1.3091069999999998,9.488197339106257,0.0,false
EGGCRATEB,2,0,2P_SAR0_PH1_ATR0_RRU1_SQP_IDENTITY,false,1,true,false,true,SMALL_STEP,11,6.268846,9.488197349900217,0.0,false
EGGCRATEB,2,0,2P_SAR0_PH1_ATR0_RRU1_SQP_SPECTRAL,false,1,true,false,true,KKT_OK,9,0.927237,9.488197339106259,0.0,false
EGGCRATEB,2,0,2P_SAR0_PH1_ATR0_RRU1_SQP_RECIPROCAL,false,1,true,false,true,KKT_OK,9,1.0618299999999998,9.488197339136715,0.0,false
EGGCRATEB,2,0,2P_SAR0_PH1_ATR0_RRU1_SQP_EXPONENTIAL,false,1,true,false,true,KKT_OK,15,1.288321,9.488197339124936,0.0,false
EGGCRATEB,2,0,2P_SAR0_PH1_ATR0_RRU1_SQP_QUASI_NEWTON,false,1,true,false,true,KKT_OK,9,0.907633,9.488197339106257,0.0,false
EIGENALS,2550,0,2P_SAR0_PH1_ATR0_RRU1_SQP_IDENTITY,false,1,true,false,true,KKT_OK,2392,15209.24359,145.96306217226075,0.0,false
EIGENALS,2550,0,2P_SAR0_PH1_ATR0_RRU1_SQP_SPECTRAL,false,1,true,false,true,KKT_OK,173,1006.1366949999999,249.6433800174189,0.0,false
EIGENALS,2550,0,2P_SAR0_PH1_ATR0_RRU1_SQP_RECIPROCAL,false,1,true,false,true,KKT_OK,2404,17618.841371,146.39826592085447,0.0,false
EIGENALS,2550,0,2P_SAR0_PH1_ATR0_RRU1_SQP_EXPONENTIAL,false,1,true,false,true,KKT_OK,4893,42256.990834,85.48169341913277,0.0,false
EIGENALS,2550,0,2P_SAR0_PH1_ATR0_RRU1_SQP_QUASI_NEWTON,false,1,true,false,true,KKT_OK,652,4807.351506,111.9600462965796,0.0,false
EIGENBLS,2550,0,2P_SAR0_PH1_ATR0_RRU1_SQP_IDENTITY,false,1,true,false,true,KKT_OK,83,527.155479,22.073334157510303,0.0,false
EIGENBLS,2550,0,2P_SAR0_PH1_ATR0_RRU1_SQP_SPECTRAL,false,1,true,false,true,KKT_OK,26,149.153243,8.682086935142115,0.0,false
EIGENBLS,2550,0,2P_SAR0_PH1_ATR0_RRU1_SQP_RECIPROCAL,false,1,true,false,true,KKT_OK,153,1189.376798,13.608756663920538,0.0,false
EIGENBLS,2550,0,2P_SAR0_PH1_ATR0_RRU1_SQP_EXPONENTIAL,false,1,true,false,true,KKT_OK,193,1932.371416,11.833357238525641,0.0,false
EIGENBLS,2550,0,2P_SAR0_PH1_ATR0_RRU1_SQP_QUASI_NEWTON,false,1,true,false,true,KKT_OK,43,323.929257,8.668347617155803,0.0,false
EIGENCLS,2652,0,2P_SAR0_PH1_ATR0_RRU1_SQP_IDENTITY,false,1,true,false,true,MAX_IT,5000,35608.11715,138.7814727795425,0.0,false
EIGENCLS,2652,0,2P_SAR0_PH1_ATR0_RRU1_SQP_SPECTRAL,false,1,true,false,true,KKT_OK,221,1591.9876749999999,81.13986783156788,0.0,false
EIGENCLS,2652,0,2P_SAR0_PH1_ATR0_RRU1_SQP_RECIPROCAL,false,1,true,false,true,MAX_IT,5000,42606.614184,124.92451134982022,0.0,false
EIGENCLS,2652,0,2P_SAR0_PH1_ATR0_RRU1_SQP_EXPONENTIAL,false,1,true,false,true,MAX_IT,5000,49978.821662,108.37460996615984,0.0,false
EIGENCLS,2652,0,2P_SAR0_PH1_ATR0_RRU1_SQP_QUASI_NEWTON,false,1,true,false,true,KKT_OK,692,6119.3053979999995,67.61177148049589,0.0,false
ELATVIDU,2,0,2P_SAR0_PH1_ATR0_RRU1_SQP_IDENTITY,false,1,true,false,true,KKT_OK,20,4.871266,54.75111864468553,0.0,false
ELATVIDU,2,0,2P_SAR0_PH1_ATR0_RRU1_SQP_SPECTRAL,false,1,true,false,true,SMALL_STEP,26,3.3040320000000003,54.751118642247455,0.0,false
ELATVIDU,2,0,2P_SAR0_PH1_ATR0_RRU1_SQP_RECIPROCAL,false,1,true,false,true,SMALL_STEP,41,3.198916,1.7127803620560895,0.0,false
ELATVIDU,2,0,2P_SAR0_PH1_ATR0_RRU1_SQP_EXPONENTIAL,false,1,true,false,true,SMALL_STEP,28,1.833182,54.75111865347554,0.0,false
ELATVIDU,2,0,2P_SAR0_PH1_ATR0_RRU1_SQP_QUASI_NEWTON,false,1,true,false,true,SMALL_STEP,40,2.3400019999999997,1.7127806049453251,0.0,false
ELATVIDUB,2,0,2P_SAR0_PH1_ATR0_RRU1_SQP_IDENTITY,false,1,true,false,true,KKT_OK,20,3.451098,54.75111864468553,0.0,false
ELATVIDUB,2,0,2P_SAR0_PH1_ATR0_RRU1_SQP_SPECTRAL,false,1,true,false,true,SMALL_STEP,26,2.4865019999999998,54.751118642247455,0.0,false
ELATVIDUB,2,0,2P_SAR0_PH1_ATR0_RRU1_SQP_RECIPROCAL,false,1,true,false,true,SMALL_STEP,41,2.689827,1.7127803620560895,0.0,false
ELATVIDUB,2,0,2P_SAR0_PH1_ATR0_RRU1_SQP_EXPONENTIAL,false,1,true,false,true,SMALL_STEP,28,1.824081,54.75111865347554,0.0,false
ELATVIDUB,2,0,2P_SAR0_PH1_ATR0_RRU1_SQP_QUASI_NEWTON,false,1,true,false,true,SMALL_STEP,40,2.3089299999999997,1.7127806049453251,0.0,false
ENGVAL1,5000,0,2P_SAR0_PH1_ATR0_RRU1_SQP_IDENTITY,false,1,true,false,true,KKT_OK,10,75.319282,5548.952695143273,0.0,false
ENGVAL1,5000,0,2P_SAR0_PH1_ATR0_RRU1_SQP_SPECTRAL,false,1,true,false,true,KKT_OK,14,236.986537,5548.678484432864,0.0,false
ENGVAL1,5000,0,2P_SAR0_PH1_ATR0_RRU1_SQP_RECIPROCAL,false,1,true,false,true,KKT_OK,12,52.887001000000005,5549.123065132174,0.0,false
ENGVAL1,5000,0,2P_SAR0_PH1_ATR0_RRU1_SQP_EXPONENTIAL,false,1,true,false,true,KKT_OK,11,53.684949,5548.993241574219,0.0,false
ENGVAL1,5000,0,2P_SAR0_PH1_ATR0_RRU1_SQP_QUASI_NEWTON,false,1,true,false,true,KKT_OK,12,50.245909999999995,5548.668682385605,0.0,false
ENGVAL2,3,0,2P_SAR0_PH1_ATR0_RRU1_SQP_IDENTITY,false,1,true,false,true,SMALL_STEP,1019,48.241594,0.09469102805572903,0.0,false
ENGVAL2,3,0,2P_SAR0_PH1_ATR0_RRU1_SQP_SPECTRAL,false,1,true,false,true,SMALL_STEP,62,3.231487,0.036409896635614565,0.0,false
ENGVAL2,3,0,2P_SAR0_PH1_ATR0_RRU1_SQP_RECIPROCAL,false,1,true,false,true,SMALL_STEP,1047,45.664081,0.09660934014436455,0.0,false
ENGVAL2,3,0,2P_SAR0_PH1_ATR0_RRU1_SQP_EXPONENTIAL,false,1,true,false,true,SMALL_STEP,572,25.282044,0.107133072028235,0.0,false
ENGVAL2,3,0,2P_SAR0_PH1_ATR0_RRU1_SQP_QUASI_NEWTON,false,1,true,false,true,SMALL_STEP,516,24.708716,0.006878691361515498,0.0,false
ENSOLS,9,0,2P_SAR0_PH1_ATR0_RRU1_SQP_IDENTITY,false,1,true,false,true,SMALL_STEP,512,82.98388399999999,788.5400985270854,0.0,false
ENSOLS,9,0,2P_SAR0_PH1_ATR0_RRU1_SQP_SPECTRAL,false,1,true,false,true,SMALL_STEP,84,12.97623,788.5397879936297,0.0,false
ENSOLS,9,0,2P_SAR0_PH1_ATR0_RRU1_SQP_RECIPROCAL,false,1,true,false,true,SMALL_STEP,552,95.007734,788.5400190329793,0.0,false
ENSOLS,9,0,2P_SAR0_PH1_ATR0_RRU1_SQP_EXPONENTIAL,false,1,true,false,true,SMALL_STEP,448,85.453803,788.5403872477042,0.0,false
ENSOLS,9,0,2P_SAR0_PH1_ATR0_RRU1_SQP_QUASI_NEWTON,false,1,true,false,true,SMALL_STEP,144,24.962131,788.5397909282138,0.0,false
ERRINROS,50,0,2P_SAR0_PH1_ATR0_RRU1_SQP_IDENTITY,false,1,true,false,true,SMALL_STEP,261,42.807713,40.82706114034437,0.0,false
ERRINROS,50,0,2P_SAR0_PH1_ATR0_RRU1_SQP_SPECTRAL,false,1,true,false,true,SMALL_STEP,587,64.386443,40.415424626639116,0.0,false
ERRINROS,50,0,2P_SAR0_PH1_ATR0_RRU1_SQP_RECIPROCAL,false,1,true,false,true,SMALL_STEP,1269,208.006598,40.77650004960079,0.0,false
ERRINROS,50,0,2P_SAR0_PH1_ATR0_RRU1_SQP_EXPONENTIAL,false,1,true,false,true,MAX_IT,5000,564.4030740000001,40.71187372035889,0.0,false
ERRINROS,50,0,2P_SAR0_PH1_ATR0_RRU1_SQP_QUASI_NEWTON,false,1,true,false,true,MAX_IT,5000,604.8001459999999,40.390754988107396,0.0,false
ERRINRSM,50,0,2P_SAR0_PH1_ATR0_RRU1_SQP_IDENTITY,false,1,true,false,true,SMALL_STEP,113,17.083018,38.846450936281336,0.0,false
ERRINRSM,50,0,2P_SAR0_PH1_ATR0_RRU1_SQP_SPECTRAL,false,1,true,false,true,SMALL_STEP,138,15.64103,38.80184094032801,0.0,false
ERRINRSM,50,0,2P_SAR0_PH1_ATR0_RRU1_SQP_RECIPROCAL,false,1,true,false,true,SMALL_STEP,112,13.909068999999999,38.83778494068626,0.0,false
ERRINRSM,50,0,2P_SAR0_PH1_ATR0_RRU1_SQP_EXPONENTIAL,false,1,true,false,true,SMALL_STEP,3024,367.63686,38.79119191055874,0.0,false
ERRINRSM,50,0,2P_SAR0_PH1_ATR0_RRU1_SQP_QUASI_NEWTON,false,1,true,false,true,SMALL_STEP,4959,572.013961,38.63766078825795,0.0,false
EXP2,2,0,2P_SAR0_PH1_ATR0_RRU1_SQP_IDENTITY,false,1,true,false,true,KKT_OK,34,7.614526,3.5835687631136284e-6,0.0,false
EXP2,2,0,2P_SAR0_PH1_ATR0_RRU1_SQP_SPECTRAL,false,1,true,false,true,KKT_OK,20,1.5055800000000001,6.550009210428844e-6,0.0,false
EXP2,2,0,2P_SAR0_PH1_ATR0_RRU1_SQP_RECIPROCAL,false,1,true,false,true,KKT_OK,34,2.218865,1.1189177142034462e-6,0.0,false
EXP2,2,0,2P_SAR0_PH1_ATR0_RRU1_SQP_EXPONENTIAL,false,1,true,false,true,KKT_OK,18,1.418957,1.0498517750231213e-7,0.0,false
EXP2,2,0,2P_SAR0_PH1_ATR0_RRU1_SQP_QUASI_NEWTON,false,1,true,false,true,KKT_OK,15,1.2294960000000001,1.5507159987324902e-9,0.0,false
EXP2B,2,0,2P_SAR0_PH1_ATR0_RRU1_SQP_IDENTITY,false,1,true,false,true,KKT_OK,31,5.084906999999999,2.6609891054429578e-6,0.0,false
EXP2B,2,0,2P_SAR0_PH1_ATR0_RRU1_SQP_SPECTRAL,false,1,true,false,true,KKT_OK,20,2.280734,6.5500214861463726e-6,0.0,false
EXP2B,2,0,2P_SAR0_PH1_ATR0_RRU1_SQP_RECIPROCAL,false,1,true,false,true,KKT_OK,34,2.5201160000000002,1.11891814811885e-6,0.0,false
EXP2B,2,0,2P_SAR0_PH1_ATR0_RRU1_SQP_EXPONENTIAL,false,1,true,false,true,KKT_OK,17,1.393246,6.777536192193428e-7,0.0,false
EXP2B,2,0,2P_SAR0_PH1_ATR0_RRU1_SQP_QUASI_NEWTON,false,1,true,false,true,KKT_OK,15,1.220879,1.550698700943364e-9,0.0,false
EXPFIT,2,0,2P_SAR0_PH1_ATR0_RRU1_SQP_IDENTITY,false,1,true,false,true,SMALL_STEP,37,5.838443,0.2405107999851632,0.0,false
EXPFIT,2,0,2P_SAR0_PH1_ATR0_RRU1_SQP_SPECTRAL,false,1,true,false,true,SMALL_STEP,21,1.6044180000000001,0.2405106051676662,0.0,false
EXPFIT,2,0,2P_SAR0_PH1_ATR0_RRU1_SQP_RECIPROCAL,false,1,true,false,true,SMALL_STEP,25,1.7261240000000002,0.2405290423422453,0.0,false
EXPFIT,2,0,2P_SAR0_PH1_ATR0_RRU1_SQP_EXPONENTIAL,false,1,true,false,true,SMALL_STEP,74,3.8711650000000004,0.24051600616383584,0.0,false
EXPFIT,2,0,2P_SAR0_PH1_ATR0_RRU1_SQP_QUASI_NEWTON,false,1,true,false,true,SMALL_STEP,67,3.5106450000000002,0.2405244914610287,0.0,false
EXPLIN,1200,0,2P_SAR0_PH1_ATR0_RRU1_SQP_IDENTITY,false,1,true,false,true,KKT_OK,189,205.887603,-7.192548399868476e7,0.0,false
EXPLIN,1200,0,2P_SAR0_PH1_ATR0_RRU1_SQP_SPECTRAL,false,1,true,false,true,KKT_OK,572,598.075803,-7.192328189610063e7,0.0,false
EXPLIN,1200,0,2P_SAR0_PH1_ATR0_RRU1_SQP_RECIPROCAL,false,1,true,false,true,SMALL_STEP,16,13.276475,-7.154480104830498e7,0.0,false
EXPLIN,1200,0,2P_SAR0_PH1_ATR0_RRU1_SQP_EXPONENTIAL,false,1,true,false,true,KKT_OK,192,225.655663,-7.192246558201648e7,0.0,false
EXPLIN,1200,0,2P_SAR0_PH1_ATR0_RRU1_SQP_QUASI_NEWTON,false,1,true,false,true,KKT_OK,84,120.120397,-7.192355687359306e7,0.0,false
EXPLIN2,1200,0,2P_SAR0_PH1_ATR0_RRU1_SQP_IDENTITY,false,1,true,false,true,KKT_OK,907,1004.2007699999999,-7.19988336786178e7,0.0,false
EXPLIN2,1200,0,2P_SAR0_PH1_ATR0_RRU1_SQP_SPECTRAL,false,1,true,false,true,KKT_OK,69,57.936157,-7.199883367983316e7,0.0,false
EXPLIN2,1200,0,2P_SAR0_PH1_ATR0_RRU1_SQP_RECIPROCAL,false,1,true,false,true,KKT_OK,85,91.92577,-7.199883367973903e7,0.0,false
EXPLIN2,1200,0,2P_SAR0_PH1_ATR0_RRU1_SQP_EXPONENTIAL,false,1,true,false,true,KKT_OK,612,663.953764,-7.199883367982484e7,0.0,false
EXPLIN2,1200,0,2P_SAR0_PH1_ATR0_RRU1_SQP_QUASI_NEWTON,false,1,true,false,true,KKT_OK,66,137.043861,-7.199883367983921e7,0.0,false
EXPQUAD,1200,0,2P_SAR0_PH1_ATR0_RRU1_SQP_IDENTITY,false,1,true,false,true,MAX_IT,5000,5851.424957,-3.6849405438927937e9,0.0,false
EXPQUAD,1200,0,2P_SAR0_PH1_ATR0_RRU1_SQP_SPECTRAL,false,1,true,false,true,MAX_IT,5000,5942.020707000001,-3.6849402562392993e9,0.0,false
EXPQUAD,1200,0,2P_SAR0_PH1_ATR0_RRU1_SQP_RECIPROCAL,false,1,true,false,true,MAX_IT,5000,5673.1715730000005,-3.6849405402468305e9,0.0,false
EXPQUAD,1200,0,2P_SAR0_PH1_ATR0_RRU1_SQP_EXPONENTIAL,false,1,true,false,true,MAX_IT,5000,5817.346355,-3.684940552062383e9,0.0,false
EXPQUAD,1200,0,2P_SAR0_PH1_ATR0_RRU1_SQP_QUASI_NEWTON,false,1,true,false,true,KKT_OK,306,551.367246,-3.6849405523090153e9,0.0,false
EXTRASIM,2,1,2P_SAR0_PH1_ATR0_RRU1_SQP_IDENTITY,false,1,true,false,true,KKT_OK,7,3.726592,1.0,0.0,false
EXTRASIM,2,1,2P_SAR0_PH1_ATR0_RRU1_SQP_SPECTRAL,false,1,true,false,true,KKT_OK,7,3.1763160000000004,1.0,0.0,false
EXTRASIM,2,1,2P_SAR0_PH1_ATR0_RRU1_SQP_RECIPROCAL,false,1,true,false,true,KKT_OK,7,3.020341,1.0,0.0,false
EXTRASIM,2,1,2P_SAR0_PH1_ATR0_RRU1_SQP_EXPONENTIAL,false,1,true,false,true,KKT_OK,7,3.024535,1.0,0.0,false
EXTRASIM,2,1,2P_SAR0_PH1_ATR0_RRU1_SQP_QUASI_NEWTON,false,1,true,false,true,KKT_OK,7,2.9287319999999997,1.0,0.0,false
EXTROSNB,1000,0,2P_SAR0_PH1_ATR0_RRU1_SQP_IDENTITY,false,1,true,false,true,SMALL_STEP,1187,1125.598793,0.15427780800522584,0.0,false
EXTROSNB,1000,0,2P_SAR0_PH1_ATR0_RRU1_SQP_SPECTRAL,false,1,true,false,true,KKT_OK,30,21.984802000000002,0.426256316296653,0.0,false
EXTROSNB,1000,0,2P_SAR0_PH1_ATR0_RRU1_SQP_RECIPROCAL,false,1,true,false,true,SMALL_STEP,69,64.069387,0.06788379244894009,0.0,false
EXTROSNB,1000,0,2P_SAR0_PH1_ATR0_RRU1_SQP_EXPONENTIAL,false,1,true,false,true,SMALL_STEP,50,48.794174000000005,0.6042177633563214,0.0,false
EXTROSNB,1000,0,2P_SAR0_PH1_ATR0_RRU1_SQP_QUASI_NEWTON,false,1,true,false,true,KKT_OK,32,29.278194,0.4271700074942186,0.0,false
FBRAIN2LS,4,0,2P_SAR0_PH1_ATR0_RRU1_SQP_IDENTITY,false,1,true,false,true,SMALL_STEP,23,26.376085,0.4117598738468356,0.0,false
FBRAIN2LS,4,0,2P_SAR0_PH1_ATR0_RRU1_SQP_SPECTRAL,false,1,true,false,true,SMALL_STEP,13,14.730349,0.41040948739492095,0.0,false
FBRAIN2LS,4,0,2P_SAR0_PH1_ATR0_RRU1_SQP_RECIPROCAL,false,1,true,false,true,SMALL_STEP,23,30.666775,0.4117598711392731,0.0,false
FBRAIN2LS,4,0,2P_SAR0_PH1_ATR0_RRU1_SQP_EXPONENTIAL,false,1,true,false,true,SMALL_STEP,27,41.287407,0.412950593851828,0.0,false
FBRAIN2LS,4,0,2P_SAR0_PH1_ATR0_RRU1_SQP_QUASI_NEWTON,false,1,true,false,true,SMALL_STEP,27,35.714067,0.4113757039644783,0.0,false
FBRAIN3LS,6,0,2P_SAR0_PH1_ATR0_RRU1_SQP_IDENTITY,false,1,true,false,true,SMALL_STEP,22,36.605134,0.39920294737849626,0.0,false
FBRAIN3LS,6,0,2P_SAR0_PH1_ATR0_RRU1_SQP_SPECTRAL,false,1,true,false,true,SMALL_STEP,8,13.923672,0.3914788915200256,0.0,false
FBRAIN3LS,6,0,2P_SAR0_PH1_ATR0_RRU1_SQP_RECIPROCAL,false,1,true,false,true,SMALL_STEP,22,42.883631,0.3992029352513701,0.0,false
FBRAIN3LS,6,0,2P_SAR0_PH1_ATR0_RRU1_SQP_EXPONENTIAL,false,1,true,false,true,SMALL_STEP,38,84.411831,0.3951554383704975,0.0,false
FBRAIN3LS,6,0,2P_SAR0_PH1_ATR0_RRU1_SQP_QUASI_NEWTON,false,1,true,false,true,SMALL_STEP,87,164.68542,0.3854243534025869,0.0,false
FBRAINLS,2,0,2P_SAR0_PH1_ATR0_RRU1_SQP_IDENTITY,false,1,true,false,true,SMALL_STEP,2333,1376.5543360000001,0.4204720647118736,0.0,false
FBRAINLS,2,0,2P_SAR0_PH1_ATR0_RRU1_SQP_SPECTRAL,false,1,true,false,true,SMALL_STEP,4635,2726.900455,0.4256612890490161,0.0,false
FBRAINLS,2,0,2P_SAR0_PH1_ATR0_RRU1_SQP_RECIPROCAL,false,1,true,false,true,SMALL_STEP,2105,1497.4655160000002,0.42334025227506905,0.0,false
FBRAINLS,2,0,2P_SAR0_PH1_ATR0_RRU1_SQP_EXPONENTIAL,false,1,true,false,true,SMALL_STEP,1611,1329.968829,0.4272764158055374,0.0,false
FBRAINLS,2,0,2P_SAR0_PH1_ATR0_RRU1_SQP_QUASI_NEWTON,false,1,true,false,true,SMALL_STEP,222,157.78494,0.4166612612625936,0.0,false
FLETBV3M,5000,0,2P_SAR0_PH1_ATR0_RRU1_SQP_IDENTITY,false,1,true,false,true,KKT_OK,0,9.626904,198.2122861795792,0.0,false
FLETBV3M,5000,0,2P_SAR0_PH1_ATR0_RRU1_SQP_SPECTRAL,false,1,true,false,true,KKT_OK,0,9.364841,198.2122861795792,0.0,false
FLETBV3M,5000,0,2P_SAR0_PH1_ATR0_RRU1_SQP_RECIPROCAL,false,1,true,false,true,KKT_OK,0,9.105585,198.2122861795792,0.0,false
FLETBV3M,5000,0,2P_SAR0_PH1_ATR0_RRU1_SQP_EXPONENTIAL,false,1,true,false,true,KKT_OK,0,9.162963999999999,198.2122861795792,0.0,false
FLETBV3M,5000,0,2P_SAR0_PH1_ATR0_RRU1_SQP_QUASI_NEWTON,false,1,true,false,true,KKT_OK,0,9.487592,198.2122861795792,0.0,false
FLETCBV2,5000,0,2P_SAR0_PH1_ATR0_RRU1_SQP_IDENTITY,false,1,true,false,true,KKT_OK,0,7.446904,-0.5002681698025423,0.0,false
FLETCBV2,5000,0,2P_SAR0_PH1_ATR0_RRU1_SQP_SPECTRAL,false,1,true,false,true,KKT_OK,0,6.844215,-0.5002681698025423,0.0,false
FLETCBV2,5000,0,2P_SAR0_PH1_ATR0_RRU1_SQP_RECIPROCAL,false,1,true,false,true,KKT_OK,0,7.104318,-0.5002681698025423,0.0,false
FLETCBV2,5000,0,2P_SAR0_PH1_ATR0_RRU1_SQP_EXPONENTIAL,false,1,true,false,true,KKT_OK,0,8.614095,-0.5002681698025423,0.0,false
FLETCBV2,5000,0,2P_SAR0_PH1_ATR0_RRU1_SQP_QUASI_NEWTON,false,1,true,false,true,KKT_OK,0,8.641052,-0.5002681698025423,0.0,false
FLETCBV3,5000,0,2P_SAR0_PH1_ATR0_RRU1_SQP_IDENTITY,false,1,true,false,true,KKT_OK,0,9.679731,198.22273284522223,0.0,false
FLETCBV3,5000,0,2P_SAR0_PH1_ATR0_RRU1_SQP_SPECTRAL,false,1,true,false,true,KKT_OK,0,9.467626,198.22273284522223,0.0,false
FLETCBV3,5000,0,2P_SAR0_PH1_ATR0_RRU1_SQP_RECIPROCAL,false,1,true,false,true,KKT_OK,0,9.312774,198.22273284522223,0.0,false
FLETCBV3,5000,0,2P_SAR0_PH1_ATR0_RRU1_SQP_EXPONENTIAL,false,1,true,false,true,KKT_OK,0,9.175874,198.22273284522223,0.0,false
FLETCBV3,5000,0,2P_SAR0_PH1_ATR0_RRU1_SQP_QUASI_NEWTON,false,1,true,false,true,KKT_OK,0,9.449588,198.22273284522223,0.0,false
FLETCHBV,5000,0,2P_SAR0_PH1_ATR0_RRU1_SQP_IDENTITY,false,1,true,false,true,MAX_IT,5000,40783.284085,-3.227986199570625e22,0.0,false
FLETCHBV,5000,0,2P_SAR0_PH1_ATR0_RRU1_SQP_SPECTRAL,false,1,true,false,true,MAX_IT,5000,24251.328619,-6.236244230858049e18,0.0,false
FLETCHBV,5000,0,2P_SAR0_PH1_ATR0_RRU1_SQP_RECIPROCAL,false,1,true,false,true,MAX_IT,5000,40498.895693,-1.58206148001392e23,0.0,false
FLETCHBV,5000,0,2P_SAR0_PH1_ATR0_RRU1_SQP_EXPONENTIAL,false,1,true,false,true,MAX_IT,5000,47691.240003,-2.5242292297430943e22,0.0,false
FLETCHBV,5000,0,2P_SAR0_PH1_ATR0_RRU1_SQP_QUASI_NEWTON,false,1,true,false,true,MAX_IT,5000,45008.942972,-3.0321769219543974e22,0.0,false
FLETCHCR,1000,0,2P_SAR0_PH1_ATR0_RRU1_SQP_IDENTITY,false,1,true,false,true,SMALL_STEP,5,11.216564,988.8966850386131,0.0,false
FLETCHCR,1000,0,2P_SAR0_PH1_ATR0_RRU1_SQP_SPECTRAL,false,1,true,false,true,SMALL_STEP,6,13.764177,988.8545623682423,0.0,false
FLETCHCR,1000,0,2P_SAR0_PH1_ATR0_RRU1_SQP_RECIPROCAL,false,1,true,false,true,SMALL_STEP,5,12.921124,988.8966851101485,0.0,false
FLETCHCR,1000,0,2P_SAR0_PH1_ATR0_RRU1_SQP_EXPONENTIAL,false,1,true,false,true,SMALL_STEP,6,7.884136999999999,988.8957286046821,0.0,false
FLETCHCR,1000,0,2P_SAR0_PH1_ATR0_RRU1_SQP_QUASI_NEWTON,false,1,true,false,true,MAX_IT,5000,6567.780865,972.4055028397084,0.0,false
FMINSRF2,5625,0,2P_SAR0_PH1_ATR0_RRU1_SQP_IDENTITY,false,1,true,false,true,KKT_OK,0,9.957627,28.458330865835094,0.0,false
FMINSRF2,5625,0,2P_SAR0_PH1_ATR0_RRU1_SQP_SPECTRAL,false,1,true,false,true,KKT_OK,0,10.05008,28.458330865835094,0.0,false
FMINSRF2,5625,0,2P_SAR0_PH1_ATR0_RRU1_SQP_RECIPROCAL,false,1,true,false,true,KKT_OK,0,10.378141000000001,28.458330865835094,0.0,false
FMINSRF2,5625,0,2P_SAR0_PH1_ATR0_RRU1_SQP_EXPONENTIAL,false,1,true,false,true,KKT_OK,0,10.304684,28.458330865835094,0.0,false
FMINSRF2,5625,0,2P_SAR0_PH1_ATR0_RRU1_SQP_QUASI_NEWTON,false,1,true,false,true,KKT_OK,0,10.257334,28.458330865835094,0.0,false
FMINSURF,5625,0,2P_SAR0_PH1_ATR0_RRU1_SQP_IDENTITY,false,1,true,false,true,KKT_OK,0,8.621012,28.594016681145444,0.0,false
FMINSURF,5625,0,2P_SAR0_PH1_ATR0_RRU1_SQP_SPECTRAL,false,1,true,false,true,KKT_OK,0,39.402840000000005,28.594016681145444,0.0,false
FMINSURF,5625,0,2P_SAR0_PH1_ATR0_RRU1_SQP_RECIPROCAL,false,1,true,false,true,KKT_OK,0,8.293511,28.594016681145444,0.0,false
FMINSURF,5625,0,2P_SAR0_PH1_ATR0_RRU1_SQP_EXPONENTIAL,false,1,true,false,true,KKT_OK,0,159.873143,28.594016681145444,0.0,false
FMINSURF,5625,0,2P_SAR0_PH1_ATR0_RRU1_SQP_QUASI_NEWTON,false,1,true,false,true,KKT_OK,0,8.112305000000001,28.594016681145444,0.0,false
FREUROTH,5000,0,2P_SAR0_PH1_ATR0_RRU1_SQP_IDENTITY,false,1,true,false,true,SMALL_STEP,858,5009.923417000001,608295.8813160644,0.0,false
FREUROTH,5000,0,2P_SAR0_PH1_ATR0_RRU1_SQP_SPECTRAL,false,1,true,false,true,KKT_OK,60,432.519281,608173.6267596812,0.0,false
FREUROTH,5000,0,2P_SAR0_PH1_ATR0_RRU1_SQP_RECIPROCAL,false,1,true,false,true,SMALL_STEP,18,99.149294,608189.2243287185,0.0,false
FREUROTH,5000,0,2P_SAR0_PH1_ATR0_RRU1_SQP_EXPONENTIAL,false,1,true,false,true,SMALL_STEP,13,87.61635299999999,608221.3758207477,0.0,false
FREUROTH,5000,0,2P_SAR0_PH1_ATR0_RRU1_SQP_QUASI_NEWTON,false,1,true,false,true,KKT_OK,19,101.52135399999999,608166.031455012,0.0,false
GAUSS1LS,8,0,2P_SAR0_PH1_ATR0_RRU1_SQP_IDENTITY,false,1,true,false,true,SMALL_STEP,3,3.071457,7369.098238453874,0.0,false
GAUSS1LS,8,0,2P_SAR0_PH1_ATR0_RRU1_SQP_SPECTRAL,false,1,true,false,true,SMALL_STEP,3,1.185568,7369.098238453869,0.0,false
GAUSS1LS,8,0,2P_SAR0_PH1_ATR0_RRU1_SQP_RECIPROCAL,false,1,true,false,true,SMALL_STEP,3,1.117113,7369.098238452746,0.0,false
GAUSS1LS,8,0,2P_SAR0_PH1_ATR0_RRU1_SQP_EXPONENTIAL,false,1,true,false,true,SMALL_STEP,3,1.0994449999999998,7369.083634870386,0.0,false
GAUSS1LS,8,0,2P_SAR0_PH1_ATR0_RRU1_SQP_QUASI_NEWTON,false,1,true,false,true,SMALL_STEP,3,1.062527,7369.083634861791,0.0,false
GAUSS2LS,8,0,2P_SAR0_PH1_ATR0_RRU1_SQP_IDENTITY,false,1,true,false,true,SMALL_STEP,3,6.151851,9071.254197440247,0.0,false
GAUSS2LS,8,0,2P_SAR0_PH1_ATR0_RRU1_SQP_SPECTRAL,false,1,true,false,true,SMALL_STEP,3,3.290251,9071.254197440234,0.0,false
GAUSS2LS,8,0,2P_SAR0_PH1_ATR0_RRU1_SQP_RECIPROCAL,false,1,true,false,true,SMALL_STEP,3,2.252157,9071.254197442444,0.0,false
GAUSS2LS,8,0,2P_SAR0_PH1_ATR0_RRU1_SQP_EXPONENTIAL,false,1,true,false,true,SMALL_STEP,3,1.776073,9071.254197444985,0.0,false
GAUSS2LS,8,0,2P_SAR0_PH1_ATR0_RRU1_SQP_QUASI_NEWTON,false,1,true,false,true,SMALL_STEP,3,1.332617,9071.254197440225,0.0,false
GAUSS3LS,8,0,2P_SAR0_PH1_ATR0_RRU1_SQP_IDENTITY,false,1,true,false,true,SMALL_STEP,3,2.405081,18898.872540765202,0.0,false
GAUSS3LS,8,0,2P_SAR0_PH1_ATR0_RRU1_SQP_SPECTRAL,false,1,true,false,true,SMALL_STEP,3,1.605125,18898.87254076283,0.0,false
GAUSS3LS,8,0,2P_SAR0_PH1_ATR0_RRU1_SQP_RECIPROCAL,false,1,true,false,true,SMALL_STEP,3,1.348242,18898.872540751912,0.0,false
GAUSS3LS,8,0,2P_SAR0_PH1_ATR0_RRU1_SQP_EXPONENTIAL,false,1,true,false,true,SMALL_STEP,3,1.166029,18898.872540788936,0.0,false
GAUSS3LS,8,0,2P_SAR0_PH1_ATR0_RRU1_SQP_QUASI_NEWTON,false,1,true,false,true,SMALL_STEP,3,1.072934,18898.87254075677,0.0,false
GAUSSIAN,3,0,2P_SAR0_PH1_ATR0_RRU1_SQP_IDENTITY,false,1,true,false,true,KKT_OK,3,4.020336,4.433986925646342e-8,0.0,false
GAUSSIAN,3,0,2P_SAR0_PH1_ATR0_RRU1_SQP_SPECTRAL,false,1,true,false,true,KKT_OK,3,2.1966949999999996,4.418666087888444e-8,0.0,false
GAUSSIAN,3,0,2P_SAR0_PH1_ATR0_RRU1_SQP_RECIPROCAL,false,1,true,false,true,KKT_OK,3,0.814383,4.434053004312826e-8,0.0,false
GAUSSIAN,3,0,2P_SAR0_PH1_ATR0_RRU1_SQP_EXPONENTIAL,false,1,true,false,true,KKT_OK,3,0.826275,4.434053004312826e-8,0.0,false
GAUSSIAN,3,0,2P_SAR0_PH1_ATR0_RRU1_SQP_QUASI_NEWTON,false,1,true,false,true,KKT_OK,3,0.717634,2.4701757195055075e-8,0.0,false
GBRAINLS,2,0,2P_SAR0_PH1_ATR0_RRU1_SQP_IDENTITY,false,1,true,false,true,SMALL_STEP,1059,641.580425,30.329135987640193,0.0,false
GBRAINLS,2,0,2P_SAR0_PH1_ATR0_RRU1_SQP_SPECTRAL,false,1,true,false,true,SMALL_STEP,1076,635.857648,29.852884104063452,0.0,false
GBRAINLS,2,0,2P_SAR0_PH1_ATR0_RRU1_SQP_RECIPROCAL,false,1,true,false,true,SMALL_STEP,1059,740.168931,30.329138804279204,0.0,false
GBRAINLS,2,0,2P_SAR0_PH1_ATR0_RRU1_SQP_EXPONENTIAL,false,1,true,false,true,SMALL_STEP,1431,1165.449769,29.25966767028692,0.0,false
GBRAINLS,2,0,2P_SAR0_PH1_ATR0_RRU1_SQP_QUASI_NEWTON,false,1,true,false,true,SMALL_STEP,173,120.594551,28.535816823278463,0.0,false
GENHUMPS,5000,0,2P_SAR0_PH1_ATR0_RRU1_SQP_IDENTITY,false,1,true,false,true,SMALL_STEP,19,278.55695099999997,4.677861825215497e6,0.0,false
GENHUMPS,5000,0,2P_SAR0_PH1_ATR0_RRU1_SQP_SPECTRAL,false,1,true,false,true,SMALL_STEP,22,110.24824199999999,4.68344285025869e6,0.0,false
GENHUMPS,5000,0,2P_SAR0_PH1_ATR0_RRU1_SQP_RECIPROCAL,false,1,true,false,true,SMALL_STEP,19,101.41745200000001,4.677861825195993e6,0.0,false
GENHUMPS,5000,0,2P_SAR0_PH1_ATR0_RRU1_SQP_EXPONENTIAL,false,1,true,false,true,SMALL_STEP,19,105.371556,4.677861823350062e6,0.0,false
GENHUMPS,5000,0,2P_SAR0_PH1_ATR0_RRU1_SQP_QUASI_NEWTON,false,1,true,false,true,KKT_OK,3294,20318.028678000002,2.2613391066317345,0.0,false
GENROSE,500,0,2P_SAR0_PH1_ATR0_RRU1_SQP_IDENTITY,false,1,true,false,true,SMALL_STEP,225,149.393745,305.4369758961053,0.0,false
GENROSE,500,0,2P_SAR0_PH1_ATR0_RRU1_SQP_SPECTRAL,false,1,true,false,true,SMALL_STEP,37,20.199825,305.3727388690358,0.0,false
GENROSE,500,0,2P_SAR0_PH1_ATR0_RRU1_SQP_RECIPROCAL,false,1,true,false,true,SMALL_STEP,260,159.206339,305.37289106240416,0.0,false
GENROSE,500,0,2P_SAR0_PH1_ATR0_RRU1_SQP_EXPONENTIAL,false,1,true,false,true,SMALL_STEP,611,562.722046,305.427532122659,0.0,false
GENROSE,500,0,2P_SAR0_PH1_ATR0_RRU1_SQP_QUASI_NEWTON,false,1,true,false,true,MAX_IT,5000,3434.148702,251.20713892371268,0.0,false
GENROSEB,500,0,2P_SAR0_PH1_ATR0_RRU1_SQP_IDENTITY,false,1,true,false,true,KKT_OK,0,1.90154,2754.2943177862553,0.0,false
GENROSEB,500,0,2P_SAR0_PH1_ATR0_RRU1_SQP_SPECTRAL,false,1,true,false,true,KKT_OK,0,3.819986,2754.2943177862553,0.0,false
GENROSEB,500,0,2P_SAR0_PH1_ATR0_RRU1_SQP_RECIPROCAL,false,1,true,false,true,KKT_OK,0,1.1920220000000001,2754.2943177862553,0.0,false
GENROSEB,500,0,2P_SAR0_PH1_ATR0_RRU1_SQP_EXPONENTIAL,false,1,true,false,true,KKT_OK,0,1.146628,2754.2943177862553,0.0,false
GENROSEB,500,0,2P_SAR0_PH1_ATR0_RRU1_SQP_QUASI_NEWTON,false,1,true,false,true,KKT_OK,0,1.123191,2754.2943177862553,0.0,false
GILBERT,5000,1,2P_SAR0_PH1_ATR0_RRU1_SQP_IDENTITY,false,1,true,false,true,KKT_OK,120,14502.77441,2459.5516341109724,9.293412524444484e-5,false
GILBERT,5000,1,2P_SAR0_PH1_ATR0_RRU1_SQP_SPECTRAL,false,1,true,false,true,KKT_OK,99,14836.192342,2459.546033403055,4.5719345708333766e-5,false
GILBERT,5000,1,2P_SAR0_PH1_ATR0_RRU1_SQP_RECIPROCAL,false,1,true,false,true,KKT_OK,109,13926.118022,2459.520199801442,7.340231079468067e-5,false
GILBERT,5000,1,2P_SAR0_PH1_ATR0_RRU1_SQP_EXPONENTIAL,false,1,true,false,true,KKT_OK,132,18003.069786,2459.528867252762,5.843095271669968e-5,false
GILBERT,5000,1,2P_SAR0_PH1_ATR0_RRU1_SQP_QUASI_NEWTON,false,1,true,false,true,KKT_OK,139,15742.644158,2459.5132543712134,4.201621466103611e-5,false
GRIDGENA,6218,0,2P_SAR0_PH1_ATR0_RRU1_SQP_IDENTITY,false,1,true,false,true,SMALL_STEP,37,305.968719,23521.860506047393,0.0,false
GRIDGENA,6218,0,2P_SAR0_PH1_ATR0_RRU1_SQP_SPECTRAL,false,1,true,false,true,KKT_OK,17,94.932425,23521.62382340513,0.0,false
GRIDGENA,6218,0,2P_SAR0_PH1_ATR0_RRU1_SQP_RECIPROCAL,false,1,true,false,true,SMALL_STEP,73,755.822764,23521.23232034918,0.0,false
GRIDGENA,6218,0,2P_SAR0_PH1_ATR0_RRU1_SQP_EXPONENTIAL,false,1,true,false,true,SMALL_STEP,41,357.748157,23521.819181971823,0.0,false
GRIDGENA,6218,0,2P_SAR0_PH1_ATR0_RRU1_SQP_QUASI_NEWTON,false,1,true,false,true,KKT_OK,41,335.41643799999997,23521.428692766694,0.0,false
GROWTHLS,3,0,2P_SAR0_PH1_ATR0_RRU1_SQP_IDENTITY,false,1,true,false,true,SMALL_STEP,1631,86.776338,14.772932449743474,0.0,false
GROWTHLS,3,0,2P_SAR0_PH1_ATR0_RRU1_SQP_SPECTRAL,false,1,true,false,true,SMALL_STEP,1734,89.13435799999999,14.78403948848275,0.0,false
GROWTHLS,3,0,2P_SAR0_PH1_ATR0_RRU1_SQP_RECIPROCAL,false,1,true,false,true,SMALL_STEP,1653,82.223699,14.762905593093041,0.0,false
GROWTHLS,3,0,2P_SAR0_PH1_ATR0_RRU1_SQP_EXPONENTIAL,false,1,true,false,true,SMALL_STEP,1417,74.21841599999999,14.10828289836927,0.0,false
GROWTHLS,3,0,2P_SAR0_PH1_ATR0_RRU1_SQP_QUASI_NEWTON,false,1,true,false,true,SMALL_STEP,806,40.525278,11.007110518018672,0.0,false
GULF,3,0,2P_SAR0_PH1_ATR0_RRU1_SQP_IDENTITY,false,1,true,false,true,MAX_IT,5000,466.743378,4.412822365231306,0.0,false
GULF,3,0,2P_SAR0_PH1_ATR0_RRU1_SQP_SPECTRAL,false,1,true,false,true,MAX_IT,5000,439.143277,5.722544467793826,0.0,false
GULF,3,0,2P_SAR0_PH1_ATR0_RRU1_SQP_RECIPROCAL,false,1,true,false,true,MAX_IT,5000,509.67829200000006,4.4834254122970565,0.0,false
GULF,3,0,2P_SAR0_PH1_ATR0_RRU1_SQP_EXPONENTIAL,false,1,true,false,true,MAX_IT,5000,554.032426,3.5345302663748246,0.0,false
GULF,3,0,2P_SAR0_PH1_ATR0_RRU1_SQP_QUASI_NEWTON,false,1,true,false,true,KKT_OK,650,66.50809100000001,0.020588244001620883,0.0,false
HADAMALS,400,0,2P_SAR0_PH1_ATR0_RRU1_SQP_IDENTITY,false,1,true,false,true,KKT_OK,87,47.060153,7311.84315004581,0.0,false
HADAMALS,400,0,2P_SAR0_PH1_ATR0_RRU1_SQP_SPECTRAL,false,1,true,false,true,KKT_OK,48,21.367062,7311.851482634611,0.0,false
HADAMALS,400,0,2P_SAR0_PH1_ATR0_RRU1_SQP_RECIPROCAL,false,1,true,false,true,KKT_OK,74,39.096993,7311.843265968496,0.0,false
HADAMALS,400,0,2P_SAR0_PH1_ATR0_RRU1_SQP_EXPONENTIAL,false,1,true,false,true,KKT_OK,75,41.512419,7311.843229070158,0.0,false
HADAMALS,400,0,2P_SAR0_PH1_ATR0_RRU1_SQP_QUASI_NEWTON,false,1,true,false,true,KKT_OK,16,9.696166000000002,7311.843149959178,0.0,false
HAHN1LS,7,0,2P_SAR0_PH1_ATR0_RRU1_SQP_IDENTITY,false,1,true,false,true,SMALL_STEP,43,8.181423,7727.8409010941505,0.0,false
HAHN1LS,7,0,2P_SAR0_PH1_ATR0_RRU1_SQP_SPECTRAL,false,1,true,false,true,SMALL_STEP,836,68.524566,5917.547853206251,0.0,false
HAHN1LS,7,0,2P_SAR0_PH1_ATR0_RRU1_SQP_RECIPROCAL,false,1,true,false,true,SMALL_STEP,13,1.8721409999999998,7730.248458190477,0.0,false
HAHN1LS,7,0,2P_SAR0_PH1_ATR0_RRU1_SQP_EXPONENTIAL,false,1,true,false,true,SMALL_STEP,13,1.7845389999999999,8422.24160017236,0.0,false
HAHN1LS,7,0,2P_SAR0_PH1_ATR0_RRU1_SQP_QUASI_NEWTON,false,1,true,false,true,SMALL_STEP,84,7.01836,121.94854901269036,0.0,false
HAIRY,2,0,2P_SAR0_PH1_ATR0_RRU1_SQP_IDENTITY,false,1,true,false,true,SMALL_STEP,108,21.226524,20.000006179082327,0.0,false
HAIRY,2,0,2P_SAR0_PH1_ATR0_RRU1_SQP_SPECTRAL,false,1,true,false,true,SMALL_STEP,38,2.68094,20.0,0.0,false
HAIRY,2,0,2P_SAR0_PH1_ATR0_RRU1_SQP_RECIPROCAL,false,1,true,false,true,SMALL_STEP,101,5.170156,20.00000159681462,0.0,false
HAIRY,2,0,2P_SAR0_PH1_ATR0_RRU1_SQP_EXPONENTIAL,false,1,true,false,true,SMALL_STEP,152,7.345508,20.00000039875294,0.0,false
HAIRY,2,0,2P_SAR0_PH1_ATR0_RRU1_SQP_QUASI_NEWTON,false,1,true,false,true,SMALL_STEP,105,5.069539,20.000000248963925,0.0,false
HARKERP2,1000,0,2P_SAR0_PH1_ATR0_RRU1_SQP_IDENTITY,false,1,true,false,true,KKT_OK,17,63.943872,-0.000507521601498429,0.0,false
HARKERP2,1000,0,2P_SAR0_PH1_ATR0_RRU1_SQP_SPECTRAL,false,1,true,false,true,KKT_OK,17,65.309239,-0.000518030187205914,0.0,false
HARKERP2,1000,0,2P_SAR0_PH1_ATR0_RRU1_SQP_RECIPROCAL,false,1,true,false,true,KKT_OK,17,66.06396000000001,-0.017107047930014822,0.0,false
HARKERP2,1000,0,2P_SAR0_PH1_ATR0_RRU1_SQP_EXPONENTIAL,false,1,true,false,true,KKT_OK,26,147.679683,0.0073099600556535554,0.0,false
HARKERP2,1000,0,2P_SAR0_PH1_ATR0_RRU1_SQP_QUASI_NEWTON,false,1,true,false,true,KKT_OK,29,266.797119,-0.0033049590102088005,0.0,false
HART6,6,0,2P_SAR0_PH1_ATR0_RRU1_SQP_IDENTITY,false,1,true,false,true,KKT_OK,33,7.9159250000000005,-3.3228863917413647,0.0,false
HART6,6,0,2P_SAR0_PH1_ATR0_RRU1_SQP_SPECTRAL,false,1,true,false,true,KKT_OK,15,5.223724,-3.322886878998521,0.0,false
HART6,6,0,2P_SAR0_PH1_ATR0_RRU1_SQP_RECIPROCAL,false,1,true,false,true,KKT_OK,19,3.960152,-3.322886758438889,0.0,false
HART6,6,0,2P_SAR0_PH1_ATR0_RRU1_SQP_EXPONENTIAL,false,1,true,false,true,SMALL_STEP,20,2.6014720000000002,-3.3228867114903253,0.0,false
HART6,6,0,2P_SAR0_PH1_ATR0_RRU1_SQP_QUASI_NEWTON,false,1,true,false,true,KKT_OK,9,1.222723,-3.322886891337515,0.0,false
HATFLDA,4,0,2P_SAR0_PH1_ATR0_RRU1_SQP_IDENTITY,false,1,true,false,true,KKT_OK,218,23.528025,0.00045223648686657777,0.0,false
HATFLDA,4,0,2P_SAR0_PH1_ATR0_RRU1_SQP_SPECTRAL,false,1,true,false,true,KKT_OK,497,25.593055,0.0004196712018734493,0.0,false
HATFLDA,4,0,2P_SAR0_PH1_ATR0_RRU1_SQP_RECIPROCAL,false,1,true,false,true,KKT_OK,292,14.125366,0.0003653125666192255,0.0,false
HATFLDA,4,0,2P_SAR0_PH1_ATR0_RRU1_SQP_EXPONENTIAL,false,1,true,false,true,KKT_OK,244,11.656006,0.0004517201417736623,0.0,false
HATFLDA,4,0,2P_SAR0_PH1_ATR0_RRU1_SQP_QUASI_NEWTON,false,1,true,false,true,KKT_OK,141,21.621803,0.0002381958945727938,0.0,false
HATFLDB,4,0,2P_SAR0_PH1_ATR0_RRU1_SQP_IDENTITY,false,1,true,false,true,KKT_OK,55,9.454877,0.005585324939211517,0.0,false
HATFLDB,4,0,2P_SAR0_PH1_ATR0_RRU1_SQP_SPECTRAL,false,1,true,false,true,KKT_OK,510,27.715649,0.005591132699068074,0.0,false
HATFLDB,4,0,2P_SAR0_PH1_ATR0_RRU1_SQP_RECIPROCAL,false,1,true,false,true,KKT_OK,117,6.551474,0.005578954503775028,0.0,false
HATFLDB,4,0,2P_SAR0_PH1_ATR0_RRU1_SQP_EXPONENTIAL,false,1,true,false,true,KKT_OK,66,3.7218,0.005586280914682979,0.0,false
HATFLDB,4,0,2P_SAR0_PH1_ATR0_RRU1_SQP_QUASI_NEWTON,false,1,true,false,true,KKT_OK,64,4.965949,0.005580528769416636,0.0,false
HATFLDC,25,0,2P_SAR0_PH1_ATR0_RRU1_SQP_IDENTITY,false,1,true,false,true,KKT_OK,67,10.047933,0.00014694294762199086,0.0,false
HATFLDC,25,0,2P_SAR0_PH1_ATR0_RRU1_SQP_SPECTRAL,false,1,true,false,true,KKT_OK,9,1.181992,0.0001298488712880203,0.0,false
HATFLDC,25,0,2P_SAR0_PH1_ATR0_RRU1_SQP_RECIPROCAL,false,1,true,false,true,KKT_OK,50,3.930793,0.00013559626405211403,0.0,false
HATFLDC,25,0,2P_SAR0_PH1_ATR0_RRU1_SQP_EXPONENTIAL,false,1,true,false,true,KKT_OK,47,3.9208239999999996,0.0001510095511819347,0.0,false
HATFLDC,25,0,2P_SAR0_PH1_ATR0_RRU1_SQP_QUASI_NEWTON,false,1,true,false,true,KKT_OK,16,1.8086790000000001,0.0001151317172903354,0.0,false
HATFLDD,3,0,2P_SAR0_PH1_ATR0_RRU1_SQP_IDENTITY,false,1,true,false,true,KKT_OK,68,7.570518,0.00011236418468991825,0.0,false
HATFLDD,3,0,2P_SAR0_PH1_ATR0_RRU1_SQP_SPECTRAL,false,1,true,false,true,KKT_OK,26,1.803941,2.987571317405339e-5,0.0,false
HATFLDD,3,0,2P_SAR0_PH1_ATR0_RRU1_SQP_RECIPROCAL,false,1,true,false,true,SMALL_STEP,1416,68.405525,0.0012762702275813742,0.0,false
HATFLDD,3,0,2P_SAR0_PH1_ATR0_RRU1_SQP_EXPONENTIAL,false,1,true,false,true,SMALL_STEP,1269,58.875734,0.0013549332457196777,0.0,false
HATFLDD,3,0,2P_SAR0_PH1_ATR0_RRU1_SQP_QUASI_NEWTON,false,1,true,false,true,KKT_OK,72,3.918085,0.00035847572613985834,0.0,false
HATFLDE,3,0,2P_SAR0_PH1_ATR0_RRU1_SQP_IDENTITY,false,1,true,false,true,SMALL_STEP,262,16.587032,0.003330274135497894,0.0,false
HATFLDE,3,0,2P_SAR0_PH1_ATR0_RRU1_SQP_SPECTRAL,false,1,true,false,true,KKT_OK,47,2.738135,0.00026880283174558355,0.0,false
HATFLDE,3,0,2P_SAR0_PH1_ATR0_RRU1_SQP_RECIPROCAL,false,1,true,false,true,SMALL_STEP,224,14.166798,0.002016199312779933,0.0,false
HATFLDE,3,0,2P_SAR0_PH1_ATR0_RRU1_SQP_EXPONENTIAL,false,1,true,false,true,SMALL_STEP,612,32.208291,0.0018526013521840945,0.0,false
HATFLDE,3,0,2P_SAR0_PH1_ATR0_RRU1_SQP_QUASI_NEWTON,false,1,true,false,true,SMALL_STEP,1427,65.435382,0.0003456756944591794,0.0,false
HATFLDFL,3,0,2P_SAR0_PH1_ATR0_RRU1_SQP_IDENTITY,false,1,true,false,true,KKT_OK,27,5.698676,6.904329365299387e-5,0.0,false
HATFLDFL,3,0,2P_SAR0_PH1_ATR0_RRU1_SQP_SPECTRAL,false,1,true,false,true,KKT_OK,7,4.070587,6.657808014001825e-5,0.0,false
HATFLDFL,3,0,2P_SAR0_PH1_ATR0_RRU1_SQP_RECIPROCAL,false,1,true,false,true,KKT_OK,27,5.539121,6.965534274774513e-5,0.0,false
HATFLDFL,3,0,2P_SAR0_PH1_ATR0_RRU1_SQP_EXPONENTIAL,false,1,true,false,true,KKT_OK,15,2.461222,6.740746706176391e-5,0.0,false
HATFLDFL,3,0,2P_SAR0_PH1_ATR0_RRU1_SQP_QUASI_NEWTON,false,1,true,false,true,KKT_OK,26,2.3756720000000002,6.707280339434466e-5,0.0,false
HATFLDFLS,3,0,2P_SAR0_PH1_ATR0_RRU1_SQP_IDENTITY,false,1,true,false,true,KKT_OK,156,10.505813,4.089893079667712e-5,0.0,false
HATFLDFLS,3,0,2P_SAR0_PH1_ATR0_RRU1_SQP_SPECTRAL,false,1,true,false,true,KKT_OK,20,1.54108,2.544806900683113e-5,0.0,false
HATFLDFLS,3,0,2P_SAR0_PH1_ATR0_RRU1_SQP_RECIPROCAL,false,1,true,false,true,SMALL_STEP,9,1.046799,0.0023046673555538943,0.0,false
HATFLDFLS,3,0,2P_SAR0_PH1_ATR0_RRU1_SQP_EXPONENTIAL,false,1,true,false,true,SMALL_STEP,10,1.047852,0.002304666059836286,0.0,false
HATFLDFLS,3,0,2P_SAR0_PH1_ATR0_RRU1_SQP_QUASI_NEWTON,false,1,true,false,true,KKT_OK,41,2.37999,3.5164496712541723e-6,0.0,false
HATFLDGLS,25,0,2P_SAR0_PH1_ATR0_RRU1_SQP_IDENTITY,false,1,true,false,true,KKT_OK,356,29.609661,0.002452207177657862,0.0,false
HATFLDGLS,25,0,2P_SAR0_PH1_ATR0_RRU1_SQP_SPECTRAL,false,1,true,false,true,KKT_OK,69,4.335913000000001,0.023625456611460927,0.0,false
HATFLDGLS,25,0,2P_SAR0_PH1_ATR0_RRU1_SQP_RECIPROCAL,false,1,true,false,true,KKT_OK,293,21.687867999999998,0.0021341075225827532,0.0,false
HATFLDGLS,25,0,2P_SAR0_PH1_ATR0_RRU1_SQP_EXPONENTIAL,false,1,true,false,true,KKT_OK,232,16.151407,0.004703654646572828,0.0,false
HATFLDGLS,25,0,2P_SAR0_PH1_ATR0_RRU1_SQP_QUASI_NEWTON,false,1,true,false,true,KKT_OK,167,12.925923000000001,0.002063558517530473,0.0,false
HEART6LS,6,0,2P_SAR0_PH1_ATR0_RRU1_SQP_IDENTITY,false,1,true,false,true,SMALL_STEP,2484,147.748357,2.846733961934392,0.0,false
HEART6LS,6,0,2P_SAR0_PH1_ATR0_RRU1_SQP_SPECTRAL,false,1,true,false,true,SMALL_STEP,2405,122.519616,1.2532239377180385,0.0,false
HEART6LS,6,0,2P_SAR0_PH1_ATR0_RRU1_SQP_RECIPROCAL,false,1,true,false,true,SMALL_STEP,2357,124.04559499999999,2.605798101105818,0.0,false
HEART6LS,6,0,2P_SAR0_PH1_ATR0_RRU1_SQP_EXPONENTIAL,false,1,true,false,true,SMALL_STEP,3129,171.64876800000002,1.7381977090465284,0.0,false
HEART6LS,6,0,2P_SAR0_PH1_ATR0_RRU1_SQP_QUASI_NEWTON,false,1,true,false,true,SMALL_STEP,2186,109.699193,0.9806296301228123,0.0,false
HEART8LS,8,0,2P_SAR0_PH1_ATR0_RRU1_SQP_IDENTITY,false,1,true,false,true,SMALL_STEP,900,52.829275,1.3821389003155546,0.0,false
HEART8LS,8,0,2P_SAR0_PH1_ATR0_RRU1_SQP_SPECTRAL,false,1,true,false,true,SMALL_STEP,529,26.26929,1.3847653169461145,0.0,false
HEART8LS,8,0,2P_SAR0_PH1_ATR0_RRU1_SQP_RECIPROCAL,false,1,true,false,true,SMALL_STEP,831,42.841101,1.3423683974323761,0.0,false
HEART8LS,8,0,2P_SAR0_PH1_ATR0_RRU1_SQP_EXPONENTIAL,false,1,true,false,true,SMALL_STEP,432,24.73487,1.303936817147702,0.0,false
HEART8LS,8,0,2P_SAR0_PH1_ATR0_RRU1_SQP_QUASI_NEWTON,false,1,true,false,true,SMALL_STEP,1281,65.996046,1.21380788743299,0.0,false
HELIX,3,0,2P_SAR0_PH1_ATR0_RRU1_SQP_IDENTITY,false,1,true,false,true,SMALL_STEP,1043,53.79222,0.002516511590920734,0.0,false
HELIX,3,0,2P_SAR0_PH1_ATR0_RRU1_SQP_SPECTRAL,false,1,true,false,true,SMALL_STEP,117,8.639835999999999,7.780214195224247e-7,0.0,false
HELIX,3,0,2P_SAR0_PH1_ATR0_RRU1_SQP_RECIPROCAL,false,1,true,false,true,SMALL_STEP,22,1.723786,3.9310267483532156e-7,0.0,false
HELIX,3,0,2P_SAR0_PH1_ATR0_RRU1_SQP_EXPONENTIAL,false,1,true,false,true,SMALL_STEP,856,39.305386,0.001866842026207796,0.0,false
HELIX,3,0,2P_SAR0_PH1_ATR0_RRU1_SQP_QUASI_NEWTON,false,1,true,false,true,SMALL_STEP,820,38.285031999999994,0.00017622284961500318,0.0,false
HIELOW,3,0,2P_SAR0_PH1_ATR0_RRU1_SQP_IDENTITY,false,1,true,false,true,SMALL_STEP,564,418.636169,874.9465318894901,0.0,false
HIELOW,3,0,2P_SAR0_PH1_ATR0_RRU1_SQP_SPECTRAL,false,1,true,false,true,SMALL_STEP,720,529.68615,874.6866345618417,0.0,false
HIELOW,3,0,2P_SAR0_PH1_ATR0_RRU1_SQP_RECIPROCAL,false,1,true,false,true,SMALL_STEP,564,516.9221859999999,874.946530246013,0.0,false
HIELOW,3,0,2P_SAR0_PH1_ATR0_RRU1_SQP_EXPONENTIAL,false,1,true,false,true,SMALL_STEP,494,535.323683,875.1382888346267,0.0,false
HIELOW,3,0,2P_SAR0_PH1_ATR0_RRU1_SQP_QUASI_NEWTON,false,1,true,false,true,SMALL_STEP,15,14.378644,874.1910385613066,0.0,false
HILBERTA,2,0,2P_SAR0_PH1_ATR0_RRU1_SQP_IDENTITY,false,1,true,false,true,KKT_OK,10,2.4335989999999996,1.353706149242107e-9,0.0,false
HILBERTA,2,0,2P_SAR0_PH1_ATR0_RRU1_SQP_SPECTRAL,false,1,true,false,true,KKT_OK,10,1.737247,3.93551737221528e-13,0.0,false
HILBERTA,2,0,2P_SAR0_PH1_ATR0_RRU1_SQP_RECIPROCAL,false,1,true,false,true,KKT_OK,10,1.403994,1.4616949393307536e-9,0.0,false
HILBERTA,2,0,2P_SAR0_PH1_ATR0_RRU1_SQP_EXPONENTIAL,false,1,true,false,true,KKT_OK,8,1.103979,3.4885670678901164e-21,0.0,false
HILBERTA,2,0,2P_SAR0_PH1_ATR0_RRU1_SQP_QUASI_NEWTON,false,1,true,false,true,KKT_OK,8,0.991234,1.7191594666103595e-20,0.0,false
HILBERTB,10,0,2P_SAR0_PH1_ATR0_RRU1_SQP_IDENTITY,false,1,true,false,true,KKT_OK,11,4.469938,2.433177991326958e-9,0.0,false
HILBERTB,10,0,2P_SAR0_PH1_ATR0_RRU1_SQP_SPECTRAL,false,1,true,false,true,KKT_OK,9,2.865729,1.1640285635137072e-10,0.0,false
HILBERTB,10,0,2P_SAR0_PH1_ATR0_RRU1_SQP_RECIPROCAL,false,1,true,false,true,KKT_OK,11,2.70801,2.791943479106307e-9,0.0,false
HILBERTB,10,0,2P_SAR0_PH1_ATR0_RRU1_SQP_EXPONENTIAL,false,1,true,false,true,KKT_OK,8,1.73977,1.140003330240288e-21,0.0,false
HILBERTB,10,0,2P_SAR0_PH1_ATR0_RRU1_SQP_QUASI_NEWTON,false,1,true,false,true,KKT_OK,8,1.421362,3.928517679782261e-23,0.0,false
HIMMELBB,2,0,2P_SAR0_PH1_ATR0_RRU1_SQP_IDENTITY,false,1,true,false,true,KKT_OK,11,3.347295,5.11740504430532e-5,0.0,false
HIMMELBB,2,0,2P_SAR0_PH1_ATR0_RRU1_SQP_SPECTRAL,false,1,true,false,true,KKT_OK,19,3.123043,2.4073535521272052e-9,0.0,false
HIMMELBB,2,0,2P_SAR0_PH1_ATR0_RRU1_SQP_RECIPROCAL,false,1,true,false,true,KKT_OK,9,1.0037369999999999,1.5667196047353768e-8,0.0,false
HIMMELBB,2,0,2P_SAR0_PH1_ATR0_RRU1_SQP_EXPONENTIAL,false,1,true,false,true,KKT_OK,17,1.28936,9.282200240672463e-16,0.0,false
HIMMELBB,2,0,2P_SAR0_PH1_ATR0_RRU1_SQP_QUASI_NEWTON,false,1,true,false,true,KKT_OK,16,1.0886310000000001,3.320079646815779e-37,0.0,false
HIMMELBCLS,2,0,2P_SAR0_PH1_ATR0_RRU1_SQP_IDENTITY,false,1,true,false,true,KKT_OK,12,3.29824,5.680607421337075e-11,0.0,false
HIMMELBCLS,2,0,2P_SAR0_PH1_ATR0_RRU1_SQP_SPECTRAL,false,1,true,false,true,KKT_OK,13,2.22612,2.4809818981279586e-11,0.0,false
HIMMELBCLS,2,0,2P_SAR0_PH1_ATR0_RRU1_SQP_RECIPROCAL,false,1,true,false,true,KKT_OK,12,1.732847,7.632543088243115e-11,0.0,false
HIMMELBCLS,2,0,2P_SAR0_PH1_ATR0_RRU1_SQP_EXPONENTIAL,false,1,true,false,true,KKT_OK,14,1.553844,2.1697720749057762e-10,0.0,false
HIMMELBCLS,2,0,2P_SAR0_PH1_ATR0_RRU1_SQP_QUASI_NEWTON,false,1,true,false,true,KKT_OK,18,3.9213470000000004,4.913737693179281e-10,0.0,false
HIMMELBF,4,0,2P_SAR0_PH1_ATR0_RRU1_SQP_IDENTITY,false,1,true,false,true,MAX_IT,5000,260.53677600000003,606.6905698487384,0.0,false
HIMMELBF,4,0,2P_SAR0_PH1_ATR0_RRU1_SQP_SPECTRAL,false,1,true,false,true,MAX_IT,5000,201.176876,626.4595659040145,0.0,false
HIMMELBF,4,0,2P_SAR0_PH1_ATR0_RRU1_SQP_RECIPROCAL,false,1,true,false,true,MAX_IT,5000,251.696266,502.3271405103308,0.0,false
HIMMELBF,4,0,2P_SAR0_PH1_ATR0_RRU1_SQP_EXPONENTIAL,false,1,true,false,true,MAX_IT,5000,249.21982300000002,618.5227156020688,0.0,false
HIMMELBF,4,0,2P_SAR0_PH1_ATR0_RRU1_SQP_QUASI_NEWTON,false,1,true,false,true,SMALL_STEP,345,15.773202999999999,322.3387861864565,0.0,false
HIMMELBG,2,0,2P_SAR0_PH1_ATR0_RRU1_SQP_IDENTITY,false,1,true,false,true,KKT_OK,15,4.168585,1.3625213266791613e-15,0.0,false
HIMMELBG,2,0,2P_SAR0_PH1_ATR0_RRU1_SQP_SPECTRAL,false,1,true,false,true,KKT_OK,9,2.5365729999999997,9.668677777636655e-12,0.0,false
HIMMELBG,2,0,2P_SAR0_PH1_ATR0_RRU1_SQP_RECIPROCAL,false,1,true,false,true,KKT_OK,15,1.386134,7.099508880560411e-14,0.0,false
HIMMELBG,2,0,2P_SAR0_PH1_ATR0_RRU1_SQP_EXPONENTIAL,false,1,true,false,true,KKT_OK,10,1.056859,9.102124509020265e-9,0.0,false
HIMMELBG,2,0,2P_SAR0_PH1_ATR0_RRU1_SQP_QUASI_NEWTON,false,1,true,false,true,KKT_OK,9,0.930993,6.136377277953651e-18,0.0,false
HIMMELBH,2,0,2P_SAR0_PH1_ATR0_RRU1_SQP_IDENTITY,false,1,true,false,true,KKT_OK,11,5.069756,-0.9999999998296797,0.0,false
HIMMELBH,2,0,2P_SAR0_PH1_ATR0_RRU1_SQP_SPECTRAL,false,1,true,false,true,KKT_OK,11,2.922327,-0.9999999999628975,0.0,false
HIMMELBH,2,0,2P_SAR0_PH1_ATR0_RRU1_SQP_RECIPROCAL,false,1,true,false,true,KKT_OK,17,1.369196,-0.9999999353712489,0.0,false
HIMMELBH,2,0,2P_SAR0_PH1_ATR0_RRU1_SQP_EXPONENTIAL,false,1,true,false,true,KKT_OK,15,4.522062,-0.9999999993539926,0.0,false
HIMMELBH,2,0,2P_SAR0_PH1_ATR0_RRU1_SQP_QUASI_NEWTON,false,1,true,false,true,KKT_OK,9,0.909925,-1.0,0.0,false
HIMMELP1,2,0,2P_SAR0_PH1_ATR0_RRU1_SQP_IDENTITY,false,1,true,false,true,KKT_OK,38,6.480564,-62.05392502949405,0.0,false
HIMMELP1,2,0,2P_SAR0_PH1_ATR0_RRU1_SQP_SPECTRAL,false,1,true,false,true,KKT_OK,18,1.2634589999999999,-62.05393506279597,0.0,false
HIMMELP1,2,0,2P_SAR0_PH1_ATR0_RRU1_SQP_RECIPROCAL,false,1,true,false,true,KKT_OK,26,1.702845,-62.05393268402577,0.0,false
HIMMELP1,2,0,2P_SAR0_PH1_ATR0_RRU1_SQP_EXPONENTIAL,false,1,true,false,true,KKT_OK,23,1.557741,-62.05393502780396,0.0,false
HIMMELP1,2,0,2P_SAR0_PH1_ATR0_RRU1_SQP_QUASI_NEWTON,false,1,true,false,true,KKT_OK,19,1.3097530000000002,-62.053935026262366,0.0,false
HIMMELP2,2,1,2P_SAR0_PH1_ATR0_RRU1_SQP_IDENTITY,false,1,true,false,true,KKT_OK,35,15.626847999999999,-8.198044016025221,1.5022647630758001e-5,false
HIMMELP2,2,1,2P_SAR0_PH1_ATR0_RRU1_SQP_SPECTRAL,false,1,true,false,true,KKT_OK,36,11.011811,-8.198044057274558,1.4864508557366207e-7,false
HIMMELP2,2,1,2P_SAR0_PH1_ATR0_RRU1_SQP_RECIPROCAL,false,1,true,false,true,KKT_OK,36,11.759659000000001,-8.198044606999588,5.641547375034861e-5,false
HIMMELP2,2,1,2P_SAR0_PH1_ATR0_RRU1_SQP_EXPONENTIAL,false,1,true,false,true,KKT_OK,36,11.814305000000001,-8.198044293834528,2.8240380174793245e-5,false
HIMMELP2,2,1,2P_SAR0_PH1_ATR0_RRU1_SQP_QUASI_NEWTON,false,1,true,false,true,KKT_OK,35,11.459452,-8.198044190815779,1.4885008340570494e-5,false
HOLMES,180,0,2P_SAR0_PH1_ATR0_RRU1_SQP_IDENTITY,false,1,true,false,true,KKT_OK,205,389.051574,1248.1508239266739,0.0,false
HOLMES,180,0,2P_SAR0_PH1_ATR0_RRU1_SQP_SPECTRAL,false,1,true,false,true,KKT_OK,130,248.256028,1248.4013235401094,0.0,false
HOLMES,180,0,2P_SAR0_PH1_ATR0_RRU1_SQP_RECIPROCAL,false,1,true,false,true,KKT_OK,195,439.309939,1248.151732807574,0.0,false
HOLMES,180,0,2P_SAR0_PH1_ATR0_RRU1_SQP_EXPONENTIAL,false,1,true,false,true,KKT_OK,255,670.792368,1248.1522532070287,0.0,false
HOLMES,180,0,2P_SAR0_PH1_ATR0_RRU1_SQP_QUASI_NEWTON,false,1,true,false,true,KKT_OK,57,128.797157,1248.1504444744676,0.0,false
HONG,4,1,2P_SAR0_PH1_ATR0_RRU1_SQP_IDENTITY,false,1,true,false,true,SMALL_STEP,16,9.567364,22.5711537047464,2.0381640819522318e-10,false
HONG,4,1,2P_SAR0_PH1_ATR0_RRU1_SQP_SPECTRAL,false,1,true,false,true,SMALL_STEP,10,2.163103,22.5710873634889,5.495603971894525e-15,false
HONG,4,1,2P_SAR0_PH1_ATR0_RRU1_SQP_RECIPROCAL,false,1,true,false,true,SMALL_STEP,18,2.538773,22.571087365086846,1.1639578190170141e-12,false
HONG,4,1,2P_SAR0_PH1_ATR0_RRU1_SQP_EXPONENTIAL,false,1,true,false,true,SMALL_STEP,9,1.7745110000000002,22.571087363488704,8.215650382226158e-15,false
HONG,4,1,2P_SAR0_PH1_ATR0_RRU1_SQP_QUASI_NEWTON,false,1,true,false,true,SMALL_STEP,8,1.686086,22.57108736348895,2.4980018054066022e-15,false
HS1,2,0,2P_SAR0_PH1_ATR0_RRU1_SQP_IDENTITY,false,1,true,false,true,SMALL_STEP,1627,77.631007,0.009589516097290623,0.0,false
HS1,2,0,2P_SAR0_PH1_ATR0_RRU1_SQP_SPECTRAL,false,1,true,false,true,SMALL_STEP,839,36.321551,0.0015138715235801874,0.0,false
HS1,2,0,2P_SAR0_PH1_ATR0_RRU1_SQP_RECIPROCAL,false,1,true,false,true,SMALL_STEP,1676,76.888926,0.00886048455472186,0.0,false
HS1,2,0,2P_SAR0_PH1_ATR0_RRU1_SQP_EXPONENTIAL,false,1,true,false,true,SMALL_STEP,1327,57.327125,0.008047633936141984,0.0,false
HS1,2,0,2P_SAR0_PH1_ATR0_RRU1_SQP_QUASI_NEWTON,false,1,true,false,true,SMALL_STEP,1260,58.829215,0.002416170163136852,0.0,false
HS10,2,1,2P_SAR0_PH1_ATR0_RRU1_SQP_IDENTITY,false,1,true,false,true,KKT_OK,54,24.53322,-1.0000473093753417,9.649465912864308e-5,false
HS10,2,1,2P_SAR0_PH1_ATR0_RRU1_SQP_SPECTRAL,false,1,true,false,true,KKT_OK,54,20.017844999999998,-1.0000473093753417,9.649465912864308e-5,false
HS10,2,1,2P_SAR0_PH1_ATR0_RRU1_SQP_RECIPROCAL,false,1,true,false,true,SMALL_STEP,53,23.715982,-0.9990021107887412,5.993937628057111e-5,false
HS10,2,1,2P_SAR0_PH1_ATR0_RRU1_SQP_EXPONENTIAL,false,1,true,false,true,SMALL_STEP,62,23.266834,-0.999983601753386,2.457601522287689e-8,false
HS10,2,1,2P_SAR0_PH1_ATR0_RRU1_SQP_QUASI_NEWTON,false,1,true,false,true,KKT_OK,64,25.340625,-1.0000127466486324,2.5496397936253246e-5,false
HS105,8,1,2P_SAR0_PH1_ATR0_RRU1_SQP_IDENTITY,false,1,true,false,true,INFEASIBLE_STATIONARY,5,76.714114,1593.8675599760666,0.0020000000000000018,false
HS105,8,1,2P_SAR0_PH1_ATR0_RRU1_SQP_SPECTRAL,false,1,true,false,true,INFEASIBLE_STATIONARY,5,2.839432,1708.6780800980277,0.0020000000000000018,false
HS105,8,1,2P_SAR0_PH1_ATR0_RRU1_SQP_RECIPROCAL,false,1,true,false,true,INFEASIBLE_STATIONARY,5,2.526262,1593.8675598354223,0.0020000000000000018,false
HS105,8,1,2P_SAR0_PH1_ATR0_RRU1_SQP_EXPONENTIAL,false,1,true,false,true,INFEASIBLE_STATIONARY,5,2.488559,1591.2339734858754,0.0020000000000000018,false
HS105,8,1,2P_SAR0_PH1_ATR0_RRU1_SQP_QUASI_NEWTON,false,1,true,false,true,INFEASIBLE_STATIONARY,5,2.43628,1591.417751719565,0.0020000000000000018,false
HS11,2,1,2P_SAR0_PH1_ATR0_RRU1_SQP_IDENTITY,false,1,true,false,true,KKT_OK,25,13.847316,-8.498464825226787,3.5354201721737866e-7,false
HS11,2,1,2P_SAR0_PH1_ATR0_RRU1_SQP_SPECTRAL,false,1,true,false,true,SMALL_STEP,26,7.863233000000001,-8.498261441364757,6.16738973433506e-5,false
HS11,2,1,2P_SAR0_PH1_ATR0_RRU1_SQP_RECIPROCAL,false,1,true,false,true,KKT_OK,27,7.091081,-8.498669073367513,6.718151821538676e-5,false
HS11,2,1,2P_SAR0_PH1_ATR0_RRU1_SQP_EXPONENTIAL,false,1,true,false,true,SMALL_STEP,29,8.752481,-8.49853722055762,4.5443270834777394e-5,false
HS11,2,1,2P_SAR0_PH1_ATR0_RRU1_SQP_QUASI_NEWTON,false,1,true,false,true,SMALL_STEP,29,9.096335,-8.498524931632723,3.8274620995926156e-5,false
HS110,10,0,2P_SAR0_PH1_ATR0_RRU1_SQP_IDENTITY,false,1,true,false,true,KKT_OK,7,3.107993,-45.77847270024512,0.0,false
HS110,10,0,2P_SAR0_PH1_ATR0_RRU1_SQP_SPECTRAL,false,1,true,false,true,KKT_OK,7,2.72049,-45.77847553188681,0.0,false
HS110,10,0,2P_SAR0_PH1_ATR0_RRU1_SQP_RECIPROCAL,false,1,true,false,true,KKT_OK,7,1.4417989999999998,-45.77847270020419,0.0,false
HS110,10,0,2P_SAR0_PH1_ATR0_RRU1_SQP_EXPONENTIAL,false,1,true,false,true,KKT_OK,7,1.023625,-45.77847552813432,0.0,false
HS110,10,0,2P_SAR0_PH1_ATR0_RRU1_SQP_QUASI_NEWTON,false,1,true,false,true,KKT_OK,7,0.829458,-45.77847553188681,0.0,false
HS12,2,1,2P_SAR0_PH1_ATR0_RRU1_SQP_IDENTITY,false,1,true,false,true,INFEASIBLE_STATIONARY,0,2.172339,0.0,25.0,false
HS12,2,1,2P_SAR0_PH1_ATR0_RRU1_SQP_SPECTRAL,false,1,true,false,true,INFEASIBLE_STATIONARY,0,1.4005999999999998,0.0,25.0,false
HS12,2,1,2P_SAR0_PH1_ATR0_RRU1_SQP_RECIPROCAL,false,1,true,false,true,INFEASIBLE_STATIONARY,0,1.163299,0.0,25.0,false
HS12,2,1,2P_SAR0_PH1_ATR0_RRU1_SQP_EXPONENTIAL,false,1,true,false,true,INFEASIBLE_STATIONARY,0,1.011433,0.0,25.0,false
HS12,2,1,2P_SAR0_PH1_ATR0_RRU1_SQP_QUASI_NEWTON,false,1,true,false,true,INFEASIBLE_STATIONARY,0,0.9128609999999999,0.0,25.0,false
HS13,2,1,2P_SAR0_PH1_ATR0_RRU1_SQP_IDENTITY,false,1,true,false,true,SMALL_STEP,12,9.67952,1.0848784205037991,7.186143214240526e-5,false
HS13,2,1,2P_SAR0_PH1_ATR0_RRU1_SQP_SPECTRAL,false,1,true,false,true,SMALL_STEP,12,4.2587019999999995,1.0848784050710538,7.186136810717008e-5,false
HS13,2,1,2P_SAR0_PH1_ATR0_RRU1_SQP_RECIPROCAL,false,1,true,false,true,SMALL_STEP,12,4.1928529999999995,1.0846002647790247,7.117121664970227e-5,false
HS13,2,1,2P_SAR0_PH1_ATR0_RRU1_SQP_EXPONENTIAL,false,1,true,false,true,SMALL_STEP,13,7.6795539999999995,1.080751618176425,6.20617151928291e-5,false
HS13,2,1,2P_SAR0_PH1_ATR0_RRU1_SQP_QUASI_NEWTON,false,1,true,false,true,SMALL_STEP,12,4.100924,1.0848784149954667,7.186141861735167e-5,false
HS2,2,0,2P_SAR0_PH1_ATR0_RRU1_SQP_IDENTITY,false,1,true,false,true,SMALL_STEP,375,25.714333,4.941229318023906,0.0,false
HS2,2,0,2P_SAR0_PH1_ATR0_RRU1_SQP_SPECTRAL,false,1,true,false,true,SMALL_STEP,13,1.308137,0.05042618790259605,0.0,false
HS2,2,0,2P_SAR0_PH1_ATR0_RRU1_SQP_RECIPROCAL,false,1,true,false,true,SMALL_STEP,361,16.107554,4.941229345974114,0.0,false
HS2,2,0,2P_SAR0_PH1_ATR0_RRU1_SQP_EXPONENTIAL,false,1,true,false,true,SMALL_STEP,289,12.743303,4.941229318345057,0.0,false
HS2,2,0,2P_SAR0_PH1_ATR0_RRU1_SQP_QUASI_NEWTON,false,1,true,false,true,SMALL_STEP,145,10.700408999999999,4.941229317989184,0.0,false
HS21,2,1,2P_SAR0_PH1_ATR0_RRU1_SQP_IDENTITY,false,1,true,false,true,SMALL_STEP,31,23.190849,0.039999592589694544,2.0370515940726364e-8,false
HS21,2,1,2P_SAR0_PH1_ATR0_RRU1_SQP_SPECTRAL,false,1,true,false,true,SMALL_STEP,31,20.119257,0.039999592589694544,2.0370515940726364e-8,false
HS21,2,1,2P_SAR0_PH1_ATR0_RRU1_SQP_RECIPROCAL,false,1,true,false,true,SMALL_STEP,31,19.889957,0.03999974194798028,1.2902601653763668e-8,false
HS21,2,1,2P_SAR0_PH1_ATR0_RRU1_SQP_EXPONENTIAL,false,1,true,false,true,SMALL_STEP,31,23.864347000000002,0.03999974194798028,1.2902601653763668e-8,false
HS21,2,1,2P_SAR0_PH1_ATR0_RRU1_SQP_QUASI_NEWTON,false,1,true,false,true,SMALL_STEP,31,19.836871,0.03999974256572614,1.2871714361040176e-8,false
HS21MOD,7,1,2P_SAR0_PH1_ATR0_RRU1_SQP_IDENTITY,false,1,true,false,true,SMALL_STEP,31,27.23801,4.039954807960421,2.259887162736618e-6,false
HS21MOD,7,1,2P_SAR0_PH1_ATR0_RRU1_SQP_SPECTRAL,false,1,true,false,true,SMALL_STEP,31,27.234718,4.039987299473345,6.355127446511233e-7,false
HS21MOD,7,1,2P_SAR0_PH1_ATR0_RRU1_SQP_RECIPROCAL,false,1,true,false,true,SMALL_STEP,31,22.611271,4.039999003757691,4.981432510930972e-8,false
HS21MOD,7,1,2P_SAR0_PH1_ATR0_RRU1_SQP_EXPONENTIAL,false,1,true,false,true,SMALL_STEP,31,22.462341,4.039999003757691,4.981432510930972e-8,false
HS21MOD,7,1,2P_SAR0_PH1_ATR0_RRU1_SQP_QUASI_NEWTON,false,1,true,false,true,SMALL_STEP,31,25.958317,4.0399999161877265,4.190615854327007e-9,false
HS25,3,0,2P_SAR0_PH1_ATR0_RRU1_SQP_IDENTITY,false,1,true,false,true,KKT_OK,0,1.697338,32.834999999663594,0.0,false
HS25,3,0,2P_SAR0_PH1_ATR0_RRU1_SQP_SPECTRAL,false,1,true,false,true,KKT_OK,0,1.432254,32.834999999663594,0.0,false
HS25,3,0,2P_SAR0_PH1_ATR0_RRU1_SQP_RECIPROCAL,false,1,true,false,true,KKT_OK,0,1.442626,32.834999999663594,0.0,false
HS25,3,0,2P_SAR0_PH1_ATR0_RRU1_SQP_EXPONENTIAL,false,1,true,false,true,KKT_OK,0,1.5942420000000002,32.834999999663594,0.0,false
HS25,3,0,2P_SAR0_PH1_ATR0_RRU1_SQP_QUASI_NEWTON,false,1,true,false,true,KKT_OK,0,0.750686,32.834999999663594,0.0,false
HS26,3,1,2P_SAR0_PH1_ATR0_RRU1_SQP_IDENTITY,false,1,true,false,true,SMALL_STEP,49,16.309719,0.00022384104336243448,6.196227251864528e-5,false
HS26,3,1,2P_SAR0_PH1_ATR0_RRU1_SQP_SPECTRAL,false,1,true,false,true,SMALL_STEP,20,4.602366,0.000268056435965076,7.052502107574021e-5,false
HS26,3,1,2P_SAR0_PH1_ATR0_RRU1_SQP_RECIPROCAL,false,1,true,false,true,SMALL_STEP,35,10.568826999999999,0.0001598138467866788,5.598011628338284e-5,false
HS26,3,1,2P_SAR0_PH1_ATR0_RRU1_SQP_EXPONENTIAL,false,1,true,false,true,SMALL_STEP,17,3.899133,0.0020526840276327177,8.836877791407183e-5,false
HS26,3,1,2P_SAR0_PH1_ATR0_RRU1_SQP_QUASI_NEWTON,false,1,true,false,true,SMALL_STEP,17,3.809933,0.0032916747590494583,5.278332933422725e-5,false
HS27,3,1,2P_SAR0_PH1_ATR0_RRU1_SQP_IDENTITY,false,1,true,false,true,KKT_OK,31,15.126525,0.03999984030482609,3.997479579723785e-6,false
HS27,3,1,2P_SAR0_PH1_ATR0_RRU1_SQP_SPECTRAL,false,1,true,false,true,SMALL_STEP,27,8.258771999999999,0.08132530745822661,8.028658338417349e-5,false
HS27,3,1,2P_SAR0_PH1_ATR0_RRU1_SQP_RECIPROCAL,false,1,true,false,true,SMALL_STEP,27,8.197979,0.04026190785609144,2.01155888875263e-5,false
HS27,3,1,2P_SAR0_PH1_ATR0_RRU1_SQP_EXPONENTIAL,false,1,true,false,true,KKT_OK,30,8.301199,0.04000604001578924,1.8514609360085278e-5,false
HS27,3,1,2P_SAR0_PH1_ATR0_RRU1_SQP_QUASI_NEWTON,false,1,true,false,true,KKT_OK,28,8.393357,0.040011661568842005,8.021455970707355e-6,false
HS28,3,1,2P_SAR0_PH1_ATR0_RRU1_SQP_IDENTITY,false,1,true,false,true,SMALL_STEP,7,3.765929,3.999998979439988,9.681144774731365e-13,false
HS28,3,1,2P_SAR0_PH1_ATR0_RRU1_SQP_SPECTRAL,false,1,true,false,true,KKT_OK,62,4.9696810000000005,1.2387279092982354e-5,1.5079049120458876e-12,false
HS28,3,1,2P_SAR0_PH1_ATR0_RRU1_SQP_RECIPROCAL,false,1,true,false,true,SMALL_STEP,16,1.95523,0.7544713496577169,2.745581539898012e-11,false
HS28,3,1,2P_SAR0_PH1_ATR0_RRU1_SQP_EXPONENTIAL,false,1,true,false,true,SMALL_STEP,14,1.717164,0.24170124628516906,4.096949890453061e-9,false
HS28,3,1,2P_SAR0_PH1_ATR0_RRU1_SQP_QUASI_NEWTON,false,1,true,false,true,SMALL_STEP,11,1.476013,0.17909665630301808,2.5633273281755464e-11,false
HS29,3,1,2P_SAR0_PH1_ATR0_RRU1_SQP_IDENTITY,false,1,true,false,true,SMALL_STEP,17,9.55227,-22.62739908913273,3.6608970130913576e-6,false
HS29,3,1,2P_SAR0_PH1_ATR0_RRU1_SQP_SPECTRAL,false,1,true,false,true,SMALL_STEP,23,6.641953,-22.627450095423097,6.202238338914867e-5,false
HS29,3,1,2P_SAR0_PH1_ATR0_RRU1_SQP_RECIPROCAL,false,1,true,false,true,KKT_OK,21,5.0694110000000006,-22.627422225046452,7.435767841457164e-6,false
HS29,3,1,2P_SAR0_PH1_ATR0_RRU1_SQP_EXPONENTIAL,false,1,true,false,true,SMALL_STEP,39,10.868938,-22.62743393199868,6.187746019037377e-5,false
HS29,3,1,2P_SAR0_PH1_ATR0_RRU1_SQP_QUASI_NEWTON,false,1,true,false,true,SMALL_STEP,37,9.992053,-22.627201058893924,3.103980026075703e-5,false
HS3,2,0,2P_SAR0_PH1_ATR0_RRU1_SQP_IDENTITY,false,1,true,false,true,KKT_OK,7,1.6724960000000002,0.00099764257594199,0.0,false
HS3,2,0,2P_SAR0_PH1_ATR0_RRU1_SQP_SPECTRAL,false,1,true,false,true,KKT_OK,7,1.367778,0.0002241963479844569,0.0,false
HS3,2,0,2P_SAR0_PH1_ATR0_RRU1_SQP_RECIPROCAL,false,1,true,false,true,KKT_OK,7,1.2103789999999999,6.761319519119526e-5,0.0,false
HS3,2,0,2P_SAR0_PH1_ATR0_RRU1_SQP_EXPONENTIAL,false,1,true,false,true,KKT_OK,7,1.094053,6.76131603710833e-5,0.0,false
HS3,2,0,2P_SAR0_PH1_ATR0_RRU1_SQP_QUASI_NEWTON,false,1,true,false,true,KKT_OK,7,0.9423860000000001,3.6899272441139286e-9,0.0,false
HS30,3,1,2P_SAR0_PH1_ATR0_RRU1_SQP_IDENTITY,false,1,true,false,true,SMALL_STEP,17,21.211495,1.0000370108540328,3.678654913035366e-5,false
HS30,3,1,2P_SAR0_PH1_ATR0_RRU1_SQP_SPECTRAL,false,1,true,false,true,SMALL_STEP,16,5.319418000000001,1.0000379880798556,3.798807985554953e-5,false
HS30,3,1,2P_SAR0_PH1_ATR0_RRU1_SQP_RECIPROCAL,false,1,true,false,true,SMALL_STEP,21,7.561001,1.0000376517944665,3.7609944081557165e-5,false
HS30,3,1,2P_SAR0_PH1_ATR0_RRU1_SQP_EXPONENTIAL,false,1,true,false,true,SMALL_STEP,16,6.1746,1.0000378388092093,3.783880920901226e-5,false
HS30,3,1,2P_SAR0_PH1_ATR0_RRU1_SQP_QUASI_NEWTON,false,1,true,false,true,SMALL_STEP,16,10.05894,1.0000382035254427,3.820352544277122e-5,false
HS31,3,1,2P_SAR0_PH1_ATR0_RRU1_SQP_IDENTITY,false,1,true,false,true,SMALL_STEP,12,6.601235,5.999644482966574,6.544858548507282e-5,false
HS31,3,1,2P_SAR0_PH1_ATR0_RRU1_SQP_SPECTRAL,false,1,true,false,true,SMALL_STEP,13,3.064808,6.000171200969585,9.095148242777018e-5,false
HS31,3,1,2P_SAR0_PH1_ATR0_RRU1_SQP_RECIPROCAL,false,1,true,false,true,SMALL_STEP,13,5.555217000000001,6.0000575115953465,5.166452451577097e-5,false
HS31,3,1,2P_SAR0_PH1_ATR0_RRU1_SQP_EXPONENTIAL,false,1,true,false,true,SMALL_STEP,13,4.2269380000000005,5.999877382803469,5.327934261190048e-5,false
HS31,3,1,2P_SAR0_PH1_ATR0_RRU1_SQP_QUASI_NEWTON,false,1,true,false,true,SMALL_STEP,13,4.191018000000001,5.999877382604306,5.327933870902246e-5,false
HS35,3,1,2P_SAR0_PH1_ATR0_RRU1_SQP_IDENTITY,false,1,true,false,true,SMALL_STEP,11,8.016483,0.11306580830520585,6.381102313213205e-10,false
HS35,3,1,2P_SAR0_PH1_ATR0_RRU1_SQP_SPECTRAL,false,1,true,false,true,KKT_OK,16,2.18314,0.11111151007214426,1.4335199693960021e-12,false
HS35,3,1,2P_SAR0_PH1_ATR0_RRU1_SQP_RECIPROCAL,false,1,true,false,true,KKT_OK,9,1.8938469999999998,0.11111130856296403,5.3694049206853833e-11,false
HS35,3,1,2P_SAR0_PH1_ATR0_RRU1_SQP_EXPONENTIAL,false,1,true,false,true,KKT_OK,9,1.875178,0.11111161925520885,1.480684463928128e-10,false
HS35,3,1,2P_SAR0_PH1_ATR0_RRU1_SQP_QUASI_NEWTON,false,1,true,false,true,KKT_OK,14,2.109784,0.11111120658009832,4.088657190592926e-10,false
HS35I,3,1,2P_SAR0_PH1_ATR0_RRU1_SQP_IDENTITY,false,1,true,false,true,SMALL_STEP,11,10.027642,0.11306580830520585,6.381102313213205e-10,false
HS35I,3,1,2P_SAR0_PH1_ATR0_RRU1_SQP_SPECTRAL,false,1,true,false,true,KKT_OK,16,6.5601970000000005,0.11111151007214382,1.4346301924206273e-12,false
HS35I,3,1,2P_SAR0_PH1_ATR0_RRU1_SQP_RECIPROCAL,false,1,true,false,true,KKT_OK,9,7.137497,0.11111130856296403,5.3694493296063683e-11,false
HS35I,3,1,2P_SAR0_PH1_ATR0_RRU1_SQP_EXPONENTIAL,false,1,true,false,true,KKT_OK,9,1.908863,0.11111161925520885,1.480684463928128e-10,false
HS35I,3,1,2P_SAR0_PH1_ATR0_RRU1_SQP_QUASI_NEWTON,false,1,true,false,true,KKT_OK,14,2.145312,0.11111120658009721,4.088662741708049e-10,false
HS35MOD,3,1,2P_SAR0_PH1_ATR0_RRU1_SQP_IDENTITY,false,1,true,false,true,KKT_OK,6,11.621981,0.24999999999999978,4.440892098500626e-16,false
HS35MOD,3,1,2P_SAR0_PH1_ATR0_RRU1_SQP_SPECTRAL,false,1,true,false,true,KKT_OK,17,7.693205,0.25000033112755826,6.075140390748857e-13,false
HS35MOD,3,1,2P_SAR0_PH1_ATR0_RRU1_SQP_RECIPROCAL,false,1,true,false,true,KKT_OK,10,3.442202,0.2500000131465363,7.219779796230341e-8,false
HS35MOD,3,1,2P_SAR0_PH1_ATR0_RRU1_SQP_EXPONENTIAL,false,1,true,false,true,KKT_OK,6,2.054564,0.25,1.1102230246251565e-16,false
HS35MOD,3,1,2P_SAR0_PH1_ATR0_RRU1_SQP_QUASI_NEWTON,false,1,true,false,true,KKT_OK,8,1.922016,0.2500000001412006,2.4713564528155985e-13,false
HS36,3,1,2P_SAR0_PH1_ATR0_RRU1_SQP_IDENTITY,false,1,true,false,true,SMALL_STEP,32,21.470597,-3300.000000000033,3.019806626980426e-13,false
HS36,3,1,2P_SAR0_PH1_ATR0_RRU1_SQP_SPECTRAL,false,1,true,false,true,SMALL_STEP,32,14.334629999999999,-3300.000000000007,6.039613253960852e-14,false
HS36,3,1,2P_SAR0_PH1_ATR0_RRU1_SQP_RECIPROCAL,false,1,true,false,true,SMALL_STEP,32,12.755801,-3300.0000000000014,1.0658141036401503e-14,false
HS36,3,1,2P_SAR0_PH1_ATR0_RRU1_SQP_EXPONENTIAL,false,1,true,false,true,SMALL_STEP,33,13.543661,-3300.000000000004,3.552713678800501e-14,false
HS36,3,1,2P_SAR0_PH1_ATR0_RRU1_SQP_QUASI_NEWTON,false,1,true,false,true,SMALL_STEP,32,13.526239,-3300.000000000004,3.552713678800501e-14,false
HS38,4,0,2P_SAR0_PH1_ATR0_RRU1_SQP_IDENTITY,false,1,true,false,true,SMALL_STEP,66,6.143552,7.877009238263102,0.0,false
HS38,4,0,2P_SAR0_PH1_ATR0_RRU1_SQP_SPECTRAL,false,1,true,false,true,SMALL_STEP,30,2.036038,7.87689502410908,0.0,false
HS38,4,0,2P_SAR0_PH1_ATR0_RRU1_SQP_RECIPROCAL,false,1,true,false,true,SMALL_STEP,92,9.717781,5.316709003581244e-5,0.0,false
HS38,4,0,2P_SAR0_PH1_ATR0_RRU1_SQP_EXPONENTIAL,false,1,true,false,true,SMALL_STEP,74,4.074236,7.876998060940025,0.0,false
HS38,4,0,2P_SAR0_PH1_ATR0_RRU1_SQP_QUASI_NEWTON,false,1,true,false,true,SMALL_STEP,66,3.6036050000000004,7.876829479336576,0.0,false
HS3MOD,2,0,2P_SAR0_PH1_ATR0_RRU1_SQP_IDENTITY,false,1,true,false,true,KKT_OK,24,4.035558,3.728265989851944e-9,0.0,false
HS3MOD,2,0,2P_SAR0_PH1_ATR0_RRU1_SQP_SPECTRAL,false,1,true,false,true,KKT_OK,18,2.0529319999999998,5.4019928656723464e-8,0.0,false
HS3MOD,2,0,2P_SAR0_PH1_ATR0_RRU1_SQP_RECIPROCAL,false,1,true,false,true,KKT_OK,19,1.999834,1.916068157017046e-8,0.0,false
HS3MOD,2,0,2P_SAR0_PH1_ATR0_RRU1_SQP_EXPONENTIAL,false,1,true,false,true,KKT_OK,21,1.628912,2.8405082688514307e-16,0.0,false
HS3MOD,2,0,2P_SAR0_PH1_ATR0_RRU1_SQP_QUASI_NEWTON,false,1,true,false,true,KKT_OK,15,1.381489,7.332874453386179e-19,0.0,false
HS4,2,0,2P_SAR0_PH1_ATR0_RRU1_SQP_IDENTITY,false,1,true,false,true,KKT_OK,5,2.62838,2.66666666664,0.0,false
HS4,2,0,2P_SAR0_PH1_ATR0_RRU1_SQP_SPECTRAL,false,1,true,false,true,KKT_OK,5,2.061682,2.66666666664,0.0,false
HS4,2,0,2P_SAR0_PH1_ATR0_RRU1_SQP_RECIPROCAL,false,1,true,false,true,KKT_OK,5,1.611006,2.66666666664,0.0,false
HS4,2,0,2P_SAR0_PH1_ATR0_RRU1_SQP_EXPONENTIAL,false,1,true,false,true,KKT_OK,5,1.426947,2.66666666664,0.0,false
HS4,2,0,2P_SAR0_PH1_ATR0_RRU1_SQP_QUASI_NEWTON,false,1,true,false,true,KKT_OK,5,1.228031,2.66666666664,0.0,false
HS41,4,1,2P_SAR0_PH1_ATR0_RRU1_SQP_IDENTITY,false,1,true,false,true,KKT_OK,9,4.971528,1.9259259273151974,6.739695468382934e-10,false
HS41,4,1,2P_SAR0_PH1_ATR0_RRU1_SQP_SPECTRAL,false,1,true,false,true,KKT_OK,9,2.8164100000000003,1.9259259994314553,1.1542449218637785e-9,false
HS41,4,1,2P_SAR0_PH1_ATR0_RRU1_SQP_RECIPROCAL,false,1,true,false,true,KKT_OK,9,5.553026,1.9259316340997097,8.563623143942323e-10,false
HS41,4,1,2P_SAR0_PH1_ATR0_RRU1_SQP_EXPONENTIAL,false,1,true,false,true,KKT_OK,9,2.256064,1.9259259261262844,1.8032233484177596e-9,false
HS41,4,1,2P_SAR0_PH1_ATR0_RRU1_SQP_QUASI_NEWTON,false,1,true,false,true,KKT_OK,9,2.163504,1.9259259261149264,1.7010017838714475e-9,false
HS45,5,0,2P_SAR0_PH1_ATR0_RRU1_SQP_IDENTITY,false,1,true,false,true,KKT_OK,8,4.049898,1.000000000004,0.0,false
HS45,5,0,2P_SAR0_PH1_ATR0_RRU1_SQP_SPECTRAL,false,1,true,false,true,KKT_OK,8,2.291353,1.000000000004,0.0,false
HS45,5,0,2P_SAR0_PH1_ATR0_RRU1_SQP_RECIPROCAL,false,1,true,false,true,KKT_OK,8,0.847492,1.0000000000040017,0.0,false
HS45,5,0,2P_SAR0_PH1_ATR0_RRU1_SQP_EXPONENTIAL,false,1,true,false,true,KKT_OK,8,1.3387360000000001,1.000000000004,0.0,false
HS45,5,0,2P_SAR0_PH1_ATR0_RRU1_SQP_QUASI_NEWTON,false,1,true,false,true,KKT_OK,8,1.346093,1.0000000000040257,0.0,false
HS5,2,0,2P_SAR0_PH1_ATR0_RRU1_SQP_IDENTITY,false,1,true,false,true,KKT_OK,19,3.4522120000000003,-1.9132229329151813,0.0,false
HS5,2,0,2P_SAR0_PH1_ATR0_RRU1_SQP_SPECTRAL,false,1,true,false,true,KKT_OK,12,1.830396,-1.9132229549290982,0.0,false
HS5,2,0,2P_SAR0_PH1_ATR0_RRU1_SQP_RECIPROCAL,false,1,true,false,true,KKT_OK,18,1.819319,-1.9132228946097034,0.0,false
HS5,2,0,2P_SAR0_PH1_ATR0_RRU1_SQP_EXPONENTIAL,false,1,true,false,true,KKT_OK,16,1.511802,-1.913222919191764,0.0,false
HS5,2,0,2P_SAR0_PH1_ATR0_RRU1_SQP_QUASI_NEWTON,false,1,true,false,true,KKT_OK,12,1.115401,-1.9132229402678187,0.0,false
HS54,6,1,2P_SAR0_PH1_ATR0_RRU1_SQP_IDENTITY,false,1,true,false,true,KKT_OK,12,6.568054,-0.15406216309759044,5.53962127014529e-6,false
HS54,6,1,2P_SAR0_PH1_ATR0_RRU1_SQP_SPECTRAL,false,1,true,false,true,KKT_OK,12,3.851675,-0.15405461562849507,0.0,false
HS54,6,1,2P_SAR0_PH1_ATR0_RRU1_SQP_RECIPROCAL,false,1,true,false,true,KKT_OK,12,3.9829269999999997,-0.15405891479379058,1.0913936421275139e-11,false
HS54,6,1,2P_SAR0_PH1_ATR0_RRU1_SQP_EXPONENTIAL,false,1,true,false,true,KKT_OK,12,3.9125829999999997,-0.15405890993587146,2.342858351767063e-9,false
HS54,6,1,2P_SAR0_PH1_ATR0_RRU1_SQP_QUASI_NEWTON,false,1,true,false,true,KKT_OK,12,3.709438,-0.15738281437013923,1.8189894035458565e-12,false
HS57,2,1,2P_SAR0_PH1_ATR0_RRU1_SQP_IDENTITY,false,1,true,false,true,SMALL_STEP,8,6.10355,0.13348544620534925,8.474813200187725e-5,false
HS57,2,1,2P_SAR0_PH1_ATR0_RRU1_SQP_SPECTRAL,false,1,true,false,true,SMALL_STEP,4,1.507064,0.1358148146381929,8.250169689638653e-7,false
HS57,2,1,2P_SAR0_PH1_ATR0_RRU1_SQP_RECIPROCAL,false,1,true,false,true,SMALL_STEP,9,1.988802,0.1310422269004669,3.9300469926395465e-5,false
HS57,2,1,2P_SAR0_PH1_ATR0_RRU1_SQP_EXPONENTIAL,false,1,true,false,true,KKT_OK,11,2.616826,0.02845575036852002,5.8689563357749996e-5,false
HS57,2,1,2P_SAR0_PH1_ATR0_RRU1_SQP_QUASI_NEWTON,false,1,true,false,true,KKT_OK,9,2.339851,0.028453983308225118,8.511706485636594e-5,false
HS6,2,1,2P_SAR0_PH1_ATR0_RRU1_SQP_IDENTITY,false,1,true,false,true,SMALL_STEP,15,9.575149,1.815155898972427e-5,6.338287761309402e-5,false
HS6,2,1,2P_SAR0_PH1_ATR0_RRU1_SQP_SPECTRAL,false,1,true,false,true,SMALL_STEP,20,4.915495,8.403750404457335e-5,7.391744436535674e-5,false
HS6,2,1,2P_SAR0_PH1_ATR0_RRU1_SQP_RECIPROCAL,false,1,true,false,true,SMALL_STEP,21,4.994453,1.0078868169734276,7.445649676820039e-6,false
HS6,2,1,2P_SAR0_PH1_ATR0_RRU1_SQP_EXPONENTIAL,false,1,true,false,true,KKT_OK,16,4.163806,2.78321357115456e-7,6.79360755895253e-5,false
HS6,2,1,2P_SAR0_PH1_ATR0_RRU1_SQP_QUASI_NEWTON,false,1,true,false,true,KKT_OK,11,3.1058499999999998,3.636484793106671e-19,1.8277573898828336e-8,false
HS60,3,1,2P_SAR0_PH1_ATR0_RRU1_SQP_IDENTITY,false,1,true,false,true,KKT_OK,15,7.725129,0.03256942488816345,6.717236248143799e-5,false
HS60,3,1,2P_SAR0_PH1_ATR0_RRU1_SQP_SPECTRAL,false,1,true,false,true,KKT_OK,11,2.953421,0.03256823759303853,3.28937075222413e-6,false
HS60,3,1,2P_SAR0_PH1_ATR0_RRU1_SQP_RECIPROCAL,false,1,true,false,true,KKT_OK,12,3.141381,0.03256776823260266,5.202736433607136e-5,false
HS60,3,1,2P_SAR0_PH1_ATR0_RRU1_SQP_EXPONENTIAL,false,1,true,false,true,KKT_OK,19,4.351196,0.03256770259263596,5.6813834693247856e-5,false
HS60,3,1,2P_SAR0_PH1_ATR0_RRU1_SQP_QUASI_NEWTON,false,1,true,false,true,SMALL_STEP,12,2.954079,0.03263199003390194,4.533379988669317e-5,false
HS62,3,1,2P_SAR0_PH1_ATR0_RRU1_SQP_IDENTITY,false,1,true,false,true,SMALL_STEP,8,4.663449,-26219.220176401956,1.9733090161899725e-10,false
HS62,3,1,2P_SAR0_PH1_ATR0_RRU1_SQP_SPECTRAL,false,1,true,false,true,SMALL_STEP,6,2.6585430000000003,-26215.723498842548,9.700237835197356e-11,false
HS62,3,1,2P_SAR0_PH1_ATR0_RRU1_SQP_RECIPROCAL,false,1,true,false,true,SMALL_STEP,13,1.659518,-26242.42447629124,9.503780401542983e-11,false
HS62,3,1,2P_SAR0_PH1_ATR0_RRU1_SQP_EXPONENTIAL,false,1,true,false,true,SMALL_STEP,12,3.830515,-26248.530409068422,9.494272729115849e-11,false
HS62,3,1,2P_SAR0_PH1_ATR0_RRU1_SQP_QUASI_NEWTON,false,1,true,false,true,SMALL_STEP,6,2.411117,-26207.184811554544,9.48848430382121e-11,false
HS64,3,1,2P_SAR0_PH1_ATR0_RRU1_SQP_IDENTITY,false,1,true,false,true,KKT_OK,130,251.91607,6299.625338059108,9.527123144925653e-5,false
HS64,3,1,2P_SAR0_PH1_ATR0_RRU1_SQP_SPECTRAL,false,1,true,false,true,SMALL_STEP,116,198.488938,6299.69215655643,6.596441000428221e-5,false
HS64,3,1,2P_SAR0_PH1_ATR0_RRU1_SQP_RECIPROCAL,false,1,true,false,true,SMALL_STEP,123,224.042235,6299.8043704602715,1.8380926540273457e-5,false
HS64,3,1,2P_SAR0_PH1_ATR0_RRU1_SQP_EXPONENTIAL,false,1,true,false,true,SMALL_STEP,132,210.88531899999998,6299.810312065442,3.369982892675871e-5,false
HS64,3,1,2P_SAR0_PH1_ATR0_RRU1_SQP_QUASI_NEWTON,false,1,true,false,true,SMALL_STEP,118,197.267142,6299.735176416056,4.8740299200322745e-5,false
HS65,3,1,2P_SAR0_PH1_ATR0_RRU1_SQP_IDENTITY,false,1,true,false,true,INFEASIBLE_STATIONARY,0,2.081383,117.111111111,7.5,false
HS65,3,1,2P_SAR0_PH1_ATR0_RRU1_SQP_SPECTRAL,false,1,true,false,true,INFEASIBLE_STATIONARY,0,1.361704,117.111111111,7.5,false
HS65,3,1,2P_SAR0_PH1_ATR0_RRU1_SQP_RECIPROCAL,false,1,true,false,true,INFEASIBLE_STATIONARY,0,1.158474,117.111111111,7.5,false
HS65,3,1,2P_SAR0_PH1_ATR0_RRU1_SQP_EXPONENTIAL,false,1,true,false,true,INFEASIBLE_STATIONARY,0,1.005154,117.111111111,7.5,false
HS65,3,1,2P_SAR0_PH1_ATR0_RRU1_SQP_QUASI_NEWTON,false,1,true,false,true,INFEASIBLE_STATIONARY,0,0.9232729999999999,117.111111111,7.5,false
HS7,2,1,2P_SAR0_PH1_ATR0_RRU1_SQP_IDENTITY,false,1,true,false,true,SMALL_STEP,51,20.800717,-1.7320503780587357,1.7790466324552057e-5,false
HS7,2,1,2P_SAR0_PH1_ATR0_RRU1_SQP_SPECTRAL,false,1,true,false,true,KKT_OK,30,8.138991,-1.7320750684407125,8.40427286754597e-5,false
HS7,2,1,2P_SAR0_PH1_ATR0_RRU1_SQP_RECIPROCAL,false,1,true,false,true,KKT_OK,32,8.579926,-1.7320664396454934,5.415162214017499e-5,false
HS7,2,1,2P_SAR0_PH1_ATR0_RRU1_SQP_EXPONENTIAL,false,1,true,false,true,KKT_OK,32,8.046681,-1.732051441955338,2.641181204410259e-6,false
HS7,2,1,2P_SAR0_PH1_ATR0_RRU1_SQP_QUASI_NEWTON,false,1,true,false,true,KKT_OK,30,8.060167999999999,-1.7320514119989603,2.095257793488514e-6,false
HS70,4,1,2P_SAR0_PH1_ATR0_RRU1_SQP_IDENTITY,false,1,true,false,true,SMALL_STEP,17,19.618636,5.921457247817634,1.99999e-5,false
HS70,4,1,2P_SAR0_PH1_ATR0_RRU1_SQP_SPECTRAL,false,1,true,false,true,INFEASIBLE_STATIONARY,3,2.607069,0.27201707079279525,1.0,false
HS70,4,1,2P_SAR0_PH1_ATR0_RRU1_SQP_RECIPROCAL,false,1,true,false,true,SMALL_STEP,20,6.882168,5.6194469100230515,1.99999e-5,false
HS70,4,1,2P_SAR0_PH1_ATR0_RRU1_SQP_EXPONENTIAL,false,1,true,false,true,SMALL_STEP,19,6.408764,7.078398112101582,1.99999e-5,false
HS70,4,1,2P_SAR0_PH1_ATR0_RRU1_SQP_QUASI_NEWTON,false,1,true,false,true,INFEASIBLE_STATIONARY,3,2.2346570000000003,0.27188212823796704,1.0,false
HS88,2,1,2P_SAR0_PH1_ATR0_RRU1_SQP_IDENTITY,false,1,true,false,true,SMALL_STEP,78,71.438878,1.2882980274526066,9.476355826701194e-5,false
HS88,2,1,2P_SAR0_PH1_ATR0_RRU1_SQP_SPECTRAL,false,1,true,false,true,SMALL_STEP,56,37.390688999999995,1.2861676479182864,9.860487473449651e-5,false
HS88,2,1,2P_SAR0_PH1_ATR0_RRU1_SQP_RECIPROCAL,false,1,true,false,true,SMALL_STEP,90,74.64856,1.2862353929721488,9.746019190841664e-5,false
HS88,2,1,2P_SAR0_PH1_ATR0_RRU1_SQP_EXPONENTIAL,false,1,true,false,true,SMALL_STEP,62,53.63918,1.289387230318206,9.209344246327048e-5,false
HS88,2,1,2P_SAR0_PH1_ATR0_RRU1_SQP_QUASI_NEWTON,false,1,true,false,true,SMALL_STEP,61,45.962154,1.2916151075655926,8.847301651526995e-5,false
HS89,3,1,2P_SAR0_PH1_ATR0_RRU1_SQP_IDENTITY,false,1,true,false,true,SMALL_STEP,100,128.042855,1.2877032896441436,9.574204683718912e-5,false
HS89,3,1,2P_SAR0_PH1_ATR0_RRU1_SQP_SPECTRAL,false,1,true,false,true,SMALL_STEP,98,105.654397,1.2888925615252507,9.556628240081892e-5,false
HS89,3,1,2P_SAR0_PH1_ATR0_RRU1_SQP_RECIPROCAL,false,1,true,false,true,SMALL_STEP,95,103.025337,1.2866476817326273,9.706135937665427e-5,false
HS89,3,1,2P_SAR0_PH1_ATR0_RRU1_SQP_EXPONENTIAL,false,1,true,false,true,SMALL_STEP,79,73.074952,1.285641226551131,9.854893366314467e-5,false
HS89,3,1,2P_SAR0_PH1_ATR0_RRU1_SQP_QUASI_NEWTON,false,1,true,false,true,SMALL_STEP,77,74.20026,1.2914291426760451,9.033921452209454e-5,false
HS9,2,1,2P_SAR0_PH1_ATR0_RRU1_SQP_IDENTITY,false,1,true,false,true,KKT_OK,13,6.408297999999999,-0.499998233348467,2.1579182885034243e-11,false
HS9,2,1,2P_SAR0_PH1_ATR0_RRU1_SQP_SPECTRAL,false,1,true,false,true,KKT_OK,9,3.9638369999999994,-0.499999999872726,1.4571455153600255e-11,false
HS9,2,1,2P_SAR0_PH1_ATR0_RRU1_SQP_RECIPROCAL,false,1,true,false,true,KKT_OK,16,3.377554,-0.499999954834502,8.263612016889965e-12,false
HS9,2,1,2P_SAR0_PH1_ATR0_RRU1_SQP_EXPONENTIAL,false,1,true,false,true,KKT_OK,10,1.971926,-0.49999999999971934,1.319300224622566e-11,false
HS9,2,1,2P_SAR0_PH1_ATR0_RRU1_SQP_QUASI_NEWTON,false,1,true,false,true,KKT_OK,9,1.432911,-0.5000000000004792,1.4644285784015665e-11,false
HS90,4,1,2P_SAR0_PH1_ATR0_RRU1_SQP_IDENTITY,false,1,true,false,true,SMALL_STEP,68,90.354667,1.2882805463480194,9.673470570198185e-5,false
HS90,4,1,2P_SAR0_PH1_ATR0_RRU1_SQP_SPECTRAL,false,1,true,false,true,SMALL_STEP,58,62.74741,1.2885541041515642,9.629116924731234e-5,false
HS90,4,1,2P_SAR0_PH1_ATR0_RRU1_SQP_RECIPROCAL,false,1,true,false,true,SMALL_STEP,66,97.052678,1.2898978169059978,9.427692635559415e-5,false
HS90,4,1,2P_SAR0_PH1_ATR0_RRU1_SQP_EXPONENTIAL,false,1,true,false,true,SMALL_STEP,47,45.372105000000005,1.2922338552622874,8.754260489073601e-5,false
HS90,4,1,2P_SAR0_PH1_ATR0_RRU1_SQP_QUASI_NEWTON,false,1,true,false,true,SMALL_STEP,40,36.659415,1.3152846704519128,5.629114898073242e-5,false
HS91,5,1,2P_SAR0_PH1_ATR0_RRU1_SQP_IDENTITY,false,1,true,false,true,SMALL_STEP,82,150.019083,1.2912392257992622,9.214970700383128e-5,false
HS91,5,1,2P_SAR0_PH1_ATR0_RRU1_SQP_SPECTRAL,false,1,true,false,true,SMALL_STEP,68,90.490264,1.290980065189237,9.269604499016628e-5,false
HS91,5,1,2P_SAR0_PH1_ATR0_RRU1_SQP_RECIPROCAL,false,1,true,false,true,SMALL_STEP,60,72.91932800000001,1.289054875069473,9.32518838853909e-5,false
HS91,5,1,2P_SAR0_PH1_ATR0_RRU1_SQP_EXPONENTIAL,false,1,true,false,true,SMALL_STEP,61,81.32110300000001,1.2903480441392698,9.613360420802416e-5,false
HS91,5,1,2P_SAR0_PH1_ATR0_RRU1_SQP_QUASI_NEWTON,false,1,true,false,true,SMALL_STEP,52,80.951473,1.2871212798189668,9.77342532408845e-5,false
HS92,6,1,2P_SAR0_PH1_ATR0_RRU1_SQP_IDENTITY,false,1,true,false,true,SMALL_STEP,80,141.62059699999998,1.2897391249688044,9.435330621597369e-5,false
HS92,6,1,2P_SAR0_PH1_ATR0_RRU1_SQP_SPECTRAL,false,1,true,false,true,SMALL_STEP,71,124.69873700000001,1.2905752376857467,9.034138980024062e-5,false
HS92,6,1,2P_SAR0_PH1_ATR0_RRU1_SQP_RECIPROCAL,false,1,true,false,true,SMALL_STEP,61,106.178783,1.286098024450837,9.780166003775852e-5,false
HS92,6,1,2P_SAR0_PH1_ATR0_RRU1_SQP_EXPONENTIAL,false,1,true,false,true,SMALL_STEP,65,139.226918,1.2913793098561825,9.261589277544874e-5,false
HS92,6,1,2P_SAR0_PH1_ATR0_RRU1_SQP_QUASI_NEWTON,false,1,true,false,true,SMALL_STEP,50,80.095562,1.285426241184181,9.962970630415e-5,false
HUBFIT,2,1,2P_SAR0_PH1_ATR0_RRU1_SQP_IDENTITY,false,1,true,false,true,KKT_OK,12,10.904668,0.01689372662123996,3.637479040197178e-9,false
HUBFIT,2,1,2P_SAR0_PH1_ATR0_RRU1_SQP_SPECTRAL,false,1,true,false,true,KKT_OK,25,5.147889999999999,0.01689755478311565,3.380823399012911e-12,false
HUBFIT,2,1,2P_SAR0_PH1_ATR0_RRU1_SQP_RECIPROCAL,false,1,true,false,true,KKT_OK,17,2.6769760000000002,0.016895402608863727,3.2320812692887557e-12,false
HUBFIT,2,1,2P_SAR0_PH1_ATR0_RRU1_SQP_EXPONENTIAL,false,1,true,false,true,KKT_OK,8,2.0265809999999997,0.01689357269043435,1.1109846376200494e-10,false
HUBFIT,2,1,2P_SAR0_PH1_ATR0_RRU1_SQP_QUASI_NEWTON,false,1,true,false,true,KKT_OK,10,2.048741,0.01689355327172938,1.9345636204093353e-14,false
HUMPS,2,0,2P_SAR0_PH1_ATR0_RRU1_SQP_IDENTITY,false,1,true,false,true,SMALL_STEP,465,37.609097,0.10869505241142166,0.0,false
HUMPS,2,0,2P_SAR0_PH1_ATR0_RRU1_SQP_SPECTRAL,false,1,true,false,true,SMALL_STEP,522,24.881738000000002,0.12700323470757177,0.0,false
HUMPS,2,0,2P_SAR0_PH1_ATR0_RRU1_SQP_RECIPROCAL,false,1,true,false,true,SMALL_STEP,371,16.612118,62.301157549491,0.0,false
HUMPS,2,0,2P_SAR0_PH1_ATR0_RRU1_SQP_EXPONENTIAL,false,1,true,false,true,MAX_IT,5000,231.458116,0.5549617068319749,0.0,false
HUMPS,2,0,2P_SAR0_PH1_ATR0_RRU1_SQP_QUASI_NEWTON,false,1,true,false,true,KKT_OK,46,2.7840249999999997,1.3890660584107926e-9,0.0,false
HYDC20LS,99,0,2P_SAR0_PH1_ATR0_RRU1_SQP_IDENTITY,false,1,true,false,true,SMALL_STEP,436,80.829205,4.973514526951022,0.0,false
HYDC20LS,99,0,2P_SAR0_PH1_ATR0_RRU1_SQP_SPECTRAL,false,1,true,false,true,SMALL_STEP,479,80.732066,3.9625091239723944,0.0,false
HYDC20LS,99,0,2P_SAR0_PH1_ATR0_RRU1_SQP_RECIPROCAL,false,1,true,false,true,SMALL_STEP,451,80.13123900000001,4.674818971390336,0.0,false
HYDC20LS,99,0,2P_SAR0_PH1_ATR0_RRU1_SQP_EXPONENTIAL,false,1,true,false,true,SMALL_STEP,457,89.211483,4.60908120700934,0.0,false
HYDC20LS,99,0,2P_SAR0_PH1_ATR0_RRU1_SQP_QUASI_NEWTON,false,1,true,false,true,SMALL_STEP,931,163.650311,1.7351314987769562,0.0,false
HYDCAR6LS,29,0,2P_SAR0_PH1_ATR0_RRU1_SQP_IDENTITY,false,1,true,false,true,SMALL_STEP,394,42.239815,1.852552507279572,0.0,false
HYDCAR6LS,29,0,2P_SAR0_PH1_ATR0_RRU1_SQP_SPECTRAL,false,1,true,false,true,SMALL_STEP,450,39.897304,1.997559830117722,0.0,false
HYDCAR6LS,29,0,2P_SAR0_PH1_ATR0_RRU1_SQP_RECIPROCAL,false,1,true,false,true,SMALL_STEP,281,24.451359,1.859266690797453,0.0,false
HYDCAR6LS,29,0,2P_SAR0_PH1_ATR0_RRU1_SQP_EXPONENTIAL,false,1,true,false,true,SMALL_STEP,322,30.144018000000003,1.9888046176803256,0.0,false
HYDCAR6LS,29,0,2P_SAR0_PH1_ATR0_RRU1_SQP_QUASI_NEWTON,false,1,true,false,true,SMALL_STEP,794,65.574426,0.66786388423511,0.0,false
INDEF,5000,0,2P_SAR0_PH1_ATR0_RRU1_SQP_IDENTITY,false,1,true,false,true,KKT_OK,0,10.182116,4603.287379531877,0.0,false
INDEF,5000,0,2P_SAR0_PH1_ATR0_RRU1_SQP_SPECTRAL,false,1,true,false,true,KKT_OK,0,7.3508510000000005,4603.287379531877,0.0,false
INDEF,5000,0,2P_SAR0_PH1_ATR0_RRU1_SQP_RECIPROCAL,false,1,true,false,true,KKT_OK,0,11.224751,4603.287379531877,0.0,false
INDEF,5000,0,2P_SAR0_PH1_ATR0_RRU1_SQP_EXPONENTIAL,false,1,true,false,true,KKT_OK,0,6.941562,4603.287379531877,0.0,false
INDEF,5000,0,2P_SAR0_PH1_ATR0_RRU1_SQP_QUASI_NEWTON,false,1,true,false,true,KKT_OK,0,11.235551,4603.287379531877,0.0,false
INDEFM,100000,0,2P_SAR0_PH1_ATR0_RRU1_SQP_IDENTITY,false,1,true,false,true,KKT_OK,0,617.201479,92072.74172552062,0.0,false
INDEFM,100000,0,2P_SAR0_PH1_ATR0_RRU1_SQP_SPECTRAL,false,1,true,false,true,KKT_OK,0,450.731301,92072.74172552062,0.0,false
INDEFM,100000,0,2P_SAR0_PH1_ATR0_RRU1_SQP_RECIPROCAL,false,1,true,false,true,KKT_OK,0,625.88685,92072.74172552062,0.0,false
INDEFM,100000,0,2P_SAR0_PH1_ATR0_RRU1_SQP_EXPONENTIAL,false,1,true,false,true,KKT_OK,0,447.905191,92072.74172552062,0.0,false
INDEFM,100000,0,2P_SAR0_PH1_ATR0_RRU1_SQP_QUASI_NEWTON,false,1,true,false,true,KKT_OK,0,459.394774,92072.74172552062,0.0,false
INTEQNELS,502,0,2P_SAR0_PH1_ATR0_RRU1_SQP_IDENTITY,false,1,true,false,true,KKT_OK,0,2.885764,2.842027453125066,0.0,false
INTEQNELS,502,0,2P_SAR0_PH1_ATR0_RRU1_SQP_SPECTRAL,false,1,true,false,true,KKT_OK,0,2.527508,2.842027453125066,0.0,false
INTEQNELS,502,0,2P_SAR0_PH1_ATR0_RRU1_SQP_RECIPROCAL,false,1,true,false,true,KKT_OK,0,2.358613,2.842027453125066,0.0,false
INTEQNELS,502,0,2P_SAR0_PH1_ATR0_RRU1_SQP_EXPONENTIAL,false,1,true,false,true,KKT_OK,0,2.3104419999999997,2.842027453125066,0.0,false
INTEQNELS,502,0,2P_SAR0_PH1_ATR0_RRU1_SQP_QUASI_NEWTON,false,1,true,false,true,KKT_OK,0,2.265258,2.842027453125066,0.0,false
JENSMP,2,0,2P_SAR0_PH1_ATR0_RRU1_SQP_IDENTITY,false,1,true,false,true,SMALL_STEP,34,4.565462,124.36381614960078,0.0,false
JENSMP,2,0,2P_SAR0_PH1_ATR0_RRU1_SQP_SPECTRAL,false,1,true,false,true,SMALL_STEP,36,3.199154,124.36254024069663,0.0,false
JENSMP,2,0,2P_SAR0_PH1_ATR0_RRU1_SQP_RECIPROCAL,false,1,true,false,true,SMALL_STEP,34,2.297519,124.36381615147062,0.0,false
JENSMP,2,0,2P_SAR0_PH1_ATR0_RRU1_SQP_EXPONENTIAL,false,1,true,false,true,SMALL_STEP,50,2.949106,124.36258893452874,0.0,false
JENSMP,2,0,2P_SAR0_PH1_ATR0_RRU1_SQP_QUASI_NEWTON,false,1,true,false,true,SMALL_STEP,42,2.553956,124.36311646612236,0.0,false
JIMACK,3549,0,2P_SAR0_PH1_ATR0_RRU1_SQP_IDENTITY,false,1,true,false,true,KKT_OK,0,24.92033,1.2886259428944444,0.0,false
JIMACK,3549,0,2P_SAR0_PH1_ATR0_RRU1_SQP_SPECTRAL,false,1,true,false,true,KKT_OK,0,19.906897999999998,1.2886259428944444,0.0,false
JIMACK,3549,0,2P_SAR0_PH1_ATR0_RRU1_SQP_RECIPROCAL,false,1,true,false,true,KKT_OK,0,19.698986,1.2886259428944444,0.0,false
JIMACK,3549,0,2P_SAR0_PH1_ATR0_RRU1_SQP_EXPONENTIAL,false,1,true,false,true,KKT_OK,0,23.107761,1.2886259428944444,0.0,false
JIMACK,3549,0,2P_SAR0_PH1_ATR0_RRU1_SQP_QUASI_NEWTON,false,1,true,false,true,KKT_OK,0,19.611562,1.2886259428944444,0.0,false
JNLBRNG1,16,0,2P_SAR0_PH1_ATR0_RRU1_SQP_IDENTITY,false,1,true,false,true,KKT_OK,8,4.180954,-0.22473500455679446,0.0,false
JNLBRNG1,16,0,2P_SAR0_PH1_ATR0_RRU1_SQP_SPECTRAL,false,1,true,false,true,KKT_OK,8,2.0800620000000003,-0.2247347810471345,0.0,false
JNLBRNG1,16,0,2P_SAR0_PH1_ATR0_RRU1_SQP_RECIPROCAL,false,1,true,false,true,KKT_OK,8,1.1088440000000002,-0.224735002267962,0.0,false
JNLBRNG1,16,0,2P_SAR0_PH1_ATR0_RRU1_SQP_EXPONENTIAL,false,1,true,false,true,KKT_OK,8,1.0401779999999998,-0.22473478251031043,0.0,false
JNLBRNG1,16,0,2P_SAR0_PH1_ATR0_RRU1_SQP_QUASI_NEWTON,false,1,true,false,true,KKT_OK,8,0.985828,-0.22473500539529453,0.0,false
JNLBRNG2,10000,0,2P_SAR0_PH1_ATR0_RRU1_SQP_IDENTITY,false,1,true,false,true,KKT_OK,0,16.89932,17.95004831985038,0.0,false
JNLBRNG2,10000,0,2P_SAR0_PH1_ATR0_RRU1_SQP_SPECTRAL,false,1,true,false,true,KKT_OK,0,16.53091,17.95004831985038,0.0,false
JNLBRNG2,10000,0,2P_SAR0_PH1_ATR0_RRU1_SQP_RECIPROCAL,false,1,true,false,true,KKT_OK,0,16.756832,17.95004831985038,0.0,false
JNLBRNG2,10000,0,2P_SAR0_PH1_ATR0_RRU1_SQP_EXPONENTIAL,false,1,true,false,true,KKT_OK,0,16.947627999999998,17.95004831985038,0.0,false
JNLBRNG2,10000,0,2P_SAR0_PH1_ATR0_RRU1_SQP_QUASI_NEWTON,false,1,true,false,true,KKT_OK,0,17.740782,17.95004831985038,0.0,false
JNLBRNGA,10000,0,2P_SAR0_PH1_ATR0_RRU1_SQP_IDENTITY,false,1,true,false,true,KKT_OK,0,17.091511,0.0,0.0,false
JNLBRNGA,10000,0,2P_SAR0_PH1_ATR0_RRU1_SQP_SPECTRAL,false,1,true,false,true,KKT_OK,0,17.987772999999997,0.0,0.0,false
JNLBRNGA,10000,0,2P_SAR0_PH1_ATR0_RRU1_SQP_RECIPROCAL,false,1,true,false,true,KKT_OK,0,18.209955,0.0,0.0,false
JNLBRNGA,10000,0,2P_SAR0_PH1_ATR0_RRU1_SQP_EXPONENTIAL,false,1,true,false,true,KKT_OK,0,18.690665,0.0,0.0,false
JNLBRNGA,10000,0,2P_SAR0_PH1_ATR0_RRU1_SQP_QUASI_NEWTON,false,1,true,false,true,KKT_OK,0,13.525578,0.0,0.0,false
JNLBRNGB,10000,0,2P_SAR0_PH1_ATR0_RRU1_SQP_IDENTITY,false,1,true,false,true,KKT_OK,0,21.613224,0.0,0.0,false
JNLBRNGB,10000,0,2P_SAR0_PH1_ATR0_RRU1_SQP_SPECTRAL,false,1,true,false,true,KKT_OK,0,13.617799,0.0,0.0,false
JNLBRNGB,10000,0,2P_SAR0_PH1_ATR0_RRU1_SQP_RECIPROCAL,false,1,true,false,true,KKT_OK,0,19.597433000000002,0.0,0.0,false
JNLBRNGB,10000,0,2P_SAR0_PH1_ATR0_RRU1_SQP_EXPONENTIAL,false,1,true,false,true,KKT_OK,0,19.647934999999997,0.0,0.0,false
JNLBRNGB,10000,0,2P_SAR0_PH1_ATR0_RRU1_SQP_QUASI_NEWTON,false,1,true,false,true,KKT_OK,0,19.723928,0.0,0.0,false
JUDGE,2,0,2P_SAR0_PH1_ATR0_RRU1_SQP_IDENTITY,false,1,true,false,true,SMALL_STEP,124,9.534649,16.081737315154907,0.0,false
JUDGE,2,0,2P_SAR0_PH1_ATR0_RRU1_SQP_SPECTRAL,false,1,true,false,true,KKT_OK,26,1.8993529999999998,16.08173013296884,0.0,false
JUDGE,2,0,2P_SAR0_PH1_ATR0_RRU1_SQP_RECIPROCAL,false,1,true,false,true,SMALL_STEP,105,5.274659,16.08173842560006,0.0,false
JUDGE,2,0,2P_SAR0_PH1_ATR0_RRU1_SQP_EXPONENTIAL,false,1,true,false,true,SMALL_STEP,92,4.817762,16.081730925219418,0.0,false
JUDGE,2,0,2P_SAR0_PH1_ATR0_RRU1_SQP_QUASI_NEWTON,false,1,true,false,true,SMALL_STEP,88,4.524643,16.08173028560307,0.0,false
JUDGEB,2,0,2P_SAR0_PH1_ATR0_RRU1_SQP_IDENTITY,false,1,true,false,true,SMALL_STEP,124,22.233941,16.081737315154907,0.0,false
JUDGEB,2,0,2P_SAR0_PH1_ATR0_RRU1_SQP_SPECTRAL,false,1,true,false,true,KKT_OK,26,2.066756,16.081730132968836,0.0,false
JUDGEB,2,0,2P_SAR0_PH1_ATR0_RRU1_SQP_RECIPROCAL,false,1,true,false,true,SMALL_STEP,105,5.309539,16.08173842560006,0.0,false
JUDGEB,2,0,2P_SAR0_PH1_ATR0_RRU1_SQP_EXPONENTIAL,false,1,true,false,true,SMALL_STEP,92,10.781143,16.081730925219418,0.0,false
JUDGEB,2,0,2P_SAR0_PH1_ATR0_RRU1_SQP_QUASI_NEWTON,false,1,true,false,true,SMALL_STEP,88,4.442281,16.08173028560307,0.0,false
KIRBY2LS,5,0,2P_SAR0_PH1_ATR0_RRU1_SQP_IDENTITY,false,1,true,false,true,SMALL_STEP,3,2.248154,74644.91069653812,0.0,false
KIRBY2LS,5,0,2P_SAR0_PH1_ATR0_RRU1_SQP_SPECTRAL,false,1,true,false,true,SMALL_STEP,3,1.5467739999999999,74644.91069656397,0.0,false
KIRBY2LS,5,0,2P_SAR0_PH1_ATR0_RRU1_SQP_RECIPROCAL,false,1,true,false,true,SMALL_STEP,3,1.26369,74644.91044513271,0.0,false
KIRBY2LS,5,0,2P_SAR0_PH1_ATR0_RRU1_SQP_EXPONENTIAL,false,1,true,false,true,SMALL_STEP,3,1.104875,74644.91045679481,0.0,false
KIRBY2LS,5,0,2P_SAR0_PH1_ATR0_RRU1_SQP_QUASI_NEWTON,false,1,true,false,true,SMALL_STEP,3,0.9866910000000001,74644.91773407935,0.0,false
KOEBHELB,3,0,2P_SAR0_PH1_ATR0_RRU1_SQP_IDENTITY,false,1,true,false,true,SMALL_STEP,38,7.277323,112.3025123738178,0.0,false
KOEBHELB,3,0,2P_SAR0_PH1_ATR0_RRU1_SQP_SPECTRAL,false,1,true,false,true,SMALL_STEP,53,3.986967,112.29285613945025,0.0,false
KOEBHELB,3,0,2P_SAR0_PH1_ATR0_RRU1_SQP_RECIPROCAL,false,1,true,false,true,SMALL_STEP,36,2.952568,112.30511672257515,0.0,false
KOEBHELB,3,0,2P_SAR0_PH1_ATR0_RRU1_SQP_EXPONENTIAL,false,1,true,false,true,SMALL_STEP,26,2.4851729999999996,112.30543491108526,0.0,false
KOEBHELB,3,0,2P_SAR0_PH1_ATR0_RRU1_SQP_QUASI_NEWTON,false,1,true,false,true,SMALL_STEP,76,5.429558,112.24487222579454,0.0,false
KOWOSB,4,0,2P_SAR0_PH1_ATR0_RRU1_SQP_IDENTITY,false,1,true,false,true,KKT_OK,20,5.871279,0.00047217048970431795,0.0,false
KOWOSB,4,0,2P_SAR0_PH1_ATR0_RRU1_SQP_SPECTRAL,false,1,true,false,true,KKT_OK,13,1.2554319999999999,0.00048144390678139034,0.0,false
KOWOSB,4,0,2P_SAR0_PH1_ATR0_RRU1_SQP_RECIPROCAL,false,1,true,false,true,KKT_OK,40,2.490337,0.00044018939097249506,0.0,false
KOWOSB,4,0,2P_SAR0_PH1_ATR0_RRU1_SQP_EXPONENTIAL,false,1,true,false,true,KKT_OK,38,2.421904,0.00044010514055269865,0.0,false
KOWOSB,4,0,2P_SAR0_PH1_ATR0_RRU1_SQP_QUASI_NEWTON,false,1,true,false,true,KKT_OK,22,1.5830499999999998,0.00042906753939044815,0.0,false
KSSLS,1000,0,2P_SAR0_PH1_ATR0_RRU1_SQP_IDENTITY,false,1,true,false,true,SMALL_STEP,30,400.057118,0.10125313936068742,0.0,false
KSSLS,1000,0,2P_SAR0_PH1_ATR0_RRU1_SQP_SPECTRAL,false,1,true,false,true,SMALL_STEP,30,392.35334,0.09660927546901024,0.0,false
KSSLS,1000,0,2P_SAR0_PH1_ATR0_RRU1_SQP_RECIPROCAL,false,1,true,false,true,SMALL_STEP,30,518.144445,0.021843456554384612,0.0,false
KSSLS,1000,0,2P_SAR0_PH1_ATR0_RRU1_SQP_EXPONENTIAL,false,1,true,false,true,SMALL_STEP,29,713.779578,0.029885705752964266,0.0,false
KSSLS,1000,0,2P_SAR0_PH1_ATR0_RRU1_SQP_QUASI_NEWTON,false,1,true,false,true,SMALL_STEP,23,366.876383,1.1320649039150196e-18,0.0,false
LANCZOS1LS,6,0,2P_SAR0_PH1_ATR0_RRU1_SQP_IDENTITY,false,1,true,false,true,KKT_OK,833,48.889775,0.0015696879020851995,0.0,false
LANCZOS1LS,6,0,2P_SAR0_PH1_ATR0_RRU1_SQP_SPECTRAL,false,1,true,false,true,KKT_OK,60,3.9944189999999997,0.0014317329626104963,0.0,false
LANCZOS1LS,6,0,2P_SAR0_PH1_ATR0_RRU1_SQP_RECIPROCAL,false,1,true,false,true,KKT_OK,116,7.3339490000000005,0.0019633687440290806,0.0,false
LANCZOS1LS,6,0,2P_SAR0_PH1_ATR0_RRU1_SQP_EXPONENTIAL,false,1,true,false,true,KKT_OK,221,14.752984999999999,0.0029897236915471513,0.0,false
LANCZOS1LS,6,0,2P_SAR0_PH1_ATR0_RRU1_SQP_QUASI_NEWTON,false,1,true,false,true,KKT_OK,24,1.898828,0.0009290751885864009,0.0,false
LANCZOS2LS,6,0,2P_SAR0_PH1_ATR0_RRU1_SQP_IDENTITY,false,1,true,false,true,KKT_OK,870,60.798049999999996,0.0013595688821432758,0.0,false
LANCZOS2LS,6,0,2P_SAR0_PH1_ATR0_RRU1_SQP_SPECTRAL,false,1,true,false,true,KKT_OK,60,3.5318340000000004,0.0014290549041562673,0.0,false
LANCZOS2LS,6,0,2P_SAR0_PH1_ATR0_RRU1_SQP_RECIPROCAL,false,1,true,false,true,KKT_OK,116,9.107185,0.001963210771054754,0.0,false
LANCZOS2LS,6,0,2P_SAR0_PH1_ATR0_RRU1_SQP_EXPONENTIAL,false,1,true,false,true,KKT_OK,214,11.631367000000001,0.0030023529260235224,0.0,false
LANCZOS2LS,6,0,2P_SAR0_PH1_ATR0_RRU1_SQP_QUASI_NEWTON,false,1,true,false,true,KKT_OK,24,1.859404,0.0009291483838314858,0.0,false
LANCZOS3LS,6,0,2P_SAR0_PH1_ATR0_RRU1_SQP_IDENTITY,false,1,true,false,true,KKT_OK,840,52.969855,0.0014111877009717773,0.0,false
LANCZOS3LS,6,0,2P_SAR0_PH1_ATR0_RRU1_SQP_SPECTRAL,false,1,true,false,true,KKT_OK,62,3.712592,0.0014246036262489273,0.0,false
LANCZOS3LS,6,0,2P_SAR0_PH1_ATR0_RRU1_SQP_RECIPROCAL,false,1,true,false,true,KKT_OK,106,5.868937,0.0020241851915898507,0.0,false
LANCZOS3LS,6,0,2P_SAR0_PH1_ATR0_RRU1_SQP_EXPONENTIAL,false,1,true,false,true,KKT_OK,194,10.421643,0.0029911298743337507,0.0,false
LANCZOS3LS,6,0,2P_SAR0_PH1_ATR0_RRU1_SQP_QUASI_NEWTON,false,1,true,false,true,KKT_OK,21,1.7125219999999999,0.0009548741161323773,0.0,false
LCH,3000,1,2P_SAR0_PH1_ATR0_RRU1_SQP_IDENTITY,false,1,true,false,true,MAX_IT,5000,98658.45929,1.1692581710884033e6,0.031145510547366473,false
LCH,3000,1,2P_SAR0_PH1_ATR0_RRU1_SQP_SPECTRAL,false,1,true,false,true,SMALL_STEP,122,19963.629979,96695.69278507131,5.557835554559354e-7,false
LCH,3000,1,2P_SAR0_PH1_ATR0_RRU1_SQP_RECIPROCAL,false,1,true,false,true,SMALL_STEP,641,50778.598757,193726.37267419204,4.129525303966451e-5,false
LCH,3000,1,2P_SAR0_PH1_ATR0_RRU1_SQP_EXPONENTIAL,false,1,true,false,true,SMALL_STEP,615,66377.234872,230357.60123405844,7.219035574979049e-5,false
LCH,3000,1,2P_SAR0_PH1_ATR0_RRU1_SQP_QUASI_NEWTON,false,1,true,false,true,SMALL_STEP,211,30556.106019000003,295604.0924252978,7.557322062279326e-5,false
LEVYMONT,100,0,2P_SAR0_PH1_ATR0_RRU1_SQP_IDENTITY,false,1,true,false,true,SMALL_STEP,8,12.167010000000001,154.91086402418924,0.0,false
LEVYMONT,100,0,2P_SAR0_PH1_ATR0_RRU1_SQP_SPECTRAL,false,1,true,false,true,KKT_OK,13,18.567731000000002,154.88570765651204,0.0,false
LEVYMONT,100,0,2P_SAR0_PH1_ATR0_RRU1_SQP_RECIPROCAL,false,1,true,false,true,SMALL_STEP,8,1.8405349999999998,154.91086403218975,0.0,false
LEVYMONT,100,0,2P_SAR0_PH1_ATR0_RRU1_SQP_EXPONENTIAL,false,1,true,false,true,SMALL_STEP,8,1.80507,154.9095243199653,0.0,false
LEVYMONT,100,0,2P_SAR0_PH1_ATR0_RRU1_SQP_QUASI_NEWTON,false,1,true,false,true,KKT_OK,9,1.9178520000000001,154.88567420909493,0.0,false
LEVYMONT10,10,0,2P_SAR0_PH1_ATR0_RRU1_SQP_IDENTITY,false,1,true,false,true,SMALL_STEP,221,29.86461,163.73004137721918,0.0,false
LEVYMONT10,10,0,2P_SAR0_PH1_ATR0_RRU1_SQP_SPECTRAL,false,1,true,false,true,SMALL_STEP,18,1.684539,163.70100742794338,0.0,false
LEVYMONT10,10,0,2P_SAR0_PH1_ATR0_RRU1_SQP_RECIPROCAL,false,1,true,false,true,SMALL_STEP,221,12.003639999999999,163.73004137456957,0.0,false
LEVYMONT10,10,0,2P_SAR0_PH1_ATR0_RRU1_SQP_EXPONENTIAL,false,1,true,false,true,SMALL_STEP,380,25.311801,163.70502656748877,0.0,false
LEVYMONT10,10,0,2P_SAR0_PH1_ATR0_RRU1_SQP_QUASI_NEWTON,false,1,true,false,true,KKT_OK,11,1.3140370000000001,163.7009220022501,0.0,false
LEVYMONT5,2,0,2P_SAR0_PH1_ATR0_RRU1_SQP_IDENTITY,false,1,true,false,true,SMALL_STEP,20,5.098885,12.487064103768171,0.0,false
LEVYMONT5,2,0,2P_SAR0_PH1_ATR0_RRU1_SQP_SPECTRAL,false,1,true,false,true,KKT_OK,12,2.086858,12.487063715454875,0.0,false
LEVYMONT5,2,0,2P_SAR0_PH1_ATR0_RRU1_SQP_RECIPROCAL,false,1,true,false,true,SMALL_STEP,20,1.553984,12.487064101623849,0.0,false
LEVYMONT5,2,0,2P_SAR0_PH1_ATR0_RRU1_SQP_EXPONENTIAL,false,1,true,false,true,KKT_OK,22,1.641969,12.487063715844702,0.0,false
LEVYMONT5,2,0,2P_SAR0_PH1_ATR0_RRU1_SQP_QUASI_NEWTON,false,1,true,false,true,KKT_OK,8,0.82431,12.487063715454875,0.0,false
LEVYMONT6,3,0,2P_SAR0_PH1_ATR0_RRU1_SQP_IDENTITY,false,1,true,false,true,KKT_OK,22,6.400974000000001,12.502860217348362,0.0,false
LEVYMONT6,3,0,2P_SAR0_PH1_ATR0_RRU1_SQP_SPECTRAL,false,1,true,false,true,KKT_OK,11,5.057461,12.502860200862884,0.0,false
LEVYMONT6,3,0,2P_SAR0_PH1_ATR0_RRU1_SQP_RECIPROCAL,false,1,true,false,true,KKT_OK,22,5.10554,12.502860216657677,0.0,false
LEVYMONT6,3,0,2P_SAR0_PH1_ATR0_RRU1_SQP_EXPONENTIAL,false,1,true,false,true,KKT_OK,19,2.883271,12.502860203957235,0.0,false
LEVYMONT6,3,0,2P_SAR0_PH1_ATR0_RRU1_SQP_QUASI_NEWTON,false,1,true,false,true,KKT_OK,9,1.2662820000000001,12.502860200858244,0.0,false
LEVYMONT7,4,0,2P_SAR0_PH1_ATR0_RRU1_SQP_IDENTITY,false,1,true,false,true,KKT_OK,24,7.001632,12.510759154706886,0.0,false
LEVYMONT7,4,0,2P_SAR0_PH1_ATR0_RRU1_SQP_SPECTRAL,false,1,true,false,true,KKT_OK,12,1.227591,12.510759066552462,0.0,false
LEVYMONT7,4,0,2P_SAR0_PH1_ATR0_RRU1_SQP_RECIPROCAL,false,1,true,false,true,KKT_OK,24,1.82338,12.510759152734527,0.0,false
LEVYMONT7,4,0,2P_SAR0_PH1_ATR0_RRU1_SQP_EXPONENTIAL,false,1,true,false,true,SMALL_STEP,15,1.30892,12.510759243475551,0.0,false
LEVYMONT7,4,0,2P_SAR0_PH1_ATR0_RRU1_SQP_QUASI_NEWTON,false,1,true,false,true,KKT_OK,9,0.8712700000000001,12.510759059487299,0.0,false
LEVYMONT8,5,0,2P_SAR0_PH1_ATR0_RRU1_SQP_IDENTITY,false,1,true,false,true,SMALL_STEP,242,22.445739,173.50001613224225,0.0,false
LEVYMONT8,5,0,2P_SAR0_PH1_ATR0_RRU1_SQP_SPECTRAL,false,1,true,false,true,SMALL_STEP,19,1.597944,173.49564289435386,0.0,false
LEVYMONT8,5,0,2P_SAR0_PH1_ATR0_RRU1_SQP_RECIPROCAL,false,1,true,false,true,SMALL_STEP,242,12.213735999999999,173.50001612653887,0.0,false
LEVYMONT8,5,0,2P_SAR0_PH1_ATR0_RRU1_SQP_EXPONENTIAL,false,1,true,false,true,SMALL_STEP,176,15.376963,173.49724144506825,0.0,false
LEVYMONT8,5,0,2P_SAR0_PH1_ATR0_RRU1_SQP_QUASI_NEWTON,false,1,true,false,true,KKT_OK,11,1.2510839999999999,173.4956417724167,0.0,false
LEVYMONT9,8,0,2P_SAR0_PH1_ATR0_RRU1_SQP_IDENTITY,false,1,true,false,true,SMALL_STEP,228,22.268492000000002,166.16837610004373,0.0,false
LEVYMONT9,8,0,2P_SAR0_PH1_ATR0_RRU1_SQP_SPECTRAL,false,1,true,false,true,SMALL_STEP,20,1.6935749999999998,166.14960918423262,0.0,false
LEVYMONT9,8,0,2P_SAR0_PH1_ATR0_RRU1_SQP_RECIPROCAL,false,1,true,false,true,SMALL_STEP,228,18.233287,166.16837594859962,0.0,false
LEVYMONT9,8,0,2P_SAR0_PH1_ATR0_RRU1_SQP_EXPONENTIAL,false,1,true,false,true,SMALL_STEP,296,15.479549,166.15343605379888,0.0,false
LEVYMONT9,8,0,2P_SAR0_PH1_ATR0_RRU1_SQP_QUASI_NEWTON,false,1,true,false,true,KKT_OK,11,1.2246080000000001,166.14960194479562,0.0,false
LIARWHD,5000,0,2P_SAR0_PH1_ATR0_RRU1_SQP_IDENTITY,false,1,true,false,true,SMALL_STEP,935,4637.647849,0.04784375034058498,0.0,false
LIARWHD,5000,0,2P_SAR0_PH1_ATR0_RRU1_SQP_SPECTRAL,false,1,true,false,true,MAX_IT,5000,22140.697226,1409.4975871719305,0.0,false
LIARWHD,5000,0,2P_SAR0_PH1_ATR0_RRU1_SQP_RECIPROCAL,false,1,true,false,true,SMALL_STEP,900,4180.93382,0.059082273278436986,0.0,false
LIARWHD,5000,0,2P_SAR0_PH1_ATR0_RRU1_SQP_EXPONENTIAL,false,1,true,false,true,SMALL_STEP,708,3312.5260989999997,0.07077464795108201,0.0,false
LIARWHD,5000,0,2P_SAR0_PH1_ATR0_RRU1_SQP_QUASI_NEWTON,false,1,true,false,true,KKT_OK,302,1395.407323,0.05149643007992947,0.0,false
LINVERSE,1999,0,2P_SAR0_PH1_ATR0_RRU1_SQP_IDENTITY,false,1,true,false,true,KKT_OK,34,260.634085,684.9232841734636,0.0,false
LINVERSE,1999,0,2P_SAR0_PH1_ATR0_RRU1_SQP_SPECTRAL,false,1,true,false,true,KKT_OK,41,85.232455,684.4080894633314,0.0,false
LINVERSE,1999,0,2P_SAR0_PH1_ATR0_RRU1_SQP_RECIPROCAL,false,1,true,false,true,KKT_OK,52,149.82629599999999,687.0053235419816,0.0,false
LINVERSE,1999,0,2P_SAR0_PH1_ATR0_RRU1_SQP_EXPONENTIAL,false,1,true,false,true,KKT_OK,47,142.731754,682.2191053590253,0.0,false
LINVERSE,1999,0,2P_SAR0_PH1_ATR0_RRU1_SQP_QUASI_NEWTON,false,1,true,false,true,KKT_OK,21,67.13586600000001,681.0321826946875,0.0,false
LMINSURF,5625,0,2P_SAR0_PH1_ATR0_RRU1_SQP_IDENTITY,false,1,true,false,true,KKT_OK,0,10.329484,28.458330865835094,0.0,false
LMINSURF,5625,0,2P_SAR0_PH1_ATR0_RRU1_SQP_SPECTRAL,false,1,true,false,true,KKT_OK,0,8.802402,28.458330865835094,0.0,false
LMINSURF,5625,0,2P_SAR0_PH1_ATR0_RRU1_SQP_RECIPROCAL,false,1,true,false,true,KKT_OK,0,10.251267,28.458330865835094,0.0,false
LMINSURF,5625,0,2P_SAR0_PH1_ATR0_RRU1_SQP_EXPONENTIAL,false,1,true,false,true,KKT_OK,0,8.178243,28.458330865835094,0.0,false
LMINSURF,5625,0,2P_SAR0_PH1_ATR0_RRU1_SQP_QUASI_NEWTON,false,1,true,false,true,KKT_OK,0,10.221623000000001,28.458330865835094,0.0,false
LOGHAIRY,2,0,2P_SAR0_PH1_ATR0_RRU1_SQP_IDENTITY,false,1,true,false,true,KKT_OK,0,0.872722,6.552519791934271,0.0,false
LOGHAIRY,2,0,2P_SAR0_PH1_ATR0_RRU1_SQP_SPECTRAL,false,1,true,false,true,KKT_OK,0,0.521541,6.552519791934271,0.0,false
LOGHAIRY,2,0,2P_SAR0_PH1_ATR0_RRU1_SQP_RECIPROCAL,false,1,true,false,true,KKT_OK,0,0.4728,6.552519791934271,0.0,false
LOGHAIRY,2,0,2P_SAR0_PH1_ATR0_RRU1_SQP_EXPONENTIAL,false,1,true,false,true,KKT_OK,0,0.477447,6.552519791934271,0.0,false
LOGHAIRY,2,0,2P_SAR0_PH1_ATR0_RRU1_SQP_QUASI_NEWTON,false,1,true,false,true,KKT_OK,0,0.459146,6.552519791934271,0.0,false
LOGROS,2,0,2P_SAR0_PH1_ATR0_RRU1_SQP_IDENTITY,false,1,true,false,true,SMALL_STEP,15,3.4871849999999998,0.23624221713851215,0.0,false
LOGROS,2,0,2P_SAR0_PH1_ATR0_RRU1_SQP_SPECTRAL,false,1,true,false,true,SMALL_STEP,10,2.025108,0.23814930688834424,0.0,false
LOGROS,2,0,2P_SAR0_PH1_ATR0_RRU1_SQP_RECIPROCAL,false,1,true,false,true,SMALL_STEP,240,11.910496,0.6032130759814947,0.0,false
LOGROS,2,0,2P_SAR0_PH1_ATR0_RRU1_SQP_EXPONENTIAL,false,1,true,false,true,SMALL_STEP,444,24.959682,0.5701723543046583,0.0,false
LOGROS,2,0,2P_SAR0_PH1_ATR0_RRU1_SQP_QUASI_NEWTON,false,1,true,false,true,SMALL_STEP,213,9.356388,0.4016242419239347,0.0,false
LRA9A,123,0,2P_SAR0_PH1_ATR0_RRU1_SQP_IDENTITY,false,1,true,false,true,KKT_OK,10,55.656866,0.4918467765595843,0.0,false
LRA9A,123,0,2P_SAR0_PH1_ATR0_RRU1_SQP_SPECTRAL,false,1,true,false,true,KKT_OK,11,55.716604000000004,0.46400809603795307,0.0,false
LRA9A,123,0,2P_SAR0_PH1_ATR0_RRU1_SQP_RECIPROCAL,false,1,true,false,true,KKT_OK,11,64.568633,0.4630688163126948,0.0,false
LRA9A,123,0,2P_SAR0_PH1_ATR0_RRU1_SQP_EXPONENTIAL,false,1,true,false,true,KKT_OK,12,81.43504999999999,0.4283462760265302,0.0,false
LRA9A,123,0,2P_SAR0_PH1_ATR0_RRU1_SQP_QUASI_NEWTON,false,1,true,false,true,KKT_OK,11,67.83167499999999,0.40128172683272184,0.0,false
LRIJCNN1,22,0,2P_SAR0_PH1_ATR0_RRU1_SQP_IDENTITY,false,1,true,false,true,KKT_OK,10,68.480373,0.39378317495320636,0.0,false
LRIJCNN1,22,0,2P_SAR0_PH1_ATR0_RRU1_SQP_SPECTRAL,false,1,true,false,true,KKT_OK,8,54.392542,0.3763603733169292,0.0,false
LRIJCNN1,22,0,2P_SAR0_PH1_ATR0_RRU1_SQP_RECIPROCAL,false,1,true,false,true,KKT_OK,9,72.423311,0.3882585796923421,0.0,false
LRIJCNN1,22,0,2P_SAR0_PH1_ATR0_RRU1_SQP_EXPONENTIAL,false,1,true,false,true,KKT_OK,9,83.354162,0.37813439707879987,0.0,false
LRIJCNN1,22,0,2P_SAR0_PH1_ATR0_RRU1_SQP_QUASI_NEWTON,false,1,true,false,true,KKT_OK,10,83.04814300000001,0.32111090736684234,0.0,false
LRW1A,300,0,2P_SAR0_PH1_ATR0_RRU1_SQP_IDENTITY,false,1,true,false,true,KKT_OK,14,11.88715,0.3409098306150588,0.0,false
LRW1A,300,0,2P_SAR0_PH1_ATR0_RRU1_SQP_SPECTRAL,false,1,true,false,true,KKT_OK,9,7.749284,0.28885753778128265,0.0,false
LRW1A,300,0,2P_SAR0_PH1_ATR0_RRU1_SQP_RECIPROCAL,false,1,true,false,true,KKT_OK,10,9.662275,0.28949399376201135,0.0,false
LRW1A,300,0,2P_SAR0_PH1_ATR0_RRU1_SQP_EXPONENTIAL,false,1,true,false,true,KKT_OK,9,9.432521,0.29453348368273685,0.0,false
LRW1A,300,0,2P_SAR0_PH1_ATR0_RRU1_SQP_QUASI_NEWTON,false,1,true,false,true,KKT_OK,9,13.571408,0.29084030551283113,0.0,false
LRW8A,300,0,2P_SAR0_PH1_ATR0_RRU1_SQP_IDENTITY,false,1,true,false,true,KKT_OK,11,115.84091500000001,2.6439226274346397,0.0,false
LRW8A,300,0,2P_SAR0_PH1_ATR0_RRU1_SQP_SPECTRAL,false,1,true,false,true,KKT_OK,14,146.87984,2.628468433964561,0.0,false
LRW8A,300,0,2P_SAR0_PH1_ATR0_RRU1_SQP_RECIPROCAL,false,1,true,false,true,KKT_OK,9,107.99369300000001,2.5913061703986964,0.0,false
LRW8A,300,0,2P_SAR0_PH1_ATR0_RRU1_SQP_EXPONENTIAL,false,1,true,false,true,KKT_OK,9,122.98013900000001,2.5945478328021383,0.0,false
LRW8A,300,0,2P_SAR0_PH1_ATR0_RRU1_SQP_QUASI_NEWTON,false,1,true,false,true,KKT_OK,12,149.683194,2.5330078396752334,0.0,false
LSC1LS,3,0,2P_SAR0_PH1_ATR0_RRU1_SQP_IDENTITY,false,1,true,false,true,MAX_IT,5000,234.26978200000002,1093.6560134139554,0.0,false
LSC1LS,3,0,2P_SAR0_PH1_ATR0_RRU1_SQP_SPECTRAL,false,1,true,false,true,KKT_OK,846,38.730005999999996,7.711852246133195,0.0,false
LSC1LS,3,0,2P_SAR0_PH1_ATR0_RRU1_SQP_RECIPROCAL,false,1,true,false,true,MAX_IT,5000,223.122744,1092.767267983083,0.0,false
LSC1LS,3,0,2P_SAR0_PH1_ATR0_RRU1_SQP_EXPONENTIAL,false,1,true,false,true,MAX_IT,5000,235.309945,1092.7435703137721,0.0,false
LSC1LS,3,0,2P_SAR0_PH1_ATR0_RRU1_SQP_QUASI_NEWTON,false,1,true,false,true,MAX_IT,5000,229.859814,1093.0437808039633,0.0,false
LSC2LS,3,0,2P_SAR0_PH1_ATR0_RRU1_SQP_IDENTITY,false,1,true,false,true,MAX_IT,5000,227.792374,15.988305402382007,0.0,false
LSC2LS,3,0,2P_SAR0_PH1_ATR0_RRU1_SQP_SPECTRAL,false,1,true,false,true,MAX_IT,5000,219.779599,15.88271141203197,0.0,false
LSC2LS,3,0,2P_SAR0_PH1_ATR0_RRU1_SQP_RECIPROCAL,false,1,true,false,true,MAX_IT,5000,231.72971,16.001539357953007,0.0,false
LSC2LS,3,0,2P_SAR0_PH1_ATR0_RRU1_SQP_EXPONENTIAL,false,1,true,false,true,MAX_IT,5000,233.543579,15.949216664174532,0.0,false
LSC2LS,3,0,2P_SAR0_PH1_ATR0_RRU1_SQP_QUASI_NEWTON,false,1,true,false,true,MAX_IT,5000,234.825836,15.944224123553415,0.0,false
LSQFIT,2,1,2P_SAR0_PH1_ATR0_RRU1_SQP_IDENTITY,false,1,true,false,true,KKT_OK,15,6.010866,0.03379122873492343,1.1090502571864391e-8,false
LSQFIT,2,1,2P_SAR0_PH1_ATR0_RRU1_SQP_SPECTRAL,false,1,true,false,true,KKT_OK,29,3.788837,0.033788416822078164,1.1379786002407855e-15,false
LSQFIT,2,1,2P_SAR0_PH1_ATR0_RRU1_SQP_RECIPROCAL,false,1,true,false,true,KKT_OK,22,2.89004,0.0337880064855981,1.5850876167178285e-11,false
LSQFIT,2,1,2P_SAR0_PH1_ATR0_RRU1_SQP_EXPONENTIAL,false,1,true,false,true,KKT_OK,10,2.2813730000000003,0.033787009336919194,9.345052509601715e-12,false
LSQFIT,2,1,2P_SAR0_PH1_ATR0_RRU1_SQP_QUASI_NEWTON,false,1,true,false,true,KKT_OK,11,2.306439,0.03378700340349435,2.7394753132625738e-14,false
LUKSAN11LS,100,0,2P_SAR0_PH1_ATR0_RRU1_SQP_IDENTITY,false,1,true,false,true,MAX_IT,5000,871.485239,336.8729163015315,0.0,false
LUKSAN11LS,100,0,2P_SAR0_PH1_ATR0_RRU1_SQP_SPECTRAL,false,1,true,false,true,MAX_IT,5000,616.709294,152.2428871030648,0.0,false
LUKSAN11LS,100,0,2P_SAR0_PH1_ATR0_RRU1_SQP_RECIPROCAL,false,1,true,false,true,MAX_IT,5000,743.882245,336.0934944250429,0.0,false
LUKSAN11LS,100,0,2P_SAR0_PH1_ATR0_RRU1_SQP_EXPONENTIAL,false,1,true,false,true,MAX_IT,5000,932.4565540000001,333.2414319209357,0.0,false
LUKSAN11LS,100,0,2P_SAR0_PH1_ATR0_RRU1_SQP_QUASI_NEWTON,false,1,true,false,true,MAX_IT,5000,729.384213,79.85740013363483,0.0,false
LUKSAN12LS,98,0,2P_SAR0_PH1_ATR0_RRU1_SQP_IDENTITY,false,1,true,false,true,SMALL_STEP,1683,269.693963,4300.886269788663,0.0,false
LUKSAN12LS,98,0,2P_SAR0_PH1_ATR0_RRU1_SQP_SPECTRAL,false,1,true,false,true,SMALL_STEP,2009,258.09524,4292.513590968656,0.0,false
LUKSAN12LS,98,0,2P_SAR0_PH1_ATR0_RRU1_SQP_RECIPROCAL,false,1,true,false,true,SMALL_STEP,2259,543.752062,4312.783653212528,0.0,false
LUKSAN12LS,98,0,2P_SAR0_PH1_ATR0_RRU1_SQP_EXPONENTIAL,false,1,true,false,true,SMALL_STEP,1216,198.90266400000002,4310.722216002597,0.0,false
LUKSAN12LS,98,0,2P_SAR0_PH1_ATR0_RRU1_SQP_QUASI_NEWTON,false,1,true,false,true,SMALL_STEP,699,108.460343,4290.932070035891,0.0,false
LUKSAN13LS,98,0,2P_SAR0_PH1_ATR0_RRU1_SQP_IDENTITY,false,1,true,false,true,MAX_IT,5000,773.298767,25212.895990892448,0.0,false
LUKSAN13LS,98,0,2P_SAR0_PH1_ATR0_RRU1_SQP_SPECTRAL,false,1,true,false,true,SMALL_STEP,181,24.78689,25188.859755018275,0.0,false
LUKSAN13LS,98,0,2P_SAR0_PH1_ATR0_RRU1_SQP_RECIPROCAL,false,1,true,false,true,MAX_IT,5000,868.806324,25216.725966423655,0.0,false
LUKSAN13LS,98,0,2P_SAR0_PH1_ATR0_RRU1_SQP_EXPONENTIAL,false,1,true,false,true,MAX_IT,5000,764.472786,25190.24244125378,0.0,false
LUKSAN13LS,98,0,2P_SAR0_PH1_ATR0_RRU1_SQP_QUASI_NEWTON,false,1,true,false,true,KKT_OK,102,16.506241000000003,25188.859616789592,0.0,false
LUKSAN14LS,98,0,2P_SAR0_PH1_ATR0_RRU1_SQP_IDENTITY,false,1,true,false,true,SMALL_STEP,523,87.88316,125.59138780804251,0.0,false
LUKSAN14LS,98,0,2P_SAR0_PH1_ATR0_RRU1_SQP_SPECTRAL,false,1,true,false,true,KKT_OK,97,11.786747,124.74744915398409,0.0,false
LUKSAN14LS,98,0,2P_SAR0_PH1_ATR0_RRU1_SQP_RECIPROCAL,false,1,true,false,true,SMALL_STEP,697,104.286827,125.5699575855418,0.0,false
LUKSAN14LS,98,0,2P_SAR0_PH1_ATR0_RRU1_SQP_EXPONENTIAL,false,1,true,false,true,SMALL_STEP,1870,288.346342,123.92764508165453,0.0,false
LUKSAN14LS,98,0,2P_SAR0_PH1_ATR0_RRU1_SQP_QUASI_NEWTON,false,1,true,false,true,KKT_OK,197,31.534603,123.92421777438237,0.0,false
LUKSAN15LS,100,0,2P_SAR0_PH1_ATR0_RRU1_SQP_IDENTITY,false,1,true,false,true,SMALL_STEP,11,5.76979,3.5697597616530046,0.0,false
LUKSAN15LS,100,0,2P_SAR0_PH1_ATR0_RRU1_SQP_SPECTRAL,false,1,true,false,true,SMALL_STEP,11,3.5185400000000002,3.569720277940224,0.0,false
LUKSAN15LS,100,0,2P_SAR0_PH1_ATR0_RRU1_SQP_RECIPROCAL,false,1,true,false,true,SMALL_STEP,11,3.763667,3.5697597640913794,0.0,false
LUKSAN15LS,100,0,2P_SAR0_PH1_ATR0_RRU1_SQP_EXPONENTIAL,false,1,true,false,true,SMALL_STEP,14,4.654142,3.5696985800457006,0.0,false
LUKSAN15LS,100,0,2P_SAR0_PH1_ATR0_RRU1_SQP_QUASI_NEWTON,false,1,true,false,true,KKT_OK,10,2.758057,3.5696970494344287,0.0,false
LUKSAN16LS,100,0,2P_SAR0_PH1_ATR0_RRU1_SQP_IDENTITY,false,1,true,false,true,SMALL_STEP,58,25.005676,3.7476877357890843,0.0,false
LUKSAN16LS,100,0,2P_SAR0_PH1_ATR0_RRU1_SQP_SPECTRAL,false,1,true,false,true,SMALL_STEP,27,6.715443,3.569856706170234,0.0,false
LUKSAN16LS,100,0,2P_SAR0_PH1_ATR0_RRU1_SQP_RECIPROCAL,false,1,true,false,true,SMALL_STEP,58,14.291212,3.747687792082162,0.0,false
LUKSAN16LS,100,0,2P_SAR0_PH1_ATR0_RRU1_SQP_EXPONENTIAL,false,1,true,false,true,SMALL_STEP,69,15.153003,3.6031613537452873,0.0,false
LUKSAN16LS,100,0,2P_SAR0_PH1_ATR0_RRU1_SQP_QUASI_NEWTON,false,1,true,false,true,SMALL_STEP,28,7.826296,3.5698667544659908,0.0,false
LUKSAN17LS,100,0,2P_SAR0_PH1_ATR0_RRU1_SQP_IDENTITY,false,1,true,false,true,SMALL_STEP,375,100.725295,1.1049756677923428,0.0,false
LUKSAN17LS,100,0,2P_SAR0_PH1_ATR0_RRU1_SQP_SPECTRAL,false,1,true,false,true,SMALL_STEP,177,41.076525000000004,0.51535238215858,0.0,false
LUKSAN17LS,100,0,2P_SAR0_PH1_ATR0_RRU1_SQP_RECIPROCAL,false,1,true,false,true,SMALL_STEP,285,67.188295,0.6376627720052311,0.0,false
LUKSAN17LS,100,0,2P_SAR0_PH1_ATR0_RRU1_SQP_EXPONENTIAL,false,1,true,false,true,SMALL_STEP,1142,306.247304,1.5488297972435194,0.0,false
LUKSAN17LS,100,0,2P_SAR0_PH1_ATR0_RRU1_SQP_QUASI_NEWTON,false,1,true,false,true,SMALL_STEP,356,87.83873200000001,0.5474627102364348,0.0,false
LUKSAN21LS,100,0,2P_SAR0_PH1_ATR0_RRU1_SQP_IDENTITY,false,1,true,false,true,MAX_IT,5000,677.945873,93.28422184991578,0.0,false
LUKSAN21LS,100,0,2P_SAR0_PH1_ATR0_RRU1_SQP_SPECTRAL,false,1,true,false,true,KKT_OK,32,3.754782,96.97069067675854,0.0,false
LUKSAN21LS,100,0,2P_SAR0_PH1_ATR0_RRU1_SQP_RECIPROCAL,false,1,true,false,true,MAX_IT,5000,668.5078159999999,92.84702782707421,0.0,false
LUKSAN21LS,100,0,2P_SAR0_PH1_ATR0_RRU1_SQP_EXPONENTIAL,false,1,true,false,true,MAX_IT,5000,775.7918609999999,93.77662606153659,0.0,false
LUKSAN21LS,100,0,2P_SAR0_PH1_ATR0_RRU1_SQP_QUASI_NEWTON,false,1,true,false,true,KKT_OK,487,241.000628,95.14810484057193,0.0,false
LUKSAN22LC,100,0,2P_SAR0_PH1_ATR0_RRU1_SQP_IDENTITY,false,1,true,false,true,SMALL_STEP,948,158.411213,874.1603176595828,0.0,false
LUKSAN22LC,100,0,2P_SAR0_PH1_ATR0_RRU1_SQP_SPECTRAL,false,1,true,false,true,KKT_OK,226,29.602064000000002,873.9427720310783,0.0,false
LUKSAN22LC,100,0,2P_SAR0_PH1_ATR0_RRU1_SQP_RECIPROCAL,false,1,true,false,true,SMALL_STEP,789,138.337212,874.0956735413221,0.0,false
LUKSAN22LC,100,0,2P_SAR0_PH1_ATR0_RRU1_SQP_EXPONENTIAL,false,1,true,false,true,SMALL_STEP,1578,281.783168,878.0118169196703,0.0,false
LUKSAN22LC,100,0,2P_SAR0_PH1_ATR0_RRU1_SQP_QUASI_NEWTON,false,1,true,false,true,KKT_OK,738,117.151538,877.9245975320599,0.0,false
LUKSAN22LS,100,0,2P_SAR0_PH1_ATR0_RRU1_SQP_IDENTITY,false,1,true,false,true,SMALL_STEP,1320,212.73415300000002,869.1269327143074,0.0,false
LUKSAN22LS,100,0,2P_SAR0_PH1_ATR0_RRU1_SQP_SPECTRAL,false,1,true,false,true,KKT_OK,209,27.634603000000002,868.9564116597627,0.0,false
LUKSAN22LS,100,0,2P_SAR0_PH1_ATR0_RRU1_SQP_RECIPROCAL,false,1,true,false,true,SMALL_STEP,1678,280.129604,868.9828479166991,0.0,false
LUKSAN22LS,100,0,2P_SAR0_PH1_ATR0_RRU1_SQP_EXPONENTIAL,false,1,true,false,true,SMALL_STEP,1550,267.185809,873.0126439561507,0.0,false
LUKSAN22LS,100,0,2P_SAR0_PH1_ATR0_RRU1_SQP_QUASI_NEWTON,false,1,true,false,true,KKT_OK,720,109.77488000000001,872.9252450105174,0.0,false
MANCINO,100,0,2P_SAR0_PH1_ATR0_RRU1_SQP_IDENTITY,false,1,true,false,true,SMALL_STEP,340,838.332665,12.06633795162761,0.0,false
MANCINO,100,0,2P_SAR0_PH1_ATR0_RRU1_SQP_SPECTRAL,false,1,true,false,true,SMALL_STEP,312,757.5620349999999,42.84953649854565,0.0,false
MANCINO,100,0,2P_SAR0_PH1_ATR0_RRU1_SQP_RECIPROCAL,false,1,true,false,true,SMALL_STEP,261,756.8277009999999,68.32572218377598,0.0,false
MANCINO,100,0,2P_SAR0_PH1_ATR0_RRU1_SQP_EXPONENTIAL,false,1,true,false,true,SMALL_STEP,221,745.65934,7.165083889817491,0.0,false
MANCINO,100,0,2P_SAR0_PH1_ATR0_RRU1_SQP_QUASI_NEWTON,false,1,true,false,true,SMALL_STEP,24,70.266657,7.949037532909308e-5,0.0,false
MARATOS,2,1,2P_SAR0_PH1_ATR0_RRU1_SQP_IDENTITY,false,1,true,false,true,KKT_OK,4,10.922698,-1.0000488216408725,9.769013428216675e-5,false
MARATOS,2,1,2P_SAR0_PH1_ATR0_RRU1_SQP_SPECTRAL,false,1,true,false,true,KKT_OK,4,4.737960999999999,-1.0000488216408725,9.769013428216675e-5,false
MARATOS,2,1,2P_SAR0_PH1_ATR0_RRU1_SQP_RECIPROCAL,false,1,true,false,true,KKT_OK,4,1.771821,-1.0000486939752171,9.740553050749444e-5,false
MARATOS,2,1,2P_SAR0_PH1_ATR0_RRU1_SQP_EXPONENTIAL,false,1,true,false,true,KKT_OK,4,1.78054,-1.000048822258305,9.769073063435054e-5,false
MARATOS,2,1,2P_SAR0_PH1_ATR0_RRU1_SQP_QUASI_NEWTON,false,1,true,false,true,KKT_OK,4,2.221103,-1.0000488216406984,9.769013403334444e-5,false
MARATOSB,2,0,2P_SAR0_PH1_ATR0_RRU1_SQP_IDENTITY,false,1,true,false,true,SMALL_STEP,4,3.5505419999999996,0.9999999383031546,0.0,false
MARATOSB,2,0,2P_SAR0_PH1_ATR0_RRU1_SQP_SPECTRAL,false,1,true,false,true,SMALL_STEP,4,2.582125,0.9999999383002984,0.0,false
MARATOSB,2,0,2P_SAR0_PH1_ATR0_RRU1_SQP_RECIPROCAL,false,1,true,false,true,SMALL_STEP,4,0.896648,0.9999999383039742,0.0,false
MARATOSB,2,0,2P_SAR0_PH1_ATR0_RRU1_SQP_EXPONENTIAL,false,1,true,false,true,SMALL_STEP,4,0.896188,0.999999938304044,0.0,false
MARATOSB,2,0,2P_SAR0_PH1_ATR0_RRU1_SQP_QUASI_NEWTON,false,1,true,false,true,SMALL_STEP,4,0.672833,0.9999999359414912,0.0,false
MAXLIKA,8,0,2P_SAR0_PH1_ATR0_RRU1_SQP_IDENTITY,false,1,true,false,true,SMALL_STEP,988,119.71991799999999,1150.177873618525,0.0,false
MAXLIKA,8,0,2P_SAR0_PH1_ATR0_RRU1_SQP_SPECTRAL,false,1,true,false,true,MAX_IT,5000,504.12539499999997,1152.7029712516721,0.0,false
MAXLIKA,8,0,2P_SAR0_PH1_ATR0_RRU1_SQP_RECIPROCAL,false,1,true,false,true,KKT_OK,168,22.575551,1149.3308453164398,0.0,false
MAXLIKA,8,0,2P_SAR0_PH1_ATR0_RRU1_SQP_EXPONENTIAL,false,1,true,false,true,KKT_OK,142,21.108611,1149.3457617247136,0.0,false
MAXLIKA,8,0,2P_SAR0_PH1_ATR0_RRU1_SQP_QUASI_NEWTON,false,1,true,false,true,KKT_OK,21,7.004424,1149.3410467055173,0.0,false
MCCORMCK,5000,0,2P_SAR0_PH1_ATR0_RRU1_SQP_IDENTITY,false,1,true,false,true,KKT_OK,0,7.617856,4999.0,0.0,false
MCCORMCK,5000,0,2P_SAR0_PH1_ATR0_RRU1_SQP_SPECTRAL,false,1,true,false,true,KKT_OK,0,163.888575,4999.0,0.0,false
MCCORMCK,5000,0,2P_SAR0_PH1_ATR0_RRU1_SQP_RECIPROCAL,false,1,true,false,true,KKT_OK,0,6.947311,4999.0,0.0,false
MCCORMCK,5000,0,2P_SAR0_PH1_ATR0_RRU1_SQP_EXPONENTIAL,false,1,true,false,true,KKT_OK,0,6.752671,4999.0,0.0,false
MCCORMCK,5000,0,2P_SAR0_PH1_ATR0_RRU1_SQP_QUASI_NEWTON,false,1,true,false,true,KKT_OK,0,9.014631,4999.0,0.0,false
MDHOLE,2,0,2P_SAR0_PH1_ATR0_RRU1_SQP_IDENTITY,false,1,true,false,true,SMALL_STEP,1205,76.195436,5.143732883931989e-10,0.0,false
MDHOLE,2,0,2P_SAR0_PH1_ATR0_RRU1_SQP_SPECTRAL,false,1,true,false,true,SMALL_STEP,521,20.840624,1.8896779044199757e-8,0.0,false
MDHOLE,2,0,2P_SAR0_PH1_ATR0_RRU1_SQP_RECIPROCAL,false,1,true,false,true,SMALL_STEP,1286,62.266907,3.564119255210038e-9,0.0,false
MDHOLE,2,0,2P_SAR0_PH1_ATR0_RRU1_SQP_EXPONENTIAL,false,1,true,false,true,KKT_OK,1114,51.287224,2.5083272505929484e-17,0.0,false
MDHOLE,2,0,2P_SAR0_PH1_ATR0_RRU1_SQP_QUASI_NEWTON,false,1,true,false,true,KKT_OK,972,49.628524999999996,1.417539024175072e-17,0.0,false
METHANB8LS,31,0,2P_SAR0_PH1_ATR0_RRU1_SQP_IDENTITY,false,1,true,false,true,SMALL_STEP,21,13.235345,0.07356168398804956,0.0,false
METHANB8LS,31,0,2P_SAR0_PH1_ATR0_RRU1_SQP_SPECTRAL,false,1,true,false,true,SMALL_STEP,20,2.5805849999999997,0.08729549273703074,0.0,false
METHANB8LS,31,0,2P_SAR0_PH1_ATR0_RRU1_SQP_RECIPROCAL,false,1,true,false,true,SMALL_STEP,21,2.6117380000000003,0.07356166210542202,0.0,false
METHANB8LS,31,0,2P_SAR0_PH1_ATR0_RRU1_SQP_EXPONENTIAL,false,1,true,false,true,SMALL_STEP,28,3.1979040000000003,0.07324939107000306,0.0,false
METHANB8LS,31,0,2P_SAR0_PH1_ATR0_RRU1_SQP_QUASI_NEWTON,false,1,true,false,true,SMALL_STEP,56,5.412448,0.015386889253110301,0.0,false
METHANL8LS,31,0,2P_SAR0_PH1_ATR0_RRU1_SQP_IDENTITY,false,1,true,false,true,SMALL_STEP,344,38.843012,5.811749779974041,0.0,false
METHANL8LS,31,0,2P_SAR0_PH1_ATR0_RRU1_SQP_SPECTRAL,false,1,true,false,true,SMALL_STEP,299,28.859583,6.203302823003958,0.0,false
METHANL8LS,31,0,2P_SAR0_PH1_ATR0_RRU1_SQP_RECIPROCAL,false,1,true,false,true,SMALL_STEP,262,26.307756,6.719687438910403,0.0,false
METHANL8LS,31,0,2P_SAR0_PH1_ATR0_RRU1_SQP_EXPONENTIAL,false,1,true,false,true,SMALL_STEP,264,27.527818999999997,7.103093204759958,0.0,false
METHANL8LS,31,0,2P_SAR0_PH1_ATR0_RRU1_SQP_QUASI_NEWTON,false,1,true,false,true,SMALL_STEP,296,24.310986,3.2338306935174064,0.0,false
MEXHAT,2,0,2P_SAR0_PH1_ATR0_RRU1_SQP_IDENTITY,false,1,true,false,true,SMALL_STEP,7,2.405602,0.23727944715003513,0.0,false
MEXHAT,2,0,2P_SAR0_PH1_ATR0_RRU1_SQP_SPECTRAL,false,1,true,false,true,SMALL_STEP,7,1.701746,0.23727944715445484,0.0,false
MEXHAT,2,0,2P_SAR0_PH1_ATR0_RRU1_SQP_RECIPROCAL,false,1,true,false,true,SMALL_STEP,7,1.387292,0.23727944701675668,0.0,false
MEXHAT,2,0,2P_SAR0_PH1_ATR0_RRU1_SQP_EXPONENTIAL,false,1,true,false,true,SMALL_STEP,8,1.186847,0.22611505577742064,0.0,false
MEXHAT,2,0,2P_SAR0_PH1_ATR0_RRU1_SQP_QUASI_NEWTON,false,1,true,false,true,SMALL_STEP,8,0.966737,0.23179331308199158,0.0,false
MEYER3,3,0,2P_SAR0_PH1_ATR0_RRU1_SQP_IDENTITY,false,1,true,false,true,SMALL_STEP,7,3.9584470000000005,7.018169206764167e6,0.0,false
MEYER3,3,0,2P_SAR0_PH1_ATR0_RRU1_SQP_SPECTRAL,false,1,true,false,true,SMALL_STEP,7,2.662861,7.018169206764126e6,0.0,false
MEYER3,3,0,2P_SAR0_PH1_ATR0_RRU1_SQP_RECIPROCAL,false,1,true,false,true,SMALL_STEP,7,1.039089,7.018169206722362e6,0.0,false
MEYER3,3,0,2P_SAR0_PH1_ATR0_RRU1_SQP_EXPONENTIAL,false,1,true,false,true,SMALL_STEP,7,1.046535,7.0181692067463e6,0.0,false
MEYER3,3,0,2P_SAR0_PH1_ATR0_RRU1_SQP_QUASI_NEWTON,false,1,true,false,true,SMALL_STEP,7,1.062487,7.018169203201525e6,0.0,false
MGH09LS,4,0,2P_SAR0_PH1_ATR0_RRU1_SQP_IDENTITY,false,1,true,false,true,KKT_OK,22,7.147349,0.010845094323291801,0.0,false
MGH09LS,4,0,2P_SAR0_PH1_ATR0_RRU1_SQP_SPECTRAL,false,1,true,false,true,KKT_OK,14,3.211218,0.007893310104515692,0.0,false
MGH09LS,4,0,2P_SAR0_PH1_ATR0_RRU1_SQP_RECIPROCAL,false,1,true,false,true,KKT_OK,13,2.375372,0.01633515704749929,0.0,false
MGH09LS,4,0,2P_SAR0_PH1_ATR0_RRU1_SQP_EXPONENTIAL,false,1,true,false,true,KKT_OK,16,6.869096,0.009792538106650567,0.0,false
MGH09LS,4,0,2P_SAR0_PH1_ATR0_RRU1_SQP_QUASI_NEWTON,false,1,true,false,true,KKT_OK,19,1.391776,0.0023077433613042844,0.0,false
MGH10LS,3,0,2P_SAR0_PH1_ATR0_RRU1_SQP_IDENTITY,false,1,true,false,true,SMALL_STEP,12,3.414557,1.3668645033619113e9,0.0,false
MGH10LS,3,0,2P_SAR0_PH1_ATR0_RRU1_SQP_SPECTRAL,false,1,true,false,true,SMALL_STEP,12,2.212123,1.3668645033619087e9,0.0,false
MGH10LS,3,0,2P_SAR0_PH1_ATR0_RRU1_SQP_RECIPROCAL,false,1,true,false,true,SMALL_STEP,12,1.749647,1.366864503382819e9,0.0,false
MGH10LS,3,0,2P_SAR0_PH1_ATR0_RRU1_SQP_EXPONENTIAL,false,1,true,false,true,SMALL_STEP,12,1.4605,1.366864503332398e9,0.0,false
MGH10LS,3,0,2P_SAR0_PH1_ATR0_RRU1_SQP_QUASI_NEWTON,false,1,true,false,true,SMALL_STEP,12,1.238706,1.3668645033718235e9,0.0,false
MGH10SLS,3,0,2P_SAR0_PH1_ATR0_RRU1_SQP_IDENTITY,false,1,true,false,true,MAX_IT,5000,261.35988599999996,1.38563159153424e9,0.0,false
MGH10SLS,3,0,2P_SAR0_PH1_ATR0_RRU1_SQP_SPECTRAL,false,1,true,false,true,MAX_IT,5000,256.02345399999996,1.3854356426490223e9,0.0,false
MGH10SLS,3,0,2P_SAR0_PH1_ATR0_RRU1_SQP_RECIPROCAL,false,1,true,false,true,MAX_IT,5000,260.48166,1.385631591517244e9,0.0,false
MGH10SLS,3,0,2P_SAR0_PH1_ATR0_RRU1_SQP_EXPONENTIAL,false,1,true,false,true,MAX_IT,5000,283.451121,1.3898992124002743e9,0.0,false
MGH10SLS,3,0,2P_SAR0_PH1_ATR0_RRU1_SQP_QUASI_NEWTON,false,1,true,false,true,MAX_IT,5000,263.572544,1.3787378331149313e9,0.0,false
MGH17LS,5,0,2P_SAR0_PH1_ATR0_RRU1_SQP_IDENTITY,false,1,true,false,true,KKT_OK,42,5.930334,1.1060359360884056,0.0,false
MGH17LS,5,0,2P_SAR0_PH1_ATR0_RRU1_SQP_SPECTRAL,false,1,true,false,true,KKT_OK,16,2.557744,1.1057342909490662,0.0,false
MGH17LS,5,0,2P_SAR0_PH1_ATR0_RRU1_SQP_RECIPROCAL,false,1,true,false,true,SMALL_STEP,18,2.781058,24820.79192935911,0.0,false
MGH17LS,5,0,2P_SAR0_PH1_ATR0_RRU1_SQP_EXPONENTIAL,false,1,true,false,true,SMALL_STEP,16,8.437880999999999,24823.7133244491,0.0,false
MGH17LS,5,0,2P_SAR0_PH1_ATR0_RRU1_SQP_QUASI_NEWTON,false,1,true,false,true,SMALL_STEP,17,1.747113,24823.354518202897,0.0,false
MGH17SLS,5,0,2P_SAR0_PH1_ATR0_RRU1_SQP_IDENTITY,false,1,true,false,true,KKT_OK,43,16.439782,1.103742498471547,0.0,false
MGH17SLS,5,0,2P_SAR0_PH1_ATR0_RRU1_SQP_SPECTRAL,false,1,true,false,true,KKT_OK,16,3.448974,1.1028666456620646,0.0,false
MGH17SLS,5,0,2P_SAR0_PH1_ATR0_RRU1_SQP_RECIPROCAL,false,1,true,false,true,KKT_OK,40,3.8052680000000003,1.1060183219800803,0.0,false
MGH17SLS,5,0,2P_SAR0_PH1_ATR0_RRU1_SQP_EXPONENTIAL,false,1,true,false,true,KKT_OK,23,2.025455,1.1058921245148583,0.0,false
MGH17SLS,5,0,2P_SAR0_PH1_ATR0_RRU1_SQP_QUASI_NEWTON,false,1,true,false,true,KKT_OK,28,2.062391,1.0224364129152819,0.0,false
MINSURF,64,0,2P_SAR0_PH1_ATR0_RRU1_SQP_IDENTITY,false,1,true,false,true,KKT_OK,12,4.282984999999999,1.0023041225108507,0.0,false
MINSURF,64,0,2P_SAR0_PH1_ATR0_RRU1_SQP_SPECTRAL,false,1,true,false,true,KKT_OK,14,2.422197,1.001305682735859,0.0,false
MINSURF,64,0,2P_SAR0_PH1_ATR0_RRU1_SQP_RECIPROCAL,false,1,true,false,true,KKT_OK,19,2.719998,1.0014717547522858,0.0,false
MINSURF,64,0,2P_SAR0_PH1_ATR0_RRU1_SQP_EXPONENTIAL,false,1,true,false,true,KKT_OK,23,2.806066,1.007353134704421,0.0,false
MINSURF,64,0,2P_SAR0_PH1_ATR0_RRU1_SQP_QUASI_NEWTON,false,1,true,false,true,KKT_OK,16,2.0861899999999998,1.002573295748431,0.0,false
MINSURFO,5306,0,2P_SAR0_PH1_ATR0_RRU1_SQP_IDENTITY,false,1,true,false,true,KKT_OK,0,13.032129,2.562054986401029,0.0,false
MINSURFO,5306,0,2P_SAR0_PH1_ATR0_RRU1_SQP_SPECTRAL,false,1,true,false,true,KKT_OK,0,7.989404,2.562054986401029,0.0,false
MINSURFO,5306,0,2P_SAR0_PH1_ATR0_RRU1_SQP_RECIPROCAL,false,1,true,false,true,KKT_OK,0,13.102233,2.562054986401029,0.0,false
MINSURFO,5306,0,2P_SAR0_PH1_ATR0_RRU1_SQP_EXPONENTIAL,false,1,true,false,true,KKT_OK,0,7.470207,2.562054986401029,0.0,false
MINSURFO,5306,0,2P_SAR0_PH1_ATR0_RRU1_SQP_QUASI_NEWTON,false,1,true,false,true,KKT_OK,0,12.905002,2.562054986401029,0.0,false
MISRA1ALS,2,0,2P_SAR0_PH1_ATR0_RRU1_SQP_IDENTITY,false,1,true,false,true,SMALL_STEP,4,3.783176,19.575111147999813,0.0,false
MISRA1ALS,2,0,2P_SAR0_PH1_ATR0_RRU1_SQP_SPECTRAL,false,1,true,false,true,SMALL_STEP,4,2.112558,19.575111149196445,0.0,false
MISRA1ALS,2,0,2P_SAR0_PH1_ATR0_RRU1_SQP_RECIPROCAL,false,1,true,false,true,SMALL_STEP,4,0.911401,19.575111139816006,0.0,false
MISRA1ALS,2,0,2P_SAR0_PH1_ATR0_RRU1_SQP_EXPONENTIAL,false,1,true,false,true,SMALL_STEP,4,0.905236,19.575111160313543,0.0,false
MISRA1ALS,2,0,2P_SAR0_PH1_ATR0_RRU1_SQP_QUASI_NEWTON,false,1,true,false,true,SMALL_STEP,4,0.8968710000000001,19.5751111495698,0.0,false
MISRA1BLS,2,0,2P_SAR0_PH1_ATR0_RRU1_SQP_IDENTITY,false,1,true,false,true,SMALL_STEP,4,2.589696,7.3371312343931425,0.0,false
MISRA1BLS,2,0,2P_SAR0_PH1_ATR0_RRU1_SQP_SPECTRAL,false,1,true,false,true,SMALL_STEP,4,1.7583060000000001,7.337131234520326,0.0,false
MISRA1BLS,2,0,2P_SAR0_PH1_ATR0_RRU1_SQP_RECIPROCAL,false,1,true,false,true,SMALL_STEP,4,1.422695,7.337131235765067,0.0,false
MISRA1BLS,2,0,2P_SAR0_PH1_ATR0_RRU1_SQP_EXPONENTIAL,false,1,true,false,true,SMALL_STEP,4,1.1887880000000002,7.337131236526707,0.0,false
MISRA1BLS,2,0,2P_SAR0_PH1_ATR0_RRU1_SQP_QUASI_NEWTON,false,1,true,false,true,SMALL_STEP,4,1.0335889999999999,7.337131252519744,0.0,false
MISRA1CLS,2,0,2P_SAR0_PH1_ATR0_RRU1_SQP_IDENTITY,false,1,true,false,true,SMALL_STEP,6,2.7525969999999997,5.184593926014411,0.0,false
MISRA1CLS,2,0,2P_SAR0_PH1_ATR0_RRU1_SQP_SPECTRAL,false,1,true,false,true,SMALL_STEP,6,1.878493,5.184593928895947,0.0,false
MISRA1CLS,2,0,2P_SAR0_PH1_ATR0_RRU1_SQP_RECIPROCAL,false,1,true,false,true,SMALL_STEP,6,1.522231,5.184593927699045,0.0,false
MISRA1CLS,2,0,2P_SAR0_PH1_ATR0_RRU1_SQP_EXPONENTIAL,false,1,true,false,true,SMALL_STEP,6,1.27898,5.184600530605586,0.0,false
MISRA1CLS,2,0,2P_SAR0_PH1_ATR0_RRU1_SQP_QUASI_NEWTON,false,1,true,false,true,SMALL_STEP,6,1.140369,5.184606312294709,0.0,false
MISRA1DLS,2,0,2P_SAR0_PH1_ATR0_RRU1_SQP_IDENTITY,false,1,true,false,true,SMALL_STEP,4,3.6686330000000003,1.1072363469917732,0.0,false
MISRA1DLS,2,0,2P_SAR0_PH1_ATR0_RRU1_SQP_SPECTRAL,false,1,true,false,true,SMALL_STEP,4,3.107218,1.1072363469952216,0.0,false
MISRA1DLS,2,0,2P_SAR0_PH1_ATR0_RRU1_SQP_RECIPROCAL,false,1,true,false,true,SMALL_STEP,4,0.893139,1.1072363457666141,0.0,false
MISRA1DLS,2,0,2P_SAR0_PH1_ATR0_RRU1_SQP_EXPONENTIAL,false,1,true,false,true,SMALL_STEP,4,0.907555,1.1072363457633148,0.0,false
MISRA1DLS,2,0,2P_SAR0_PH1_ATR0_RRU1_SQP_QUASI_NEWTON,false,1,true,false,true,SMALL_STEP,4,0.892542,1.1072363459385477,0.0,false
MODBEALE,20000,0,2P_SAR0_PH1_ATR0_RRU1_SQP_IDENTITY,false,1,true,false,true,SMALL_STEP,1523,39013.900604,525.9813499700925,0.0,false
MODBEALE,20000,0,2P_SAR0_PH1_ATR0_RRU1_SQP_SPECTRAL,false,1,true,false,true,KKT_OK,112,2750.5980499999996,43.52637539417521,0.0,false
MODBEALE,20000,0,2P_SAR0_PH1_ATR0_RRU1_SQP_RECIPROCAL,false,1,true,false,true,SMALL_STEP,1523,39515.088853,525.9824001370027,0.0,false
MODBEALE,20000,0,2P_SAR0_PH1_ATR0_RRU1_SQP_EXPONENTIAL,false,1,true,false,true,SMALL_STEP,2359,69516.16141,175.94868764042943,0.0,false
MODBEALE,20000,0,2P_SAR0_PH1_ATR0_RRU1_SQP_QUASI_NEWTON,false,1,true,false,true,SMALL_STEP,622,16674.700793,38.74531702181723,0.0,false
MOREBV,5000,0,2P_SAR0_PH1_ATR0_RRU1_SQP_IDENTITY,false,1,true,false,true,KKT_OK,0,10.351559,1.0395423971692418e-11,0.0,false
MOREBV,5000,0,2P_SAR0_PH1_ATR0_RRU1_SQP_SPECTRAL,false,1,true,false,true,KKT_OK,0,7.04228,1.0395423971692418e-11,0.0,false
MOREBV,5000,0,2P_SAR0_PH1_ATR0_RRU1_SQP_RECIPROCAL,false,1,true,false,true,KKT_OK,0,11.818686999999999,1.0395423971692418e-11,0.0,false
MOREBV,5000,0,2P_SAR0_PH1_ATR0_RRU1_SQP_EXPONENTIAL,false,1,true,false,true,KKT_OK,0,6.937841000000001,1.0395423971692418e-11,0.0,false
MOREBV,5000,0,2P_SAR0_PH1_ATR0_RRU1_SQP_QUASI_NEWTON,false,1,true,false,true,KKT_OK,0,10.879167,1.0395423971692418e-11,0.0,false
MSQRTALS,1024,0,2P_SAR0_PH1_ATR0_RRU1_SQP_IDENTITY,false,1,true,false,true,KKT_OK,147,454.69501499999996,1.0113987242138158,0.0,false
MSQRTALS,1024,0,2P_SAR0_PH1_ATR0_RRU1_SQP_SPECTRAL,false,1,true,false,true,KKT_OK,39,63.289568,1.317317568237055,0.0,false
MSQRTALS,1024,0,2P_SAR0_PH1_ATR0_RRU1_SQP_RECIPROCAL,false,1,true,false,true,KKT_OK,285,569.781519,0.33546303050335335,0.0,false
MSQRTALS,1024,0,2P_SAR0_PH1_ATR0_RRU1_SQP_EXPONENTIAL,false,1,true,false,true,KKT_OK,282,666.640334,0.4944671682781689,0.0,false
MSQRTALS,1024,0,2P_SAR0_PH1_ATR0_RRU1_SQP_QUASI_NEWTON,false,1,true,false,true,KKT_OK,78,165.572132,1.7825481171956563,0.0,false
MSQRTBLS,1024,0,2P_SAR0_PH1_ATR0_RRU1_SQP_IDENTITY,false,1,true,false,true,KKT_OK,80,149.54741199999998,1.6153902940081666,0.0,false
MSQRTBLS,1024,0,2P_SAR0_PH1_ATR0_RRU1_SQP_SPECTRAL,false,1,true,false,true,KKT_OK,33,50.693495999999996,1.9464616596075837,0.0,false
MSQRTBLS,1024,0,2P_SAR0_PH1_ATR0_RRU1_SQP_RECIPROCAL,false,1,true,false,true,KKT_OK,324,649.76985,0.3395564677262545,0.0,false
MSQRTBLS,1024,0,2P_SAR0_PH1_ATR0_RRU1_SQP_EXPONENTIAL,false,1,true,false,true,KKT_OK,170,400.67657699999995,0.8587906541835855,0.0,false
MSQRTBLS,1024,0,2P_SAR0_PH1_ATR0_RRU1_SQP_QUASI_NEWTON,false,1,true,false,true,KKT_OK,73,155.536328,1.7415222120531173,0.0,false
MUONSINELS,1,0,2P_SAR0_PH1_ATR0_RRU1_SQP_IDENTITY,false,1,true,false,true,SMALL_STEP,9,3.481833,43874.11691960894,0.0,false
MUONSINELS,1,0,2P_SAR0_PH1_ATR0_RRU1_SQP_SPECTRAL,false,1,true,false,true,SMALL_STEP,9,2.254697,43874.116919609354,0.0,false
MUONSINELS,1,0,2P_SAR0_PH1_ATR0_RRU1_SQP_RECIPROCAL,false,1,true,false,true,SMALL_STEP,9,1.84988,43874.11691960897,0.0,false
MUONSINELS,1,0,2P_SAR0_PH1_ATR0_RRU1_SQP_EXPONENTIAL,false,1,true,false,true,SMALL_STEP,10,1.7864650000000002,43874.116919524975,0.0,false
MUONSINELS,1,0,2P_SAR0_PH1_ATR0_RRU1_SQP_QUASI_NEWTON,false,1,true,false,true,KKT_OK,9,1.640968,43874.11691951923,0.0,false
NCB20,5010,0,2P_SAR0_PH1_ATR0_RRU1_SQP_IDENTITY,false,1,true,false,true,KKT_OK,0,10.36022,10002.002,0.0,false
NCB20,5010,0,2P_SAR0_PH1_ATR0_RRU1_SQP_SPECTRAL,false,1,true,false,true,KKT_OK,0,7.803999,10002.002,0.0,false
NCB20,5010,0,2P_SAR0_PH1_ATR0_RRU1_SQP_RECIPROCAL,false,1,true,false,true,KKT_OK,0,10.893325,10002.002,0.0,false
NCB20,5010,0,2P_SAR0_PH1_ATR0_RRU1_SQP_EXPONENTIAL,false,1,true,false,true,KKT_OK,0,7.498692,10002.002,0.0,false
NCB20,5010,0,2P_SAR0_PH1_ATR0_RRU1_SQP_QUASI_NEWTON,false,1,true,false,true,KKT_OK,0,10.404235,10002.002,0.0,false
NCB20B,5000,0,2P_SAR0_PH1_ATR0_RRU1_SQP_IDENTITY,false,1,true,false,true,KKT_OK,0,8.146996999999999,10000.0,0.0,false
NCB20B,5000,0,2P_SAR0_PH1_ATR0_RRU1_SQP_SPECTRAL,false,1,true,false,true,KKT_OK,0,10.977119,10000.0,0.0,false
NCB20B,5000,0,2P_SAR0_PH1_ATR0_RRU1_SQP_RECIPROCAL,false,1,true,false,true,KKT_OK,0,7.318112,10000.0,0.0,false
NCB20B,5000,0,2P_SAR0_PH1_ATR0_RRU1_SQP_EXPONENTIAL,false,1,true,false,true,KKT_OK,0,11.876083000000001,10000.0,0.0,false
NCB20B,5000,0,2P_SAR0_PH1_ATR0_RRU1_SQP_QUASI_NEWTON,false,1,true,false,true,KKT_OK,0,7.133456,10000.0,0.0,false
NCVXBQP1,10000,0,2P_SAR0_PH1_ATR0_RRU1_SQP_IDENTITY,false,1,true,false,true,KKT_OK,0,16.866979,-4.92215625e7,0.0,false
NCVXBQP1,10000,0,2P_SAR0_PH1_ATR0_RRU1_SQP_SPECTRAL,false,1,true,false,true,KKT_OK,0,42.898244000000005,-4.92215625e7,0.0,false
NCVXBQP1,10000,0,2P_SAR0_PH1_ATR0_RRU1_SQP_RECIPROCAL,false,1,true,false,true,KKT_OK,0,164.239925,-4.92215625e7,0.0,false
NCVXBQP1,10000,0,2P_SAR0_PH1_ATR0_RRU1_SQP_EXPONENTIAL,false,1,true,false,true,KKT_OK,0,17.663531,-4.92215625e7,0.0,false
NCVXBQP1,10000,0,2P_SAR0_PH1_ATR0_RRU1_SQP_QUASI_NEWTON,false,1,true,false,true,KKT_OK,0,13.853558999999999,-4.92215625e7,0.0,false
NCVXBQP2,10000,0,2P_SAR0_PH1_ATR0_RRU1_SQP_IDENTITY,false,1,true,false,true,KKT_OK,0,17.578125,-2.8125e7,0.0,false
NCVXBQP2,10000,0,2P_SAR0_PH1_ATR0_RRU1_SQP_SPECTRAL,false,1,true,false,true,KKT_OK,0,17.446278,-2.8125e7,0.0,false
NCVXBQP2,10000,0,2P_SAR0_PH1_ATR0_RRU1_SQP_RECIPROCAL,false,1,true,false,true,KKT_OK,0,16.855155,-2.8125e7,0.0,false
NCVXBQP2,10000,0,2P_SAR0_PH1_ATR0_RRU1_SQP_EXPONENTIAL,false,1,true,false,true,KKT_OK,0,13.086726,-2.8125e7,0.0,false
NCVXBQP2,10000,0,2P_SAR0_PH1_ATR0_RRU1_SQP_QUASI_NEWTON,false,1,true,false,true,KKT_OK,0,14.998671,-2.8125e7,0.0,false
NCVXBQP3,10000,0,2P_SAR0_PH1_ATR0_RRU1_SQP_IDENTITY,false,1,true,false,true,KKT_OK,0,16.440745,7.0340625e6,0.0,false
NCVXBQP3,10000,0,2P_SAR0_PH1_ATR0_RRU1_SQP_SPECTRAL,false,1,true,false,true,KKT_OK,0,17.283461,7.0340625e6,0.0,false
NCVXBQP3,10000,0,2P_SAR0_PH1_ATR0_RRU1_SQP_RECIPROCAL,false,1,true,false,true,KKT_OK,0,16.655827000000002,7.0340625e6,0.0,false
NCVXBQP3,10000,0,2P_SAR0_PH1_ATR0_RRU1_SQP_EXPONENTIAL,false,1,true,false,true,KKT_OK,0,16.969492,7.0340625e6,0.0,false
NCVXBQP3,10000,0,2P_SAR0_PH1_ATR0_RRU1_SQP_QUASI_NEWTON,false,1,true,false,true,KKT_OK,0,13.039523,7.0340625e6,0.0,false
NELSONLS,3,0,2P_SAR0_PH1_ATR0_RRU1_SQP_IDENTITY,false,1,true,false,true,SMALL_STEP,4,2.282559,60.35670425785472,0.0,false
NELSONLS,3,0,2P_SAR0_PH1_ATR0_RRU1_SQP_SPECTRAL,false,1,true,false,true,SMALL_STEP,4,1.527526,60.35670425784442,0.0,false
NELSONLS,3,0,2P_SAR0_PH1_ATR0_RRU1_SQP_RECIPROCAL,false,1,true,false,true,SMALL_STEP,5,1.354999,60.04780165924184,0.0,false
NELSONLS,3,0,2P_SAR0_PH1_ATR0_RRU1_SQP_EXPONENTIAL,false,1,true,false,true,SMALL_STEP,5,1.231355,60.36927383036038,0.0,false
NELSONLS,3,0,2P_SAR0_PH1_ATR0_RRU1_SQP_QUASI_NEWTON,false,1,true,false,true,SMALL_STEP,15,1.652932,56.29556504425673,0.0,false
NLMSURF,5625,0,2P_SAR0_PH1_ATR0_RRU1_SQP_IDENTITY,false,1,true,false,true,KKT_OK,0,12.955098999999999,81.19900741988516,0.0,false
NLMSURF,5625,0,2P_SAR0_PH1_ATR0_RRU1_SQP_SPECTRAL,false,1,true,false,true,KKT_OK,0,8.451623999999999,81.19900741988516,0.0,false
NLMSURF,5625,0,2P_SAR0_PH1_ATR0_RRU1_SQP_RECIPROCAL,false,1,true,false,true,KKT_OK,0,12.373693999999999,81.19900741988516,0.0,false
NLMSURF,5625,0,2P_SAR0_PH1_ATR0_RRU1_SQP_EXPONENTIAL,false,1,true,false,true,KKT_OK,0,13.268775,81.19900741988516,0.0,false
NLMSURF,5625,0,2P_SAR0_PH1_ATR0_RRU1_SQP_QUASI_NEWTON,false,1,true,false,true,KKT_OK,0,8.336651,81.19900741988516,0.0,false
NOBNDTOR,5476,0,2P_SAR0_PH1_ATR0_RRU1_SQP_IDENTITY,false,1,true,false,true,KKT_OK,0,9.173339,-0.3467817601809315,0.0,false
NOBNDTOR,5476,0,2P_SAR0_PH1_ATR0_RRU1_SQP_SPECTRAL,false,1,true,false,true,KKT_OK,0,14.626224,-0.3467817601809315,0.0,false
NOBNDTOR,5476,0,2P_SAR0_PH1_ATR0_RRU1_SQP_RECIPROCAL,false,1,true,false,true,KKT_OK,0,8.453943,-0.3467817601809315,0.0,false
NOBNDTOR,5476,0,2P_SAR0_PH1_ATR0_RRU1_SQP_EXPONENTIAL,false,1,true,false,true,KKT_OK,0,13.923352,-0.3467817601809315,0.0,false
NOBNDTOR,5476,0,2P_SAR0_PH1_ATR0_RRU1_SQP_QUASI_NEWTON,false,1,true,false,true,KKT_OK,0,8.08442,-0.3467817601809315,0.0,false
NONCVXU2,5000,0,2P_SAR0_PH1_ATR0_RRU1_SQP_IDENTITY,false,1,true,false,true,MAX_IT,5000,35671.014349,123899.22305400396,0.0,false
NONCVXU2,5000,0,2P_SAR0_PH1_ATR0_RRU1_SQP_SPECTRAL,false,1,true,false,true,MAX_IT,5000,27058.289442999998,12376.200514426886,0.0,false
NONCVXU2,5000,0,2P_SAR0_PH1_ATR0_RRU1_SQP_RECIPROCAL,false,1,true,false,true,MAX_IT,5000,37432.66398,21305.855634192947,0.0,false
NONCVXU2,5000,0,2P_SAR0_PH1_ATR0_RRU1_SQP_EXPONENTIAL,false,1,true,false,true,MAX_IT,5000,40527.408637,133513.95851174585,0.0,false
NONCVXU2,5000,0,2P_SAR0_PH1_ATR0_RRU1_SQP_QUASI_NEWTON,false,1,true,false,true,MAX_IT,5000,37731.207381,31514.085367065753,0.0,false
NONCVXUN,5000,0,2P_SAR0_PH1_ATR0_RRU1_SQP_IDENTITY,false,1,true,false,true,MAX_IT,5000,35965.251752000004,100348.68557554242,0.0,false
NONCVXUN,5000,0,2P_SAR0_PH1_ATR0_RRU1_SQP_SPECTRAL,false,1,true,false,true,KKT_OK,4046,22091.038700999998,12211.797517650723,0.0,false
NONCVXUN,5000,0,2P_SAR0_PH1_ATR0_RRU1_SQP_RECIPROCAL,false,1,true,false,true,MAX_IT,5000,37889.826298,19339.57398068102,0.0,false
NONCVXUN,5000,0,2P_SAR0_PH1_ATR0_RRU1_SQP_EXPONENTIAL,false,1,true,false,true,MAX_IT,5000,40982.588218,29039.318167302277,0.0,false
NONCVXUN,5000,0,2P_SAR0_PH1_ATR0_RRU1_SQP_QUASI_NEWTON,false,1,true,false,true,MAX_IT,5000,38610.266586000005,15874.662567730058,0.0,false
NONDIA,5000,0,2P_SAR0_PH1_ATR0_RRU1_SQP_IDENTITY,false,1,true,false,true,SMALL_STEP,16,100.953437,5.954912450393657,0.0,false
NONDIA,5000,0,2P_SAR0_PH1_ATR0_RRU1_SQP_SPECTRAL,false,1,true,false,true,SMALL_STEP,17,112.003753,6.157833386687702,0.0,false
NONDIA,5000,0,2P_SAR0_PH1_ATR0_RRU1_SQP_RECIPROCAL,false,1,true,false,true,SMALL_STEP,16,94.353411,5.954912201440052,0.0,false
NONDIA,5000,0,2P_SAR0_PH1_ATR0_RRU1_SQP_EXPONENTIAL,false,1,true,false,true,SMALL_STEP,13,87.327388,1.005695646030528,0.0,false
NONDIA,5000,0,2P_SAR0_PH1_ATR0_RRU1_SQP_QUASI_NEWTON,false,1,true,false,true,SMALL_STEP,12,75.30668999999999,1.8562182053307374,0.0,false
NONDQUAR,5000,0,2P_SAR0_PH1_ATR0_RRU1_SQP_IDENTITY,false,1,true,false,true,KKT_OK,22,122.654892,0.15343152379248984,0.0,false
NONDQUAR,5000,0,2P_SAR0_PH1_ATR0_RRU1_SQP_SPECTRAL,false,1,true,false,true,KKT_OK,32,113.71700999999999,0.4089745999588926,0.0,false
NONDQUAR,5000,0,2P_SAR0_PH1_ATR0_RRU1_SQP_RECIPROCAL,false,1,true,false,true,KKT_OK,24,120.812936,0.33399090306190937,0.0,false
NONDQUAR,5000,0,2P_SAR0_PH1_ATR0_RRU1_SQP_EXPONENTIAL,false,1,true,false,true,KKT_OK,12,68.493308,0.49166108413326826,0.0,false
NONDQUAR,5000,0,2P_SAR0_PH1_ATR0_RRU1_SQP_QUASI_NEWTON,false,1,true,false,true,KKT_OK,19,271.572244,0.11851934854156242,0.0,false
NONMSQRT,4900,0,2P_SAR0_PH1_ATR0_RRU1_SQP_IDENTITY,false,1,true,false,true,MAX_IT,5000,64217.790892,2095.673168617397,0.0,false
NONMSQRT,4900,0,2P_SAR0_PH1_ATR0_RRU1_SQP_SPECTRAL,false,1,true,false,true,KKT_OK,2254,24410.378168000003,1230.5803608363813,0.0,false
NONMSQRT,4900,0,2P_SAR0_PH1_ATR0_RRU1_SQP_RECIPROCAL,false,1,true,false,true,MAX_IT,5000,72099.55869600001,2087.511382539376,0.0,false
NONMSQRT,4900,0,2P_SAR0_PH1_ATR0_RRU1_SQP_EXPONENTIAL,false,1,true,false,true,MAX_IT,5000,82691.728025,1829.4480724291682,0.0,false
NONMSQRT,4900,0,2P_SAR0_PH1_ATR0_RRU1_SQP_QUASI_NEWTON,false,1,true,false,true,MAX_IT,5000,74373.07331600001,1065.5402998993243,0.0,false
NONSCOMP,5000,0,2P_SAR0_PH1_ATR0_RRU1_SQP_IDENTITY,false,1,true,false,true,SMALL_STEP,26,159.158227,1.2078892134142354,0.0,false
NONSCOMP,5000,0,2P_SAR0_PH1_ATR0_RRU1_SQP_SPECTRAL,false,1,true,false,true,KKT_OK,25,127.352633,0.017315790910683807,0.0,false
NONSCOMP,5000,0,2P_SAR0_PH1_ATR0_RRU1_SQP_RECIPROCAL,false,1,true,false,true,SMALL_STEP,26,149.249716,1.2078886408273775,0.0,false
NONSCOMP,5000,0,2P_SAR0_PH1_ATR0_RRU1_SQP_EXPONENTIAL,false,1,true,false,true,SMALL_STEP,1007,5946.130544,0.6332995184503476,0.0,false
NONSCOMP,5000,0,2P_SAR0_PH1_ATR0_RRU1_SQP_QUASI_NEWTON,false,1,true,false,true,KKT_OK,16,100.912746,0.007856388449900071,0.0,false
OBSTCLAE,10000,0,2P_SAR0_PH1_ATR0_RRU1_SQP_IDENTITY,false,1,true,false,true,KKT_OK,0,19.826486,97.02009998980519,0.0,false
OBSTCLAE,10000,0,2P_SAR0_PH1_ATR0_RRU1_SQP_SPECTRAL,false,1,true,false,true,KKT_OK,0,19.583393,97.02009998980519,0.0,false
OBSTCLAE,10000,0,2P_SAR0_PH1_ATR0_RRU1_SQP_RECIPROCAL,false,1,true,false,true,KKT_OK,0,20.329159999999998,97.02009998980519,0.0,false
OBSTCLAE,10000,0,2P_SAR0_PH1_ATR0_RRU1_SQP_EXPONENTIAL,false,1,true,false,true,KKT_OK,0,13.427128999999999,97.02009998980519,0.0,false
OBSTCLAE,10000,0,2P_SAR0_PH1_ATR0_RRU1_SQP_QUASI_NEWTON,false,1,true,false,true,KKT_OK,0,17.940675,97.02009998980519,0.0,false
OBSTCLAL,10000,0,2P_SAR0_PH1_ATR0_RRU1_SQP_IDENTITY,false,1,true,false,true,KKT_OK,0,18.754106,2.384303026950611,0.0,false
OBSTCLAL,10000,0,2P_SAR0_PH1_ATR0_RRU1_SQP_SPECTRAL,false,1,true,false,true,KKT_OK,0,18.907026000000002,2.384303026950611,0.0,false
OBSTCLAL,10000,0,2P_SAR0_PH1_ATR0_RRU1_SQP_RECIPROCAL,false,1,true,false,true,KKT_OK,0,19.207597,2.384303026950611,0.0,false
OBSTCLAL,10000,0,2P_SAR0_PH1_ATR0_RRU1_SQP_EXPONENTIAL,false,1,true,false,true,KKT_OK,0,19.574925,2.384303026950611,0.0,false
OBSTCLAL,10000,0,2P_SAR0_PH1_ATR0_RRU1_SQP_QUASI_NEWTON,false,1,true,false,true,KKT_OK,0,19.609132000000002,2.384303026950611,0.0,false
OBSTCLBL,10000,0,2P_SAR0_PH1_ATR0_RRU1_SQP_IDENTITY,false,1,true,false,true,KKT_OK,0,17.528671,15.53723071959343,0.0,false
OBSTCLBL,10000,0,2P_SAR0_PH1_ATR0_RRU1_SQP_SPECTRAL,false,1,true,false,true,KKT_OK,0,17.826963000000003,15.53723071959343,0.0,false
OBSTCLBL,10000,0,2P_SAR0_PH1_ATR0_RRU1_SQP_RECIPROCAL,false,1,true,false,true,KKT_OK,0,17.698929,15.53723071959343,0.0,false
OBSTCLBL,10000,0,2P_SAR0_PH1_ATR0_RRU1_SQP_EXPONENTIAL,false,1,true,false,true,KKT_OK,0,17.972521,15.53723071959343,0.0,false
OBSTCLBL,10000,0,2P_SAR0_PH1_ATR0_RRU1_SQP_QUASI_NEWTON,false,1,true,false,true,KKT_OK,0,18.898802,15.53723071959343,0.0,false
OBSTCLBM,10000,0,2P_SAR0_PH1_ATR0_RRU1_SQP_IDENTITY,false,1,true,false,true,KKT_OK,0,17.849799,8.779257652287594,0.0,false
OBSTCLBM,10000,0,2P_SAR0_PH1_ATR0_RRU1_SQP_SPECTRAL,false,1,true,false,true,KKT_OK,0,19.097192,8.779257652287594,0.0,false
OBSTCLBM,10000,0,2P_SAR0_PH1_ATR0_RRU1_SQP_RECIPROCAL,false,1,true,false,true,KKT_OK,0,18.126766,8.779257652287594,0.0,false
OBSTCLBM,10000,0,2P_SAR0_PH1_ATR0_RRU1_SQP_EXPONENTIAL,false,1,true,false,true,KKT_OK,0,19.130943000000002,8.779257652287594,0.0,false
OBSTCLBM,10000,0,2P_SAR0_PH1_ATR0_RRU1_SQP_QUASI_NEWTON,false,1,true,false,true,KKT_OK,0,19.178052,8.779257652287594,0.0,false
OBSTCLBU,10000,0,2P_SAR0_PH1_ATR0_RRU1_SQP_IDENTITY,false,1,true,false,true,KKT_OK,0,17.277362,16.467667666778873,0.0,false
OBSTCLBU,10000,0,2P_SAR0_PH1_ATR0_RRU1_SQP_SPECTRAL,false,1,true,false,true,KKT_OK,0,18.775605000000002,16.467667666778873,0.0,false
OBSTCLBU,10000,0,2P_SAR0_PH1_ATR0_RRU1_SQP_RECIPROCAL,false,1,true,false,true,KKT_OK,0,18.057212999999997,16.467667666778873,0.0,false
OBSTCLBU,10000,0,2P_SAR0_PH1_ATR0_RRU1_SQP_EXPONENTIAL,false,1,true,false,true,KKT_OK,0,19.014771,16.467667666778873,0.0,false
OBSTCLBU,10000,0,2P_SAR0_PH1_ATR0_RRU1_SQP_QUASI_NEWTON,false,1,true,false,true,KKT_OK,0,18.943640000000002,16.467667666778873,0.0,false
ODC,5184,0,2P_SAR0_PH1_ATR0_RRU1_SQP_IDENTITY,false,1,true,false,true,KKT_OK,0,7.821797999999999,0.0,0.0,false
ODC,5184,0,2P_SAR0_PH1_ATR0_RRU1_SQP_SPECTRAL,false,1,true,false,true,KKT_OK,0,8.750091,0.0,0.0,false
ODC,5184,0,2P_SAR0_PH1_ATR0_RRU1_SQP_RECIPROCAL,false,1,true,false,true,KKT_OK,0,11.198919,0.0,0.0,false
ODC,5184,0,2P_SAR0_PH1_ATR0_RRU1_SQP_EXPONENTIAL,false,1,true,false,true,KKT_OK,0,7.105904,0.0,0.0,false
ODC,5184,0,2P_SAR0_PH1_ATR0_RRU1_SQP_QUASI_NEWTON,false,1,true,false,true,KKT_OK,0,11.292132,0.0,0.0,false
ODNAMUR,11130,0,2P_SAR0_PH1_ATR0_RRU1_SQP_IDENTITY,false,1,true,false,true,MAX_IT,5000,100253.744805,10671.679146856633,0.0,false
ODNAMUR,11130,0,2P_SAR0_PH1_ATR0_RRU1_SQP_SPECTRAL,false,1,true,false,true,MAX_IT,5000,157055.32891799998,14356.178366353226,0.0,false
ODNAMUR,11130,0,2P_SAR0_PH1_ATR0_RRU1_SQP_RECIPROCAL,false,1,true,false,true,MAX_IT,5000,100007.204142,10852.95873418182,0.0,false
ODNAMUR,11130,0,2P_SAR0_PH1_ATR0_RRU1_SQP_EXPONENTIAL,false,1,true,false,true,MAX_IT,5000,100357.92888800001,10745.007676287149,0.0,false
ODNAMUR,11130,0,2P_SAR0_PH1_ATR0_RRU1_SQP_QUASI_NEWTON,false,1,true,false,true,KKT_OK,2306,42970.871871999996,9545.065394153404,0.0,false
OSBORNEA,5,0,2P_SAR0_PH1_ATR0_RRU1_SQP_IDENTITY,false,1,true,false,true,SMALL_STEP,99,12.111849,0.0725081429969549,0.0,false
OSBORNEA,5,0,2P_SAR0_PH1_ATR0_RRU1_SQP_SPECTRAL,false,1,true,false,true,SMALL_STEP,234,17.659929,0.05432390570171826,0.0,false
OSBORNEA,5,0,2P_SAR0_PH1_ATR0_RRU1_SQP_RECIPROCAL,false,1,true,false,true,SMALL_STEP,99,5.954393,0.07250811269246676,0.0,false
OSBORNEA,5,0,2P_SAR0_PH1_ATR0_RRU1_SQP_EXPONENTIAL,false,1,true,false,true,SMALL_STEP,102,6.123497,0.0667727030570986,0.0,false
OSBORNEA,5,0,2P_SAR0_PH1_ATR0_RRU1_SQP_QUASI_NEWTON,false,1,true,false,true,SMALL_STEP,36,2.471047,0.0016873842129091407,0.0,false
OSBORNEB,11,0,2P_SAR0_PH1_ATR0_RRU1_SQP_IDENTITY,false,1,true,false,true,KKT_OK,4729,378.36226,0.0427381118986327,0.0,false
OSBORNEB,11,0,2P_SAR0_PH1_ATR0_RRU1_SQP_SPECTRAL,false,1,true,false,true,KKT_OK,439,34.081501,0.042261337528772175,0.0,false
OSBORNEB,11,0,2P_SAR0_PH1_ATR0_RRU1_SQP_RECIPROCAL,false,1,true,false,true,KKT_OK,4727,392.757773,0.04266888342496149,0.0,false
OSBORNEB,11,0,2P_SAR0_PH1_ATR0_RRU1_SQP_EXPONENTIAL,false,1,true,false,true,SMALL_STEP,4104,356.935006,0.0433707613662178,0.0,false
OSBORNEB,11,0,2P_SAR0_PH1_ATR0_RRU1_SQP_QUASI_NEWTON,false,1,true,false,true,KKT_OK,242,24.339847000000002,0.04067475948606993,0.0,false
OSCIGRAD,100000,0,2P_SAR0_PH1_ATR0_RRU1_SQP_IDENTITY,false,1,true,false,true,SMALL_STEP,112,55923.68896299999,48154.965658604444,0.0,false
OSCIGRAD,100000,0,2P_SAR0_PH1_ATR0_RRU1_SQP_SPECTRAL,false,1,true,false,true,SMALL_STEP,104,55175.646439,54464.69874228723,0.0,false
OSCIGRAD,100000,0,2P_SAR0_PH1_ATR0_RRU1_SQP_RECIPROCAL,false,1,true,false,true,SMALL_STEP,113,54515.961881,48579.423277332935,0.0,false
OSCIGRAD,100000,0,2P_SAR0_PH1_ATR0_RRU1_SQP_EXPONENTIAL,false,1,true,false,true,SMALL_STEP,131,66357.829928,19497.621660891786,0.0,false
OSCIGRAD,100000,0,2P_SAR0_PH1_ATR0_RRU1_SQP_QUASI_NEWTON,false,1,true,false,true,SMALL_STEP,109,55794.958638,8110.917243383527,0.0,false
OSCIPATH,500,0,2P_SAR0_PH1_ATR0_RRU1_SQP_IDENTITY,false,1,true,false,true,SMALL_STEP,3,7.833943,0.9999673980854219,0.0,false
OSCIPATH,500,0,2P_SAR0_PH1_ATR0_RRU1_SQP_SPECTRAL,false,1,true,false,true,SMALL_STEP,3,3.630357,0.9999733677907754,0.0,false
OSCIPATH,500,0,2P_SAR0_PH1_ATR0_RRU1_SQP_RECIPROCAL,false,1,true,false,true,SMALL_STEP,3,3.196538,0.9999673980858559,0.0,false
OSCIPATH,500,0,2P_SAR0_PH1_ATR0_RRU1_SQP_EXPONENTIAL,false,1,true,false,true,SMALL_STEP,3,3.191793,0.9999673981214587,0.0,false
OSCIPATH,500,0,2P_SAR0_PH1_ATR0_RRU1_SQP_QUASI_NEWTON,false,1,true,false,true,SMALL_STEP,3,5.626107,0.9999673326701903,0.0,false
OSLBQP,8,0,2P_SAR0_PH1_ATR0_RRU1_SQP_IDENTITY,false,1,true,false,true,KKT_OK,9,3.770164,6.25000000207141,0.0,false
OSLBQP,8,0,2P_SAR0_PH1_ATR0_RRU1_SQP_SPECTRAL,false,1,true,false,true,KKT_OK,6,2.329883,6.250000000000447,0.0,false
OSLBQP,8,0,2P_SAR0_PH1_ATR0_RRU1_SQP_RECIPROCAL,false,1,true,false,true,KKT_OK,9,1.073493,6.250000008246052,0.0,false
OSLBQP,8,0,2P_SAR0_PH1_ATR0_RRU1_SQP_EXPONENTIAL,false,1,true,false,true,KKT_OK,8,1.0528,6.250000037281168,0.0,false
OSLBQP,8,0,2P_SAR0_PH1_ATR0_RRU1_SQP_QUASI_NEWTON,false,1,true,false,true,KKT_OK,6,0.7781589999999999,6.250000000000728,0.0,false
PALMER1,4,0,2P_SAR0_PH1_ATR0_RRU1_SQP_IDENTITY,false,1,true,false,true,MAX_IT,5000,263.925432,18456.152035952207,0.0,false
PALMER1,4,0,2P_SAR0_PH1_ATR0_RRU1_SQP_SPECTRAL,false,1,true,false,true,MAX_IT,5000,257.494669,18456.152023023213,0.0,false
PALMER1,4,0,2P_SAR0_PH1_ATR0_RRU1_SQP_RECIPROCAL,false,1,true,false,true,MAX_IT,5000,265.67071799999997,18456.150664069173,0.0,false
PALMER1,4,0,2P_SAR0_PH1_ATR0_RRU1_SQP_EXPONENTIAL,false,1,true,false,true,MAX_IT,5000,263.41907,18242.082055810082,0.0,false
PALMER1,4,0,2P_SAR0_PH1_ATR0_RRU1_SQP_QUASI_NEWTON,false,1,true,false,true,SMALL_STEP,45,3.019422,11779.43499068093,0.0,false
PALMER1A,6,0,2P_SAR0_PH1_ATR0_RRU1_SQP_IDENTITY,false,1,true,false,true,SMALL_STEP,1511,100.652799,16444.53977369523,0.0,false
PALMER1A,6,0,2P_SAR0_PH1_ATR0_RRU1_SQP_SPECTRAL,false,1,true,false,true,SMALL_STEP,1082,62.282560000000004,17671.969519188206,0.0,false
PALMER1A,6,0,2P_SAR0_PH1_ATR0_RRU1_SQP_RECIPROCAL,false,1,true,false,true,SMALL_STEP,1511,86.412558,16444.53975178052,0.0,false
PALMER1A,6,0,2P_SAR0_PH1_ATR0_RRU1_SQP_EXPONENTIAL,false,1,true,false,true,MAX_IT,5000,276.48538299999996,13027.815723488751,0.0,false
PALMER1A,6,0,2P_SAR0_PH1_ATR0_RRU1_SQP_QUASI_NEWTON,false,1,true,false,true,SMALL_STEP,2972,157.10332,169.28588929671008,0.0,false
PALMER1B,4,0,2P_SAR0_PH1_ATR0_RRU1_SQP_IDENTITY,false,1,true,false,true,MAX_IT,5000,274.66035999999997,15667.79148581044,0.0,false
PALMER1B,4,0,2P_SAR0_PH1_ATR0_RRU1_SQP_SPECTRAL,false,1,true,false,true,MAX_IT,5000,272.869219,17015.02305409684,0.0,false
PALMER1B,4,0,2P_SAR0_PH1_ATR0_RRU1_SQP_RECIPROCAL,false,1,true,false,true,MAX_IT,5000,273.57788,15667.79098996697,0.0,false
PALMER1B,4,0,2P_SAR0_PH1_ATR0_RRU1_SQP_EXPONENTIAL,false,1,true,false,true,MAX_IT,5000,278.41772199999997,15587.808084815648,0.0,false
PALMER1B,4,0,2P_SAR0_PH1_ATR0_RRU1_SQP_QUASI_NEWTON,false,1,true,false,true,SMALL_STEP,2108,111.820381,6.615957609657321,0.0,false
PALMER1C,8,0,2P_SAR0_PH1_ATR0_RRU1_SQP_IDENTITY,false,1,true,false,true,SMALL_STEP,59,17.960937,42163.66925136554,0.0,false
PALMER1C,8,0,2P_SAR0_PH1_ATR0_RRU1_SQP_SPECTRAL,false,1,true,false,true,SMALL_STEP,59,5.767828,42163.66837013961,0.0,false
PALMER1C,8,0,2P_SAR0_PH1_ATR0_RRU1_SQP_RECIPROCAL,false,1,true,false,true,SMALL_STEP,85,5.617228,42220.364297723754,0.0,false
PALMER1C,8,0,2P_SAR0_PH1_ATR0_RRU1_SQP_EXPONENTIAL,false,1,true,false,true,SMALL_STEP,611,39.220997,39939.67530044856,0.0,false
PALMER1C,8,0,2P_SAR0_PH1_ATR0_RRU1_SQP_QUASI_NEWTON,false,1,true,false,true,SMALL_STEP,632,37.985361000000005,39918.436438481665,0.0,false
PALMER1D,7,0,2P_SAR0_PH1_ATR0_RRU1_SQP_IDENTITY,false,1,true,false,true,SMALL_STEP,582,38.827282,39786.479160468916,0.0,false
PALMER1D,7,0,2P_SAR0_PH1_ATR0_RRU1_SQP_SPECTRAL,false,1,true,false,true,SMALL_STEP,493,28.581929,39803.78874978857,0.0,false
PALMER1D,7,0,2P_SAR0_PH1_ATR0_RRU1_SQP_RECIPROCAL,false,1,true,false,true,SMALL_STEP,554,31.461577999999996,39778.536857884545,0.0,false
PALMER1D,7,0,2P_SAR0_PH1_ATR0_RRU1_SQP_EXPONENTIAL,false,1,true,false,true,SMALL_STEP,446,27.736591,39752.711936750224,0.0,false
PALMER1D,7,0,2P_SAR0_PH1_ATR0_RRU1_SQP_QUASI_NEWTON,false,1,true,false,true,SMALL_STEP,3448,188.608463,3532.8253135872524,0.0,false
PALMER1E,8,0,2P_SAR0_PH1_ATR0_RRU1_SQP_IDENTITY,false,1,true,false,true,MAX_IT,5000,304.297975,28770.09155740127,0.0,false
PALMER1E,8,0,2P_SAR0_PH1_ATR0_RRU1_SQP_SPECTRAL,false,1,true,false,true,MAX_IT,5000,343.775226,28455.74597017876,0.0,false
PALMER1E,8,0,2P_SAR0_PH1_ATR0_RRU1_SQP_RECIPROCAL,false,1,true,false,true,MAX_IT,5000,477.241382,28557.69159673681,0.0,false
PALMER1E,8,0,2P_SAR0_PH1_ATR0_RRU1_SQP_EXPONENTIAL,false,1,true,false,true,MAX_IT,5000,307.825807,26664.873903648826,0.0,false
PALMER1E,8,0,2P_SAR0_PH1_ATR0_RRU1_SQP_QUASI_NEWTON,false,1,true,false,true,SMALL_STEP,2225,131.287348,17.538719906487778,0.0,false
PALMER2,4,0,2P_SAR0_PH1_ATR0_RRU1_SQP_IDENTITY,false,1,true,false,true,KKT_OK,250,15.515018,4581.166027290064,0.0,false
PALMER2,4,0,2P_SAR0_PH1_ATR0_RRU1_SQP_SPECTRAL,false,1,true,false,true,MAX_IT,5000,270.017189,3665.3292318340455,0.0,false
PALMER2,4,0,2P_SAR0_PH1_ATR0_RRU1_SQP_RECIPROCAL,false,1,true,false,true,SMALL_STEP,282,13.61697,4581.166036808074,0.0,false
PALMER2,4,0,2P_SAR0_PH1_ATR0_RRU1_SQP_EXPONENTIAL,false,1,true,false,true,MAX_IT,5000,259.03441,4067.813711303572,0.0,false
PALMER2,4,0,2P_SAR0_PH1_ATR0_RRU1_SQP_QUASI_NEWTON,false,1,true,false,true,SMALL_STEP,40,2.797182,3651.097535489398,0.0,false
PALMER2A,6,0,2P_SAR0_PH1_ATR0_RRU1_SQP_IDENTITY,false,1,true,false,true,MAX_IT,5000,275.53119100000004,53.70009064334715,0.0,false
PALMER2A,6,0,2P_SAR0_PH1_ATR0_RRU1_SQP_SPECTRAL,false,1,true,false,true,MAX_IT,5000,273.941543,57.91225395745708,0.0,false
PALMER2A,6,0,2P_SAR0_PH1_ATR0_RRU1_SQP_RECIPROCAL,false,1,true,false,true,MAX_IT,5000,269.89525399999997,53.49859792637411,0.0,false
PALMER2A,6,0,2P_SAR0_PH1_ATR0_RRU1_SQP_EXPONENTIAL,false,1,true,false,true,MAX_IT,5000,275.001463,47.40038211930745,0.0,false
PALMER2A,6,0,2P_SAR0_PH1_ATR0_RRU1_SQP_QUASI_NEWTON,false,1,true,false,true,MAX_IT,5000,269.850935,2.5780032639395474,0.0,false
PALMER2B,4,0,2P_SAR0_PH1_ATR0_RRU1_SQP_IDENTITY,false,1,true,false,true,MAX_IT,5000,270.14153699999997,892.2844167131673,0.0,false
PALMER2B,4,0,2P_SAR0_PH1_ATR0_RRU1_SQP_SPECTRAL,false,1,true,false,true,MAX_IT,5000,266.929157,862.2006304447362,0.0,false
PALMER2B,4,0,2P_SAR0_PH1_ATR0_RRU1_SQP_RECIPROCAL,false,1,true,false,true,MAX_IT,5000,270.629376,968.6436626698372,0.0,false
PALMER2B,4,0,2P_SAR0_PH1_ATR0_RRU1_SQP_EXPONENTIAL,false,1,true,false,true,MAX_IT,5000,271.73170400000004,974.9629940468366,0.0,false
PALMER2B,4,0,2P_SAR0_PH1_ATR0_RRU1_SQP_QUASI_NEWTON,false,1,true,false,true,SMALL_STEP,943,47.367272,0.6848807363376865,0.0,false
PALMER2C,8,0,2P_SAR0_PH1_ATR0_RRU1_SQP_IDENTITY,false,1,true,false,true,SMALL_STEP,591,36.810494,1617.9987903419276,0.0,false
PALMER2C,8,0,2P_SAR0_PH1_ATR0_RRU1_SQP_SPECTRAL,false,1,true,false,true,SMALL_STEP,545,29.6597,1626.5393016668709,0.0,false
PALMER2C,8,0,2P_SAR0_PH1_ATR0_RRU1_SQP_RECIPROCAL,false,1,true,false,true,SMALL_STEP,571,30.557685,1595.628073187605,0.0,false
PALMER2C,8,0,2P_SAR0_PH1_ATR0_RRU1_SQP_EXPONENTIAL,false,1,true,false,true,SMALL_STEP,467,26.974899,1529.4719705512427,0.0,false
PALMER2C,8,0,2P_SAR0_PH1_ATR0_RRU1_SQP_QUASI_NEWTON,false,1,true,false,true,SMALL_STEP,233,11.999955,1403.7500973355964,0.0,false
PALMER2E,8,0,2P_SAR0_PH1_ATR0_RRU1_SQP_IDENTITY,false,1,true,false,true,MAX_IT,5000,303.110635,356.55733431780965,0.0,false
PALMER2E,8,0,2P_SAR0_PH1_ATR0_RRU1_SQP_SPECTRAL,false,1,true,false,true,MAX_IT,5000,297.62715499999996,361.2159878755849,0.0,false
PALMER2E,8,0,2P_SAR0_PH1_ATR0_RRU1_SQP_RECIPROCAL,false,1,true,false,true,MAX_IT,5000,298.70498000000003,329.6238020591254,0.0,false
PALMER2E,8,0,2P_SAR0_PH1_ATR0_RRU1_SQP_EXPONENTIAL,false,1,true,false,true,MAX_IT,5000,305.332498,201.32166232977644,0.0,false
PALMER2E,8,0,2P_SAR0_PH1_ATR0_RRU1_SQP_QUASI_NEWTON,false,1,true,false,true,SMALL_STEP,1182,70.004663,0.864801082444823,0.0,false
PALMER3,4,0,2P_SAR0_PH1_ATR0_RRU1_SQP_IDENTITY,false,1,true,false,true,KKT_OK,83,7.107905000000001,2416.980441244839,0.0,false
PALMER3,4,0,2P_SAR0_PH1_ATR0_RRU1_SQP_SPECTRAL,false,1,true,false,true,KKT_OK,36,2.094567,2416.980579077618,0.0,false
PALMER3,4,0,2P_SAR0_PH1_ATR0_RRU1_SQP_RECIPROCAL,false,1,true,false,true,KKT_OK,64,3.765982,2416.98048532722,0.0,false
PALMER3,4,0,2P_SAR0_PH1_ATR0_RRU1_SQP_EXPONENTIAL,false,1,true,false,true,KKT_OK,22,1.773773,2416.980780103317,0.0,false
PALMER3,4,0,2P_SAR0_PH1_ATR0_RRU1_SQP_QUASI_NEWTON,false,1,true,false,true,KKT_OK,17,1.31989,2416.980404034806,0.0,false
PALMER3A,6,0,2P_SAR0_PH1_ATR0_RRU1_SQP_IDENTITY,false,1,true,false,true,MAX_IT,5000,278.63548399999996,33.52811871236535,0.0,false
PALMER3A,6,0,2P_SAR0_PH1_ATR0_RRU1_SQP_SPECTRAL,false,1,true,false,true,MAX_IT,5000,271.093817,32.90541313881434,0.0,false
PALMER3A,6,0,2P_SAR0_PH1_ATR0_RRU1_SQP_RECIPROCAL,false,1,true,false,true,MAX_IT,5000,274.94867,33.67365419146595,0.0,false
PALMER3A,6,0,2P_SAR0_PH1_ATR0_RRU1_SQP_EXPONENTIAL,false,1,true,false,true,MAX_IT,5000,273.204675,31.78901124504756,0.0,false
PALMER3A,6,0,2P_SAR0_PH1_ATR0_RRU1_SQP_QUASI_NEWTON,false,1,true,false,true,SMALL_STEP,3192,169.498299,2.036618887166001,0.0,false
PALMER3B,4,0,2P_SAR0_PH1_ATR0_RRU1_SQP_IDENTITY,false,1,true,false,true,MAX_IT,5000,272.891648,364.8316995454435,0.0,false
PALMER3B,4,0,2P_SAR0_PH1_ATR0_RRU1_SQP_SPECTRAL,false,1,true,false,true,MAX_IT,5000,271.032845,231.61733742618352,0.0,false
PALMER3B,4,0,2P_SAR0_PH1_ATR0_RRU1_SQP_RECIPROCAL,false,1,true,false,true,MAX_IT,5000,272.22153399999996,435.0524823610492,0.0,false
PALMER3B,4,0,2P_SAR0_PH1_ATR0_RRU1_SQP_EXPONENTIAL,false,1,true,false,true,MAX_IT,5000,262.423985,417.73959557724004,0.0,false
PALMER3B,4,0,2P_SAR0_PH1_ATR0_RRU1_SQP_QUASI_NEWTON,false,1,true,false,true,SMALL_STEP,523,28.409634999999998,4.234623882466276,0.0,false
PALMER3C,8,0,2P_SAR0_PH1_ATR0_RRU1_SQP_IDENTITY,false,1,true,false,true,SMALL_STEP,692,40.585689,377.6620336315069,0.0,false
PALMER3C,8,0,2P_SAR0_PH1_ATR0_RRU1_SQP_SPECTRAL,false,1,true,false,true,SMALL_STEP,670,34.406729,379.7550971914256,0.0,false
PALMER3C,8,0,2P_SAR0_PH1_ATR0_RRU1_SQP_RECIPROCAL,false,1,true,false,true,SMALL_STEP,612,31.853787,391.12499695854416,0.0,false
PALMER3C,8,0,2P_SAR0_PH1_ATR0_RRU1_SQP_EXPONENTIAL,false,1,true,false,true,SMALL_STEP,785,43.633058000000005,330.2443715115987,0.0,false
PALMER3C,8,0,2P_SAR0_PH1_ATR0_RRU1_SQP_QUASI_NEWTON,false,1,true,false,true,SMALL_STEP,275,16.0873,260.11946089541203,0.0,false
PALMER3E,8,0,2P_SAR0_PH1_ATR0_RRU1_SQP_IDENTITY,false,1,true,false,true,MAX_IT,5000,290.50613,72.39304069780174,0.0,false
PALMER3E,8,0,2P_SAR0_PH1_ATR0_RRU1_SQP_SPECTRAL,false,1,true,false,true,MAX_IT,5000,293.927146,84.47310071508575,0.0,false
PALMER3E,8,0,2P_SAR0_PH1_ATR0_RRU1_SQP_RECIPROCAL,false,1,true,false,true,MAX_IT,5000,290.770121,71.43167692316136,0.0,false
PALMER3E,8,0,2P_SAR0_PH1_ATR0_RRU1_SQP_EXPONENTIAL,false,1,true,false,true,MAX_IT,5000,300.666452,60.62712088901233,0.0,false
PALMER3E,8,0,2P_SAR0_PH1_ATR0_RRU1_SQP_QUASI_NEWTON,false,1,true,false,true,SMALL_STEP,822,46.627745,0.6044518562012748,0.0,false
PALMER4,4,0,2P_SAR0_PH1_ATR0_RRU1_SQP_IDENTITY,false,1,true,false,true,KKT_OK,78,16.335272,2424.0165304371435,0.0,false
PALMER4,4,0,2P_SAR0_PH1_ATR0_RRU1_SQP_SPECTRAL,false,1,true,false,true,KKT_OK,33,3.5149410000000003,2424.0166108755247,0.0,false
PALMER4,4,0,2P_SAR0_PH1_ATR0_RRU1_SQP_RECIPROCAL,false,1,true,false,true,KKT_OK,58,7.9363909999999995,2424.0165716267866,0.0,false
PALMER4,4,0,2P_SAR0_PH1_ATR0_RRU1_SQP_EXPONENTIAL,false,1,true,false,true,KKT_OK,36,2.3920500000000002,2424.016560067831,0.0,false
PALMER4,4,0,2P_SAR0_PH1_ATR0_RRU1_SQP_QUASI_NEWTON,false,1,true,false,true,KKT_OK,20,1.3393490000000001,2424.0165621192946,0.0,false
PALMER4A,6,0,2P_SAR0_PH1_ATR0_RRU1_SQP_IDENTITY,false,1,true,false,true,MAX_IT,5000,280.782462,41.77533825871887,0.0,false
PALMER4A,6,0,2P_SAR0_PH1_ATR0_RRU1_SQP_SPECTRAL,false,1,true,false,true,MAX_IT,5000,271.982323,37.912794072010996,0.0,false
PALMER4A,6,0,2P_SAR0_PH1_ATR0_RRU1_SQP_RECIPROCAL,false,1,true,false,true,MAX_IT,5000,275.077658,42.843966732617965,0.0,false
PALMER4A,6,0,2P_SAR0_PH1_ATR0_RRU1_SQP_EXPONENTIAL,false,1,true,false,true,MAX_IT,5000,275.915941,47.02925575654663,0.0,false
PALMER4A,6,0,2P_SAR0_PH1_ATR0_RRU1_SQP_QUASI_NEWTON,false,1,true,false,true,SMALL_STEP,4915,260.999324,0.7951199532622285,0.0,false
PALMER4B,4,0,2P_SAR0_PH1_ATR0_RRU1_SQP_IDENTITY,false,1,true,false,true,MAX_IT,5000,275.987474,353.56252711401413,0.0,false
PALMER4B,4,0,2P_SAR0_PH1_ATR0_RRU1_SQP_SPECTRAL,false,1,true,false,true,MAX_IT,5000,271.923095,229.7621654381786,0.0,false
PALMER4B,4,0,2P_SAR0_PH1_ATR0_RRU1_SQP_RECIPROCAL,false,1,true,false,true,MAX_IT,5000,276.137031,408.09871522751854,0.0,false
PALMER4B,4,0,2P_SAR0_PH1_ATR0_RRU1_SQP_EXPONENTIAL,false,1,true,false,true,MAX_IT,5000,261.324407,411.13603482833565,0.0,false
PALMER4B,4,0,2P_SAR0_PH1_ATR0_RRU1_SQP_QUASI_NEWTON,false,1,true,false,true,SMALL_STEP,443,24.717474,6.837110745663444,0.0,false
PALMER4C,8,0,2P_SAR0_PH1_ATR0_RRU1_SQP_IDENTITY,false,1,true,false,true,SMALL_STEP,714,40.334619,378.43405360093607,0.0,false
PALMER4C,8,0,2P_SAR0_PH1_ATR0_RRU1_SQP_SPECTRAL,false,1,true,false,true,SMALL_STEP,735,37.535384,372.40986402730033,0.0,false
PALMER4C,8,0,2P_SAR0_PH1_ATR0_RRU1_SQP_RECIPROCAL,false,1,true,false,true,SMALL_STEP,704,35.840247999999995,366.29384549557085,0.0,false
PALMER4C,8,0,2P_SAR0_PH1_ATR0_RRU1_SQP_EXPONENTIAL,false,1,true,false,true,SMALL_STEP,642,37.564183,348.1931974260968,0.0,false
PALMER4C,8,0,2P_SAR0_PH1_ATR0_RRU1_SQP_QUASI_NEWTON,false,1,true,false,true,SMALL_STEP,231,11.924453,244.9069157325197,0.0,false
PALMER4E,8,0,2P_SAR0_PH1_ATR0_RRU1_SQP_IDENTITY,false,1,true,false,true,MAX_IT,5000,287.014135,75.4960708652178,0.0,false
PALMER4E,8,0,2P_SAR0_PH1_ATR0_RRU1_SQP_SPECTRAL,false,1,true,false,true,MAX_IT,5000,296.933996,89.60622963365519,0.0,false
PALMER4E,8,0,2P_SAR0_PH1_ATR0_RRU1_SQP_RECIPROCAL,false,1,true,false,true,MAX_IT,5000,290.183959,74.9309138044886,0.0,false
PALMER4E,8,0,2P_SAR0_PH1_ATR0_RRU1_SQP_EXPONENTIAL,false,1,true,false,true,MAX_IT,5000,299.59096800000003,64.76280694676346,0.0,false
PALMER4E,8,0,2P_SAR0_PH1_ATR0_RRU1_SQP_QUASI_NEWTON,false,1,true,false,true,SMALL_STEP,733,41.938378,1.1426638333056864,0.0,false
PALMER5A,8,0,2P_SAR0_PH1_ATR0_RRU1_SQP_IDENTITY,false,1,true,false,true,SMALL_STEP,148,16.554712,10717.75139600353,0.0,false
PALMER5A,8,0,2P_SAR0_PH1_ATR0_RRU1_SQP_SPECTRAL,false,1,true,false,true,SMALL_STEP,148,8.783468,10717.762753258141,0.0,false
PALMER5A,8,0,2P_SAR0_PH1_ATR0_RRU1_SQP_RECIPROCAL,false,1,true,false,true,SMALL_STEP,148,8.506309,10717.76295474047,0.0,false
PALMER5A,8,0,2P_SAR0_PH1_ATR0_RRU1_SQP_EXPONENTIAL,false,1,true,false,true,MAX_IT,5000,294.595222,7599.288981407614,0.0,false
PALMER5A,8,0,2P_SAR0_PH1_ATR0_RRU1_SQP_QUASI_NEWTON,false,1,true,false,true,SMALL_STEP,316,16.25444,5.3578814783604445,0.0,false
PALMER5B,9,0,2P_SAR0_PH1_ATR0_RRU1_SQP_IDENTITY,false,1,true,false,true,SMALL_STEP,162,13.874158,5712.988821743405,0.0,false
PALMER5B,9,0,2P_SAR0_PH1_ATR0_RRU1_SQP_SPECTRAL,false,1,true,false,true,SMALL_STEP,250,15.382073,5810.735975208487,0.0,false
PALMER5B,9,0,2P_SAR0_PH1_ATR0_RRU1_SQP_RECIPROCAL,false,1,true,false,true,SMALL_STEP,158,14.20027,5716.754622461932,0.0,false
PALMER5B,9,0,2P_SAR0_PH1_ATR0_RRU1_SQP_EXPONENTIAL,false,1,true,false,true,SMALL_STEP,241,13.650433999999999,5764.729462220786,0.0,false
PALMER5B,9,0,2P_SAR0_PH1_ATR0_RRU1_SQP_QUASI_NEWTON,false,1,true,false,true,SMALL_STEP,2360,139.066717,29.208927542289956,0.0,false
PALMER5C,6,0,2P_SAR0_PH1_ATR0_RRU1_SQP_IDENTITY,false,1,true,false,true,KKT_OK,54,15.997405999999998,2.128088654080828,0.0,false
PALMER5C,6,0,2P_SAR0_PH1_ATR0_RRU1_SQP_SPECTRAL,false,1,true,false,true,KKT_OK,33,4.526442,2.1280867631457467,0.0,false
PALMER5C,6,0,2P_SAR0_PH1_ATR0_RRU1_SQP_RECIPROCAL,false,1,true,false,true,KKT_OK,55,3.942577,2.128087455298318,0.0,false
PALMER5C,6,0,2P_SAR0_PH1_ATR0_RRU1_SQP_EXPONENTIAL,false,1,true,false,true,KKT_OK,70,8.030456000000001,2.12808775562244,0.0,false
PALMER5C,6,0,2P_SAR0_PH1_ATR0_RRU1_SQP_QUASI_NEWTON,false,1,true,false,true,KKT_OK,38,2.436235,2.128089197250558,0.0,false
PALMER5D,4,0,2P_SAR0_PH1_ATR0_RRU1_SQP_IDENTITY,false,1,true,false,true,MAX_IT,5000,260.87181599999997,123.93332342101012,0.0,false
PALMER5D,4,0,2P_SAR0_PH1_ATR0_RRU1_SQP_SPECTRAL,false,1,true,false,true,SMALL_STEP,202,9.110329,87.35574289705923,0.0,false
PALMER5D,4,0,2P_SAR0_PH1_ATR0_RRU1_SQP_RECIPROCAL,false,1,true,false,true,MAX_IT,5000,251.672422,126.95856537869832,0.0,false
PALMER5D,4,0,2P_SAR0_PH1_ATR0_RRU1_SQP_EXPONENTIAL,false,1,true,false,true,MAX_IT,5000,262.14990900000004,120.45058047293065,0.0,false
PALMER5D,4,0,2P_SAR0_PH1_ATR0_RRU1_SQP_QUASI_NEWTON,false,1,true,false,true,MAX_IT,5000,246.146032,87.47524967878395,0.0,false
PALMER5E,8,0,2P_SAR0_PH1_ATR0_RRU1_SQP_IDENTITY,false,1,true,false,true,SMALL_STEP,843,58.476055,2.132098383992458,0.0,false
PALMER5E,8,0,2P_SAR0_PH1_ATR0_RRU1_SQP_SPECTRAL,false,1,true,false,true,KKT_OK,707,34.625614999999996,0.22447162156775777,0.0,false
PALMER5E,8,0,2P_SAR0_PH1_ATR0_RRU1_SQP_RECIPROCAL,false,1,true,false,true,SMALL_STEP,96,5.888249,2.1280936413910005,0.0,false
PALMER5E,8,0,2P_SAR0_PH1_ATR0_RRU1_SQP_EXPONENTIAL,false,1,true,false,true,KKT_OK,98,5.960846,2.128091150015631,0.0,false
PALMER5E,8,0,2P_SAR0_PH1_ATR0_RRU1_SQP_QUASI_NEWTON,false,1,true,false,true,KKT_OK,3986,210.77372499999998,0.23991721323274012,0.0,false
PALMER6A,6,0,2P_SAR0_PH1_ATR0_RRU1_SQP_IDENTITY,false,1,true,false,true,MAX_IT,5000,269.012611,28.212498447574255,0.0,false
PALMER6A,6,0,2P_SAR0_PH1_ATR0_RRU1_SQP_SPECTRAL,false,1,true,false,true,MAX_IT,5000,266.840213,26.963185318801706,0.0,false
PALMER6A,6,0,2P_SAR0_PH1_ATR0_RRU1_SQP_RECIPROCAL,false,1,true,false,true,MAX_IT,5000,271.26363799999996,31.29938514057273,0.0,false
PALMER6A,6,0,2P_SAR0_PH1_ATR0_RRU1_SQP_EXPONENTIAL,false,1,true,false,true,MAX_IT,5000,264.13266600000003,23.75702246882679,0.0,false
PALMER6A,6,0,2P_SAR0_PH1_ATR0_RRU1_SQP_QUASI_NEWTON,false,1,true,false,true,SMALL_STEP,2520,130.6149,1.1381309822770604,0.0,false
PALMER6C,8,0,2P_SAR0_PH1_ATR0_RRU1_SQP_IDENTITY,false,1,true,false,true,SMALL_STEP,844,46.945164999999996,211.90947002773026,0.0,false
PALMER6C,8,0,2P_SAR0_PH1_ATR0_RRU1_SQP_SPECTRAL,false,1,true,false,true,SMALL_STEP,735,37.557294,197.84434827247622,0.0,false
PALMER6C,8,0,2P_SAR0_PH1_ATR0_RRU1_SQP_RECIPROCAL,false,1,true,false,true,SMALL_STEP,788,39.321771999999996,211.33692600872195,0.0,false
PALMER6C,8,0,2P_SAR0_PH1_ATR0_RRU1_SQP_EXPONENTIAL,false,1,true,false,true,SMALL_STEP,821,47.94854,202.01139472951292,0.0,false
PALMER6C,8,0,2P_SAR0_PH1_ATR0_RRU1_SQP_QUASI_NEWTON,false,1,true,false,true,SMALL_STEP,773,40.589890000000004,88.82100665892543,0.0,false
PALMER6E,8,0,2P_SAR0_PH1_ATR0_RRU1_SQP_IDENTITY,false,1,true,false,true,MAX_IT,5000,295.816123,11.177530798922179,0.0,false
PALMER6E,8,0,2P_SAR0_PH1_ATR0_RRU1_SQP_SPECTRAL,false,1,true,false,true,MAX_IT,5000,247.535664,16.754414848928086,0.0,false
PALMER6E,8,0,2P_SAR0_PH1_ATR0_RRU1_SQP_RECIPROCAL,false,1,true,false,true,MAX_IT,5000,287.52428000000003,10.962204766974475,0.0,false
PALMER6E,8,0,2P_SAR0_PH1_ATR0_RRU1_SQP_EXPONENTIAL,false,1,true,false,true,MAX_IT,5000,299.415709,7.739308712343122,0.0,false
PALMER6E,8,0,2P_SAR0_PH1_ATR0_RRU1_SQP_QUASI_NEWTON,false,1,true,false,true,SMALL_STEP,742,41.509228,0.2440589243545288,0.0,false
PALMER7A,6,0,2P_SAR0_PH1_ATR0_RRU1_SQP_IDENTITY,false,1,true,false,true,SMALL_STEP,2336,138.504991,16.700237961345977,0.0,false
PALMER7A,6,0,2P_SAR0_PH1_ATR0_RRU1_SQP_SPECTRAL,false,1,true,false,true,MAX_IT,5000,278.31961900000005,21.52384429584467,0.0,false
PALMER7A,6,0,2P_SAR0_PH1_ATR0_RRU1_SQP_RECIPROCAL,false,1,true,false,true,SMALL_STEP,2609,146.673505,18.306537969031638,0.0,false
PALMER7A,6,0,2P_SAR0_PH1_ATR0_RRU1_SQP_EXPONENTIAL,false,1,true,false,true,SMALL_STEP,2752,157.932154,19.52274445406035,0.0,false
PALMER7A,6,0,2P_SAR0_PH1_ATR0_RRU1_SQP_QUASI_NEWTON,false,1,true,false,true,SMALL_STEP,4979,273.39863399999996,27.939471791181102,0.0,false
PALMER7C,8,0,2P_SAR0_PH1_ATR0_RRU1_SQP_IDENTITY,false,1,true,false,true,SMALL_STEP,1004,68.473951,339.964467461321,0.0,false
PALMER7C,8,0,2P_SAR0_PH1_ATR0_RRU1_SQP_SPECTRAL,false,1,true,false,true,SMALL_STEP,889,45.079091,337.8460690616884,0.0,false
PALMER7C,8,0,2P_SAR0_PH1_ATR0_RRU1_SQP_RECIPROCAL,false,1,true,false,true,SMALL_STEP,877,46.830842,333.7822931945488,0.0,false
PALMER7C,8,0,2P_SAR0_PH1_ATR0_RRU1_SQP_EXPONENTIAL,false,1,true,false,true,SMALL_STEP,758,42.365574,300.72511054598993,0.0,false
PALMER7C,8,0,2P_SAR0_PH1_ATR0_RRU1_SQP_QUASI_NEWTON,false,1,true,false,true,SMALL_STEP,260,13.048931999999999,133.53495469320163,0.0,false
PALMER7E,8,0,2P_SAR0_PH1_ATR0_RRU1_SQP_IDENTITY,false,1,true,false,true,MAX_IT,5000,284.027286,66.42414755441277,0.0,false
PALMER7E,8,0,2P_SAR0_PH1_ATR0_RRU1_SQP_SPECTRAL,false,1,true,false,true,MAX_IT,5000,288.29229200000003,68.1711594182818,0.0,false
PALMER7E,8,0,2P_SAR0_PH1_ATR0_RRU1_SQP_RECIPROCAL,false,1,true,false,true,MAX_IT,5000,285.076071,66.59154288581537,0.0,false
PALMER7E,8,0,2P_SAR0_PH1_ATR0_RRU1_SQP_EXPONENTIAL,false,1,true,false,true,MAX_IT,5000,297.084787,64.29684324304478,0.0,false
PALMER7E,8,0,2P_SAR0_PH1_ATR0_RRU1_SQP_QUASI_NEWTON,false,1,true,false,true,MAX_IT,5000,277.37980899999997,12.43331934621121,0.0,false
PALMER8A,6,0,2P_SAR0_PH1_ATR0_RRU1_SQP_IDENTITY,false,1,true,false,true,SMALL_STEP,3542,195.855948,3.795543747951367,0.0,false
PALMER8A,6,0,2P_SAR0_PH1_ATR0_RRU1_SQP_SPECTRAL,false,1,true,false,true,MAX_IT,5000,268.77479900000003,8.251316375907095,0.0,false
PALMER8A,6,0,2P_SAR0_PH1_ATR0_RRU1_SQP_RECIPROCAL,false,1,true,false,true,SMALL_STEP,3556,194.068487,4.73482392175303,0.0,false
PALMER8A,6,0,2P_SAR0_PH1_ATR0_RRU1_SQP_EXPONENTIAL,false,1,true,false,true,SMALL_STEP,2551,139.043673,6.27710778228669,0.0,false
PALMER8A,6,0,2P_SAR0_PH1_ATR0_RRU1_SQP_QUASI_NEWTON,false,1,true,false,true,SMALL_STEP,1803,95.863842,0.3232285096401011,0.0,false
PALMER8C,8,0,2P_SAR0_PH1_ATR0_RRU1_SQP_IDENTITY,false,1,true,false,true,SMALL_STEP,3570,212.846865,124.59569880303869,0.0,false
PALMER8C,8,0,2P_SAR0_PH1_ATR0_RRU1_SQP_SPECTRAL,false,1,true,false,true,SMALL_STEP,2245,131.89714,142.53469202695047,0.0,false
PALMER8C,8,0,2P_SAR0_PH1_ATR0_RRU1_SQP_RECIPROCAL,false,1,true,false,true,SMALL_STEP,3299,351.406723,127.58452795832291,0.0,false
PALMER8C,8,0,2P_SAR0_PH1_ATR0_RRU1_SQP_EXPONENTIAL,false,1,true,false,true,SMALL_STEP,4314,239.60220600000002,89.0816756924888,0.0,false
PALMER8C,8,0,2P_SAR0_PH1_ATR0_RRU1_SQP_QUASI_NEWTON,false,1,true,false,true,SMALL_STEP,1104,58.820954,51.23345464469823,0.0,false
PALMER8E,8,0,2P_SAR0_PH1_ATR0_RRU1_SQP_IDENTITY,false,1,true,false,true,MAX_IT,5000,291.851941,30.872806414378104,0.0,false
PALMER8E,8,0,2P_SAR0_PH1_ATR0_RRU1_SQP_SPECTRAL,false,1,true,false,true,MAX_IT,5000,258.102936,33.35726937072983,0.0,false
PALMER8E,8,0,2P_SAR0_PH1_ATR0_RRU1_SQP_RECIPROCAL,false,1,true,false,true,MAX_IT,5000,290.279111,31.825766138350815,0.0,false
PALMER8E,8,0,2P_SAR0_PH1_ATR0_RRU1_SQP_EXPONENTIAL,false,1,true,false,true,MAX_IT,5000,297.623635,26.049757056805685,0.0,false
PALMER8E,8,0,2P_SAR0_PH1_ATR0_RRU1_SQP_QUASI_NEWTON,false,1,true,false,true,SMALL_STEP,2394,134.630698,0.5551258674996444,0.0,false
PARKCH,15,0,2P_SAR0_PH1_ATR0_RRU1_SQP_IDENTITY,false,1,true,false,true,SMALL_STEP,69,664.788931,2093.347024418131,0.0,false
PARKCH,15,0,2P_SAR0_PH1_ATR0_RRU1_SQP_SPECTRAL,false,1,true,false,true,SMALL_STEP,53,494.471928,2097.2340751262623,0.0,false
PARKCH,15,0,2P_SAR0_PH1_ATR0_RRU1_SQP_RECIPROCAL,false,1,true,false,true,SMALL_STEP,140,1703.7161469999999,2071.5014073704983,0.0,false
PARKCH,15,0,2P_SAR0_PH1_ATR0_RRU1_SQP_EXPONENTIAL,false,1,true,false,true,SMALL_STEP,180,2709.111347,2052.5386329685994,0.0,false
PARKCH,15,0,2P_SAR0_PH1_ATR0_RRU1_SQP_QUASI_NEWTON,false,1,true,false,true,SMALL_STEP,93,1138.5873660000002,1625.560996253299,0.0,false
PATTERNLS,1001,0,2P_SAR0_PH1_ATR0_RRU1_SQP_IDENTITY,false,1,true,false,true,KKT_OK,11,660.318906,6.765583716637111e-6,0.0,false
PATTERNLS,1001,0,2P_SAR0_PH1_ATR0_RRU1_SQP_SPECTRAL,false,1,true,false,true,KKT_OK,17,977.7304740000001,0.002294735100305024,0.0,false
PATTERNLS,1001,0,2P_SAR0_PH1_ATR0_RRU1_SQP_RECIPROCAL,false,1,true,false,true,KKT_OK,11,821.08447,5.67602251527869e-6,0.0,false
PATTERNLS,1001,0,2P_SAR0_PH1_ATR0_RRU1_SQP_EXPONENTIAL,false,1,true,false,true,KKT_OK,20,1758.361904,3.978475028693917e-5,0.0,false
PATTERNLS,1001,0,2P_SAR0_PH1_ATR0_RRU1_SQP_QUASI_NEWTON,false,1,true,false,true,KKT_OK,26,1890.1640280000001,0.0009029967502636432,0.0,false
PENALTY1,1000,0,2P_SAR0_PH1_ATR0_RRU1_SQP_IDENTITY,false,1,true,false,true,KKT_OK,37,36.988023,0.00999929478665221,0.0,false
PENALTY1,1000,0,2P_SAR0_PH1_ATR0_RRU1_SQP_SPECTRAL,false,1,true,false,true,KKT_OK,41,32.042133,0.01001519784469032,0.0,false
PENALTY1,1000,0,2P_SAR0_PH1_ATR0_RRU1_SQP_RECIPROCAL,false,1,true,false,true,KKT_OK,36,37.247082,0.010000845479263115,0.0,false
PENALTY1,1000,0,2P_SAR0_PH1_ATR0_RRU1_SQP_EXPONENTIAL,false,1,true,false,true,KKT_OK,35,35.402378999999996,0.009984970119189472,0.0,false
PENALTY1,1000,0,2P_SAR0_PH1_ATR0_RRU1_SQP_QUASI_NEWTON,false,1,true,false,true,KKT_OK,45,32.381741999999996,0.01002640752380439,0.0,false
PENALTY2,200,0,2P_SAR0_PH1_ATR0_RRU1_SQP_IDENTITY,false,1,true,false,true,SMALL_STEP,4604,1403.574605,4.711627727565806e13,0.0,false
PENALTY2,200,0,2P_SAR0_PH1_ATR0_RRU1_SQP_SPECTRAL,false,1,true,false,true,SMALL_STEP,4873,1399.7581340000002,4.711627727563656e13,0.0,false
PENALTY2,200,0,2P_SAR0_PH1_ATR0_RRU1_SQP_RECIPROCAL,false,1,true,false,true,SMALL_STEP,4867,1627.530488,4.711627727558507e13,0.0,false
PENALTY2,200,0,2P_SAR0_PH1_ATR0_RRU1_SQP_EXPONENTIAL,false,1,true,false,true,SMALL_STEP,2441,770.338949,4.711627727555753e13,0.0,false
PENALTY2,200,0,2P_SAR0_PH1_ATR0_RRU1_SQP_QUASI_NEWTON,false,1,true,false,true,SMALL_STEP,57,15.282579,4.711627727552182e13,0.0,false
PENALTY3,200,0,2P_SAR0_PH1_ATR0_RRU1_SQP_IDENTITY,false,1,true,false,true,SMALL_STEP,3542,10805.235396,40145.67774425592,0.0,false
PENALTY3,200,0,2P_SAR0_PH1_ATR0_RRU1_SQP_SPECTRAL,false,1,true,false,true,SMALL_STEP,3111,9379.779489,40154.107129650896,0.0,false
PENALTY3,200,0,2P_SAR0_PH1_ATR0_RRU1_SQP_RECIPROCAL,false,1,true,false,true,SMALL_STEP,3340,12450.027187,40151.06101077243,0.0,false
PENALTY3,200,0,2P_SAR0_PH1_ATR0_RRU1_SQP_EXPONENTIAL,false,1,true,false,true,SMALL_STEP,3475,15177.779914,40153.47181431941,0.0,false
PENALTY3,200,0,2P_SAR0_PH1_ATR0_RRU1_SQP_QUASI_NEWTON,false,1,true,false,true,SMALL_STEP,323,1182.223317,0.001541102971503243,0.0,false
PENTDI,5000,0,2P_SAR0_PH1_ATR0_RRU1_SQP_IDENTITY,false,1,true,false,true,KKT_OK,0,10.686966,0.0,0.0,false
PENTDI,5000,0,2P_SAR0_PH1_ATR0_RRU1_SQP_SPECTRAL,false,1,true,false,true,KKT_OK,0,7.000331,0.0,0.0,false
PENTDI,5000,0,2P_SAR0_PH1_ATR0_RRU1_SQP_RECIPROCAL,false,1,true,false,true,KKT_OK,0,7.128731,0.0,0.0,false
PENTDI,5000,0,2P_SAR0_PH1_ATR0_RRU1_SQP_EXPONENTIAL,false,1,true,false,true,KKT_OK,0,9.719235999999999,0.0,0.0,false
PENTDI,5000,0,2P_SAR0_PH1_ATR0_RRU1_SQP_QUASI_NEWTON,false,1,true,false,true,KKT_OK,0,6.657984,0.0,0.0,false
PFIT1LS,3,0,2P_SAR0_PH1_ATR0_RRU1_SQP_IDENTITY,false,1,true,false,true,SMALL_STEP,580,29.859272999999998,0.2984576570362981,0.0,false
PFIT1LS,3,0,2P_SAR0_PH1_ATR0_RRU1_SQP_SPECTRAL,false,1,true,false,true,SMALL_STEP,282,16.160688999999998,0.08648741212678082,0.0,false
PFIT1LS,3,0,2P_SAR0_PH1_ATR0_RRU1_SQP_RECIPROCAL,false,1,true,false,true,SMALL_STEP,2431,108.733337,0.10642407797246176,0.0,false
PFIT1LS,3,0,2P_SAR0_PH1_ATR0_RRU1_SQP_EXPONENTIAL,false,1,true,false,true,SMALL_STEP,3645,175.496337,0.010988920507079968,0.0,false
PFIT1LS,3,0,2P_SAR0_PH1_ATR0_RRU1_SQP_QUASI_NEWTON,false,1,true,false,true,SMALL_STEP,1659,76.626195,0.022423655607711507,0.0,false
PFIT2LS,3,0,2P_SAR0_PH1_ATR0_RRU1_SQP_IDENTITY,false,1,true,false,true,SMALL_STEP,1301,71.512044,2.1363928315268756,0.0,false
PFIT2LS,3,0,2P_SAR0_PH1_ATR0_RRU1_SQP_SPECTRAL,false,1,true,false,true,MAX_IT,5000,228.842073,0.13624823837819164,0.0,false
PFIT2LS,3,0,2P_SAR0_PH1_ATR0_RRU1_SQP_RECIPROCAL,false,1,true,false,true,SMALL_STEP,145,7.054421,29.108989761678657,0.0,false
PFIT2LS,3,0,2P_SAR0_PH1_ATR0_RRU1_SQP_EXPONENTIAL,false,1,true,false,true,SMALL_STEP,2731,130.999284,1.1177121160324082,0.0,false
PFIT2LS,3,0,2P_SAR0_PH1_ATR0_RRU1_SQP_QUASI_NEWTON,false,1,true,false,true,SMALL_STEP,2172,100.49666,0.20952652989859416,0.0,false
PFIT3LS,3,0,2P_SAR0_PH1_ATR0_RRU1_SQP_IDENTITY,false,1,true,false,true,SMALL_STEP,381,23.163549,9.12215102286497,0.0,false
PFIT3LS,3,0,2P_SAR0_PH1_ATR0_RRU1_SQP_SPECTRAL,false,1,true,false,true,SMALL_STEP,2878,150.759185,4.3039564504492045,0.0,false
PFIT3LS,3,0,2P_SAR0_PH1_ATR0_RRU1_SQP_RECIPROCAL,false,1,true,false,true,SMALL_STEP,3317,151.938339,9.786237761744601,0.0,false
PFIT3LS,3,0,2P_SAR0_PH1_ATR0_RRU1_SQP_EXPONENTIAL,false,1,true,false,true,SMALL_STEP,2077,105.192908,6.552481778160021,0.0,false
PFIT3LS,3,0,2P_SAR0_PH1_ATR0_RRU1_SQP_QUASI_NEWTON,false,1,true,false,true,SMALL_STEP,3119,149.025051,0.3933889378787196,0.0,false
PFIT4LS,3,0,2P_SAR0_PH1_ATR0_RRU1_SQP_IDENTITY,false,1,true,false,true,SMALL_STEP,45,14.708699000000001,15.09029798703985,0.0,false
PFIT4LS,3,0,2P_SAR0_PH1_ATR0_RRU1_SQP_SPECTRAL,false,1,true,false,true,SMALL_STEP,463,29.712808,11.57533715951707,0.0,false
PFIT4LS,3,0,2P_SAR0_PH1_ATR0_RRU1_SQP_RECIPROCAL,false,1,true,false,true,SMALL_STEP,2254,105.950108,30.856538669490007,0.0,false
PFIT4LS,3,0,2P_SAR0_PH1_ATR0_RRU1_SQP_EXPONENTIAL,false,1,true,false,true,SMALL_STEP,587,29.655288,16.068151632614118,0.0,false
PFIT4LS,3,0,2P_SAR0_PH1_ATR0_RRU1_SQP_QUASI_NEWTON,false,1,true,false,true,SMALL_STEP,2419,117.89122400000001,2.1664149433414326,0.0,false
PORTFL1,12,1,2P_SAR0_PH1_ATR0_RRU1_SQP_IDENTITY,false,1,true,false,true,KKT_OK,5,2.445879,0.021103714949310032,1.0658279814279581e-11,false
PORTFL1,12,1,2P_SAR0_PH1_ATR0_RRU1_SQP_SPECTRAL,false,1,true,false,true,KKT_OK,4,2.0535259999999997,0.021935720023480636,3.1518843091049575e-11,false
PORTFL1,12,1,2P_SAR0_PH1_ATR0_RRU1_SQP_RECIPROCAL,false,1,true,false,true,KKT_OK,5,2.0061609999999996,0.020789827076005064,4.15023571065376e-12,false
PORTFL1,12,1,2P_SAR0_PH1_ATR0_RRU1_SQP_EXPONENTIAL,false,1,true,false,true,KKT_OK,5,5.3171729999999995,0.02068303316816642,4.074379722496246e-12,false
PORTFL1,12,1,2P_SAR0_PH1_ATR0_RRU1_SQP_QUASI_NEWTON,false,1,true,false,true,KKT_OK,6,1.1336899999999999,0.02057890381622241,4.209493864593128e-12,false
PORTFL2,12,1,2P_SAR0_PH1_ATR0_RRU1_SQP_IDENTITY,false,1,true,false,true,KKT_OK,4,2.3620989999999997,0.03046204216154536,4.370948047949241e-12,false
PORTFL2,12,1,2P_SAR0_PH1_ATR0_RRU1_SQP_SPECTRAL,false,1,true,false,true,KKT_OK,4,1.535874,0.030674375103689464,1.5464601821335577e-11,false
PORTFL2,12,1,2P_SAR0_PH1_ATR0_RRU1_SQP_RECIPROCAL,false,1,true,false,true,KKT_OK,4,1.420497,0.030044486472787166,4.880373882798494e-12,false
PORTFL2,12,1,2P_SAR0_PH1_ATR0_RRU1_SQP_EXPONENTIAL,false,1,true,false,true,KKT_OK,4,1.197056,0.02994218316713259,3.9914183069811315e-12,false
PORTFL2,12,1,2P_SAR0_PH1_ATR0_RRU1_SQP_QUASI_NEWTON,false,1,true,false,true,KKT_OK,4,1.082714,0.030035681069211857,3.848393825833796e-12,false
PORTFL3,12,1,2P_SAR0_PH1_ATR0_RRU1_SQP_IDENTITY,false,1,true,false,true,KKT_OK,4,3.255442,0.03353080306465015,5.162814620263134e-12,false
PORTFL3,12,1,2P_SAR0_PH1_ATR0_RRU1_SQP_SPECTRAL,false,1,true,false,true,KKT_OK,5,2.1795679999999997,0.03387929569106563,2.0345641837948847e-11,false
PORTFL3,12,1,2P_SAR0_PH1_ATR0_RRU1_SQP_RECIPROCAL,false,1,true,false,true,KKT_OK,7,2.217794,0.032815580272335915,4.098388295403765e-12,false
PORTFL3,12,1,2P_SAR0_PH1_ATR0_RRU1_SQP_EXPONENTIAL,false,1,true,false,true,KKT_OK,6,1.569832,0.03277750363111786,3.856082120279325e-12,false
PORTFL3,12,1,2P_SAR0_PH1_ATR0_RRU1_SQP_QUASI_NEWTON,false,1,true,false,true,KKT_OK,6,1.29244,0.03295676803060731,3.6100289424467746e-12,false
PORTFL4,12,1,2P_SAR0_PH1_ATR0_RRU1_SQP_IDENTITY,false,1,true,false,true,KKT_OK,5,3.49577,0.026658117953875418,4.21201962197415e-12,false
PORTFL4,12,1,2P_SAR0_PH1_ATR0_RRU1_SQP_SPECTRAL,false,1,true,false,true,KKT_OK,4,1.9932090000000002,0.02731739259515042,7.0363437298937015e-12,false
PORTFL4,12,1,2P_SAR0_PH1_ATR0_RRU1_SQP_RECIPROCAL,false,1,true,false,true,KKT_OK,5,1.885606,0.026629101166316862,4.4799164378162004e-12,false
PORTFL4,12,1,2P_SAR0_PH1_ATR0_RRU1_SQP_EXPONENTIAL,false,1,true,false,true,KKT_OK,4,1.424136,0.026584324666377997,4.0992070848844264e-12,false
PORTFL4,12,1,2P_SAR0_PH1_ATR0_RRU1_SQP_QUASI_NEWTON,false,1,true,false,true,KKT_OK,4,1.203458,0.026679042205534752,4.036035394783255e-12,false
PORTFL6,12,1,2P_SAR0_PH1_ATR0_RRU1_SQP_IDENTITY,false,1,true,false,true,KKT_OK,4,2.707726,0.02654903873683497,2.0146467827331094e-11,false
PORTFL6,12,1,2P_SAR0_PH1_ATR0_RRU1_SQP_SPECTRAL,false,1,true,false,true,KKT_OK,5,1.853244,0.02658004843750172,3.670513892828353e-11,false
PORTFL6,12,1,2P_SAR0_PH1_ATR0_RRU1_SQP_RECIPROCAL,false,1,true,false,true,KKT_OK,4,1.57656,0.026338236176026413,4.393790886680904e-12,false
PORTFL6,12,1,2P_SAR0_PH1_ATR0_RRU1_SQP_EXPONENTIAL,false,1,true,false,true,KKT_OK,5,1.3643889999999999,0.02604250316367341,4.187428181978703e-12,false
PORTFL6,12,1,2P_SAR0_PH1_ATR0_RRU1_SQP_QUASI_NEWTON,false,1,true,false,true,KKT_OK,5,1.171007,0.0260815090383218,4.579725487730002e-12,false
PORTSQP,100000,1,2P_SAR0_PH1_ATR0_RRU1_SQP_IDENTITY,false,1,true,false,true,KKT_OK,16,52472.673514999995,33331.37128993185,5.239864050258363e-11,false
PORTSQP,100000,1,2P_SAR0_PH1_ATR0_RRU1_SQP_SPECTRAL,false,1,true,false,true,KKT_OK,16,50300.13555,33331.43033207944,1.708548118759828e-10,false
PORTSQP,100000,1,2P_SAR0_PH1_ATR0_RRU1_SQP_RECIPROCAL,false,1,true,false,true,KKT_OK,17,51927.102290999996,33331.40741604591,5.194110420339859e-12,false
PORTSQP,100000,1,2P_SAR0_PH1_ATR0_RRU1_SQP_EXPONENTIAL,false,1,true,false,true,KKT_OK,16,50444.26639800001,33331.44624875451,4.094188975892971e-11,false
PORTSQP,100000,1,2P_SAR0_PH1_ATR0_RRU1_SQP_QUASI_NEWTON,false,1,true,false,true,KKT_OK,16,54771.939922000005,33331.34175275172,7.491420919923758e-10,false
POWELLBC,1000,0,2P_SAR0_PH1_ATR0_RRU1_SQP_IDENTITY,false,1,true,false,true,KKT_OK,0,4.151696,2.32332294833517e6,0.0,false
POWELLBC,1000,0,2P_SAR0_PH1_ATR0_RRU1_SQP_SPECTRAL,false,1,true,false,true,KKT_OK,0,3.780491,2.32332294833517e6,0.0,false
POWELLBC,1000,0,2P_SAR0_PH1_ATR0_RRU1_SQP_RECIPROCAL,false,1,true,false,true,KKT_OK,0,3.686458,2.32332294833517e6,0.0,false
POWELLBC,1000,0,2P_SAR0_PH1_ATR0_RRU1_SQP_EXPONENTIAL,false,1,true,false,true,KKT_OK,0,5.352066,2.32332294833517e6,0.0,false
POWELLBC,1000,0,2P_SAR0_PH1_ATR0_RRU1_SQP_QUASI_NEWTON,false,1,true,false,true,KKT_OK,0,3.610266,2.32332294833517e6,0.0,false
POWELLBSLS,2,0,2P_SAR0_PH1_ATR0_RRU1_SQP_IDENTITY,false,1,true,false,true,SMALL_STEP,3,4.134283,0.13516112969569685,0.0,false
POWELLBSLS,2,0,2P_SAR0_PH1_ATR0_RRU1_SQP_SPECTRAL,false,1,true,false,true,SMALL_STEP,3,2.4042120000000002,0.13516112969603702,0.0,false
POWELLBSLS,2,0,2P_SAR0_PH1_ATR0_RRU1_SQP_RECIPROCAL,false,1,true,false,true,SMALL_STEP,3,0.8615689999999999,0.13516112971260363,0.0,false
POWELLBSLS,2,0,2P_SAR0_PH1_ATR0_RRU1_SQP_EXPONENTIAL,false,1,true,false,true,SMALL_STEP,3,0.840067,0.13516112971443686,0.0,false
POWELLBSLS,2,0,2P_SAR0_PH1_ATR0_RRU1_SQP_QUASI_NEWTON,false,1,true,false,true,SMALL_STEP,12,1.18359,0.12213322622398749,0.0,false
POWELLSG,5000,0,2P_SAR0_PH1_ATR0_RRU1_SQP_IDENTITY,false,1,true,false,true,KKT_OK,175,671.160549,4.6927554430700695,0.0,false
POWELLSG,5000,0,2P_SAR0_PH1_ATR0_RRU1_SQP_SPECTRAL,false,1,true,false,true,KKT_OK,49,346.36469600000004,1.0897643224932,0.0,false
POWELLSG,5000,0,2P_SAR0_PH1_ATR0_RRU1_SQP_RECIPROCAL,false,1,true,false,true,KKT_OK,115,442.307218,5.953423119283126,0.0,false
POWELLSG,5000,0,2P_SAR0_PH1_ATR0_RRU1_SQP_EXPONENTIAL,false,1,true,false,true,KKT_OK,156,813.9120250000001,5.629082910072125,0.0,false
POWELLSG,5000,0,2P_SAR0_PH1_ATR0_RRU1_SQP_QUASI_NEWTON,false,1,true,false,true,KKT_OK,69,266.287856,0.750319177766228,0.0,false
POWELLSQLS,2,0,2P_SAR0_PH1_ATR0_RRU1_SQP_IDENTITY,false,1,true,false,true,SMALL_STEP,20,4.655434,9.799513358651981e-7,0.0,false
POWELLSQLS,2,0,2P_SAR0_PH1_ATR0_RRU1_SQP_SPECTRAL,false,1,true,false,true,SMALL_STEP,19,2.915625,2.8720263959234107e-8,0.0,false
POWELLSQLS,2,0,2P_SAR0_PH1_ATR0_RRU1_SQP_RECIPROCAL,false,1,true,false,true,SMALL_STEP,14,1.8982809999999999,1.5962223442101048e-10,0.0,false
POWELLSQLS,2,0,2P_SAR0_PH1_ATR0_RRU1_SQP_EXPONENTIAL,false,1,true,false,true,KKT_OK,10,1.294076,4.5343832409468183e-14,0.0,false
POWELLSQLS,2,0,2P_SAR0_PH1_ATR0_RRU1_SQP_QUASI_NEWTON,false,1,true,false,true,SMALL_STEP,17,1.266437,7.086760183126232e-26,0.0,false
POWER,10000,0,2P_SAR0_PH1_ATR0_RRU1_SQP_IDENTITY,false,1,true,false,true,KKT_OK,13,318.951569,8.709877732552731e-11,0.0,false
POWER,10000,0,2P_SAR0_PH1_ATR0_RRU1_SQP_SPECTRAL,false,1,true,false,true,KKT_OK,13,134.38242,0.0002938229499728714,0.0,false
POWER,10000,0,2P_SAR0_PH1_ATR0_RRU1_SQP_RECIPROCAL,false,1,true,false,true,KKT_OK,13,144.20914000000002,3.2726742202407464e-11,0.0,false
POWER,10000,0,2P_SAR0_PH1_ATR0_RRU1_SQP_EXPONENTIAL,false,1,true,false,true,KKT_OK,21,370.76956,0.0002553729638473474,0.0,false
POWER,10000,0,2P_SAR0_PH1_ATR0_RRU1_SQP_QUASI_NEWTON,false,1,true,false,true,KKT_OK,27,193.950303,0.0016663175527692475,0.0,false
POWERSUM,4,0,2P_SAR0_PH1_ATR0_RRU1_SQP_IDENTITY,false,1,true,false,true,SMALL_STEP,6,2.6046530000000003,37.43144669925973,0.0,false
POWERSUM,4,0,2P_SAR0_PH1_ATR0_RRU1_SQP_SPECTRAL,false,1,true,false,true,SMALL_STEP,8,1.920135,37.43145206126304,0.0,false
POWERSUM,4,0,2P_SAR0_PH1_ATR0_RRU1_SQP_RECIPROCAL,false,1,true,false,true,SMALL_STEP,6,1.425087,37.43144669926062,0.0,false
POWERSUM,4,0,2P_SAR0_PH1_ATR0_RRU1_SQP_EXPONENTIAL,false,1,true,false,true,SMALL_STEP,6,1.218137,37.43144669971134,0.0,false
POWERSUM,4,0,2P_SAR0_PH1_ATR0_RRU1_SQP_QUASI_NEWTON,false,1,true,false,true,KKT_OK,7,1.045715,37.431446699256284,0.0,false
POWERSUMB,4,0,2P_SAR0_PH1_ATR0_RRU1_SQP_IDENTITY,false,1,true,false,true,SMALL_STEP,6,6.645637000000001,37.43144669925973,0.0,false
POWERSUMB,4,0,2P_SAR0_PH1_ATR0_RRU1_SQP_SPECTRAL,false,1,true,false,true,SMALL_STEP,8,6.238764,37.43145206126304,0.0,false
POWERSUMB,4,0,2P_SAR0_PH1_ATR0_RRU1_SQP_RECIPROCAL,false,1,true,false,true,SMALL_STEP,6,3.782485,37.43144669926062,0.0,false
POWERSUMB,4,0,2P_SAR0_PH1_ATR0_RRU1_SQP_EXPONENTIAL,false,1,true,false,true,SMALL_STEP,6,2.355503,37.43144669971134,0.0,false
POWERSUMB,4,0,2P_SAR0_PH1_ATR0_RRU1_SQP_QUASI_NEWTON,false,1,true,false,true,KKT_OK,7,1.7396580000000001,37.431446699256284,0.0,false
PRICE3,2,0,2P_SAR0_PH1_ATR0_RRU1_SQP_IDENTITY,false,1,true,false,true,SMALL_STEP,56,7.175478,9.067680233459055e-6,0.0,false
PRICE3,2,0,2P_SAR0_PH1_ATR0_RRU1_SQP_SPECTRAL,false,1,true,false,true,SMALL_STEP,26,1.848341,8.213157342129046e-6,0.0,false
PRICE3,2,0,2P_SAR0_PH1_ATR0_RRU1_SQP_RECIPROCAL,false,1,true,false,true,SMALL_STEP,37,2.2641530000000003,5.008298112640731e-5,0.0,false
PRICE3,2,0,2P_SAR0_PH1_ATR0_RRU1_SQP_EXPONENTIAL,false,1,true,false,true,SMALL_STEP,40,2.315483,1.5269064702673131e-6,0.0,false
PRICE3,2,0,2P_SAR0_PH1_ATR0_RRU1_SQP_QUASI_NEWTON,false,1,true,false,true,SMALL_STEP,338,14.677843,0.007599496758425494,0.0,false
PRICE3B,2,0,2P_SAR0_PH1_ATR0_RRU1_SQP_IDENTITY,false,1,true,false,true,SMALL_STEP,56,6.0669640000000005,9.067680233459055e-6,0.0,false
PRICE3B,2,0,2P_SAR0_PH1_ATR0_RRU1_SQP_SPECTRAL,false,1,true,false,true,SMALL_STEP,26,2.259427,8.213157342129046e-6,0.0,false
PRICE3B,2,0,2P_SAR0_PH1_ATR0_RRU1_SQP_RECIPROCAL,false,1,true,false,true,SMALL_STEP,37,2.294483,5.008298112640731e-5,0.0,false
PRICE3B,2,0,2P_SAR0_PH1_ATR0_RRU1_SQP_EXPONENTIAL,false,1,true,false,true,SMALL_STEP,40,2.357089,1.5269064702673131e-6,0.0,false
PRICE3B,2,0,2P_SAR0_PH1_ATR0_RRU1_SQP_QUASI_NEWTON,false,1,true,false,true,SMALL_STEP,338,16.949951000000002,0.007599496758425494,0.0,false
PRICE4,2,0,2P_SAR0_PH1_ATR0_RRU1_SQP_IDENTITY,false,1,true,false,true,SMALL_STEP,13,4.755608,1.0684766956405261e-9,0.0,false
PRICE4,2,0,2P_SAR0_PH1_ATR0_RRU1_SQP_SPECTRAL,false,1,true,false,true,SMALL_STEP,544,26.411747,0.003988289642484836,0.0,false
PRICE4,2,0,2P_SAR0_PH1_ATR0_RRU1_SQP_RECIPROCAL,false,1,true,false,true,SMALL_STEP,13,1.359065,1.0753675328630383e-9,0.0,false
PRICE4,2,0,2P_SAR0_PH1_ATR0_RRU1_SQP_EXPONENTIAL,false,1,true,false,true,SMALL_STEP,14,1.326414,0.0015586064863365155,0.0,false
PRICE4,2,0,2P_SAR0_PH1_ATR0_RRU1_SQP_QUASI_NEWTON,false,1,true,false,true,SMALL_STEP,138,6.394483,0.0019121739253803445,0.0,false
PRICE4B,2,0,2P_SAR0_PH1_ATR0_RRU1_SQP_IDENTITY,false,1,true,false,true,SMALL_STEP,13,7.510771999999999,1.0684766956405261e-9,0.0,false
PRICE4B,2,0,2P_SAR0_PH1_ATR0_RRU1_SQP_SPECTRAL,false,1,true,false,true,SMALL_STEP,544,24.944507,0.003988289642484836,0.0,false
PRICE4B,2,0,2P_SAR0_PH1_ATR0_RRU1_SQP_RECIPROCAL,false,1,true,false,true,SMALL_STEP,13,1.440979,1.0753675328630383e-9,0.0,false
PRICE4B,2,0,2P_SAR0_PH1_ATR0_RRU1_SQP_EXPONENTIAL,false,1,true,false,true,SMALL_STEP,14,1.261326,0.0015586064863365155,0.0,false
PRICE4B,2,0,2P_SAR0_PH1_ATR0_RRU1_SQP_QUASI_NEWTON,false,1,true,false,true,SMALL_STEP,138,6.242049000000001,0.0019121739253803445,0.0,false
PROBPENL,500,0,2P_SAR0_PH1_ATR0_RRU1_SQP_IDENTITY,false,1,true,false,true,KKT_OK,14,12.626883,3.9921699474646367e-7,0.0,false
PROBPENL,500,0,2P_SAR0_PH1_ATR0_RRU1_SQP_SPECTRAL,false,1,true,false,true,KKT_OK,14,9.118473999999999,3.9920690074793826e-7,0.0,false
PROBPENL,500,0,2P_SAR0_PH1_ATR0_RRU1_SQP_RECIPROCAL,false,1,true,false,true,KKT_OK,14,11.378189,3.991983972176157e-7,0.0,false
PROBPENL,500,0,2P_SAR0_PH1_ATR0_RRU1_SQP_EXPONENTIAL,false,1,true,false,true,KKT_OK,8,5.696652,4.0551313097784867e-7,0.0,false
PROBPENL,500,0,2P_SAR0_PH1_ATR0_RRU1_SQP_QUASI_NEWTON,false,1,true,false,true,KKT_OK,6,6.713005,3.9919839271364566e-7,0.0,false
PSPDOC,4,0,2P_SAR0_PH1_ATR0_RRU1_SQP_IDENTITY,false,1,true,false,true,KKT_OK,32,6.55339,2.414216893493384,0.0,false
PSPDOC,4,0,2P_SAR0_PH1_ATR0_RRU1_SQP_SPECTRAL,false,1,true,false,true,KKT_OK,20,1.546072,2.414215193229998,0.0,false
PSPDOC,4,0,2P_SAR0_PH1_ATR0_RRU1_SQP_RECIPROCAL,false,1,true,false,true,KKT_OK,23,1.712164,2.4142138682452865,0.0,false
PSPDOC,4,0,2P_SAR0_PH1_ATR0_RRU1_SQP_EXPONENTIAL,false,1,true,false,true,KKT_OK,42,2.585753,2.4142192176328945,0.0,false
PSPDOC,4,0,2P_SAR0_PH1_ATR0_RRU1_SQP_QUASI_NEWTON,false,1,true,false,true,KKT_OK,47,2.948294,2.4142179337844043,0.0,false
QING,100,0,2P_SAR0_PH1_ATR0_RRU1_SQP_IDENTITY,false,1,true,false,true,KKT_OK,26,8.946124,7.0291011169062765e-6,0.0,false
QING,100,0,2P_SAR0_PH1_ATR0_RRU1_SQP_SPECTRAL,false,1,true,false,true,KKT_OK,56,10.449219,0.0001537114559386337,0.0,false
QING,100,0,2P_SAR0_PH1_ATR0_RRU1_SQP_RECIPROCAL,false,1,true,false,true,SMALL_STEP,259,37.636778,0.0036917926992447924,0.0,false
QING,100,0,2P_SAR0_PH1_ATR0_RRU1_SQP_EXPONENTIAL,false,1,true,false,true,SMALL_STEP,685,90.60409899999999,0.006391288166523829,0.0,false
QING,100,0,2P_SAR0_PH1_ATR0_RRU1_SQP_QUASI_NEWTON,false,1,true,false,true,KKT_OK,14,2.746619,1.0837797876803873e-13,0.0,false
QINGB,5,0,2P_SAR0_PH1_ATR0_RRU1_SQP_IDENTITY,false,1,true,false,true,KKT_OK,21,5.706302,1.7375081258955817e-8,0.0,false
QINGB,5,0,2P_SAR0_PH1_ATR0_RRU1_SQP_SPECTRAL,false,1,true,false,true,KKT_OK,12,2.276951,1.2786738071564007e-8,0.0,false
QINGB,5,0,2P_SAR0_PH1_ATR0_RRU1_SQP_RECIPROCAL,false,1,true,false,true,KKT_OK,20,2.756521,4.779499632826009e-9,0.0,false
QINGB,5,0,2P_SAR0_PH1_ATR0_RRU1_SQP_EXPONENTIAL,false,1,true,false,true,KKT_OK,16,1.815072,8.137597628827727e-10,0.0,false
QINGB,5,0,2P_SAR0_PH1_ATR0_RRU1_SQP_QUASI_NEWTON,false,1,true,false,true,KKT_OK,10,0.9719960000000001,1.6408316858750956e-18,0.0,false
QR3DLS,610,0,2P_SAR0_PH1_ATR0_RRU1_SQP_IDENTITY,false,1,true,false,true,KKT_OK,568,646.6670869999999,0.8421661692758013,0.0,false
QR3DLS,610,0,2P_SAR0_PH1_ATR0_RRU1_SQP_SPECTRAL,false,1,true,false,true,KKT_OK,24,16.593826999999997,1.8505088323026744,0.0,false
QR3DLS,610,0,2P_SAR0_PH1_ATR0_RRU1_SQP_RECIPROCAL,false,1,true,false,true,KKT_OK,548,495.82742,0.7884003238707208,0.0,false
QR3DLS,610,0,2P_SAR0_PH1_ATR0_RRU1_SQP_EXPONENTIAL,false,1,true,false,true,KKT_OK,478,456.275374,0.6148051278272223,0.0,false
QR3DLS,610,0,2P_SAR0_PH1_ATR0_RRU1_SQP_QUASI_NEWTON,false,1,true,false,true,KKT_OK,73,63.81787899999999,0.34346540030752504,0.0,false
QRTQUAD,5000,0,2P_SAR0_PH1_ATR0_RRU1_SQP_IDENTITY,false,1,true,false,true,KKT_OK,2659,14541.225992,-1.219036975963293e9,0.0,false
QRTQUAD,5000,0,2P_SAR0_PH1_ATR0_RRU1_SQP_SPECTRAL,false,1,true,false,true,MAX_IT,5000,28856.293034,-1.2177966619467256e9,0.0,false
QRTQUAD,5000,0,2P_SAR0_PH1_ATR0_RRU1_SQP_RECIPROCAL,false,1,true,false,true,KKT_OK,908,4937.335603,-1.218885042781656e9,0.0,false
QRTQUAD,5000,0,2P_SAR0_PH1_ATR0_RRU1_SQP_EXPONENTIAL,false,1,true,false,true,SMALL_STEP,2500,13717.355696,-1.2180810499852781e9,0.0,false
QRTQUAD,5000,0,2P_SAR0_PH1_ATR0_RRU1_SQP_QUASI_NEWTON,false,1,true,false,true,KKT_OK,76,404.318806,-1.2165882599155488e9,0.0,false
QUARTC,5000,0,2P_SAR0_PH1_ATR0_RRU1_SQP_IDENTITY,false,1,true,false,true,KKT_OK,56,290.66209399999997,0.0013754519357896393,0.0,false
QUARTC,5000,0,2P_SAR0_PH1_ATR0_RRU1_SQP_SPECTRAL,false,1,true,false,true,KKT_OK,47,173.934153,0.00181638856519052,0.0,false
QUARTC,5000,0,2P_SAR0_PH1_ATR0_RRU1_SQP_RECIPROCAL,false,1,true,false,true,KKT_OK,119,787.773426,0.042356432945132354,0.0,false
QUARTC,5000,0,2P_SAR0_PH1_ATR0_RRU1_SQP_EXPONENTIAL,false,1,true,false,true,KKT_OK,44,210.91722900000002,0.0004316918396391824,0.0,false
QUARTC,5000,0,2P_SAR0_PH1_ATR0_RRU1_SQP_QUASI_NEWTON,false,1,true,false,true,KKT_OK,54,175.902218,0.001839423249999292,0.0,false
QUDLIN,5000,0,2P_SAR0_PH1_ATR0_RRU1_SQP_IDENTITY,false,1,true,false,true,KKT_OK,10,53.049131,-1.25e9,0.0,false
QUDLIN,5000,0,2P_SAR0_PH1_ATR0_RRU1_SQP_SPECTRAL,false,1,true,false,true,KKT_OK,11,52.978631,-1.25e9,0.0,false
QUDLIN,5000,0,2P_SAR0_PH1_ATR0_RRU1_SQP_RECIPROCAL,false,1,true,false,true,KKT_OK,16,67.441688,-1.25e9,0.0,false
QUDLIN,5000,0,2P_SAR0_PH1_ATR0_RRU1_SQP_EXPONENTIAL,false,1,true,false,true,KKT_OK,10,53.629996999999996,-1.25e9,0.0,false
QUDLIN,5000,0,2P_SAR0_PH1_ATR0_RRU1_SQP_QUASI_NEWTON,false,1,true,false,true,KKT_OK,11,55.162463,-1.25e9,0.0,false
RAT42LS,3,0,2P_SAR0_PH1_ATR0_RRU1_SQP_IDENTITY,false,1,true,false,true,SMALL_STEP,41,5.146007,1402.3097963264222,0.0,false
RAT42LS,3,0,2P_SAR0_PH1_ATR0_RRU1_SQP_SPECTRAL,false,1,true,false,true,SMALL_STEP,41,3.1739580000000003,1402.0542369406787,0.0,false
RAT42LS,3,0,2P_SAR0_PH1_ATR0_RRU1_SQP_RECIPROCAL,false,1,true,false,true,SMALL_STEP,23,1.778215,1459.7988494281478,0.0,false
RAT42LS,3,0,2P_SAR0_PH1_ATR0_RRU1_SQP_EXPONENTIAL,false,1,true,false,true,SMALL_STEP,150,7.623469,1333.6263665957274,0.0,false
RAT42LS,3,0,2P_SAR0_PH1_ATR0_RRU1_SQP_QUASI_NEWTON,false,1,true,false,true,SMALL_STEP,99,5.0769839999999995,104.50070692537706,0.0,false
RAT43LS,4,0,2P_SAR0_PH1_ATR0_RRU1_SQP_IDENTITY,false,1,true,false,true,MAX_IT,5000,271.133391,424425.4373609256,0.0,false
RAT43LS,4,0,2P_SAR0_PH1_ATR0_RRU1_SQP_SPECTRAL,false,1,true,false,true,MAX_IT,5000,282.248605,350718.8949371198,0.0,false
RAT43LS,4,0,2P_SAR0_PH1_ATR0_RRU1_SQP_RECIPROCAL,false,1,true,false,true,SMALL_STEP,95,5.375062,2.2620156885054368e6,0.0,false
RAT43LS,4,0,2P_SAR0_PH1_ATR0_RRU1_SQP_EXPONENTIAL,false,1,true,false,true,MAX_IT,5000,270.32172199999997,402305.94722429255,0.0,false
RAT43LS,4,0,2P_SAR0_PH1_ATR0_RRU1_SQP_QUASI_NEWTON,false,1,true,false,true,SMALL_STEP,3295,173.56385799999998,8851.096225286585,0.0,false
RAYBENDL,2050,0,2P_SAR0_PH1_ATR0_RRU1_SQP_IDENTITY,false,1,true,false,true,KKT_OK,0,9.520214000000001,98.02582338676396,0.0,false
RAYBENDL,2050,0,2P_SAR0_PH1_ATR0_RRU1_SQP_SPECTRAL,false,1,true,false,true,KKT_OK,0,3.473791,98.02582338676396,0.0,false
RAYBENDL,2050,0,2P_SAR0_PH1_ATR0_RRU1_SQP_RECIPROCAL,false,1,true,false,true,KKT_OK,0,3.240131,98.02582338676396,0.0,false
RAYBENDL,2050,0,2P_SAR0_PH1_ATR0_RRU1_SQP_EXPONENTIAL,false,1,true,false,true,KKT_OK,0,3.115583,98.02582338676396,0.0,false
RAYBENDL,2050,0,2P_SAR0_PH1_ATR0_RRU1_SQP_QUASI_NEWTON,false,1,true,false,true,KKT_OK,0,3.113673,98.02582338676396,0.0,false
RAYBENDS,2050,0,2P_SAR0_PH1_ATR0_RRU1_SQP_IDENTITY,false,1,true,false,true,KKT_OK,0,5.830058,98.02515497624795,0.0,false
RAYBENDS,2050,0,2P_SAR0_PH1_ATR0_RRU1_SQP_SPECTRAL,false,1,true,false,true,KKT_OK,0,5.377844,98.02515497624795,0.0,false
RAYBENDS,2050,0,2P_SAR0_PH1_ATR0_RRU1_SQP_RECIPROCAL,false,1,true,false,true,KKT_OK,0,9.505433,98.02515497624795,0.0,false
RAYBENDS,2050,0,2P_SAR0_PH1_ATR0_RRU1_SQP_EXPONENTIAL,false,1,true,false,true,KKT_OK,0,5.218158,98.02515497624795,0.0,false
RAYBENDS,2050,0,2P_SAR0_PH1_ATR0_RRU1_SQP_QUASI_NEWTON,false,1,true,false,true,KKT_OK,0,5.016948,98.02515497624795,0.0,false
RECIPELS,3,0,2P_SAR0_PH1_ATR0_RRU1_SQP_IDENTITY,false,1,true,false,true,KKT_OK,20,5.524638,9.557678934812396e-8,0.0,false
RECIPELS,3,0,2P_SAR0_PH1_ATR0_RRU1_SQP_SPECTRAL,false,1,true,false,true,KKT_OK,39,2.695684,2.8235291675004116e-6,0.0,false
RECIPELS,3,0,2P_SAR0_PH1_ATR0_RRU1_SQP_RECIPROCAL,false,1,true,false,true,KKT_OK,21,1.604217,1.4514897866524204e-8,0.0,false
RECIPELS,3,0,2P_SAR0_PH1_ATR0_RRU1_SQP_EXPONENTIAL,false,1,true,false,true,KKT_OK,53,2.995648,4.387193662346586e-6,0.0,false
RECIPELS,3,0,2P_SAR0_PH1_ATR0_RRU1_SQP_QUASI_NEWTON,false,1,true,false,true,KKT_OK,22,1.3452920000000002,3.888425951963611e-6,0.0,false
ROSENBR,2,0,2P_SAR0_PH1_ATR0_RRU1_SQP_IDENTITY,false,1,true,false,true,SMALL_STEP,1281,69.121226,0.009397473164758863,0.0,false
ROSENBR,2,0,2P_SAR0_PH1_ATR0_RRU1_SQP_SPECTRAL,false,1,true,false,true,SMALL_STEP,777,36.607393,0.001648146345383401,0.0,false
ROSENBR,2,0,2P_SAR0_PH1_ATR0_RRU1_SQP_RECIPROCAL,false,1,true,false,true,SMALL_STEP,1255,62.155694999999994,0.010484124514428326,0.0,false
ROSENBR,2,0,2P_SAR0_PH1_ATR0_RRU1_SQP_EXPONENTIAL,false,1,true,false,true,SMALL_STEP,957,45.195412,0.008774279852706433,0.0,false
ROSENBR,2,0,2P_SAR0_PH1_ATR0_RRU1_SQP_QUASI_NEWTON,false,1,true,false,true,SMALL_STEP,1087,49.826908,0.0038413424242786163,0.0,false
ROSENBRTU,2,0,2P_SAR0_PH1_ATR0_RRU1_SQP_IDENTITY,false,1,true,false,true,SMALL_STEP,85,8.865018000000001,0.9474294720381897,0.0,false
ROSENBRTU,2,0,2P_SAR0_PH1_ATR0_RRU1_SQP_SPECTRAL,false,1,true,false,true,SMALL_STEP,83,3.9748020000000004,0.9496409633180342,0.0,false
ROSENBRTU,2,0,2P_SAR0_PH1_ATR0_RRU1_SQP_RECIPROCAL,false,1,true,false,true,SMALL_STEP,17,1.468307,0.3351911723037343,0.0,false
ROSENBRTU,2,0,2P_SAR0_PH1_ATR0_RRU1_SQP_EXPONENTIAL,false,1,true,false,true,SMALL_STEP,19,1.511203,0.7660806077262405,0.0,false
ROSENBRTU,2,0,2P_SAR0_PH1_ATR0_RRU1_SQP_QUASI_NEWTON,false,1,true,false,true,SMALL_STEP,17,1.2405680000000001,0.9227934815617375,0.0,false
ROSZMAN1LS,4,0,2P_SAR0_PH1_ATR0_RRU1_SQP_IDENTITY,false,1,true,false,true,SMALL_STEP,3,4.9711419999999995,5.185868318295332,0.0,false
ROSZMAN1LS,4,0,2P_SAR0_PH1_ATR0_RRU1_SQP_SPECTRAL,false,1,true,false,true,SMALL_STEP,3,1.198273,5.185868593430227,0.0,false
ROSZMAN1LS,4,0,2P_SAR0_PH1_ATR0_RRU1_SQP_RECIPROCAL,false,1,true,false,true,SMALL_STEP,3,0.84344,5.1526715711531414,0.0,false
ROSZMAN1LS,4,0,2P_SAR0_PH1_ATR0_RRU1_SQP_EXPONENTIAL,false,1,true,false,true,SMALL_STEP,3,0.7996019999999999,5.152671569671006,0.0,false
ROSZMAN1LS,4,0,2P_SAR0_PH1_ATR0_RRU1_SQP_QUASI_NEWTON,false,1,true,false,true,SMALL_STEP,3,0.813921,5.14997325656076,0.0,false
S308,2,0,2P_SAR0_PH1_ATR0_RRU1_SQP_IDENTITY,false,1,true,false,true,KKT_OK,18,6.2548580000000005,0.7731991030274764,0.0,false
S308,2,0,2P_SAR0_PH1_ATR0_RRU1_SQP_SPECTRAL,false,1,true,false,true,KKT_OK,15,1.34599,0.7731990565080752,0.0,false
S308,2,0,2P_SAR0_PH1_ATR0_RRU1_SQP_RECIPROCAL,false,1,true,false,true,KKT_OK,20,1.490799,0.7731990770874724,0.0,false
S308,2,0,2P_SAR0_PH1_ATR0_RRU1_SQP_EXPONENTIAL,false,1,true,false,true,KKT_OK,18,1.417445,0.7731990625264814,0.0,false
S308,2,0,2P_SAR0_PH1_ATR0_RRU1_SQP_QUASI_NEWTON,false,1,true,false,true,KKT_OK,20,1.4761060000000001,0.773199066624287,0.0,false
S316-322,2,1,2P_SAR0_PH1_ATR0_RRU1_SQP_IDENTITY,false,1,true,false,true,INFEASIBLE_STATIONARY,0,2.634777,800.0,1.0,false
S316-322,2,1,2P_SAR0_PH1_ATR0_RRU1_SQP_SPECTRAL,false,1,true,false,true,INFEASIBLE_STATIONARY,0,2.3869450000000003,800.0,1.0,false
S316-322,2,1,2P_SAR0_PH1_ATR0_RRU1_SQP_RECIPROCAL,false,1,true,false,true,INFEASIBLE_STATIONARY,0,1.209403,800.0,1.0,false
S316-322,2,1,2P_SAR0_PH1_ATR0_RRU1_SQP_EXPONENTIAL,false,1,true,false,true,INFEASIBLE_STATIONARY,0,0.488458,800.0,1.0,false
S316-322,2,1,2P_SAR0_PH1_ATR0_RRU1_SQP_QUASI_NEWTON,false,1,true,false,true,INFEASIBLE_STATIONARY,0,0.471213,800.0,1.0,false
S368,8,0,2P_SAR0_PH1_ATR0_RRU1_SQP_IDENTITY,false,1,true,false,true,KKT_OK,12,1.8023010000000002,-0.9374980453945074,0.0,false
S368,8,0,2P_SAR0_PH1_ATR0_RRU1_SQP_SPECTRAL,false,1,true,false,true,KKT_OK,10,1.2226750000000002,-0.9374999999553104,0.0,false
S368,8,0,2P_SAR0_PH1_ATR0_RRU1_SQP_RECIPROCAL,false,1,true,false,true,KKT_OK,13,1.431907,-0.9374958572052652,0.0,false
S368,8,0,2P_SAR0_PH1_ATR0_RRU1_SQP_EXPONENTIAL,false,1,true,false,true,KKT_OK,11,1.3223989999999999,-0.9374977883447344,0.0,false
S368,8,0,2P_SAR0_PH1_ATR0_RRU1_SQP_QUASI_NEWTON,false,1,true,false,true,KKT_OK,8,0.942363,-0.9999999946692721,0.0,false
SANTALS,21,0,2P_SAR0_PH1_ATR0_RRU1_SQP_IDENTITY,false,1,true,false,true,KKT_OK,225,30.126759,0.003185673516225596,0.0,false
SANTALS,21,0,2P_SAR0_PH1_ATR0_RRU1_SQP_SPECTRAL,false,1,true,false,true,KKT_OK,43,4.4146860000000006,0.0062762654919647515,0.0,false
SANTALS,21,0,2P_SAR0_PH1_ATR0_RRU1_SQP_RECIPROCAL,false,1,true,false,true,KKT_OK,237,23.297879000000002,0.0030115308361037306,0.0,false
SANTALS,21,0,2P_SAR0_PH1_ATR0_RRU1_SQP_EXPONENTIAL,false,1,true,false,true,KKT_OK,204,20.917471,0.0027116662570662343,0.0,false
SANTALS,21,0,2P_SAR0_PH1_ATR0_RRU1_SQP_QUASI_NEWTON,false,1,true,false,true,KKT_OK,78,5.883595000000001,0.0026312079279259847,0.0,false
SBRYBND,5000,0,2P_SAR0_PH1_ATR0_RRU1_SQP_IDENTITY,false,1,true,false,true,SMALL_STEP,3,73.463768,97160.71231103691,0.0,false
SBRYBND,5000,0,2P_SAR0_PH1_ATR0_RRU1_SQP_SPECTRAL,false,1,true,false,true,SMALL_STEP,3,189.326801,97160.71231105644,0.0,false
SBRYBND,5000,0,2P_SAR0_PH1_ATR0_RRU1_SQP_RECIPROCAL,false,1,true,false,true,SMALL_STEP,3,39.073733,97150.3948403024,0.0,false
SBRYBND,5000,0,2P_SAR0_PH1_ATR0_RRU1_SQP_EXPONENTIAL,false,1,true,false,true,SMALL_STEP,3,41.232099,97150.39484044748,0.0,false
SBRYBND,5000,0,2P_SAR0_PH1_ATR0_RRU1_SQP_QUASI_NEWTON,false,1,true,false,true,SMALL_STEP,3,39.951045,97150.39484044883,0.0,false
SCHMVETT,5000,0,2P_SAR0_PH1_ATR0_RRU1_SQP_IDENTITY,false,1,true,false,true,KKT_OK,0,7.905492,-14294.606058008523,0.0,false
SCHMVETT,5000,0,2P_SAR0_PH1_ATR0_RRU1_SQP_SPECTRAL,false,1,true,false,true,KKT_OK,0,7.338517,-14294.606058008523,0.0,false
SCHMVETT,5000,0,2P_SAR0_PH1_ATR0_RRU1_SQP_RECIPROCAL,false,1,true,false,true,KKT_OK,0,9.970338,-14294.606058008523,0.0,false
SCHMVETT,5000,0,2P_SAR0_PH1_ATR0_RRU1_SQP_EXPONENTIAL,false,1,true,false,true,KKT_OK,0,6.937017999999999,-14294.606058008523,0.0,false
SCHMVETT,5000,0,2P_SAR0_PH1_ATR0_RRU1_SQP_QUASI_NEWTON,false,1,true,false,true,KKT_OK,0,9.978691,-14294.606058008523,0.0,false
SCOND1LS,5002,0,2P_SAR0_PH1_ATR0_RRU1_SQP_IDENTITY,false,1,true,false,true,MAX_IT,5000,31719.640362,194099.27539685532,0.0,false
SCOND1LS,5002,0,2P_SAR0_PH1_ATR0_RRU1_SQP_SPECTRAL,false,1,true,false,true,KKT_OK,4439,19892.798866,930.7916081649583,0.0,false
SCOND1LS,5002,0,2P_SAR0_PH1_ATR0_RRU1_SQP_RECIPROCAL,false,1,true,false,true,MAX_IT,5000,34686.879989,118673.99064811783,0.0,false
SCOND1LS,5002,0,2P_SAR0_PH1_ATR0_RRU1_SQP_EXPONENTIAL,false,1,true,false,true,MAX_IT,5000,35453.367734,116402.32761854495,0.0,false
SCOND1LS,5002,0,2P_SAR0_PH1_ATR0_RRU1_SQP_QUASI_NEWTON,false,1,true,false,true,MAX_IT,5000,31683.857102,36127.876757654754,0.0,false
SCOSINE,5000,0,2P_SAR0_PH1_ATR0_RRU1_SQP_IDENTITY,false,1,true,false,true,SMALL_STEP,15,333.254877,-1985.1897933306805,0.0,false
SCOSINE,5000,0,2P_SAR0_PH1_ATR0_RRU1_SQP_SPECTRAL,false,1,true,false,true,SMALL_STEP,21,183.760266,-1119.0093306609879,0.0,false
SCOSINE,5000,0,2P_SAR0_PH1_ATR0_RRU1_SQP_RECIPROCAL,false,1,true,false,true,SMALL_STEP,15,147.08452699999998,-2209.6664149975168,0.0,false
SCOSINE,5000,0,2P_SAR0_PH1_ATR0_RRU1_SQP_EXPONENTIAL,false,1,true,false,true,SMALL_STEP,19,180.70266199999998,-2343.210647189818,0.0,false
SCOSINE,5000,0,2P_SAR0_PH1_ATR0_RRU1_SQP_QUASI_NEWTON,false,1,true,false,true,SMALL_STEP,33,289.183499,-2303.7916306367965,0.0,false
SCURLY10,10000,0,2P_SAR0_PH1_ATR0_RRU1_SQP_IDENTITY,false,1,true,false,true,SMALL_STEP,2776,40571.02024400001,9.333092798272736e15,0.0,false
SCURLY10,10000,0,2P_SAR0_PH1_ATR0_RRU1_SQP_SPECTRAL,false,1,true,false,true,SMALL_STEP,1832,26469.922208,2.495773523068619e16,0.0,false
SCURLY10,10000,0,2P_SAR0_PH1_ATR0_RRU1_SQP_RECIPROCAL,false,1,true,false,true,SMALL_STEP,1661,24292.178684,1.2976449292831884e16,0.0,false
SCURLY10,10000,0,2P_SAR0_PH1_ATR0_RRU1_SQP_EXPONENTIAL,false,1,true,false,true,SMALL_STEP,1984,29802.953978,8.317017458078518e15,0.0,false
SCURLY10,10000,0,2P_SAR0_PH1_ATR0_RRU1_SQP_QUASI_NEWTON,false,1,true,false,true,SMALL_STEP,2084,30965.700730999997,7.779288080224158e15,0.0,false
SCURLY20,10000,0,2P_SAR0_PH1_ATR0_RRU1_SQP_IDENTITY,false,1,true,false,true,SMALL_STEP,2553,38648.076602,4.469916375740745e17,0.0,false
SCURLY20,10000,0,2P_SAR0_PH1_ATR0_RRU1_SQP_SPECTRAL,false,1,true,false,true,SMALL_STEP,2236,33548.920144,6.005271993637454e17,0.0,false
SCURLY20,10000,0,2P_SAR0_PH1_ATR0_RRU1_SQP_RECIPROCAL,false,1,true,false,true,SMALL_STEP,3240,49732.979691,2.627131254726858e17,0.0,false
SCURLY20,10000,0,2P_SAR0_PH1_ATR0_RRU1_SQP_EXPONENTIAL,false,1,true,false,true,SMALL_STEP,2733,42824.108875,4.2827812528218157e17,0.0,false
SCURLY20,10000,0,2P_SAR0_PH1_ATR0_RRU1_SQP_QUASI_NEWTON,false,1,true,false,true,SMALL_STEP,2883,44257.733729,3.6665628933974266e17,0.0,false
SCURLY30,10000,0,2P_SAR0_PH1_ATR0_RRU1_SQP_IDENTITY,false,1,true,false,true,SMALL_STEP,2451,40181.663958000005,2.4450509951783414e18,0.0,false
SCURLY30,10000,0,2P_SAR0_PH1_ATR0_RRU1_SQP_SPECTRAL,false,1,true,false,true,SMALL_STEP,2607,42547.347928,2.1134035609992799e18,0.0,false
SCURLY30,10000,0,2P_SAR0_PH1_ATR0_RRU1_SQP_RECIPROCAL,false,1,true,false,true,SMALL_STEP,3729,61434.658481,2.826107563932329e18,0.0,false
SCURLY30,10000,0,2P_SAR0_PH1_ATR0_RRU1_SQP_EXPONENTIAL,false,1,true,false,true,SMALL_STEP,4021,67961.396033,2.4313656257435894e18,0.0,false
SCURLY30,10000,0,2P_SAR0_PH1_ATR0_RRU1_SQP_QUASI_NEWTON,false,1,true,false,true,SMALL_STEP,3262,52983.42569,4.2761413626633103e18,0.0,false
SENSORS,100,0,2P_SAR0_PH1_ATR0_RRU1_SQP_IDENTITY,false,1,true,false,true,SMALL_STEP,162,403.275839,-2095.8701910979466,0.0,false
SENSORS,100,0,2P_SAR0_PH1_ATR0_RRU1_SQP_SPECTRAL,false,1,true,false,true,KKT_OK,80,145.283302,-2088.281249623137,0.0,false
SENSORS,100,0,2P_SAR0_PH1_ATR0_RRU1_SQP_RECIPROCAL,false,1,true,false,true,SMALL_STEP,200,465.40382,-2041.027795860724,0.0,false
SENSORS,100,0,2P_SAR0_PH1_ATR0_RRU1_SQP_EXPONENTIAL,false,1,true,false,true,SMALL_STEP,170,442.655208,-2109.344651854673,0.0,false
SENSORS,100,0,2P_SAR0_PH1_ATR0_RRU1_SQP_QUASI_NEWTON,false,1,true,false,true,KKT_OK,33,75.646686,-2108.531219204251,0.0,false
SIM2BQP,2,0,2P_SAR0_PH1_ATR0_RRU1_SQP_IDENTITY,false,1,true,false,true,KKT_OK,6,3.352099,1.8749976613948944e-16,0.0,false
SIM2BQP,2,0,2P_SAR0_PH1_ATR0_RRU1_SQP_SPECTRAL,false,1,true,false,true,KKT_OK,6,3.5916870000000003,1.874997661394996e-16,0.0,false
SIM2BQP,2,0,2P_SAR0_PH1_ATR0_RRU1_SQP_RECIPROCAL,false,1,true,false,true,KKT_OK,6,1.780272,1.8749976613947133e-16,0.0,false
SIM2BQP,2,0,2P_SAR0_PH1_ATR0_RRU1_SQP_EXPONENTIAL,false,1,true,false,true,KKT_OK,6,0.7456900000000001,1.8749976613944687e-16,0.0,false
SIM2BQP,2,0,2P_SAR0_PH1_ATR0_RRU1_SQP_QUASI_NEWTON,false,1,true,false,true,KKT_OK,6,0.7271759999999999,1.8749976613946213e-16,0.0,false
SIMBQP,2,0,2P_SAR0_PH1_ATR0_RRU1_SQP_IDENTITY,false,1,true,false,true,KKT_OK,22,3.3846190000000003,7.80916799508421e-9,0.0,false
SIMBQP,2,0,2P_SAR0_PH1_ATR0_RRU1_SQP_SPECTRAL,false,1,true,false,true,KKT_OK,12,1.529226,9.47719031281481e-16,0.0,false
SIMBQP,2,0,2P_SAR0_PH1_ATR0_RRU1_SQP_RECIPROCAL,false,1,true,false,true,KKT_OK,22,2.061335,1.2021955535347857e-8,0.0,false
SIMBQP,2,0,2P_SAR0_PH1_ATR0_RRU1_SQP_EXPONENTIAL,false,1,true,false,true,KKT_OK,10,1.099067,2.875412344751033e-17,0.0,false
SIMBQP,2,0,2P_SAR0_PH1_ATR0_RRU1_SQP_QUASI_NEWTON,false,1,true,false,true,KKT_OK,10,1.0496189999999999,6.396783856024141e-18,0.0,false
SINEALI,1000,0,2P_SAR0_PH1_ATR0_RRU1_SQP_IDENTITY,false,1,true,false,true,KKT_OK,13,18.000905,-99900.96123204596,0.0,false
SINEALI,1000,0,2P_SAR0_PH1_ATR0_RRU1_SQP_SPECTRAL,false,1,true,false,true,KKT_OK,11,8.720046,-99900.96141677538,0.0,false
SINEALI,1000,0,2P_SAR0_PH1_ATR0_RRU1_SQP_RECIPROCAL,false,1,true,false,true,KKT_OK,17,17.382441,-99900.9611439836,0.0,false
SINEALI,1000,0,2P_SAR0_PH1_ATR0_RRU1_SQP_EXPONENTIAL,false,1,true,false,true,KKT_OK,11,13.516796,-99900.96123794666,0.0,false
SINEALI,1000,0,2P_SAR0_PH1_ATR0_RRU1_SQP_QUASI_NEWTON,false,1,true,false,true,KKT_OK,10,11.671154,-99900.96153565132,0.0,false
SINEVAL,2,0,2P_SAR0_PH1_ATR0_RRU1_SQP_IDENTITY,false,1,true,false,true,SMALL_STEP,4556,204.20881799999998,0.20874903563346323,0.0,false
SINEVAL,2,0,2P_SAR0_PH1_ATR0_RRU1_SQP_SPECTRAL,false,1,true,false,true,SMALL_STEP,2267,98.03291,0.022524690616746824,0.0,false
SINEVAL,2,0,2P_SAR0_PH1_ATR0_RRU1_SQP_RECIPROCAL,false,1,true,false,true,SMALL_STEP,4780,388.025892,0.19068505623941115,0.0,false
SINEVAL,2,0,2P_SAR0_PH1_ATR0_RRU1_SQP_EXPONENTIAL,false,1,true,false,true,SMALL_STEP,4988,222.002789,0.093392501649285,0.0,false
SINEVAL,2,0,2P_SAR0_PH1_ATR0_RRU1_SQP_QUASI_NEWTON,false,1,true,false,true,SMALL_STEP,4354,192.94714199999999,0.07926949387317542,0.0,false
SINQUAD,5000,0,2P_SAR0_PH1_ATR0_RRU1_SQP_IDENTITY,false,1,true,false,true,KKT_OK,44,216.582214,-6.748559224474736e6,0.0,false
SINQUAD,5000,0,2P_SAR0_PH1_ATR0_RRU1_SQP_SPECTRAL,false,1,true,false,true,MAX_IT,5000,26781.750117000003,-6.4715478497791905e6,0.0,false
SINQUAD,5000,0,2P_SAR0_PH1_ATR0_RRU1_SQP_RECIPROCAL,false,1,true,false,true,KKT_OK,68,353.23647800000003,-6.7485592238973975e6,0.0,false
SINQUAD,5000,0,2P_SAR0_PH1_ATR0_RRU1_SQP_EXPONENTIAL,false,1,true,false,true,KKT_OK,44,247.661437,-6.748559224709469e6,0.0,false
SINQUAD,5000,0,2P_SAR0_PH1_ATR0_RRU1_SQP_QUASI_NEWTON,false,1,true,false,true,KKT_OK,35,351.98253800000003,-6.75701375712021e6,0.0,false
SINQUAD2,5000,0,2P_SAR0_PH1_ATR0_RRU1_SQP_IDENTITY,false,1,true,false,true,KKT_OK,0,7.868626999999999,0.6561000000000001,0.0,false
SINQUAD2,5000,0,2P_SAR0_PH1_ATR0_RRU1_SQP_SPECTRAL,false,1,true,false,true,KKT_OK,0,10.979477,0.6561000000000001,0.0,false
SINQUAD2,5000,0,2P_SAR0_PH1_ATR0_RRU1_SQP_RECIPROCAL,false,1,true,false,true,KKT_OK,0,7.042876,0.6561000000000001,0.0,false
SINQUAD2,5000,0,2P_SAR0_PH1_ATR0_RRU1_SQP_EXPONENTIAL,false,1,true,false,true,KKT_OK,0,36.819051,0.6561000000000001,0.0,false
SINQUAD2,5000,0,2P_SAR0_PH1_ATR0_RRU1_SQP_QUASI_NEWTON,false,1,true,false,true,KKT_OK,0,6.853822,0.6561000000000001,0.0,false
SISSER,2,0,2P_SAR0_PH1_ATR0_RRU1_SQP_IDENTITY,false,1,true,false,true,KKT_OK,7,3.9008279999999997,3.30010758314036e-7,0.0,false
SISSER,2,0,2P_SAR0_PH1_ATR0_RRU1_SQP_SPECTRAL,false,1,true,false,true,KKT_OK,14,3.066736,9.56975783391342e-7,0.0,false
SISSER,2,0,2P_SAR0_PH1_ATR0_RRU1_SQP_RECIPROCAL,false,1,true,false,true,KKT_OK,8,0.92402,1.8149018303396077e-12,0.0,false
SISSER,2,0,2P_SAR0_PH1_ATR0_RRU1_SQP_EXPONENTIAL,false,1,true,false,true,KKT_OK,11,1.012871,2.7039678224892997e-7,0.0,false
SISSER,2,0,2P_SAR0_PH1_ATR0_RRU1_SQP_QUASI_NEWTON,false,1,true,false,true,KKT_OK,14,1.0096459999999998,9.569757712105895e-7,0.0,false
SISSER2,2,0,2P_SAR0_PH1_ATR0_RRU1_SQP_IDENTITY,false,1,true,false,true,KKT_OK,8,2.966327,2.2475174602409473e-6,0.0,false
SISSER2,2,0,2P_SAR0_PH1_ATR0_RRU1_SQP_SPECTRAL,false,1,true,false,true,KKT_OK,14,3.649109,2.2907986061764543e-6,0.0,false
SISSER2,2,0,2P_SAR0_PH1_ATR0_RRU1_SQP_RECIPROCAL,false,1,true,false,true,KKT_OK,9,1.001333,5.417621744005991e-9,0.0,false
SISSER2,2,0,2P_SAR0_PH1_ATR0_RRU1_SQP_EXPONENTIAL,false,1,true,false,true,KKT_OK,10,0.964539,1.356525130169307e-6,0.0,false
SISSER2,2,0,2P_SAR0_PH1_ATR0_RRU1_SQP_QUASI_NEWTON,false,1,true,false,true,KKT_OK,13,1.058063,8.368982548467405e-7,0.0,false
SNAIL,2,0,2P_SAR0_PH1_ATR0_RRU1_SQP_IDENTITY,false,1,true,false,true,KKT_OK,1500,76.20525,8.604634032300225e-8,0.0,false
SNAIL,2,0,2P_SAR0_PH1_ATR0_RRU1_SQP_SPECTRAL,false,1,true,false,true,KKT_OK,337,12.802548999999999,6.858305480664036e-16,0.0,false
SNAIL,2,0,2P_SAR0_PH1_ATR0_RRU1_SQP_RECIPROCAL,false,1,true,false,true,KKT_OK,1690,79.319278,9.726465599013817e-8,0.0,false
SNAIL,2,0,2P_SAR0_PH1_ATR0_RRU1_SQP_EXPONENTIAL,false,1,true,false,true,KKT_OK,1341,63.223071000000004,1.9530898063285925e-12,0.0,false
SNAIL,2,0,2P_SAR0_PH1_ATR0_RRU1_SQP_QUASI_NEWTON,false,1,true,false,true,KKT_OK,711,29.504016,4.531177917860551e-18,0.0,false
SPARSINE,5000,0,2P_SAR0_PH1_ATR0_RRU1_SQP_IDENTITY,false,1,true,false,true,KKT_OK,7,57.284791,7.62831739906109e-14,0.0,false
SPARSINE,5000,0,2P_SAR0_PH1_ATR0_RRU1_SQP_SPECTRAL,false,1,true,false,true,SMALL_STEP,147,1039.76672,77.86292922279694,0.0,false
SPARSINE,5000,0,2P_SAR0_PH1_ATR0_RRU1_SQP_RECIPROCAL,false,1,true,false,true,KKT_OK,7,50.282968999999994,8.895751260646756e-11,0.0,false
SPARSINE,5000,0,2P_SAR0_PH1_ATR0_RRU1_SQP_EXPONENTIAL,false,1,true,false,true,KKT_OK,8,61.11994,8.068831167472237e-14,0.0,false
SPARSINE,5000,0,2P_SAR0_PH1_ATR0_RRU1_SQP_QUASI_NEWTON,false,1,true,false,true,KKT_OK,8,60.586339,9.371166563148416e-13,0.0,false
SPARSQUR,10000,0,2P_SAR0_PH1_ATR0_RRU1_SQP_IDENTITY,false,1,true,false,true,KKT_OK,10,277.982143,1.1592830288462438e-6,0.0,false
SPARSQUR,10000,0,2P_SAR0_PH1_ATR0_RRU1_SQP_SPECTRAL,false,1,true,false,true,KKT_OK,19,143.434518,0.0017667019622027943,0.0,false
SPARSQUR,10000,0,2P_SAR0_PH1_ATR0_RRU1_SQP_RECIPROCAL,false,1,true,false,true,KKT_OK,10,118.55172999999999,4.400816614188915e-11,0.0,false
SPARSQUR,10000,0,2P_SAR0_PH1_ATR0_RRU1_SQP_EXPONENTIAL,false,1,true,false,true,KKT_OK,16,171.994588,0.01206934600179684,0.0,false
SPARSQUR,10000,0,2P_SAR0_PH1_ATR0_RRU1_SQP_QUASI_NEWTON,false,1,true,false,true,KKT_OK,21,329.869008,0.0009153162771415362,0.0,false
SPECAN,9,0,2P_SAR0_PH1_ATR0_RRU1_SQP_IDENTITY,false,1,true,false,true,SMALL_STEP,1476,2177.6086870000004,0.2509595943504514,0.0,false
SPECAN,9,0,2P_SAR0_PH1_ATR0_RRU1_SQP_SPECTRAL,false,1,true,false,true,SMALL_STEP,1106,1632.98571,0.06855158375093412,0.0,false
SPECAN,9,0,2P_SAR0_PH1_ATR0_RRU1_SQP_RECIPROCAL,false,1,true,false,true,SMALL_STEP,1506,2708.106646,0.1391096052936199,0.0,false
SPECAN,9,0,2P_SAR0_PH1_ATR0_RRU1_SQP_EXPONENTIAL,false,1,true,false,true,SMALL_STEP,1268,2689.483408,0.010343406268140192,0.0,false
SPECAN,9,0,2P_SAR0_PH1_ATR0_RRU1_SQP_QUASI_NEWTON,false,1,true,false,true,SMALL_STEP,77,138.002451,0.0075658392044957185,0.0,false
SPIN2LS,102,0,2P_SAR0_PH1_ATR0_RRU1_SQP_IDENTITY,false,1,true,false,true,KKT_OK,692,245.229009,0.022178948146734045,0.0,false
SPIN2LS,102,0,2P_SAR0_PH1_ATR0_RRU1_SQP_SPECTRAL,false,1,true,false,true,KKT_OK,352,112.142045,0.02163926252460902,0.0,false
SPIN2LS,102,0,2P_SAR0_PH1_ATR0_RRU1_SQP_RECIPROCAL,false,1,true,false,true,SMALL_STEP,1211,493.804815,0.102656433871525,0.0,false
SPIN2LS,102,0,2P_SAR0_PH1_ATR0_RRU1_SQP_EXPONENTIAL,false,1,true,false,true,SMALL_STEP,635,311.202397,0.01690630370249514,0.0,false
SPIN2LS,102,0,2P_SAR0_PH1_ATR0_RRU1_SQP_QUASI_NEWTON,false,1,true,false,true,KKT_OK,146,60.56792,0.13195919212872165,0.0,false
SPINLS,1327,0,2P_SAR0_PH1_ATR0_RRU1_SQP_IDENTITY,false,1,true,false,true,SMALL_STEP,592,912.407365,84.636187690713,0.0,false
SPINLS,1327,0,2P_SAR0_PH1_ATR0_RRU1_SQP_SPECTRAL,false,1,true,false,true,SMALL_STEP,2309,3589.353842,95.44339295221098,0.0,false
SPINLS,1327,0,2P_SAR0_PH1_ATR0_RRU1_SQP_RECIPROCAL,false,1,true,false,true,SMALL_STEP,534,873.874093,70.10293294010901,0.0,false
SPINLS,1327,0,2P_SAR0_PH1_ATR0_RRU1_SQP_EXPONENTIAL,false,1,true,false,true,SMALL_STEP,648,1351.607818,86.41875854339871,0.0,false
SPINLS,1327,0,2P_SAR0_PH1_ATR0_RRU1_SQP_QUASI_NEWTON,false,1,true,false,true,SMALL_STEP,304,521.3950510000001,34.91480419215491,0.0,false
SPMSRTLS,4999,0,2P_SAR0_PH1_ATR0_RRU1_SQP_IDENTITY,false,1,true,false,true,KKT_OK,0,10.3684,4141.244261767007,0.0,false
SPMSRTLS,4999,0,2P_SAR0_PH1_ATR0_RRU1_SQP_SPECTRAL,false,1,true,false,true,KKT_OK,0,6.92389,4141.244261767007,0.0,false
SPMSRTLS,4999,0,2P_SAR0_PH1_ATR0_RRU1_SQP_RECIPROCAL,false,1,true,false,true,KKT_OK,0,6.727715000000001,4141.244261767007,0.0,false
SPMSRTLS,4999,0,2P_SAR0_PH1_ATR0_RRU1_SQP_EXPONENTIAL,false,1,true,false,true,KKT_OK,0,9.044126,4141.244261767007,0.0,false
SPMSRTLS,4999,0,2P_SAR0_PH1_ATR0_RRU1_SQP_QUASI_NEWTON,false,1,true,false,true,KKT_OK,0,6.752083,4141.244261767007,0.0,false
SROSENBR,5000,0,2P_SAR0_PH1_ATR0_RRU1_SQP_IDENTITY,false,1,true,false,true,KKT_OK,843,3337.1039589999996,37.97891235844445,0.0,false
SROSENBR,5000,0,2P_SAR0_PH1_ATR0_RRU1_SQP_SPECTRAL,false,1,true,false,true,KKT_OK,90,496.26928799999996,22.483588346875408,0.0,false
SROSENBR,5000,0,2P_SAR0_PH1_ATR0_RRU1_SQP_RECIPROCAL,false,1,true,false,true,KKT_OK,817,3299.067434,36.819780501550326,0.0,false
SROSENBR,5000,0,2P_SAR0_PH1_ATR0_RRU1_SQP_EXPONENTIAL,false,1,true,false,true,KKT_OK,584,2439.545051,43.199982237565706,0.0,false
SROSENBR,5000,0,2P_SAR0_PH1_ATR0_RRU1_SQP_QUASI_NEWTON,false,1,true,false,true,KKT_OK,718,2981.956868,18.154582037942237,0.0,false
SSBRYBND,5000,0,2P_SAR0_PH1_ATR0_RRU1_SQP_IDENTITY,false,1,true,false,true,SMALL_STEP,694,4647.799875,9926.114024466016,0.0,false
SSBRYBND,5000,0,2P_SAR0_PH1_ATR0_RRU1_SQP_SPECTRAL,false,1,true,false,true,SMALL_STEP,246,1668.9071920000001,15813.747472382445,0.0,false
SSBRYBND,5000,0,2P_SAR0_PH1_ATR0_RRU1_SQP_RECIPROCAL,false,1,true,false,true,SMALL_STEP,491,3123.763014,6387.892226562269,0.0,false
SSBRYBND,5000,0,2P_SAR0_PH1_ATR0_RRU1_SQP_EXPONENTIAL,false,1,true,false,true,SMALL_STEP,1641,11207.198001,2498.3031369314103,0.0,false
SSBRYBND,5000,0,2P_SAR0_PH1_ATR0_RRU1_SQP_QUASI_NEWTON,false,1,true,false,true,SMALL_STEP,1267,8441.949392999999,430.98547953940107,0.0,false
SSC,5184,0,2P_SAR0_PH1_ATR0_RRU1_SQP_IDENTITY,false,1,true,false,true,KKT_OK,0,11.628635,-2.0000000000069504,0.0,false
SSC,5184,0,2P_SAR0_PH1_ATR0_RRU1_SQP_SPECTRAL,false,1,true,false,true,KKT_OK,0,7.32024,-2.0000000000069504,0.0,false
SSC,5184,0,2P_SAR0_PH1_ATR0_RRU1_SQP_RECIPROCAL,false,1,true,false,true,KKT_OK,0,7.193613,-2.0000000000069504,0.0,false
SSC,5184,0,2P_SAR0_PH1_ATR0_RRU1_SQP_EXPONENTIAL,false,1,true,false,true,KKT_OK,0,9.799837,-2.0000000000069504,0.0,false
SSC,5184,0,2P_SAR0_PH1_ATR0_RRU1_SQP_QUASI_NEWTON,false,1,true,false,true,KKT_OK,0,7.088170000000001,-2.0000000000069504,0.0,false
SSCOSINE,5000,0,2P_SAR0_PH1_ATR0_RRU1_SQP_IDENTITY,false,1,true,false,true,SMALL_STEP,15,129.565067,-4571.740135146371,0.0,false
SSCOSINE,5000,0,2P_SAR0_PH1_ATR0_RRU1_SQP_SPECTRAL,false,1,true,false,true,SMALL_STEP,21,150.524833,-2024.1478315497354,0.0,false
SSCOSINE,5000,0,2P_SAR0_PH1_ATR0_RRU1_SQP_RECIPROCAL,false,1,true,false,true,SMALL_STEP,15,120.80215,-3837.701880646433,0.0,false
SSCOSINE,5000,0,2P_SAR0_PH1_ATR0_RRU1_SQP_EXPONENTIAL,false,1,true,false,true,SMALL_STEP,17,147.79108,-4556.689721778944,0.0,false
SSCOSINE,5000,0,2P_SAR0_PH1_ATR0_RRU1_SQP_QUASI_NEWTON,false,1,true,false,true,SMALL_STEP,47,366.378442,-4534.782098304558,0.0,false
SSI,3,0,2P_SAR0_PH1_ATR0_RRU1_SQP_IDENTITY,false,1,true,false,true,SMALL_STEP,2578,131.120374,0.024458611581086847,0.0,false
SSI,3,0,2P_SAR0_PH1_ATR0_RRU1_SQP_SPECTRAL,false,1,true,false,true,SMALL_STEP,3749,163.858831,0.028179531597808852,0.0,false
SSI,3,0,2P_SAR0_PH1_ATR0_RRU1_SQP_RECIPROCAL,false,1,true,false,true,SMALL_STEP,2311,108.054776,0.02563658619629182,0.0,false
SSI,3,0,2P_SAR0_PH1_ATR0_RRU1_SQP_EXPONENTIAL,false,1,true,false,true,SMALL_STEP,1857,91.060385,0.027690660067912206,0.0,false
SSI,3,0,2P_SAR0_PH1_ATR0_RRU1_SQP_QUASI_NEWTON,false,1,true,false,true,SMALL_STEP,778,35.415883,0.0137121117338069,0.0,false
STRATEC,10,0,2P_SAR0_PH1_ATR0_RRU1_SQP_IDENTITY,false,1,true,false,true,SMALL_STEP,84,614.2291479999999,2684.0037305450332,0.0,false
STRATEC,10,0,2P_SAR0_PH1_ATR0_RRU1_SQP_SPECTRAL,false,1,true,false,true,SMALL_STEP,68,490.426292,2686.1171770248657,0.0,false
STRATEC,10,0,2P_SAR0_PH1_ATR0_RRU1_SQP_RECIPROCAL,false,1,true,false,true,SMALL_STEP,70,657.175069,2677.921948770181,0.0,false
STRATEC,10,0,2P_SAR0_PH1_ATR0_RRU1_SQP_EXPONENTIAL,false,1,true,false,true,SMALL_STEP,233,2699.154161,2657.8525981234775,0.0,false
STRATEC,10,0,2P_SAR0_PH1_ATR0_RRU1_SQP_QUASI_NEWTON,false,1,true,false,true,SMALL_STEP,29,272.48608,2421.175226887814,0.0,false
STREG,4,0,2P_SAR0_PH1_ATR0_RRU1_SQP_IDENTITY,false,1,true,false,true,MAX_IT,5000,238.884931,9.997444122816315e19,0.0,false
STREG,4,0,2P_SAR0_PH1_ATR0_RRU1_SQP_SPECTRAL,false,1,true,false,true,MAX_IT,5000,260.44946200000004,9.997728654917576e19,0.0,false
STREG,4,0,2P_SAR0_PH1_ATR0_RRU1_SQP_RECIPROCAL,false,1,true,false,true,MAX_IT,5000,261.234869,9.978399080763503e19,0.0,false
STREG,4,0,2P_SAR0_PH1_ATR0_RRU1_SQP_EXPONENTIAL,false,1,true,false,true,MAX_IT,5000,253.14368199999998,9.990505740824161e19,0.0,false
STREG,4,0,2P_SAR0_PH1_ATR0_RRU1_SQP_QUASI_NEWTON,false,1,true,false,true,SMALL_STEP,499,25.770454,0.0026034462536993217,0.0,false
STRTCHDV,10,0,2P_SAR0_PH1_ATR0_RRU1_SQP_IDENTITY,false,1,true,false,true,KKT_OK,5,3.0363360000000004,1.7470035770699709e-9,0.0,false
STRTCHDV,10,0,2P_SAR0_PH1_ATR0_RRU1_SQP_SPECTRAL,false,1,true,false,true,KKT_OK,9,2.069665,1.1972438941596678e-5,0.0,false
STRTCHDV,10,0,2P_SAR0_PH1_ATR0_RRU1_SQP_RECIPROCAL,false,1,true,false,true,KKT_OK,5,1.578606,1.7385369484422352e-9,0.0,false
STRTCHDV,10,0,2P_SAR0_PH1_ATR0_RRU1_SQP_EXPONENTIAL,false,1,true,false,true,KKT_OK,4,1.221584,1.2671454507732343e-9,0.0,false
STRTCHDV,10,0,2P_SAR0_PH1_ATR0_RRU1_SQP_QUASI_NEWTON,false,1,true,false,true,KKT_OK,9,1.167751,9.643156633049864e-6,0.0,false
STRTCHDVB,10,0,2P_SAR0_PH1_ATR0_RRU1_SQP_IDENTITY,false,1,true,false,true,KKT_OK,5,2.8053700000000004,1.7470035770699709e-9,0.0,false
STRTCHDVB,10,0,2P_SAR0_PH1_ATR0_RRU1_SQP_SPECTRAL,false,1,true,false,true,KKT_OK,9,3.087194,1.1972438941596678e-5,0.0,false
STRTCHDVB,10,0,2P_SAR0_PH1_ATR0_RRU1_SQP_RECIPROCAL,false,1,true,false,true,KKT_OK,5,1.091783,1.7385369484422352e-9,0.0,false
STRTCHDVB,10,0,2P_SAR0_PH1_ATR0_RRU1_SQP_EXPONENTIAL,false,1,true,false,true,KKT_OK,4,0.848802,1.2671454507732343e-9,0.0,false
STRTCHDVB,10,0,2P_SAR0_PH1_ATR0_RRU1_SQP_QUASI_NEWTON,false,1,true,false,true,KKT_OK,9,0.9532079999999999,9.643156633049862e-6,0.0,false
TAME,2,1,2P_SAR0_PH1_ATR0_RRU1_SQP_IDENTITY,false,1,true,false,true,KKT_OK,5,7.1168309999999995,0.0,0.0,false
TAME,2,1,2P_SAR0_PH1_ATR0_RRU1_SQP_SPECTRAL,false,1,true,false,true,KKT_OK,5,1.959394,0.0,0.0,false
TAME,2,1,2P_SAR0_PH1_ATR0_RRU1_SQP_RECIPROCAL,false,1,true,false,true,KKT_OK,5,1.84671,0.0,0.0,false
TAME,2,1,2P_SAR0_PH1_ATR0_RRU1_SQP_EXPONENTIAL,false,1,true,false,true,KKT_OK,5,1.858686,0.0,0.0,false
TAME,2,1,2P_SAR0_PH1_ATR0_RRU1_SQP_QUASI_NEWTON,false,1,true,false,true,KKT_OK,5,1.843021,0.0,0.0,false
TESTQUAD,10,0,2P_SAR0_PH1_ATR0_RRU1_SQP_IDENTITY,false,1,true,false,true,KKT_OK,8,4.20799,2.9892341542016266e-6,0.0,false
TESTQUAD,10,0,2P_SAR0_PH1_ATR0_RRU1_SQP_SPECTRAL,false,1,true,false,true,SMALL_STEP,10,3.0238560000000003,3.021301656997338,0.0,false
TESTQUAD,10,0,2P_SAR0_PH1_ATR0_RRU1_SQP_RECIPROCAL,false,1,true,false,true,KKT_OK,8,1.116009,7.0134844961324346e-9,0.0,false
TESTQUAD,10,0,2P_SAR0_PH1_ATR0_RRU1_SQP_EXPONENTIAL,false,1,true,false,true,KKT_OK,7,1.145064,1.3805034462172952e-9,0.0,false
TESTQUAD,10,0,2P_SAR0_PH1_ATR0_RRU1_SQP_QUASI_NEWTON,false,1,true,false,true,KKT_OK,7,1.021877,1.5066396938293056e-32,0.0,false
THURBERLS,7,0,2P_SAR0_PH1_ATR0_RRU1_SQP_IDENTITY,false,1,true,false,true,SMALL_STEP,84,9.302893,993529.5902918945,0.0,false
THURBERLS,7,0,2P_SAR0_PH1_ATR0_RRU1_SQP_SPECTRAL,false,1,true,false,true,SMALL_STEP,84,5.38547,993538.1373948713,0.0,false
THURBERLS,7,0,2P_SAR0_PH1_ATR0_RRU1_SQP_RECIPROCAL,false,1,true,false,true,SMALL_STEP,134,8.853563,993486.6602636547,0.0,false
THURBERLS,7,0,2P_SAR0_PH1_ATR0_RRU1_SQP_EXPONENTIAL,false,1,true,false,true,SMALL_STEP,118,8.420087,993671.0865336722,0.0,false
THURBERLS,7,0,2P_SAR0_PH1_ATR0_RRU1_SQP_QUASI_NEWTON,false,1,true,false,true,MAX_IT,5000,299.241381,855959.6848859115,0.0,false
TOINTGOR,50,0,2P_SAR0_PH1_ATR0_RRU1_SQP_IDENTITY,false,1,true,false,true,SMALL_STEP,2266,228.00858399999998,1373.9072545095487,0.0,false
TOINTGOR,50,0,2P_SAR0_PH1_ATR0_RRU1_SQP_SPECTRAL,false,1,true,false,true,KKT_OK,96,8.086972,1373.916928614926,0.0,false
TOINTGOR,50,0,2P_SAR0_PH1_ATR0_RRU1_SQP_RECIPROCAL,false,1,true,false,true,SMALL_STEP,1963,191.29311600000003,1373.9089536310616,0.0,false
TOINTGOR,50,0,2P_SAR0_PH1_ATR0_RRU1_SQP_EXPONENTIAL,false,1,true,false,true,SMALL_STEP,1838,188.921295,1373.9070904902649,0.0,false
TOINTGOR,50,0,2P_SAR0_PH1_ATR0_RRU1_SQP_QUASI_NEWTON,false,1,true,false,true,KKT_OK,233,23.738666,1373.9095476577893,0.0,false
TOINTGSS,5000,0,2P_SAR0_PH1_ATR0_RRU1_SQP_IDENTITY,false,1,true,false,true,KKT_OK,11,59.650003,10.00400119721056,0.0,false
TOINTGSS,5000,0,2P_SAR0_PH1_ATR0_RRU1_SQP_SPECTRAL,false,1,true,false,true,KKT_OK,9,36.71713,10.002131664943377,0.0,false
TOINTGSS,5000,0,2P_SAR0_PH1_ATR0_RRU1_SQP_RECIPROCAL,false,1,true,false,true,KKT_OK,11,60.921002,10.004001805645872,0.0,false
TOINTGSS,5000,0,2P_SAR0_PH1_ATR0_RRU1_SQP_EXPONENTIAL,false,1,true,false,true,KKT_OK,8,47.250115,10.004945524587571,0.0,false
TOINTGSS,5000,0,2P_SAR0_PH1_ATR0_RRU1_SQP_QUASI_NEWTON,false,1,true,false,true,KKT_OK,9,42.200369,10.002002231630035,0.0,false
TOINTPSP,50,0,2P_SAR0_PH1_ATR0_RRU1_SQP_IDENTITY,false,1,true,false,true,SMALL_STEP,866,85.553233,225.56091254751058,0.0,false
TOINTPSP,50,0,2P_SAR0_PH1_ATR0_RRU1_SQP_SPECTRAL,false,1,true,false,true,KKT_OK,116,10.762576,225.5605404593622,0.0,false
TOINTPSP,50,0,2P_SAR0_PH1_ATR0_RRU1_SQP_RECIPROCAL,false,1,true,false,true,SMALL_STEP,678,60.394581,225.56219563265685,0.0,false
TOINTPSP,50,0,2P_SAR0_PH1_ATR0_RRU1_SQP_EXPONENTIAL,false,1,true,false,true,SMALL_STEP,652,61.53089,225.56084456726722,0.0,false
TOINTPSP,50,0,2P_SAR0_PH1_ATR0_RRU1_SQP_QUASI_NEWTON,false,1,true,false,true,KKT_OK,110,9.713879,225.560590266446,0.0,false
TOINTQOR,50,0,2P_SAR0_PH1_ATR0_RRU1_SQP_IDENTITY,false,1,true,false,true,KKT_OK,722,71.987852,1175.4728227119883,0.0,false
TOINTQOR,50,0,2P_SAR0_PH1_ATR0_RRU1_SQP_SPECTRAL,false,1,true,false,true,KKT_OK,26,2.883122,1175.4725505464874,0.0,false
TOINTQOR,50,0,2P_SAR0_PH1_ATR0_RRU1_SQP_RECIPROCAL,false,1,true,false,true,KKT_OK,714,66.166177,1175.472862511608,0.0,false
TOINTQOR,50,0,2P_SAR0_PH1_ATR0_RRU1_SQP_EXPONENTIAL,false,1,true,false,true,KKT_OK,670,68.04383299999999,1175.4727850350862,0.0,false
TOINTQOR,50,0,2P_SAR0_PH1_ATR0_RRU1_SQP_QUASI_NEWTON,false,1,true,false,true,KKT_OK,42,4.681333,1175.4724074281155,0.0,false
TORSION1,5476,0,2P_SAR0_PH1_ATR0_RRU1_SQP_IDENTITY,false,1,true,false,true,KKT_OK,0,11.824861,-0.3467817601809315,0.0,false
TORSION1,5476,0,2P_SAR0_PH1_ATR0_RRU1_SQP_SPECTRAL,false,1,true,false,true,KKT_OK,0,8.285768000000001,-0.3467817601809315,0.0,false
TORSION1,5476,0,2P_SAR0_PH1_ATR0_RRU1_SQP_RECIPROCAL,false,1,true,false,true,KKT_OK,0,11.231401,-0.3467817601809315,0.0,false
TORSION1,5476,0,2P_SAR0_PH1_ATR0_RRU1_SQP_EXPONENTIAL,false,1,true,false,true,KKT_OK,0,7.998286,-0.3467817601809315,0.0,false
TORSION1,5476,0,2P_SAR0_PH1_ATR0_RRU1_SQP_QUASI_NEWTON,false,1,true,false,true,KKT_OK,0,11.007710000000001,-0.3467817601809315,0.0,false
TORSION2,5476,0,2P_SAR0_PH1_ATR0_RRU1_SQP_IDENTITY,false,1,true,false,true,KKT_OK,0,12.281448000000001,0.0,0.0,false
TORSION2,5476,0,2P_SAR0_PH1_ATR0_RRU1_SQP_SPECTRAL,false,1,true,false,true,KKT_OK,0,8.122064,0.0,0.0,false
TORSION2,5476,0,2P_SAR0_PH1_ATR0_RRU1_SQP_RECIPROCAL,false,1,true,false,true,KKT_OK,0,11.870422,0.0,0.0,false
TORSION2,5476,0,2P_SAR0_PH1_ATR0_RRU1_SQP_EXPONENTIAL,false,1,true,false,true,KKT_OK,0,7.958766000000001,0.0,0.0,false
TORSION2,5476,0,2P_SAR0_PH1_ATR0_RRU1_SQP_QUASI_NEWTON,false,1,true,false,true,KKT_OK,0,11.658764,0.0,0.0,false
TORSION3,5476,0,2P_SAR0_PH1_ATR0_RRU1_SQP_IDENTITY,false,1,true,false,true,KKT_OK,0,13.448442,-1.1799587164578886,0.0,false
TORSION3,5476,0,2P_SAR0_PH1_ATR0_RRU1_SQP_SPECTRAL,false,1,true,false,true,KKT_OK,0,8.384258,-1.1799587164578886,0.0,false
TORSION3,5476,0,2P_SAR0_PH1_ATR0_RRU1_SQP_RECIPROCAL,false,1,true,false,true,KKT_OK,0,13.305281,-1.1799587164578886,0.0,false
TORSION3,5476,0,2P_SAR0_PH1_ATR0_RRU1_SQP_EXPONENTIAL,false,1,true,false,true,KKT_OK,0,8.007207000000001,-1.1799587164578886,0.0,false
TORSION3,5476,0,2P_SAR0_PH1_ATR0_RRU1_SQP_QUASI_NEWTON,false,1,true,false,true,KKT_OK,0,12.107295,-1.1799587164578886,0.0,false
TORSION4,5476,0,2P_SAR0_PH1_ATR0_RRU1_SQP_IDENTITY,false,1,true,false,true,KKT_OK,0,13.682712,0.0,0.0,false
TORSION4,5476,0,2P_SAR0_PH1_ATR0_RRU1_SQP_SPECTRAL,false,1,true,false,true,KKT_OK,0,8.057742,0.0,0.0,false
TORSION4,5476,0,2P_SAR0_PH1_ATR0_RRU1_SQP_RECIPROCAL,false,1,true,false,true,KKT_OK,0,12.537391999999999,0.0,0.0,false
TORSION4,5476,0,2P_SAR0_PH1_ATR0_RRU1_SQP_EXPONENTIAL,false,1,true,false,true,KKT_OK,0,7.9838830000000005,0.0,0.0,false
TORSION4,5476,0,2P_SAR0_PH1_ATR0_RRU1_SQP_QUASI_NEWTON,false,1,true,false,true,KKT_OK,0,12.444309,0.0,0.0,false
TORSION5,5476,0,2P_SAR0_PH1_ATR0_RRU1_SQP_IDENTITY,false,1,true,false,true,KKT_OK,0,8.63937,-2.8463126290118956,0.0,false
TORSION5,5476,0,2P_SAR0_PH1_ATR0_RRU1_SQP_SPECTRAL,false,1,true,false,true,KKT_OK,0,12.490888,-2.8463126290118956,0.0,false
TORSION5,5476,0,2P_SAR0_PH1_ATR0_RRU1_SQP_RECIPROCAL,false,1,true,false,true,KKT_OK,0,13.051407,-2.8463126290118956,0.0,false
TORSION5,5476,0,2P_SAR0_PH1_ATR0_RRU1_SQP_EXPONENTIAL,false,1,true,false,true,KKT_OK,0,8.282179000000001,-2.8463126290118956,0.0,false
TORSION5,5476,0,2P_SAR0_PH1_ATR0_RRU1_SQP_QUASI_NEWTON,false,1,true,false,true,KKT_OK,0,13.052277,-2.8463126290118956,0.0,false
TORSION6,5476,0,2P_SAR0_PH1_ATR0_RRU1_SQP_IDENTITY,false,1,true,false,true,KKT_OK,0,12.318871999999999,0.0,0.0,false
TORSION6,5476,0,2P_SAR0_PH1_ATR0_RRU1_SQP_SPECTRAL,false,1,true,false,true,KKT_OK,0,8.321135,0.0,0.0,false
TORSION6,5476,0,2P_SAR0_PH1_ATR0_RRU1_SQP_RECIPROCAL,false,1,true,false,true,KKT_OK,0,12.050277,0.0,0.0,false
TORSION6,5476,0,2P_SAR0_PH1_ATR0_RRU1_SQP_EXPONENTIAL,false,1,true,false,true,KKT_OK,0,8.043777,0.0,0.0,false
TORSION6,5476,0,2P_SAR0_PH1_ATR0_RRU1_SQP_QUASI_NEWTON,false,1,true,false,true,KKT_OK,0,11.867867,0.0,0.0,false
TORSIONA,5476,0,2P_SAR0_PH1_ATR0_RRU1_SQP_IDENTITY,false,1,true,false,true,KKT_OK,0,8.614863,-0.3332707825116121,0.0,false
TORSIONA,5476,0,2P_SAR0_PH1_ATR0_RRU1_SQP_SPECTRAL,false,1,true,false,true,KKT_OK,0,13.542633,-0.3332707825116121,0.0,false
TORSIONA,5476,0,2P_SAR0_PH1_ATR0_RRU1_SQP_RECIPROCAL,false,1,true,false,true,KKT_OK,0,7.987383,-0.3332707825116121,0.0,false
TORSIONA,5476,0,2P_SAR0_PH1_ATR0_RRU1_SQP_EXPONENTIAL,false,1,true,false,true,KKT_OK,0,12.785938,-0.3332707825116121,0.0,false
TORSIONA,5476,0,2P_SAR0_PH1_ATR0_RRU1_SQP_QUASI_NEWTON,false,1,true,false,true,KKT_OK,0,8.004753,-0.3332707825116121,0.0,false
TORSIONB,5476,0,2P_SAR0_PH1_ATR0_RRU1_SQP_IDENTITY,false,1,true,false,true,KKT_OK,0,12.982079,0.0,0.0,false
TORSIONB,5476,0,2P_SAR0_PH1_ATR0_RRU1_SQP_SPECTRAL,false,1,true,false,true,KKT_OK,0,8.397728,0.0,0.0,false
TORSIONB,5476,0,2P_SAR0_PH1_ATR0_RRU1_SQP_RECIPROCAL,false,1,true,false,true,KKT_OK,0,12.572721999999999,0.0,0.0,false
TORSIONB,5476,0,2P_SAR0_PH1_ATR0_RRU1_SQP_EXPONENTIAL,false,1,true,false,true,KKT_OK,0,7.993761999999999,0.0,0.0,false
TORSIONB,5476,0,2P_SAR0_PH1_ATR0_RRU1_SQP_QUASI_NEWTON,false,1,true,false,true,KKT_OK,0,12.3228,0.0,0.0,false
TORSIONC,5476,0,2P_SAR0_PH1_ATR0_RRU1_SQP_IDENTITY,false,1,true,false,true,KKT_OK,0,13.849511,-1.1664477387885857,0.0,false
TORSIONC,5476,0,2P_SAR0_PH1_ATR0_RRU1_SQP_SPECTRAL,false,1,true,false,true,KKT_OK,0,8.235782,-1.1664477387885857,0.0,false
TORSIONC,5476,0,2P_SAR0_PH1_ATR0_RRU1_SQP_RECIPROCAL,false,1,true,false,true,KKT_OK,0,13.380924,-1.1664477387885857,0.0,false
TORSIONC,5476,0,2P_SAR0_PH1_ATR0_RRU1_SQP_EXPONENTIAL,false,1,true,false,true,KKT_OK,0,8.071667,-1.1664477387885857,0.0,false
TORSIONC,5476,0,2P_SAR0_PH1_ATR0_RRU1_SQP_QUASI_NEWTON,false,1,true,false,true,KKT_OK,0,12.802764,-1.1664477387885857,0.0,false
TORSIOND,5476,0,2P_SAR0_PH1_ATR0_RRU1_SQP_IDENTITY,false,1,true,false,true,KKT_OK,0,13.259419999999999,0.0,0.0,false
TORSIOND,5476,0,2P_SAR0_PH1_ATR0_RRU1_SQP_SPECTRAL,false,1,true,false,true,KKT_OK,0,8.350857,0.0,0.0,false
TORSIOND,5476,0,2P_SAR0_PH1_ATR0_RRU1_SQP_RECIPROCAL,false,1,true,false,true,KKT_OK,0,12.960846,0.0,0.0,false
TORSIOND,5476,0,2P_SAR0_PH1_ATR0_RRU1_SQP_EXPONENTIAL,false,1,true,false,true,KKT_OK,0,8.033175,0.0,0.0,false
TORSIOND,5476,0,2P_SAR0_PH1_ATR0_RRU1_SQP_QUASI_NEWTON,false,1,true,false,true,KKT_OK,0,12.139577000000001,0.0,0.0,false
TORSIONE,5476,0,2P_SAR0_PH1_ATR0_RRU1_SQP_IDENTITY,false,1,true,false,true,KKT_OK,0,9.288004,-2.832801651342533,0.0,false
TORSIONE,5476,0,2P_SAR0_PH1_ATR0_RRU1_SQP_SPECTRAL,false,1,true,false,true,KKT_OK,0,13.766438,-2.832801651342533,0.0,false
TORSIONE,5476,0,2P_SAR0_PH1_ATR0_RRU1_SQP_RECIPROCAL,false,1,true,false,true,KKT_OK,0,8.33896,-2.832801651342533,0.0,false
TORSIONE,5476,0,2P_SAR0_PH1_ATR0_RRU1_SQP_EXPONENTIAL,false,1,true,false,true,KKT_OK,0,12.953985,-2.832801651342533,0.0,false
TORSIONE,5476,0,2P_SAR0_PH1_ATR0_RRU1_SQP_QUASI_NEWTON,false,1,true,false,true,KKT_OK,0,8.03577,-2.832801651342533,0.0,false
TORSIONF,5476,0,2P_SAR0_PH1_ATR0_RRU1_SQP_IDENTITY,false,1,true,false,true,KKT_OK,0,8.729063,0.0,0.0,false
TORSIONF,5476,0,2P_SAR0_PH1_ATR0_RRU1_SQP_SPECTRAL,false,1,true,false,true,KKT_OK,0,12.803383,0.0,0.0,false
TORSIONF,5476,0,2P_SAR0_PH1_ATR0_RRU1_SQP_RECIPROCAL,false,1,true,false,true,KKT_OK,0,8.246996,0.0,0.0,false
TORSIONF,5476,0,2P_SAR0_PH1_ATR0_RRU1_SQP_EXPONENTIAL,false,1,true,false,true,KKT_OK,0,12.259027,0.0,0.0,false
TORSIONF,5476,0,2P_SAR0_PH1_ATR0_RRU1_SQP_QUASI_NEWTON,false,1,true,false,true,KKT_OK,0,7.966372,0.0,0.0,false
TQUARTIC,5000,0,2P_SAR0_PH1_ATR0_RRU1_SQP_IDENTITY,false,1,true,false,true,KKT_OK,0,11.771339000000001,0.81,0.0,false
TQUARTIC,5000,0,2P_SAR0_PH1_ATR0_RRU1_SQP_SPECTRAL,false,1,true,false,true,KKT_OK,0,6.824802,0.81,0.0,false
TQUARTIC,5000,0,2P_SAR0_PH1_ATR0_RRU1_SQP_RECIPROCAL,false,1,true,false,true,KKT_OK,0,6.652118000000001,0.81,0.0,false
TQUARTIC,5000,0,2P_SAR0_PH1_ATR0_RRU1_SQP_EXPONENTIAL,false,1,true,false,true,KKT_OK,0,11.197734,0.81,0.0,false
TQUARTIC,5000,0,2P_SAR0_PH1_ATR0_RRU1_SQP_QUASI_NEWTON,false,1,true,false,true,KKT_OK,0,6.627783,0.81,0.0,false
TRIDIA,10000,0,2P_SAR0_PH1_ATR0_RRU1_SQP_IDENTITY,false,1,true,false,true,KKT_OK,13,159.383102,0.30906578633656695,0.0,false
TRIDIA,10000,0,2P_SAR0_PH1_ATR0_RRU1_SQP_SPECTRAL,false,1,true,false,true,SMALL_STEP,966,10534.998878,3913.0109845983,0.0,false
TRIDIA,10000,0,2P_SAR0_PH1_ATR0_RRU1_SQP_RECIPROCAL,false,1,true,false,true,KKT_OK,13,353.322444,0.28720800988918854,0.0,false
TRIDIA,10000,0,2P_SAR0_PH1_ATR0_RRU1_SQP_EXPONENTIAL,false,1,true,false,true,SMALL_STEP,10,147.656316,18.92539909608875,0.0,false
TRIDIA,10000,0,2P_SAR0_PH1_ATR0_RRU1_SQP_QUASI_NEWTON,false,1,true,false,true,KKT_OK,8,111.54414899999999,0.9393280311215182,0.0,false
TRIGON1,10,0,2P_SAR0_PH1_ATR0_RRU1_SQP_IDENTITY,false,1,true,false,true,SMALL_STEP,139,15.108416,0.00023919320190358623,0.0,false
TRIGON1,10,0,2P_SAR0_PH1_ATR0_RRU1_SQP_SPECTRAL,false,1,true,false,true,KKT_OK,60,3.566893,1.1680092763317703e-5,0.0,false
TRIGON1,10,0,2P_SAR0_PH1_ATR0_RRU1_SQP_RECIPROCAL,false,1,true,false,true,SMALL_STEP,103,7.790157,1.1997417755807714e-5,0.0,false
TRIGON1,10,0,2P_SAR0_PH1_ATR0_RRU1_SQP_EXPONENTIAL,false,1,true,false,true,KKT_OK,47,4.065188,2.5026781495428703e-9,0.0,false
TRIGON1,10,0,2P_SAR0_PH1_ATR0_RRU1_SQP_QUASI_NEWTON,false,1,true,false,true,KKT_OK,15,1.466436,5.459404758323312e-21,0.0,false
TRIGON1B,10,0,2P_SAR0_PH1_ATR0_RRU1_SQP_IDENTITY,false,1,true,false,true,KKT_OK,130,12.890192,0.00044589796324130546,0.0,false
TRIGON1B,10,0,2P_SAR0_PH1_ATR0_RRU1_SQP_SPECTRAL,false,1,true,false,true,KKT_OK,57,3.5615989999999997,8.773732508112482e-5,0.0,false
TRIGON1B,10,0,2P_SAR0_PH1_ATR0_RRU1_SQP_RECIPROCAL,false,1,true,false,true,KKT_OK,30,5.479399,4.180306637306896e-13,0.0,false
TRIGON1B,10,0,2P_SAR0_PH1_ATR0_RRU1_SQP_EXPONENTIAL,false,1,true,false,true,KKT_OK,15,1.509792,3.1213690735343633e-15,0.0,false
TRIGON1B,10,0,2P_SAR0_PH1_ATR0_RRU1_SQP_QUASI_NEWTON,false,1,true,false,true,KKT_OK,9,0.951741,4.2036061924776717e-16,0.0,false
TRIGON2,10,0,2P_SAR0_PH1_ATR0_RRU1_SQP_IDENTITY,false,1,true,false,true,SMALL_STEP,24,4.965412,3.377144425250947,0.0,false
TRIGON2,10,0,2P_SAR0_PH1_ATR0_RRU1_SQP_SPECTRAL,false,1,true,false,true,SMALL_STEP,38,3.5593090000000003,2.6954603904278307,0.0,false
TRIGON2,10,0,2P_SAR0_PH1_ATR0_RRU1_SQP_RECIPROCAL,false,1,true,false,true,SMALL_STEP,144,8.851787,2.6966815314630845,0.0,false
TRIGON2,10,0,2P_SAR0_PH1_ATR0_RRU1_SQP_EXPONENTIAL,false,1,true,false,true,SMALL_STEP,108,6.9212370000000005,3.104291191991162,0.0,false
TRIGON2,10,0,2P_SAR0_PH1_ATR0_RRU1_SQP_QUASI_NEWTON,false,1,true,false,true,KKT_OK,12,1.195569,2.8307764047545594,0.0,false
TRIGON2B,10,0,2P_SAR0_PH1_ATR0_RRU1_SQP_IDENTITY,false,1,true,false,true,SMALL_STEP,24,7.629694000000001,3.377144425250947,0.0,false
TRIGON2B,10,0,2P_SAR0_PH1_ATR0_RRU1_SQP_SPECTRAL,false,1,true,false,true,SMALL_STEP,38,4.377599,2.6954603904278307,0.0,false
TRIGON2B,10,0,2P_SAR0_PH1_ATR0_RRU1_SQP_RECIPROCAL,false,1,true,false,true,SMALL_STEP,144,11.539852,2.6966815314630845,0.0,false
TRIGON2B,10,0,2P_SAR0_PH1_ATR0_RRU1_SQP_EXPONENTIAL,false,1,true,false,true,SMALL_STEP,108,6.782227,3.104291191991162,0.0,false
TRIGON2B,10,0,2P_SAR0_PH1_ATR0_RRU1_SQP_QUASI_NEWTON,false,1,true,false,true,KKT_OK,12,1.159079,2.8307764047545594,0.0,false
TRY-B,2,1,2P_SAR0_PH1_ATR0_RRU1_SQP_IDENTITY,false,1,true,false,true,KKT_OK,38,31.059707,1.000020567773384,2.0567773383994847e-5,false
TRY-B,2,1,2P_SAR0_PH1_ATR0_RRU1_SQP_SPECTRAL,false,1,true,false,true,KKT_OK,38,13.703645,1.000020567773384,2.0567773383994847e-5,false
TRY-B,2,1,2P_SAR0_PH1_ATR0_RRU1_SQP_RECIPROCAL,false,1,true,false,true,KKT_OK,38,13.421677,1.000020567773384,2.0567773383994847e-5,false
TRY-B,2,1,2P_SAR0_PH1_ATR0_RRU1_SQP_EXPONENTIAL,false,1,true,false,true,KKT_OK,38,13.375774999999999,1.000020567773384,2.0567773383994847e-5,false
TRY-B,2,1,2P_SAR0_PH1_ATR0_RRU1_SQP_QUASI_NEWTON,false,1,true,false,true,KKT_OK,38,13.512901000000001,1.000020567773384,2.0567773383994847e-5,false
VANDANMSLS,22,0,2P_SAR0_PH1_ATR0_RRU1_SQP_IDENTITY,false,1,true,false,true,KKT_OK,8,5.292525,12.145491841682457,0.0,false
VANDANMSLS,22,0,2P_SAR0_PH1_ATR0_RRU1_SQP_SPECTRAL,false,1,true,false,true,KKT_OK,7,1.08602,12.145065559825749,0.0,false
VANDANMSLS,22,0,2P_SAR0_PH1_ATR0_RRU1_SQP_RECIPROCAL,false,1,true,false,true,KKT_OK,15,1.672099,12.145604551363837,0.0,false
VANDANMSLS,22,0,2P_SAR0_PH1_ATR0_RRU1_SQP_EXPONENTIAL,false,1,true,false,true,KKT_OK,8,1.2288270000000001,12.1455620195814,0.0,false
VANDANMSLS,22,0,2P_SAR0_PH1_ATR0_RRU1_SQP_QUASI_NEWTON,false,1,true,false,true,KKT_OK,7,1.065137,12.145493739846705,0.0,false
VARDIM,200,0,2P_SAR0_PH1_ATR0_RRU1_SQP_IDENTITY,false,1,true,false,true,SMALL_STEP,13,8.725258,22.166370477873212,0.0,false
VARDIM,200,0,2P_SAR0_PH1_ATR0_RRU1_SQP_SPECTRAL,false,1,true,false,true,SMALL_STEP,13,5.448837,22.1663705059565,0.0,false
VARDIM,200,0,2P_SAR0_PH1_ATR0_RRU1_SQP_RECIPROCAL,false,1,true,false,true,SMALL_STEP,13,5.182888,22.166370478986696,0.0,false
VARDIM,200,0,2P_SAR0_PH1_ATR0_RRU1_SQP_EXPONENTIAL,false,1,true,false,true,SMALL_STEP,11,4.694,22.152766421130817,0.0,false
VARDIM,200,0,2P_SAR0_PH1_ATR0_RRU1_SQP_QUASI_NEWTON,false,1,true,false,true,SMALL_STEP,11,4.973918,22.32455932694951,0.0,false
VAREIGVL,5000,0,2P_SAR0_PH1_ATR0_RRU1_SQP_IDENTITY,false,1,true,false,true,KKT_OK,12,248.882178,0.10525328782868748,0.0,false
VAREIGVL,5000,0,2P_SAR0_PH1_ATR0_RRU1_SQP_SPECTRAL,false,1,true,false,true,KKT_OK,17,80.394766,0.019153469331843392,0.0,false
VAREIGVL,5000,0,2P_SAR0_PH1_ATR0_RRU1_SQP_RECIPROCAL,false,1,true,false,true,KKT_OK,12,76.61762499999999,0.061784437361100966,0.0,false
VAREIGVL,5000,0,2P_SAR0_PH1_ATR0_RRU1_SQP_EXPONENTIAL,false,1,true,false,true,KKT_OK,32,220.599675,0.2319535877732451,0.0,false
VAREIGVL,5000,0,2P_SAR0_PH1_ATR0_RRU1_SQP_QUASI_NEWTON,false,1,true,false,true,KKT_OK,16,95.679585,0.021824294688511322,0.0,false
VESUVIALS,8,0,2P_SAR0_PH1_ATR0_RRU1_SQP_IDENTITY,false,1,true,false,true,SMALL_STEP,3,2.2234149999999997,3354.5518615702276,0.0,false
VESUVIALS,8,0,2P_SAR0_PH1_ATR0_RRU1_SQP_SPECTRAL,false,1,true,false,true,SMALL_STEP,3,1.8539819999999998,3354.5518615701694,0.0,false
VESUVIALS,8,0,2P_SAR0_PH1_ATR0_RRU1_SQP_RECIPROCAL,false,1,true,false,true,SMALL_STEP,3,1.8979139999999999,3354.5518617026332,0.0,false
VESUVIALS,8,0,2P_SAR0_PH1_ATR0_RRU1_SQP_EXPONENTIAL,false,1,true,false,true,SMALL_STEP,3,1.951336,3354.5518617026332,0.0,false
VESUVIALS,8,0,2P_SAR0_PH1_ATR0_RRU1_SQP_QUASI_NEWTON,false,1,true,false,true,SMALL_STEP,3,1.87463,3354.551861570676,0.0,false
VESUVIOLS,8,0,2P_SAR0_PH1_ATR0_RRU1_SQP_IDENTITY,false,1,true,false,true,SMALL_STEP,3,2.157191,1667.9504079515425,0.0,false
VESUVIOLS,8,0,2P_SAR0_PH1_ATR0_RRU1_SQP_SPECTRAL,false,1,true,false,true,SMALL_STEP,3,1.7798079999999998,1667.9504081990701,0.0,false
VESUVIOLS,8,0,2P_SAR0_PH1_ATR0_RRU1_SQP_RECIPROCAL,false,1,true,false,true,SMALL_STEP,3,1.770651,1667.950412664293,0.0,false
VESUVIOLS,8,0,2P_SAR0_PH1_ATR0_RRU1_SQP_EXPONENTIAL,false,1,true,false,true,SMALL_STEP,3,1.83544,1667.9504164109212,0.0,false
VESUVIOLS,8,0,2P_SAR0_PH1_ATR0_RRU1_SQP_QUASI_NEWTON,false,1,true,false,true,SMALL_STEP,3,1.7344540000000002,1667.95042637698,0.0,false
VESUVIOULS,8,0,2P_SAR0_PH1_ATR0_RRU1_SQP_IDENTITY,false,1,true,false,true,SMALL_STEP,3,2.132839,0.8057800581301704,0.0,false
VESUVIOULS,8,0,2P_SAR0_PH1_ATR0_RRU1_SQP_SPECTRAL,false,1,true,false,true,SMALL_STEP,3,1.7186180000000002,0.8057800778339974,0.0,false
VESUVIOULS,8,0,2P_SAR0_PH1_ATR0_RRU1_SQP_RECIPROCAL,false,1,true,false,true,SMALL_STEP,3,1.72916,0.8057803301520562,0.0,false
VESUVIOULS,8,0,2P_SAR0_PH1_ATR0_RRU1_SQP_EXPONENTIAL,false,1,true,false,true,SMALL_STEP,3,1.827609,0.8057803645718042,0.0,false
VESUVIOULS,8,0,2P_SAR0_PH1_ATR0_RRU1_SQP_QUASI_NEWTON,false,1,true,false,true,SMALL_STEP,3,1.730812,0.8053173339718263,0.0,false
VIBRBEAM,8,0,2P_SAR0_PH1_ATR0_RRU1_SQP_IDENTITY,false,1,true,false,true,SMALL_STEP,7,4.271806000000001,1246.3276836166021,0.0,false
VIBRBEAM,8,0,2P_SAR0_PH1_ATR0_RRU1_SQP_SPECTRAL,false,1,true,false,true,SMALL_STEP,7,1.932421,1246.3296134036927,0.0,false
VIBRBEAM,8,0,2P_SAR0_PH1_ATR0_RRU1_SQP_RECIPROCAL,false,1,true,false,true,SMALL_STEP,7,1.37441,1246.327665517939,0.0,false
VIBRBEAM,8,0,2P_SAR0_PH1_ATR0_RRU1_SQP_EXPONENTIAL,false,1,true,false,true,SMALL_STEP,7,1.362797,1246.3729796414639,0.0,false
VIBRBEAM,8,0,2P_SAR0_PH1_ATR0_RRU1_SQP_QUASI_NEWTON,false,1,true,false,true,SMALL_STEP,7,1.3224280000000002,1245.785388351548,0.0,false
WALL10,1461,0,2P_SAR0_PH1_ATR0_RRU1_SQP_IDENTITY,false,1,true,false,true,SMALL_STEP,1503,3003.595527,188.90517331266923,0.0,false
WALL10,1461,0,2P_SAR0_PH1_ATR0_RRU1_SQP_SPECTRAL,false,1,true,false,true,SMALL_STEP,1402,2666.757691,154.0364571329365,0.0,false
WALL10,1461,0,2P_SAR0_PH1_ATR0_RRU1_SQP_RECIPROCAL,false,1,true,false,true,SMALL_STEP,1377,2857.525379,175.01993087460917,0.0,false
WALL10,1461,0,2P_SAR0_PH1_ATR0_RRU1_SQP_EXPONENTIAL,false,1,true,false,true,SMALL_STEP,1369,2977.6379359999996,166.43292118688964,0.0,false
WALL10,1461,0,2P_SAR0_PH1_ATR0_RRU1_SQP_QUASI_NEWTON,false,1,true,false,true,SMALL_STEP,658,1498.134483,4.308947878535862,0.0,false
WALL100,149624,0,2P_SAR0_PH1_ATR0_RRU1_SQP_IDENTITY,false,1,true,false,true,SMALL_STEP,929,829072.6859269999,47631.419697057965,0.0,false
WALL100,149624,0,2P_SAR0_PH1_ATR0_RRU1_SQP_SPECTRAL,false,1,true,false,true,SMALL_STEP,1179,986785.467334,38465.632815476805,0.0,false
WALL100,149624,0,2P_SAR0_PH1_ATR0_RRU1_SQP_RECIPROCAL,false,1,true,false,true,SMALL_STEP,1065,972641.686799,23261.3570868282,0.0,false
WALL100,149624,0,2P_SAR0_PH1_ATR0_RRU1_SQP_EXPONENTIAL,false,1,true,false,true,SMALL_STEP,1105,1.0440783682179999e6,17169.5969221029,0.0,false
WALL100,149624,0,2P_SAR0_PH1_ATR0_RRU1_SQP_QUASI_NEWTON,false,1,true,false,true,SMALL_STEP,767,707035.982611,-2089.390470884159,0.0,false
WALL20,5924,0,2P_SAR0_PH1_ATR0_RRU1_SQP_IDENTITY,false,1,true,false,true,SMALL_STEP,1274,11565.219467,1317.599641908056,0.0,false
WALL20,5924,0,2P_SAR0_PH1_ATR0_RRU1_SQP_SPECTRAL,false,1,true,false,true,SMALL_STEP,1334,10919.310963999998,1249.0339917538383,0.0,false
WALL20,5924,0,2P_SAR0_PH1_ATR0_RRU1_SQP_RECIPROCAL,false,1,true,false,true,SMALL_STEP,1010,9515.053537,1092.7624418005867,0.0,false
WALL20,5924,0,2P_SAR0_PH1_ATR0_RRU1_SQP_EXPONENTIAL,false,1,true,false,true,SMALL_STEP,1018,9949.835454,1222.3132306425323,0.0,false
WALL20,5924,0,2P_SAR0_PH1_ATR0_RRU1_SQP_QUASI_NEWTON,false,1,true,false,true,SMALL_STEP,613,5713.38015,8.583981697768975,0.0,false
WALL50,37311,0,2P_SAR0_PH1_ATR0_RRU1_SQP_IDENTITY,false,1,true,false,true,SMALL_STEP,1223,181371.765324,6165.4159256074645,0.0,false
WALL50,37311,0,2P_SAR0_PH1_ATR0_RRU1_SQP_SPECTRAL,false,1,true,false,true,SMALL_STEP,1149,124622.685222,7586.304274104173,0.0,false
WALL50,37311,0,2P_SAR0_PH1_ATR0_RRU1_SQP_RECIPROCAL,false,1,true,false,true,SMALL_STEP,749,123454.79586,5808.943701837455,0.0,false
WALL50,37311,0,2P_SAR0_PH1_ATR0_RRU1_SQP_EXPONENTIAL,false,1,true,false,true,SMALL_STEP,1089,180999.98259899998,4582.197003200752,0.0,false
WALL50,37311,0,2P_SAR0_PH1_ATR0_RRU1_SQP_QUASI_NEWTON,false,1,true,false,true,SMALL_STEP,359,60074.849460000005,12.695110587081672,0.0,false
WATSON,12,0,2P_SAR0_PH1_ATR0_RRU1_SQP_IDENTITY,false,1,true,false,true,SMALL_STEP,944,63.465810999999995,0.037692490805891224,0.0,false
WATSON,12,0,2P_SAR0_PH1_ATR0_RRU1_SQP_SPECTRAL,false,1,true,false,true,SMALL_STEP,61,6.481241000000001,0.009653629456620126,0.0,false
WATSON,12,0,2P_SAR0_PH1_ATR0_RRU1_SQP_RECIPROCAL,false,1,true,false,true,SMALL_STEP,743,46.993508000000006,0.01900112528905728,0.0,false
WATSON,12,0,2P_SAR0_PH1_ATR0_RRU1_SQP_EXPONENTIAL,false,1,true,false,true,SMALL_STEP,701,45.395937999999994,0.02199855228862175,0.0,false
WATSON,12,0,2P_SAR0_PH1_ATR0_RRU1_SQP_QUASI_NEWTON,false,1,true,false,true,SMALL_STEP,275,17.990122,0.0012738111656500632,0.0,false
WAYSEA1,2,0,2P_SAR0_PH1_ATR0_RRU1_SQP_IDENTITY,false,1,true,false,true,SMALL_STEP,411,32.237775000000006,0.0030534392686380335,0.0,false
WAYSEA1,2,0,2P_SAR0_PH1_ATR0_RRU1_SQP_SPECTRAL,false,1,true,false,true,SMALL_STEP,43,2.599083,2.3145084800929215e-6,0.0,false
WAYSEA1,2,0,2P_SAR0_PH1_ATR0_RRU1_SQP_RECIPROCAL,false,1,true,false,true,SMALL_STEP,411,17.558169,0.0030575479856932157,0.0,false
WAYSEA1,2,0,2P_SAR0_PH1_ATR0_RRU1_SQP_EXPONENTIAL,false,1,true,false,true,SMALL_STEP,473,24.005353,0.0007611859407894344,0.0,false
WAYSEA1,2,0,2P_SAR0_PH1_ATR0_RRU1_SQP_QUASI_NEWTON,false,1,true,false,true,SMALL_STEP,82,3.9874050000000003,6.976280403199878e-5,0.0,false
WAYSEA1B,2,0,2P_SAR0_PH1_ATR0_RRU1_SQP_IDENTITY,false,1,true,false,true,SMALL_STEP,411,22.052021,0.0030534581917986674,0.0,false
WAYSEA1B,2,0,2P_SAR0_PH1_ATR0_RRU1_SQP_SPECTRAL,false,1,true,false,true,SMALL_STEP,43,2.490724,2.3144839996340314e-6,0.0,false
WAYSEA1B,2,0,2P_SAR0_PH1_ATR0_RRU1_SQP_RECIPROCAL,false,1,true,false,true,SMALL_STEP,411,21.480688,0.003057699282622842,0.0,false
WAYSEA1B,2,0,2P_SAR0_PH1_ATR0_RRU1_SQP_EXPONENTIAL,false,1,true,false,true,SMALL_STEP,473,24.005735,0.0007611787383473245,0.0,false
WAYSEA1B,2,0,2P_SAR0_PH1_ATR0_RRU1_SQP_QUASI_NEWTON,false,1,true,false,true,SMALL_STEP,108,5.0542929999999995,8.608865194356374e-6,0.0,false
WAYSEA2,2,0,2P_SAR0_PH1_ATR0_RRU1_SQP_IDENTITY,false,1,true,false,true,SMALL_STEP,365,23.855052,0.0001261333565970781,0.0,false
WAYSEA2,2,0,2P_SAR0_PH1_ATR0_RRU1_SQP_SPECTRAL,false,1,true,false,true,SMALL_STEP,178,7.887534,6.584469033428195e-6,0.0,false
WAYSEA2,2,0,2P_SAR0_PH1_ATR0_RRU1_SQP_RECIPROCAL,false,1,true,false,true,SMALL_STEP,274,11.951405999999999,0.00014654159566795407,0.0,false
WAYSEA2,2,0,2P_SAR0_PH1_ATR0_RRU1_SQP_EXPONENTIAL,false,1,true,false,true,SMALL_STEP,234,13.662803,0.00015133412791548353,0.0,false
WAYSEA2,2,0,2P_SAR0_PH1_ATR0_RRU1_SQP_QUASI_NEWTON,false,1,true,false,true,KKT_OK,265,11.026767999999999,3.3133072082063334e-6,0.0,false
WAYSEA2B,2,0,2P_SAR0_PH1_ATR0_RRU1_SQP_IDENTITY,false,1,true,false,true,SMALL_STEP,365,20.380665999999998,0.0001261333565970781,0.0,false
WAYSEA2B,2,0,2P_SAR0_PH1_ATR0_RRU1_SQP_SPECTRAL,false,1,true,false,true,SMALL_STEP,178,11.104648,6.584469033428195e-6,0.0,false
WAYSEA2B,2,0,2P_SAR0_PH1_ATR0_RRU1_SQP_RECIPROCAL,false,1,true,false,true,SMALL_STEP,274,11.993758,0.00014654159566795407,0.0,false
WAYSEA2B,2,0,2P_SAR0_PH1_ATR0_RRU1_SQP_EXPONENTIAL,false,1,true,false,true,SMALL_STEP,234,10.350430000000001,0.00015133412791548353,0.0,false
WAYSEA2B,2,0,2P_SAR0_PH1_ATR0_RRU1_SQP_QUASI_NEWTON,false,1,true,false,true,KKT_OK,265,14.268018,3.3133072082063334e-6,0.0,false
WEEDS,3,0,2P_SAR0_PH1_ATR0_RRU1_SQP_IDENTITY,false,1,true,false,true,MAX_IT,5000,257.49219,1581.1365704222158,0.0,false
WEEDS,3,0,2P_SAR0_PH1_ATR0_RRU1_SQP_SPECTRAL,false,1,true,false,true,MAX_IT,5000,454.936385,1887.4207418901565,0.0,false
WEEDS,3,0,2P_SAR0_PH1_ATR0_RRU1_SQP_RECIPROCAL,false,1,true,false,true,MAX_IT,5000,251.405525,1691.6711054930947,0.0,false
WEEDS,3,0,2P_SAR0_PH1_ATR0_RRU1_SQP_EXPONENTIAL,false,1,true,false,true,MAX_IT,5000,246.66984,1652.409387337755,0.0,false
WEEDS,3,0,2P_SAR0_PH1_ATR0_RRU1_SQP_QUASI_NEWTON,false,1,true,false,true,SMALL_STEP,97,5.157507000000001,156.5826479067813,0.0,false
WOODS,4000,0,2P_SAR0_PH1_ATR0_RRU1_SQP_IDENTITY,false,1,true,false,true,KKT_OK,55,172.87962100000001,7877.110755026852,0.0,false
WOODS,4000,0,2P_SAR0_PH1_ATR0_RRU1_SQP_SPECTRAL,false,1,true,false,true,KKT_OK,30,88.826791,7876.895024097746,0.0,false
WOODS,4000,0,2P_SAR0_PH1_ATR0_RRU1_SQP_RECIPROCAL,false,1,true,false,true,KKT_OK,79,237.781868,0.589101087182766,0.0,false
WOODS,4000,0,2P_SAR0_PH1_ATR0_RRU1_SQP_EXPONENTIAL,false,1,true,false,true,KKT_OK,56,189.984058,7877.241588727418,0.0,false
WOODS,4000,0,2P_SAR0_PH1_ATR0_RRU1_SQP_QUASI_NEWTON,false,1,true,false,true,KKT_OK,64,381.147719,7876.9730838897585,0.0,false
YATP1CLS,123200,0,2P_SAR0_PH1_ATR0_RRU1_SQP_IDENTITY,false,1,true,false,true,SMALL_STEP,4299,2.500023832263e6,74768.45717347342,0.0,false
YATP1CLS,123200,0,2P_SAR0_PH1_ATR0_RRU1_SQP_SPECTRAL,false,1,true,false,true,SMALL_STEP,631,348144.67936199997,146.30071637964897,0.0,false
YATP1CLS,123200,0,2P_SAR0_PH1_ATR0_RRU1_SQP_RECIPROCAL,false,1,true,false,true,SMALL_STEP,4111,2.2805150847340003e6,74673.3864338018,0.0,false
YATP1CLS,123200,0,2P_SAR0_PH1_ATR0_RRU1_SQP_EXPONENTIAL,false,1,true,false,true,SMALL_STEP,2981,1.773089683495e6,93139.11780546824,0.0,false
YATP1CLS,123200,0,2P_SAR0_PH1_ATR0_RRU1_SQP_QUASI_NEWTON,false,1,true,false,true,SMALL_STEP,727,413210.135222,7652.887633453889,0.0,false
YATP1LS,123200,0,2P_SAR0_PH1_ATR0_RRU1_SQP_IDENTITY,false,1,true,false,true,SMALL_STEP,4299,2.581258464586e6,74768.45717347342,0.0,false
YATP1LS,123200,0,2P_SAR0_PH1_ATR0_RRU1_SQP_SPECTRAL,false,1,true,false,true,SMALL_STEP,631,361892.464915,146.30071637964897,0.0,false
YATP1LS,123200,0,2P_SAR0_PH1_ATR0_RRU1_SQP_RECIPROCAL,false,1,true,false,true,SMALL_STEP,4111,2.3130878188400003e6,74673.3864338018,0.0,false
YATP1LS,123200,0,2P_SAR0_PH1_ATR0_RRU1_SQP_EXPONENTIAL,false,1,true,false,true,SMALL_STEP,2981,1.76413201049e6,93139.11780546824,0.0,false
YATP1LS,123200,0,2P_SAR0_PH1_ATR0_RRU1_SQP_QUASI_NEWTON,false,1,true,false,true,SMALL_STEP,727,412615.53284299996,7652.887633453889,0.0,false
YATP2CLS,123200,0,2P_SAR0_PH1_ATR0_RRU1_SQP_IDENTITY,false,1,true,false,true,SMALL_STEP,336,196945.674866,135.49014092285833,0.0,false
YATP2CLS,123200,0,2P_SAR0_PH1_ATR0_RRU1_SQP_SPECTRAL,false,1,true,false,true,KKT_OK,18,8270.256081,2.0271681151424926e-14,0.0,false
YATP2CLS,123200,0,2P_SAR0_PH1_ATR0_RRU1_SQP_RECIPROCAL,false,1,true,false,true,SMALL_STEP,156,89432.946075,87.55569717749061,0.0,false
YATP2CLS,123200,0,2P_SAR0_PH1_ATR0_RRU1_SQP_EXPONENTIAL,false,1,true,false,true,SMALL_STEP,102,59417.446519000005,93.32596275288005,0.0,false
YATP2CLS,123200,0,2P_SAR0_PH1_ATR0_RRU1_SQP_QUASI_NEWTON,false,1,true,false,true,KKT_OK,18,8832.460718,4.086651309111291e-12,0.0,false
YATP2LS,8,0,2P_SAR0_PH1_ATR0_RRU1_SQP_IDENTITY,false,1,true,false,true,KKT_OK,25,4.734875000000001,3.0147455476164786e-7,0.0,false
YATP2LS,8,0,2P_SAR0_PH1_ATR0_RRU1_SQP_SPECTRAL,false,1,true,false,true,KKT_OK,19,2.22719,1.1464296357369719e-9,0.0,false
YATP2LS,8,0,2P_SAR0_PH1_ATR0_RRU1_SQP_RECIPROCAL,false,1,true,false,true,KKT_OK,28,2.4393890000000003,5.372086498984991e-7,0.0,false
YATP2LS,8,0,2P_SAR0_PH1_ATR0_RRU1_SQP_EXPONENTIAL,false,1,true,false,true,MAX_IT,5000,260.808968,112.9015686463089,0.0,false
YATP2LS,8,0,2P_SAR0_PH1_ATR0_RRU1_SQP_QUASI_NEWTON,false,1,true,false,true,KKT_OK,1498,83.578942,112.08473239015431,0.0,false
YFIT,3,0,2P_SAR0_PH1_ATR0_RRU1_SQP_IDENTITY,false,1,true,false,true,MAX_IT,5000,259.074436,123.6038621109966,0.0,false
YFIT,3,0,2P_SAR0_PH1_ATR0_RRU1_SQP_SPECTRAL,false,1,true,false,true,MAX_IT,5000,240.433717,98.79334733167323,0.0,false
YFIT,3,0,2P_SAR0_PH1_ATR0_RRU1_SQP_RECIPROCAL,false,1,true,false,true,MAX_IT,5000,264.927586,123.60364619317741,0.0,false
YFIT,3,0,2P_SAR0_PH1_ATR0_RRU1_SQP_EXPONENTIAL,false,1,true,false,true,MAX_IT,5000,257.345405,125.94264803755954,0.0,false
YFIT,3,0,2P_SAR0_PH1_ATR0_RRU1_SQP_QUASI_NEWTON,false,1,true,false,true,SMALL_STEP,969,52.247167,13.670402747237404,0.0,false
YFITU,3,0,2P_SAR0_PH1_ATR0_RRU1_SQP_IDENTITY,false,1,true,false,true,MAX_IT,5000,265.99597400000005,123.6038621109966,0.0,false
YFITU,3,0,2P_SAR0_PH1_ATR0_RRU1_SQP_SPECTRAL,false,1,true,false,true,MAX_IT,5000,251.77477100000002,98.79334733167323,0.0,false
YFITU,3,0,2P_SAR0_PH1_ATR0_RRU1_SQP_RECIPROCAL,false,1,true,false,true,MAX_IT,5000,268.621742,123.60364619317741,0.0,false
YFITU,3,0,2P_SAR0_PH1_ATR0_RRU1_SQP_EXPONENTIAL,false,1,true,false,true,MAX_IT,5000,267.516863,125.94264803755954,0.0,false
YFITU,3,0,2P_SAR0_PH1_ATR0_RRU1_SQP_QUASI_NEWTON,false,1,true,false,true,SMALL_STEP,969,53.681125,13.670402747237404,0.0,false
ZANGWIL2,2,0,2P_SAR0_PH1_ATR0_RRU1_SQP_IDENTITY,false,1,true,false,true,KKT_OK,7,3.9817639999999996,-18.200000000091,0.0,false
ZANGWIL2,2,0,2P_SAR0_PH1_ATR0_RRU1_SQP_SPECTRAL,false,1,true,false,true,KKT_OK,7,2.154871,-18.200000000091,0.0,false
ZANGWIL2,2,0,2P_SAR0_PH1_ATR0_RRU1_SQP_RECIPROCAL,false,1,true,false,true,KKT_OK,7,1.1212419999999998,-18.20000000009101,0.0,false
ZANGWIL2,2,0,2P_SAR0_PH1_ATR0_RRU1_SQP_EXPONENTIAL,false,1,true,false,true,KKT_OK,11,1.232923,-18.19999999181346,0.0,false
ZANGWIL2,2,0,2P_SAR0_PH1_ATR0_RRU1_SQP_QUASI_NEWTON,false,1,true,false,true,KKT_OK,7,6.067589,-18.200000000091,0.0,false
