Problem,nvar,ncon,Variant,SAR,PH,ATR,Status,Iterations,Time_ms,f_final,h_norm,Is_Base
10FOLDTRLS,1000,0,UNIF_SAR1_PH0_ATR0_SQP_IDENTITY,true,false,false,MAX_IT,5000,4936.585469,-466786.62375428394,0.0,false
10FOLDTRLS,1000,0,UNIF_SAR1_PH0_ATR0_SQP_SPECTRAL,true,false,false,MAX_IT,5000,5445.517857,-339998.9399968881,0.0,false
10FOLDTRLS,1000,0,UNIF_SAR1_PH0_ATR0_SQP_RECIPROCAL,true,false,false,SMALL_STEP,18,22.707049,-9.930663818671054,0.0,false
10FOLDTRLS,1000,0,UNIF_SAR1_PH0_ATR0_SQP_EXPONENTIAL,true,false,false,MAX_IT,5000,8696.37251,-297059.2828551217,0.0,false
10FOLDTRLS,1000,0,UNIF_SAR1_PH0_ATR0_SQP_QUASI_NEWTON,true,false,false,MAX_IT,5000,7091.175944,-2.28927146817851e6,0.0,false
3PK,30,0,UNIF_SAR1_PH0_ATR0_SQP_IDENTITY,true,false,false,MAX_IT,5000,241.18862099999998,8941.723954221212,0.0,false
3PK,30,0,UNIF_SAR1_PH0_ATR0_SQP_SPECTRAL,true,false,false,MAX_IT,5000,246.412511,7918.969754949312,0.0,false
3PK,30,0,UNIF_SAR1_PH0_ATR0_SQP_RECIPROCAL,true,false,false,MAX_IT,5000,267.675385,8806.493487180647,0.0,false
3PK,30,0,UNIF_SAR1_PH0_ATR0_SQP_EXPONENTIAL,true,false,false,MAX_IT,5000,292.444891,8778.331137938692,0.0,false
3PK,30,0,UNIF_SAR1_PH0_ATR0_SQP_QUASI_NEWTON,true,false,false,SMALL_STEP,386,19.317452999999997,4.048871852567612,0.0,false
AIRCRFTB,8,0,UNIF_SAR1_PH0_ATR0_SQP_IDENTITY,true,false,false,SMALL_STEP,33,0.935326,0.27301541937447876,0.0,false
AIRCRFTB,8,0,UNIF_SAR1_PH0_ATR0_SQP_SPECTRAL,true,false,false,SMALL_STEP,20,0.5598209999999999,0.2692847819324214,0.0,false
AIRCRFTB,8,0,UNIF_SAR1_PH0_ATR0_SQP_RECIPROCAL,true,false,false,SMALL_STEP,33,0.9093709999999999,0.27301542326543343,0.0,false
AIRCRFTB,8,0,UNIF_SAR1_PH0_ATR0_SQP_EXPONENTIAL,true,false,false,SMALL_STEP,306,8.481636,0.24853243614662304,0.0,false
AIRCRFTB,8,0,UNIF_SAR1_PH0_ATR0_SQP_QUASI_NEWTON,true,false,false,SMALL_STEP,421,11.27313,0.05388807047486406,0.0,false
AKIVA,2,0,UNIF_SAR1_PH0_ATR0_SQP_IDENTITY,true,false,false,SMALL_STEP,17,0.457588,6.1732979634530345,0.0,false
AKIVA,2,0,UNIF_SAR1_PH0_ATR0_SQP_SPECTRAL,true,false,false,SMALL_STEP,21,0.548577,6.17356408368129,0.0,false
AKIVA,2,0,UNIF_SAR1_PH0_ATR0_SQP_RECIPROCAL,true,false,false,SMALL_STEP,17,0.454594,6.1732979832162105,0.0,false
AKIVA,2,0,UNIF_SAR1_PH0_ATR0_SQP_EXPONENTIAL,true,false,false,SMALL_STEP,19,0.541022,6.1714465273583965,0.0,false
AKIVA,2,0,UNIF_SAR1_PH0_ATR0_SQP_QUASI_NEWTON,true,false,false,SMALL_STEP,13,0.34618000000000004,6.166042219131555,0.0,false
ALJAZZAF,1000,1,UNIF_SAR1_PH0_ATR0_SQP_IDENTITY,true,false,false,STALLED_INFEASIBLE,3053,3222.459559,37431.37723880656,0.16966035134993165,false
ALJAZZAF,1000,1,UNIF_SAR1_PH0_ATR0_SQP_SPECTRAL,true,false,false,STALLED_INFEASIBLE,23,54.8586,37413.76127872105,0.5360562550244871,false
ALJAZZAF,1000,1,UNIF_SAR1_PH0_ATR0_SQP_RECIPROCAL,true,false,false,STALLED_INFEASIBLE,213,482.702392,37415.47551239891,4.066456651180354,false
ALJAZZAF,1000,1,UNIF_SAR1_PH0_ATR0_SQP_EXPONENTIAL,true,false,false,STALLED_INFEASIBLE,980,1330.288297,37463.3111476262,0.4362586995598609,false
ALJAZZAF,1000,1,UNIF_SAR1_PH0_ATR0_SQP_QUASI_NEWTON,true,false,false,STALLED_INFEASIBLE,714,1699.208695,37506.6054785653,12.818085420907508,false
ALLINIT,4,0,UNIF_SAR1_PH0_ATR0_SQP_IDENTITY,true,false,false,SMALL_STEP,48,1.2712610000000002,16.705968909419592,0.0,false
ALLINIT,4,0,UNIF_SAR1_PH0_ATR0_SQP_SPECTRAL,true,false,false,SMALL_STEP,46,1.2190370000000001,16.70596844991869,0.0,false
ALLINIT,4,0,UNIF_SAR1_PH0_ATR0_SQP_RECIPROCAL,true,false,false,MAX_IT,5000,187.700019,43.633686938490726,0.0,false
ALLINIT,4,0,UNIF_SAR1_PH0_ATR0_SQP_EXPONENTIAL,true,false,false,SMALL_STEP,29,0.80841,16.705968456297498,0.0,false
ALLINIT,4,0,UNIF_SAR1_PH0_ATR0_SQP_QUASI_NEWTON,true,false,false,SMALL_STEP,35,0.930918,16.705968488372292,0.0,false
ALLINITC,4,1,UNIF_SAR1_PH0_ATR0_SQP_IDENTITY,true,false,false,SMALL_STEP,31,5.92701,30.496357181648268,5.226319377271693e-11,false
ALLINITC,4,1,UNIF_SAR1_PH0_ATR0_SQP_SPECTRAL,true,false,false,SMALL_STEP,20,2.6880430000000004,30.49654632227399,3.6415315207705135e-14,false
ALLINITC,4,1,UNIF_SAR1_PH0_ATR0_SQP_RECIPROCAL,true,false,false,SMALL_STEP,94,9.502293,30.495507273480506,1.400836335818667e-9,false
ALLINITC,4,1,UNIF_SAR1_PH0_ATR0_SQP_EXPONENTIAL,true,false,false,MAX_IT,5000,551.5695830000001,30.496458769390053,1.2202461263655096e-11,false
ALLINITC,4,1,UNIF_SAR1_PH0_ATR0_SQP_QUASI_NEWTON,true,false,false,SMALL_STEP,16,3.3226699999999996,30.49638131195081,3.72541997251119e-11,false
ALLINITU,4,0,UNIF_SAR1_PH0_ATR0_SQP_IDENTITY,true,false,false,KKT_OK,52,1.399134,5.744384939718843,0.0,false
ALLINITU,4,0,UNIF_SAR1_PH0_ATR0_SQP_SPECTRAL,true,false,false,KKT_OK,24,0.643045,5.744384910320516,0.0,false
ALLINITU,4,0,UNIF_SAR1_PH0_ATR0_SQP_RECIPROCAL,true,false,false,KKT_OK,61,1.632726,5.744384949984871,0.0,false
ALLINITU,4,0,UNIF_SAR1_PH0_ATR0_SQP_EXPONENTIAL,true,false,false,KKT_OK,54,1.5135299999999998,5.744384917972688,0.0,false
ALLINITU,4,0,UNIF_SAR1_PH0_ATR0_SQP_QUASI_NEWTON,true,false,false,KKT_OK,35,0.9602280000000001,5.744384946102918,0.0,false
ALSOTAME,2,1,UNIF_SAR1_PH0_ATR0_SQP_IDENTITY,true,false,false,KKT_OK,7,1.572909,0.08208499862350602,4.788613949813225e-12,false
ALSOTAME,2,1,UNIF_SAR1_PH0_ATR0_SQP_SPECTRAL,true,false,false,KKT_OK,15,1.8084310000000001,0.08208499862351731,4.650724250154781e-12,false
ALSOTAME,2,1,UNIF_SAR1_PH0_ATR0_SQP_RECIPROCAL,true,false,false,SMALL_STEP,39,2.570261,0.13537716991709178,9.992007221626409e-16,false
ALSOTAME,2,1,UNIF_SAR1_PH0_ATR0_SQP_EXPONENTIAL,true,false,false,KKT_OK,8,1.5907090000000002,0.08208499862353609,4.4222403516869235e-12,false
ALSOTAME,2,1,UNIF_SAR1_PH0_ATR0_SQP_QUASI_NEWTON,true,false,false,KKT_OK,8,1.53275,0.0820849986228134,1.3224976669334865e-11,false
ARGLINA,200,0,UNIF_SAR1_PH0_ATR0_SQP_IDENTITY,true,false,false,KKT_OK,26,11.559064000000001,200.00001192460718,0.0,false
ARGLINA,200,0,UNIF_SAR1_PH0_ATR0_SQP_SPECTRAL,true,false,false,KKT_OK,8,1.661856,199.99999999999756,0.0,false
ARGLINA,200,0,UNIF_SAR1_PH0_ATR0_SQP_RECIPROCAL,true,false,false,KKT_OK,25,7.014189,200.00001192159772,0.0,false
ARGLINA,200,0,UNIF_SAR1_PH0_ATR0_SQP_EXPONENTIAL,true,false,false,KKT_OK,18,6.676128,200.00000000028,0.0,false
ARGLINA,200,0,UNIF_SAR1_PH0_ATR0_SQP_QUASI_NEWTON,true,false,false,KKT_OK,8,2.2982240000000003,199.9999999999967,0.0,false
ARGLINB,200,0,UNIF_SAR1_PH0_ATR0_SQP_IDENTITY,true,false,false,SMALL_STEP,15,3.846626,399.5390476702631,0.0,false
ARGLINB,200,0,UNIF_SAR1_PH0_ATR0_SQP_SPECTRAL,true,false,false,SMALL_STEP,15,3.839869,399.53904769095107,0.0,false
ARGLINB,200,0,UNIF_SAR1_PH0_ATR0_SQP_RECIPROCAL,true,false,false,SMALL_STEP,15,5.326906,399.5390142776811,0.0,false
ARGLINB,200,0,UNIF_SAR1_PH0_ATR0_SQP_EXPONENTIAL,true,false,false,SMALL_STEP,15,10.465154,399.5390142776811,0.0,false
ARGLINB,200,0,UNIF_SAR1_PH0_ATR0_SQP_QUASI_NEWTON,true,false,false,SMALL_STEP,15,4.205152999999999,399.5390142776811,0.0,false
ARGLINC,200,0,UNIF_SAR1_PH0_ATR0_SQP_IDENTITY,true,false,false,SMALL_STEP,15,3.119484,399.7316645011239,0.0,false
ARGLINC,200,0,UNIF_SAR1_PH0_ATR0_SQP_SPECTRAL,true,false,false,SMALL_STEP,15,3.8237789999999996,399.73166466093284,0.0,false
ARGLINC,200,0,UNIF_SAR1_PH0_ATR0_SQP_RECIPROCAL,true,false,false,SMALL_STEP,15,5.331462999999999,399.74005407714765,0.0,false
ARGLINC,200,0,UNIF_SAR1_PH0_ATR0_SQP_EXPONENTIAL,true,false,false,SMALL_STEP,15,6.609518,399.74005407714765,0.0,false
ARGLINC,200,0,UNIF_SAR1_PH0_ATR0_SQP_QUASI_NEWTON,true,false,false,SMALL_STEP,15,5.113248,399.74005407714765,0.0,false
ARGTRIGLS,200,0,UNIF_SAR1_PH0_ATR0_SQP_IDENTITY,true,false,false,SMALL_STEP,11,2.381092,0.03195221308203463,0.0,false
ARGTRIGLS,200,0,UNIF_SAR1_PH0_ATR0_SQP_SPECTRAL,true,false,false,SMALL_STEP,13,2.8377060000000003,0.05495893096606266,0.0,false
ARGTRIGLS,200,0,UNIF_SAR1_PH0_ATR0_SQP_RECIPROCAL,true,false,false,SMALL_STEP,11,3.431104,0.03195102548142565,0.0,false
ARGTRIGLS,200,0,UNIF_SAR1_PH0_ATR0_SQP_EXPONENTIAL,true,false,false,SMALL_STEP,11,4.440428,0.03195104771345236,0.0,false
ARGTRIGLS,200,0,UNIF_SAR1_PH0_ATR0_SQP_QUASI_NEWTON,true,false,false,KKT_OK,13,4.283772,3.094189511804763e-17,0.0,false
ARWHEAD,5000,0,UNIF_SAR1_PH0_ATR0_SQP_IDENTITY,true,false,false,SMALL_STEP,29,76.68248299999999,2.27063221274193e-5,0.0,false
ARWHEAD,5000,0,UNIF_SAR1_PH0_ATR0_SQP_SPECTRAL,true,false,false,SMALL_STEP,591,1805.9877900000001,60.08374463465095,0.0,false
ARWHEAD,5000,0,UNIF_SAR1_PH0_ATR0_SQP_RECIPROCAL,true,false,false,SMALL_STEP,51,125.41381600000001,0.0002950667281295116,0.0,false
ARWHEAD,5000,0,UNIF_SAR1_PH0_ATR0_SQP_EXPONENTIAL,true,false,false,SMALL_STEP,26,71.816362,5.9901358286929e-6,0.0,false
ARWHEAD,5000,0,UNIF_SAR1_PH0_ATR0_SQP_QUASI_NEWTON,true,false,false,KKT_OK,11,28.084555,0.0,0.0,false
BA-L1LS,57,0,UNIF_SAR1_PH0_ATR0_SQP_IDENTITY,true,false,false,SMALL_STEP,32,2.1557619999999997,0.2014501788633328,0.0,false
BA-L1LS,57,0,UNIF_SAR1_PH0_ATR0_SQP_SPECTRAL,true,false,false,SMALL_STEP,32,2.147233,0.16143685790534248,0.0,false
BA-L1LS,57,0,UNIF_SAR1_PH0_ATR0_SQP_RECIPROCAL,true,false,false,SMALL_STEP,33,2.392084,0.0806685773834377,0.0,false
BA-L1LS,57,0,UNIF_SAR1_PH0_ATR0_SQP_EXPONENTIAL,true,false,false,SMALL_STEP,28,4.614438,0.13949102988100925,0.0,false
BA-L1LS,57,0,UNIF_SAR1_PH0_ATR0_SQP_QUASI_NEWTON,true,false,false,SMALL_STEP,27,1.7876299999999998,0.0021390725306423414,0.0,false
BA-L1SPLS,57,0,UNIF_SAR1_PH0_ATR0_SQP_IDENTITY,true,false,false,SMALL_STEP,30,2.082314,0.26886315921078013,0.0,false
BA-L1SPLS,57,0,UNIF_SAR1_PH0_ATR0_SQP_SPECTRAL,true,false,false,SMALL_STEP,30,2.098671,0.43253098601317286,0.0,false
BA-L1SPLS,57,0,UNIF_SAR1_PH0_ATR0_SQP_RECIPROCAL,true,false,false,SMALL_STEP,26,2.235541,0.33606171854953676,0.0,false
BA-L1SPLS,57,0,UNIF_SAR1_PH0_ATR0_SQP_EXPONENTIAL,true,false,false,SMALL_STEP,27,3.243517,0.5473155202847201,0.0,false
BA-L1SPLS,57,0,UNIF_SAR1_PH0_ATR0_SQP_QUASI_NEWTON,true,false,false,SMALL_STEP,26,2.576701,0.0006733378560665906,0.0,false
BA-L21LS,34134,0,UNIF_SAR1_PH0_ATR0_SQP_IDENTITY,true,false,false,SMALL_STEP,216,13011.960212,7.053533137624343e6,0.0,false
BA-L21LS,34134,0,UNIF_SAR1_PH0_ATR0_SQP_SPECTRAL,true,false,false,SMALL_STEP,198,12011.587394999999,7.474679479783854e6,0.0,false
BA-L21LS,34134,0,UNIF_SAR1_PH0_ATR0_SQP_RECIPROCAL,true,false,false,SMALL_STEP,211,16868.934495,7.254288635736968e6,0.0,false
BA-L21LS,34134,0,UNIF_SAR1_PH0_ATR0_SQP_EXPONENTIAL,true,false,false,SMALL_STEP,214,21646.514328999998,7.054038906465851e6,0.0,false
BA-L21LS,34134,0,UNIF_SAR1_PH0_ATR0_SQP_QUASI_NEWTON,true,false,false,SMALL_STEP,170,13522.515282,7.707007913240466e6,0.0,false
BA-L49LS,23769,0,UNIF_SAR1_PH0_ATR0_SQP_IDENTITY,true,false,false,SMALL_STEP,882,41382.898997,3.4370713826073986e6,0.0,false
BA-L49LS,23769,0,UNIF_SAR1_PH0_ATR0_SQP_SPECTRAL,true,false,false,SMALL_STEP,875,39741.744942,3.4734772961811377e6,0.0,false
BA-L49LS,23769,0,UNIF_SAR1_PH0_ATR0_SQP_RECIPROCAL,true,false,false,SMALL_STEP,889,57854.717635,3.3453707637288333e6,0.0,false
BA-L49LS,23769,0,UNIF_SAR1_PH0_ATR0_SQP_EXPONENTIAL,true,false,false,SMALL_STEP,1010,86222.59753,3.3600591672846708e6,0.0,false
BA-L49LS,23769,0,UNIF_SAR1_PH0_ATR0_SQP_QUASI_NEWTON,true,false,false,SMALL_STEP,1139,73113.49868,3.184914051762085e6,0.0,false
BA-L73LS,33753,0,UNIF_SAR1_PH0_ATR0_SQP_IDENTITY,true,false,false,SMALL_STEP,613,41934.968727,1.4720005532677006e7,0.0,false
BA-L73LS,33753,0,UNIF_SAR1_PH0_ATR0_SQP_SPECTRAL,true,false,false,SMALL_STEP,580,39901.093895000005,1.5191730373610226e7,0.0,false
BA-L73LS,33753,0,UNIF_SAR1_PH0_ATR0_SQP_RECIPROCAL,true,false,false,SMALL_STEP,478,44657.833170000005,1.6013283041975424e7,0.0,false
BA-L73LS,33753,0,UNIF_SAR1_PH0_ATR0_SQP_EXPONENTIAL,true,false,false,SMALL_STEP,522,62997.185952,1.586451674060958e7,0.0,false
BA-L73LS,33753,0,UNIF_SAR1_PH0_ATR0_SQP_QUASI_NEWTON,true,false,false,SMALL_STEP,668,64480.01324099999,1.4008127489967018e7,0.0,false
BARD,3,0,UNIF_SAR1_PH0_ATR0_SQP_IDENTITY,true,false,false,SMALL_STEP,2837,78.242041,0.008439550907542332,0.0,false
BARD,3,0,UNIF_SAR1_PH0_ATR0_SQP_SPECTRAL,true,false,false,SMALL_STEP,39,0.952094,0.009709150977257643,0.0,false
BARD,3,0,UNIF_SAR1_PH0_ATR0_SQP_RECIPROCAL,true,false,false,SMALL_STEP,2767,66.941201,0.008458094803176329,0.0,false
BARD,3,0,UNIF_SAR1_PH0_ATR0_SQP_EXPONENTIAL,true,false,false,SMALL_STEP,3419,100.363139,0.008499496412684271,0.0,false
BARD,3,0,UNIF_SAR1_PH0_ATR0_SQP_QUASI_NEWTON,true,false,false,KKT_OK,463,14.289857,0.008351009813056066,0.0,false
BDEXP,5000,0,UNIF_SAR1_PH0_ATR0_SQP_IDENTITY,true,false,false,KKT_OK,16,57.560551000000004,0.2100353104541408,0.0,false
BDEXP,5000,0,UNIF_SAR1_PH0_ATR0_SQP_SPECTRAL,true,false,false,KKT_OK,16,69.42641300000001,0.005156036496098222,0.0,false
BDEXP,5000,0,UNIF_SAR1_PH0_ATR0_SQP_RECIPROCAL,true,false,false,KKT_OK,8,18.248608,1.0266181622221772e-5,0.0,false
BDEXP,5000,0,UNIF_SAR1_PH0_ATR0_SQP_EXPONENTIAL,true,false,false,KKT_OK,11,27.046574,2.917546148320812e-6,0.0,false
BDEXP,5000,0,UNIF_SAR1_PH0_ATR0_SQP_QUASI_NEWTON,true,false,false,KKT_OK,16,46.325649000000006,0.005154895611595478,0.0,false
BDQRTIC,5000,0,UNIF_SAR1_PH0_ATR0_SQP_IDENTITY,true,false,false,SMALL_STEP,32,95.985015,20006.266265238253,0.0,false
BDQRTIC,5000,0,UNIF_SAR1_PH0_ATR0_SQP_SPECTRAL,true,false,false,SMALL_STEP,1305,3335.337375,20006.454671742686,0.0,false
BDQRTIC,5000,0,UNIF_SAR1_PH0_ATR0_SQP_RECIPROCAL,true,false,false,SMALL_STEP,32,84.501777,20006.265247057097,0.0,false
BDQRTIC,5000,0,UNIF_SAR1_PH0_ATR0_SQP_EXPONENTIAL,true,false,false,SMALL_STEP,34,111.705308,20014.557702673308,0.0,false
BDQRTIC,5000,0,UNIF_SAR1_PH0_ATR0_SQP_QUASI_NEWTON,true,false,false,SMALL_STEP,43,115.371252,20006.2573671199,0.0,false
BEALE,2,0,UNIF_SAR1_PH0_ATR0_SQP_IDENTITY,true,false,false,SMALL_STEP,336,7.780851,2.5791109851373533e-5,0.0,false
BEALE,2,0,UNIF_SAR1_PH0_ATR0_SQP_SPECTRAL,true,false,false,SMALL_STEP,81,1.9210029999999998,3.043368902045751e-7,0.0,false
BEALE,2,0,UNIF_SAR1_PH0_ATR0_SQP_RECIPROCAL,true,false,false,SMALL_STEP,332,8.099312,2.385313359243039e-5,0.0,false
BEALE,2,0,UNIF_SAR1_PH0_ATR0_SQP_EXPONENTIAL,true,false,false,SMALL_STEP,313,7.493665,1.068153848479057e-5,0.0,false
BEALE,2,0,UNIF_SAR1_PH0_ATR0_SQP_QUASI_NEWTON,true,false,false,SMALL_STEP,144,3.417583,1.0759061036869e-6,0.0,false
BENNETT5LS,3,0,UNIF_SAR1_PH0_ATR0_SQP_IDENTITY,true,false,false,SMALL_STEP,18,0.611708,0.6449844530017195,0.0,false
BENNETT5LS,3,0,UNIF_SAR1_PH0_ATR0_SQP_SPECTRAL,true,false,false,SMALL_STEP,18,0.581184,0.6438892452401306,0.0,false
BENNETT5LS,3,0,UNIF_SAR1_PH0_ATR0_SQP_RECIPROCAL,true,false,false,SMALL_STEP,18,0.694344,0.644984426007921,0.0,false
BENNETT5LS,3,0,UNIF_SAR1_PH0_ATR0_SQP_EXPONENTIAL,true,false,false,SMALL_STEP,19,0.886865,0.6429741227576831,0.0,false
BENNETT5LS,3,0,UNIF_SAR1_PH0_ATR0_SQP_QUASI_NEWTON,true,false,false,SMALL_STEP,22,0.864772,0.6409322919993042,0.0,false
BIGGS3,6,0,UNIF_SAR1_PH0_ATR0_SQP_IDENTITY,true,false,false,KKT_OK,595,17.577189,2.9043602188603368e-5,0.0,false
BIGGS3,6,0,UNIF_SAR1_PH0_ATR0_SQP_SPECTRAL,true,false,false,KKT_OK,333,9.981965,6.503373774388723e-5,0.0,false
BIGGS3,6,0,UNIF_SAR1_PH0_ATR0_SQP_RECIPROCAL,true,false,false,KKT_OK,645,20.121878,3.8266721181298364e-5,0.0,false
BIGGS3,6,0,UNIF_SAR1_PH0_ATR0_SQP_EXPONENTIAL,true,false,false,KKT_OK,569,19.040265,4.031289761273673e-5,0.0,false
BIGGS3,6,0,UNIF_SAR1_PH0_ATR0_SQP_QUASI_NEWTON,true,false,false,KKT_OK,105,3.539115,2.2153156848646402e-5,0.0,false
BIGGS5,6,0,UNIF_SAR1_PH0_ATR0_SQP_IDENTITY,true,false,false,MAX_IT,5000,160.39288,0.0018937584882935674,0.0,false
BIGGS5,6,0,UNIF_SAR1_PH0_ATR0_SQP_SPECTRAL,true,false,false,KKT_OK,457,15.132417,0.0001907316619108413,0.0,false
BIGGS5,6,0,UNIF_SAR1_PH0_ATR0_SQP_RECIPROCAL,true,false,false,MAX_IT,5000,176.183762,0.001663854049541189,0.0,false
BIGGS5,6,0,UNIF_SAR1_PH0_ATR0_SQP_EXPONENTIAL,true,false,false,MAX_IT,5000,204.270657,0.0015612986515861939,0.0,false
BIGGS5,6,0,UNIF_SAR1_PH0_ATR0_SQP_QUASI_NEWTON,true,false,false,KKT_OK,597,16.288113,0.00010294567350420072,0.0,false
BIGGS6,6,0,UNIF_SAR1_PH0_ATR0_SQP_IDENTITY,true,false,false,MAX_IT,5000,166.168352,0.04195823708292002,0.0,false
BIGGS6,6,0,UNIF_SAR1_PH0_ATR0_SQP_SPECTRAL,true,false,false,KKT_OK,2558,109.01865099999999,0.007313649868014394,0.0,false
BIGGS6,6,0,UNIF_SAR1_PH0_ATR0_SQP_RECIPROCAL,true,false,false,MAX_IT,5000,136.65028600000002,0.04110093808814905,0.0,false
BIGGS6,6,0,UNIF_SAR1_PH0_ATR0_SQP_EXPONENTIAL,true,false,false,MAX_IT,5000,176.50726799999998,0.039518309517185296,0.0,false
BIGGS6,6,0,UNIF_SAR1_PH0_ATR0_SQP_QUASI_NEWTON,true,false,false,KKT_OK,522,18.04625,0.007175780935184083,0.0,false
BIGGSB1,5000,0,UNIF_SAR1_PH0_ATR0_SQP_IDENTITY,true,false,false,SMALL_STEP,773,2307.303352,0.05971145168146235,0.0,false
BIGGSB1,5000,0,UNIF_SAR1_PH0_ATR0_SQP_SPECTRAL,true,false,false,KKT_OK,227,654.5347350000001,0.04564802396073914,0.0,false
BIGGSB1,5000,0,UNIF_SAR1_PH0_ATR0_SQP_RECIPROCAL,true,false,false,SMALL_STEP,1299,3791.8894060000002,0.053112491533978894,0.0,false
BIGGSB1,5000,0,UNIF_SAR1_PH0_ATR0_SQP_EXPONENTIAL,true,false,false,MAX_IT,5000,22737.193504,413.00812589777934,0.0,false
BIGGSB1,5000,0,UNIF_SAR1_PH0_ATR0_SQP_QUASI_NEWTON,true,false,false,MAX_IT,5000,31776.198697000003,0.8261477992048879,0.0,false
BLEACHNG,17,0,UNIF_SAR1_PH0_ATR0_SQP_IDENTITY,true,false,false,SMALL_STEP,13,2033.541053,18850.687281622613,0.0,false
BLEACHNG,17,0,UNIF_SAR1_PH0_ATR0_SQP_SPECTRAL,true,false,false,SMALL_STEP,13,2032.8834040000002,18855.20613773228,0.0,false
BLEACHNG,17,0,UNIF_SAR1_PH0_ATR0_SQP_RECIPROCAL,true,false,false,SMALL_STEP,18,7868.04882,18869.36824842662,0.0,false
BLEACHNG,17,0,UNIF_SAR1_PH0_ATR0_SQP_EXPONENTIAL,true,false,false,SMALL_STEP,15,9574.394387,18861.545266483685,0.0,false
BLEACHNG,17,0,UNIF_SAR1_PH0_ATR0_SQP_QUASI_NEWTON,true,false,false,SMALL_STEP,21,8703.072205,18401.028631782032,0.0,false
BOX,10000,0,UNIF_SAR1_PH0_ATR0_SQP_IDENTITY,true,false,false,SMALL_STEP,39,225.22276,-1864.5378927338666,0.0,false
BOX,10000,0,UNIF_SAR1_PH0_ATR0_SQP_SPECTRAL,true,false,false,MAX_IT,5000,33372.392746000005,-1265.4395213715181,0.0,false
BOX,10000,0,UNIF_SAR1_PH0_ATR0_SQP_RECIPROCAL,true,false,false,SMALL_STEP,66,354.06951599999996,-1864.537854442024,0.0,false
BOX,10000,0,UNIF_SAR1_PH0_ATR0_SQP_EXPONENTIAL,true,false,false,SMALL_STEP,49,280.112245,-1864.5378646059148,0.0,false
BOX,10000,0,UNIF_SAR1_PH0_ATR0_SQP_QUASI_NEWTON,true,false,false,SMALL_STEP,61,338.07116199999996,-1864.537901437557,0.0,false
BOX2,3,0,UNIF_SAR1_PH0_ATR0_SQP_IDENTITY,true,false,false,KKT_OK,251,6.065278,0.00010579430111469336,0.0,false
BOX2,3,0,UNIF_SAR1_PH0_ATR0_SQP_SPECTRAL,true,false,false,KKT_OK,26,0.660854,2.5724475479507824e-5,0.0,false
BOX2,3,0,UNIF_SAR1_PH0_ATR0_SQP_RECIPROCAL,true,false,false,KKT_OK,573,14.136638,9.030854169437205e-5,0.0,false
BOX2,3,0,UNIF_SAR1_PH0_ATR0_SQP_EXPONENTIAL,true,false,false,KKT_OK,440,10.841470000000001,0.00010880273478930647,0.0,false
BOX2,3,0,UNIF_SAR1_PH0_ATR0_SQP_QUASI_NEWTON,true,false,false,KKT_OK,13,0.359068,2.4977344523933683e-7,0.0,false
BOX3,3,0,UNIF_SAR1_PH0_ATR0_SQP_IDENTITY,true,false,false,KKT_OK,85,2.179274,4.977922717880962e-5,0.0,false
BOX3,3,0,UNIF_SAR1_PH0_ATR0_SQP_SPECTRAL,true,false,false,KKT_OK,30,0.76541,1.0655896973091903e-6,0.0,false
BOX3,3,0,UNIF_SAR1_PH0_ATR0_SQP_RECIPROCAL,true,false,false,KKT_OK,86,2.3409720000000003,0.0003850912461162857,0.0,false
BOX3,3,0,UNIF_SAR1_PH0_ATR0_SQP_EXPONENTIAL,true,false,false,KKT_OK,61,1.658728,0.00044455993953506387,0.0,false
BOX3,3,0,UNIF_SAR1_PH0_ATR0_SQP_QUASI_NEWTON,true,false,false,KKT_OK,86,2.215159,0.000580021592392748,0.0,false
BOXBODLS,2,0,UNIF_SAR1_PH0_ATR0_SQP_IDENTITY,true,false,false,MAX_IT,5000,146.27536999999998,1679.3004970549064,0.0,false
BOXBODLS,2,0,UNIF_SAR1_PH0_ATR0_SQP_SPECTRAL,true,false,false,MAX_IT,5000,158.083298,1437.7597160756227,0.0,false
BOXBODLS,2,0,UNIF_SAR1_PH0_ATR0_SQP_RECIPROCAL,true,false,false,MAX_IT,5000,173.23172,1690.417601377966,0.0,false
BOXBODLS,2,0,UNIF_SAR1_PH0_ATR0_SQP_EXPONENTIAL,true,false,false,MAX_IT,5000,131.62926,1795.615751473395,0.0,false
BOXBODLS,2,0,UNIF_SAR1_PH0_ATR0_SQP_QUASI_NEWTON,true,false,false,SMALL_STEP,355,9.958105,1168.0088882195114,0.0,false
BOXPOWER,20000,0,UNIF_SAR1_PH0_ATR0_SQP_IDENTITY,true,false,false,SMALL_STEP,21,246.329125,3.862016018509881e-5,0.0,false
BOXPOWER,20000,0,UNIF_SAR1_PH0_ATR0_SQP_SPECTRAL,true,false,false,SMALL_STEP,29,303.037807,0.197466701656258,0.0,false
BOXPOWER,20000,0,UNIF_SAR1_PH0_ATR0_SQP_RECIPROCAL,true,false,false,SMALL_STEP,26,296.346969,3.5592320933258695e-5,0.0,false
BOXPOWER,20000,0,UNIF_SAR1_PH0_ATR0_SQP_EXPONENTIAL,true,false,false,SMALL_STEP,7,69.570396,2.984915820844933e-11,0.0,false
BOXPOWER,20000,0,UNIF_SAR1_PH0_ATR0_SQP_QUASI_NEWTON,true,false,false,KKT_OK,7,68.483476,1.736011242027278e-15,0.0,false
BQP1VAR,1,0,UNIF_SAR1_PH0_ATR0_SQP_IDENTITY,true,false,false,KKT_OK,5,0.138838,1.874997661395309e-16,0.0,false
BQP1VAR,1,0,UNIF_SAR1_PH0_ATR0_SQP_SPECTRAL,true,false,false,KKT_OK,5,0.12295099999999999,1.8749976613952226e-16,0.0,false
BQP1VAR,1,0,UNIF_SAR1_PH0_ATR0_SQP_RECIPROCAL,true,false,false,KKT_OK,5,0.128064,1.8749976613955223e-16,0.0,false
BQP1VAR,1,0,UNIF_SAR1_PH0_ATR0_SQP_EXPONENTIAL,true,false,false,KKT_OK,5,0.12421700000000001,1.874997661395199e-16,0.0,false
BQP1VAR,1,0,UNIF_SAR1_PH0_ATR0_SQP_QUASI_NEWTON,true,false,false,KKT_OK,5,0.123382,1.8749976613936882e-16,0.0,false
BQPGABIM,50,0,UNIF_SAR1_PH0_ATR0_SQP_IDENTITY,true,false,false,SMALL_STEP,8,0.599231,-1.2117769709949531e-5,0.0,false
BQPGABIM,50,0,UNIF_SAR1_PH0_ATR0_SQP_SPECTRAL,true,false,false,SMALL_STEP,8,0.48846999999999996,-2.2628089381057308e-5,0.0,false
BQPGABIM,50,0,UNIF_SAR1_PH0_ATR0_SQP_RECIPROCAL,true,false,false,SMALL_STEP,8,0.512443,-1.2117769709949531e-5,0.0,false
BQPGABIM,50,0,UNIF_SAR1_PH0_ATR0_SQP_EXPONENTIAL,true,false,false,SMALL_STEP,8,0.510206,-1.2117769709949531e-5,0.0,false
BQPGABIM,50,0,UNIF_SAR1_PH0_ATR0_SQP_QUASI_NEWTON,true,false,false,SMALL_STEP,8,0.496962,-2.517107296634614e-5,0.0,false
BQPGASIM,50,0,UNIF_SAR1_PH0_ATR0_SQP_IDENTITY,true,false,false,SMALL_STEP,8,0.680363,-1.4421547961524852e-5,0.0,false
BQPGASIM,50,0,UNIF_SAR1_PH0_ATR0_SQP_SPECTRAL,true,false,false,SMALL_STEP,8,0.668313,-2.8242633270964508e-5,0.0,false
BQPGASIM,50,0,UNIF_SAR1_PH0_ATR0_SQP_RECIPROCAL,true,false,false,SMALL_STEP,8,0.68863,-1.4421547961524852e-5,0.0,false
BQPGASIM,50,0,UNIF_SAR1_PH0_ATR0_SQP_EXPONENTIAL,true,false,false,SMALL_STEP,8,0.685732,-1.4421547961524852e-5,0.0,false
BQPGASIM,50,0,UNIF_SAR1_PH0_ATR0_SQP_QUASI_NEWTON,true,false,false,SMALL_STEP,8,0.673847,-3.2561616915157185e-5,0.0,false
BQPGAUSS,2003,0,UNIF_SAR1_PH0_ATR0_SQP_IDENTITY,true,false,false,SMALL_STEP,8,24.407999,-0.00023900635900700663,0.0,false
BQPGAUSS,2003,0,UNIF_SAR1_PH0_ATR0_SQP_SPECTRAL,true,false,false,SMALL_STEP,8,11.270359000000001,-0.0007101998315528766,0.0,false
BQPGAUSS,2003,0,UNIF_SAR1_PH0_ATR0_SQP_RECIPROCAL,true,false,false,SMALL_STEP,8,10.972249,-0.00023900635900700663,0.0,false
BQPGAUSS,2003,0,UNIF_SAR1_PH0_ATR0_SQP_EXPONENTIAL,true,false,false,SMALL_STEP,8,11.009619,-0.00023900635900700663,0.0,false
BQPGAUSS,2003,0,UNIF_SAR1_PH0_ATR0_SQP_QUASI_NEWTON,true,false,false,SMALL_STEP,8,11.213818999999999,-0.001059380582497703,0.0,false
BRANIN,2,0,UNIF_SAR1_PH0_ATR0_SQP_IDENTITY,true,false,false,KKT_OK,57,1.4168399999999999,0.3978873677071549,0.0,false
BRANIN,2,0,UNIF_SAR1_PH0_ATR0_SQP_SPECTRAL,true,false,false,KKT_OK,23,0.586736,0.3978873577011816,0.0,false
BRANIN,2,0,UNIF_SAR1_PH0_ATR0_SQP_RECIPROCAL,true,false,false,KKT_OK,33,0.823287,0.3978873661007965,0.0,false
BRANIN,2,0,UNIF_SAR1_PH0_ATR0_SQP_EXPONENTIAL,true,false,false,KKT_OK,39,0.9979399999999999,0.397887371772892,0.0,false
BRANIN,2,0,UNIF_SAR1_PH0_ATR0_SQP_QUASI_NEWTON,true,false,false,KKT_OK,28,0.717718,0.39788737037700195,0.0,false
BRATU1D,5003,0,UNIF_SAR1_PH0_ATR0_SQP_IDENTITY,true,false,false,MAX_IT,5000,18236.705364999998,2.443082847332931e7,0.0,false
BRATU1D,5003,0,UNIF_SAR1_PH0_ATR0_SQP_SPECTRAL,true,false,false,MAX_IT,5000,20210.809276,1.5006523586563474e7,0.0,false
BRATU1D,5003,0,UNIF_SAR1_PH0_ATR0_SQP_RECIPROCAL,true,false,false,MAX_IT,5000,18903.628208000002,2.6806789948158693e7,0.0,false
BRATU1D,5003,0,UNIF_SAR1_PH0_ATR0_SQP_EXPONENTIAL,true,false,false,MAX_IT,5000,19480.273893,2.73151706282262e8,0.0,false
BRATU1D,5003,0,UNIF_SAR1_PH0_ATR0_SQP_QUASI_NEWTON,true,false,false,MAX_IT,5000,22511.128181,1.2480236541677834e7,0.0,false
BRKMCC,2,0,UNIF_SAR1_PH0_ATR0_SQP_IDENTITY,true,false,false,SMALL_STEP,87,2.0786849999999997,0.16904283724079347,0.0,false
BRKMCC,2,0,UNIF_SAR1_PH0_ATR0_SQP_SPECTRAL,true,false,false,KKT_OK,15,0.391466,0.169042679726866,0.0,false
BRKMCC,2,0,UNIF_SAR1_PH0_ATR0_SQP_RECIPROCAL,true,false,false,SMALL_STEP,87,2.090774,0.1690428402444628,0.0,false
BRKMCC,2,0,UNIF_SAR1_PH0_ATR0_SQP_EXPONENTIAL,true,false,false,SMALL_STEP,112,2.76535,0.16904278527835542,0.0,false
BRKMCC,2,0,UNIF_SAR1_PH0_ATR0_SQP_QUASI_NEWTON,true,false,false,KKT_OK,78,1.8889880000000001,0.16904278920144708,0.0,false
BROWNAL,200,0,UNIF_SAR1_PH0_ATR0_SQP_IDENTITY,true,false,false,SMALL_STEP,28,6.0723519999999995,0.0045665032652972,0.0,false
BROWNAL,200,0,UNIF_SAR1_PH0_ATR0_SQP_SPECTRAL,true,false,false,SMALL_STEP,28,6.143883,0.004566524071611974,0.0,false
BROWNAL,200,0,UNIF_SAR1_PH0_ATR0_SQP_RECIPROCAL,true,false,false,SMALL_STEP,28,7.3713370000000005,0.014823704067932804,0.0,false
BROWNAL,200,0,UNIF_SAR1_PH0_ATR0_SQP_EXPONENTIAL,true,false,false,SMALL_STEP,20,6.26044,0.001468240986176384,0.0,false
BROWNAL,200,0,UNIF_SAR1_PH0_ATR0_SQP_QUASI_NEWTON,true,false,false,KKT_OK,15,3.661535,3.2503942216996404e-9,0.0,false
BROWNBS,2,0,UNIF_SAR1_PH0_ATR0_SQP_IDENTITY,true,false,false,MAX_IT,5000,140.622831,9.914756837681306e11,0.0,false
BROWNBS,2,0,UNIF_SAR1_PH0_ATR0_SQP_SPECTRAL,true,false,false,MAX_IT,5000,153.854704,9.909095913848397e11,0.0,false
BROWNBS,2,0,UNIF_SAR1_PH0_ATR0_SQP_RECIPROCAL,true,false,false,MAX_IT,5000,156.623581,9.920443418728619e11,0.0,false
BROWNBS,2,0,UNIF_SAR1_PH0_ATR0_SQP_EXPONENTIAL,true,false,false,MAX_IT,5000,161.07170200000002,9.919225997381184e11,0.0,false
BROWNBS,2,0,UNIF_SAR1_PH0_ATR0_SQP_QUASI_NEWTON,true,false,false,MAX_IT,5000,210.08299,9.900279850059807e11,0.0,false
BROWNDEN,4,0,UNIF_SAR1_PH0_ATR0_SQP_IDENTITY,true,false,false,SMALL_STEP,441,12.722054,85822.20260817904,0.0,false
BROWNDEN,4,0,UNIF_SAR1_PH0_ATR0_SQP_SPECTRAL,true,false,false,SMALL_STEP,345,10.684699,85822.2042220041,0.0,false
BROWNDEN,4,0,UNIF_SAR1_PH0_ATR0_SQP_RECIPROCAL,true,false,false,SMALL_STEP,470,15.127472,85822.20260056421,0.0,false
BROWNDEN,4,0,UNIF_SAR1_PH0_ATR0_SQP_EXPONENTIAL,true,false,false,SMALL_STEP,398,13.244859,85822.20310112095,0.0,false
BROWNDEN,4,0,UNIF_SAR1_PH0_ATR0_SQP_QUASI_NEWTON,true,false,false,SMALL_STEP,172,5.490005,85822.20168100261,0.0,false
BROYDN3DLS,5000,0,UNIF_SAR1_PH0_ATR0_SQP_IDENTITY,true,false,false,SMALL_STEP,856,2468.489473,0.09723475287776609,0.0,false
BROYDN3DLS,5000,0,UNIF_SAR1_PH0_ATR0_SQP_SPECTRAL,true,false,false,SMALL_STEP,26,57.672587,7.677819270043118e-6,0.0,false
BROYDN3DLS,5000,0,UNIF_SAR1_PH0_ATR0_SQP_RECIPROCAL,true,false,false,SMALL_STEP,858,2397.1447270000003,0.09686427402622827,0.0,false
BROYDN3DLS,5000,0,UNIF_SAR1_PH0_ATR0_SQP_EXPONENTIAL,true,false,false,SMALL_STEP,242,1081.0026129999999,0.3721535550009095,0.0,false
BROYDN3DLS,5000,0,UNIF_SAR1_PH0_ATR0_SQP_QUASI_NEWTON,true,false,false,SMALL_STEP,53,149.207436,8.326649646888972e-6,0.0,false
BROYDN7D,5000,0,UNIF_SAR1_PH0_ATR0_SQP_IDENTITY,true,false,false,SMALL_STEP,2568,8275.286798,1614.439868697488,0.0,false
BROYDN7D,5000,0,UNIF_SAR1_PH0_ATR0_SQP_SPECTRAL,true,false,false,SMALL_STEP,2886,8761.183627999999,1988.4053895443171,0.0,false
BROYDN7D,5000,0,UNIF_SAR1_PH0_ATR0_SQP_RECIPROCAL,true,false,false,SMALL_STEP,4980,18142.236108999998,1582.181023708077,0.0,false
BROYDN7D,5000,0,UNIF_SAR1_PH0_ATR0_SQP_EXPONENTIAL,true,false,false,MAX_IT,5000,19690.730301,1492.9923648986821,0.0,false
BROYDN7D,5000,0,UNIF_SAR1_PH0_ATR0_SQP_QUASI_NEWTON,true,false,false,SMALL_STEP,1193,4813.359119000001,1698.6187596495658,0.0,false
BROYDNBDLS,5000,0,UNIF_SAR1_PH0_ATR0_SQP_IDENTITY,true,false,false,SMALL_STEP,496,1572.7898360000002,0.536511388246044,0.0,false
BROYDNBDLS,5000,0,UNIF_SAR1_PH0_ATR0_SQP_SPECTRAL,true,false,false,KKT_OK,30,91.48540700000001,7.407535079517939e-9,0.0,false
BROYDNBDLS,5000,0,UNIF_SAR1_PH0_ATR0_SQP_RECIPROCAL,true,false,false,SMALL_STEP,106,348.04406,0.08206743478211154,0.0,false
BROYDNBDLS,5000,0,UNIF_SAR1_PH0_ATR0_SQP_EXPONENTIAL,true,false,false,SMALL_STEP,538,1874.087202,0.6506101461956446,0.0,false
BROYDNBDLS,5000,0,UNIF_SAR1_PH0_ATR0_SQP_QUASI_NEWTON,true,false,false,SMALL_STEP,892,3126.9778810000003,0.00018655904085727979,0.0,false
BRYBND,5000,0,UNIF_SAR1_PH0_ATR0_SQP_IDENTITY,true,false,false,SMALL_STEP,496,1586.69272,0.536511388246044,0.0,false
BRYBND,5000,0,UNIF_SAR1_PH0_ATR0_SQP_SPECTRAL,true,false,false,KKT_OK,30,71.23823399999999,7.407535079517939e-9,0.0,false
BRYBND,5000,0,UNIF_SAR1_PH0_ATR0_SQP_RECIPROCAL,true,false,false,SMALL_STEP,106,355.126319,0.08206743478211154,0.0,false
BRYBND,5000,0,UNIF_SAR1_PH0_ATR0_SQP_EXPONENTIAL,true,false,false,SMALL_STEP,538,1884.256192,0.6506101461956446,0.0,false
BRYBND,5000,0,UNIF_SAR1_PH0_ATR0_SQP_QUASI_NEWTON,true,false,false,SMALL_STEP,892,3158.757801,0.00018655904085727979,0.0,false
BT1,2,1,UNIF_SAR1_PH0_ATR0_SQP_IDENTITY,true,false,false,SMALL_STEP,418,80.852174,-0.9999538856096947,6.250490820048195e-10,false
BT1,2,1,UNIF_SAR1_PH0_ATR0_SQP_SPECTRAL,true,false,false,SMALL_STEP,745,24.976755,-0.9998060123429133,9.747160310380042e-9,false
BT1,2,1,UNIF_SAR1_PH0_ATR0_SQP_RECIPROCAL,true,false,false,SMALL_STEP,372,13.371037000000001,-0.9999700189735247,9.356572549006818e-9,false
BT1,2,1,UNIF_SAR1_PH0_ATR0_SQP_EXPONENTIAL,true,false,false,SMALL_STEP,1205,40.582591,-0.9992147813788532,9.897726862932721e-9,false
BT1,2,1,UNIF_SAR1_PH0_ATR0_SQP_QUASI_NEWTON,true,false,false,SMALL_STEP,745,29.796073,-0.999806012342913,9.747160313632649e-9,false
BT13,5,1,UNIF_SAR1_PH0_ATR0_SQP_IDENTITY,true,false,false,INFEASIBLE_STATIONARY,309,59.444038,2.35340428764399e-16,0.004439136801967511,false
BT13,5,1,UNIF_SAR1_PH0_ATR0_SQP_SPECTRAL,true,false,false,INFEASIBLE_STATIONARY,309,59.586972,2.35340428764399e-16,0.004439136801967511,false
BT13,5,1,UNIF_SAR1_PH0_ATR0_SQP_RECIPROCAL,true,false,false,KKT_OK,252,38.078801000000006,4.3245753568107364e-16,5.85566699447008e-8,false
BT13,5,1,UNIF_SAR1_PH0_ATR0_SQP_EXPONENTIAL,true,false,false,INFEASIBLE_STATIONARY,253,39.695082,1.6664251425753964e-15,0.0008089108329769627,false
BT13,5,1,UNIF_SAR1_PH0_ATR0_SQP_QUASI_NEWTON,true,false,false,INFEASIBLE_STATIONARY,309,61.474432,5.238465911050483e-12,0.001515961517930512,false
BT2,3,1,UNIF_SAR1_PH0_ATR0_SQP_IDENTITY,true,false,false,KKT_OK,46,9.823248,0.03256821092159565,3.075009047392996e-7,false
BT2,3,1,UNIF_SAR1_PH0_ATR0_SQP_SPECTRAL,true,false,false,KKT_OK,26,7.3187560000000005,0.032568212372503035,5.111691958603615e-8,false
BT2,3,1,UNIF_SAR1_PH0_ATR0_SQP_RECIPROCAL,true,false,false,KKT_OK,43,8.093258,0.03256822359405585,2.97568472973353e-7,false
BT2,3,1,UNIF_SAR1_PH0_ATR0_SQP_EXPONENTIAL,true,false,false,KKT_OK,36,7.695047,0.032568212192271996,9.730876993074844e-8,false
BT2,3,1,UNIF_SAR1_PH0_ATR0_SQP_QUASI_NEWTON,true,false,false,KKT_OK,31,8.289956,0.03256820040610869,7.168488025399711e-12,false
CAMEL6,2,0,UNIF_SAR1_PH0_ATR0_SQP_IDENTITY,true,false,false,KKT_OK,32,1.029362,-1.0316284513286946,0.0,false
CAMEL6,2,0,UNIF_SAR1_PH0_ATR0_SQP_SPECTRAL,true,false,false,KKT_OK,15,0.471716,-1.0316284533841265,0.0,false
CAMEL6,2,0,UNIF_SAR1_PH0_ATR0_SQP_RECIPROCAL,true,false,false,SMALL_STEP,26,0.803061,-1.0316284393663384,0.0,false
CAMEL6,2,0,UNIF_SAR1_PH0_ATR0_SQP_EXPONENTIAL,true,false,false,KKT_OK,47,1.5081579999999999,-1.031628452982668,0.0,false
CAMEL6,2,0,UNIF_SAR1_PH0_ATR0_SQP_QUASI_NEWTON,true,false,false,KKT_OK,12,0.384721,-1.0316284534868847,0.0,false
CANTILVR,5,1,UNIF_SAR1_PH0_ATR0_SQP_IDENTITY,true,false,false,KKT_OK,15,2.643129,1.3399565221939103,2.011023818901392e-6,false
CANTILVR,5,1,UNIF_SAR1_PH0_ATR0_SQP_SPECTRAL,true,false,false,KKT_OK,15,2.581972,1.3399565221939103,2.011023818901392e-6,false
CANTILVR,5,1,UNIF_SAR1_PH0_ATR0_SQP_RECIPROCAL,true,false,false,KKT_OK,32,7.583528,1.3399295302568706,7.148379706949093e-5,false
CANTILVR,5,1,UNIF_SAR1_PH0_ATR0_SQP_EXPONENTIAL,true,false,false,KKT_OK,58,9.355366,1.3399502135031176,1.9377999107339505e-5,false
CANTILVR,5,1,UNIF_SAR1_PH0_ATR0_SQP_QUASI_NEWTON,true,false,false,KKT_OK,311,35.377632999999996,1.339950115211975,1.94409939883039e-5,false
CERI651ALS,7,0,UNIF_SAR1_PH0_ATR0_SQP_IDENTITY,true,false,false,SMALL_STEP,11,0.5009800000000001,9180.549808165959,0.0,false
CERI651ALS,7,0,UNIF_SAR1_PH0_ATR0_SQP_SPECTRAL,true,false,false,SMALL_STEP,11,0.487564,9180.549868889999,0.0,false
CERI651ALS,7,0,UNIF_SAR1_PH0_ATR0_SQP_RECIPROCAL,true,false,false,SMALL_STEP,11,0.49514700000000006,9180.547504271417,0.0,false
CERI651ALS,7,0,UNIF_SAR1_PH0_ATR0_SQP_EXPONENTIAL,true,false,false,SMALL_STEP,11,0.51276,9180.547504428881,0.0,false
CERI651ALS,7,0,UNIF_SAR1_PH0_ATR0_SQP_QUASI_NEWTON,true,false,false,SMALL_STEP,11,0.493705,9180.548482534527,0.0,false
CERI651BLS,7,0,UNIF_SAR1_PH0_ATR0_SQP_IDENTITY,true,false,false,SMALL_STEP,8,0.339288,448.97861698544864,0.0,false
CERI651BLS,7,0,UNIF_SAR1_PH0_ATR0_SQP_SPECTRAL,true,false,false,SMALL_STEP,8,0.330619,448.97861698544864,0.0,false
CERI651BLS,7,0,UNIF_SAR1_PH0_ATR0_SQP_RECIPROCAL,true,false,false,SMALL_STEP,8,0.32047899999999996,448.97861698544864,0.0,false
CERI651BLS,7,0,UNIF_SAR1_PH0_ATR0_SQP_EXPONENTIAL,true,false,false,SMALL_STEP,8,0.32449900000000004,448.97861698544864,0.0,false
CERI651BLS,7,0,UNIF_SAR1_PH0_ATR0_SQP_QUASI_NEWTON,true,false,false,SMALL_STEP,8,0.32596699999999995,448.97861698544864,0.0,false
CERI651CLS,7,0,UNIF_SAR1_PH0_ATR0_SQP_IDENTITY,true,false,false,SMALL_STEP,8,0.359569,113.1386729777406,0.0,false
CERI651CLS,7,0,UNIF_SAR1_PH0_ATR0_SQP_SPECTRAL,true,false,false,SMALL_STEP,8,0.341561,113.1386729777406,0.0,false
CERI651CLS,7,0,UNIF_SAR1_PH0_ATR0_SQP_RECIPROCAL,true,false,false,SMALL_STEP,8,0.34542900000000004,113.1386729777406,0.0,false
CERI651CLS,7,0,UNIF_SAR1_PH0_ATR0_SQP_EXPONENTIAL,true,false,false,SMALL_STEP,8,0.344078,113.1386729777406,0.0,false
CERI651CLS,7,0,UNIF_SAR1_PH0_ATR0_SQP_QUASI_NEWTON,true,false,false,SMALL_STEP,8,0.337899,113.1386729777406,0.0,false
CERI651DLS,7,0,UNIF_SAR1_PH0_ATR0_SQP_IDENTITY,true,false,false,SMALL_STEP,8,0.366322,28.56827515419141,0.0,false
CERI651DLS,7,0,UNIF_SAR1_PH0_ATR0_SQP_SPECTRAL,true,false,false,SMALL_STEP,8,0.349605,28.56827515419141,0.0,false
CERI651DLS,7,0,UNIF_SAR1_PH0_ATR0_SQP_RECIPROCAL,true,false,false,SMALL_STEP,8,0.345192,28.56827515419141,0.0,false
CERI651DLS,7,0,UNIF_SAR1_PH0_ATR0_SQP_EXPONENTIAL,true,false,false,SMALL_STEP,8,0.35301,28.56827515419141,0.0,false
CERI651DLS,7,0,UNIF_SAR1_PH0_ATR0_SQP_QUASI_NEWTON,true,false,false,SMALL_STEP,8,0.382114,28.56827515419141,0.0,false
CERI651ELS,7,0,UNIF_SAR1_PH0_ATR0_SQP_IDENTITY,true,false,false,SMALL_STEP,8,0.393164,27.806710334719245,0.0,false
CERI651ELS,7,0,UNIF_SAR1_PH0_ATR0_SQP_SPECTRAL,true,false,false,SMALL_STEP,8,0.34574699999999997,27.806710334719245,0.0,false
CERI651ELS,7,0,UNIF_SAR1_PH0_ATR0_SQP_RECIPROCAL,true,false,false,SMALL_STEP,8,0.38614299999999996,27.806710334719245,0.0,false
CERI651ELS,7,0,UNIF_SAR1_PH0_ATR0_SQP_EXPONENTIAL,true,false,false,SMALL_STEP,8,0.34004,27.806710334719245,0.0,false
CERI651ELS,7,0,UNIF_SAR1_PH0_ATR0_SQP_QUASI_NEWTON,true,false,false,SMALL_STEP,8,0.334321,27.806710334719245,0.0,false
CHAINWOO,4000,0,UNIF_SAR1_PH0_ATR0_SQP_IDENTITY,true,false,false,SMALL_STEP,114,238.41131900000002,13.617455451233315,0.0,false
CHAINWOO,4000,0,UNIF_SAR1_PH0_ATR0_SQP_SPECTRAL,true,false,false,SMALL_STEP,80,163.656018,15743.304636958046,0.0,false
CHAINWOO,4000,0,UNIF_SAR1_PH0_ATR0_SQP_RECIPROCAL,true,false,false,SMALL_STEP,114,231.883647,13.732053584350352,0.0,false
CHAINWOO,4000,0,UNIF_SAR1_PH0_ATR0_SQP_EXPONENTIAL,true,false,false,SMALL_STEP,88,227.03532800000002,15760.565525312773,0.0,false
CHAINWOO,4000,0,UNIF_SAR1_PH0_ATR0_SQP_QUASI_NEWTON,true,false,false,SMALL_STEP,125,291.909377,15747.194785567262,0.0,false
CHARDIS0,2000,0,UNIF_SAR1_PH0_ATR0_SQP_IDENTITY,true,false,false,SMALL_STEP,50,503.284164,0.20056841619939383,0.0,false
CHARDIS0,2000,0,UNIF_SAR1_PH0_ATR0_SQP_SPECTRAL,true,false,false,SMALL_STEP,50,487.71277699999996,0.12411768077005422,0.0,false
CHARDIS0,2000,0,UNIF_SAR1_PH0_ATR0_SQP_RECIPROCAL,true,false,false,SMALL_STEP,161,3190.182798,9.692665235646533,0.0,false
CHARDIS0,2000,0,UNIF_SAR1_PH0_ATR0_SQP_EXPONENTIAL,true,false,false,SMALL_STEP,83,2263.656013,21.63033704768764,0.0,false
CHARDIS0,2000,0,UNIF_SAR1_PH0_ATR0_SQP_QUASI_NEWTON,true,false,false,SMALL_STEP,45,802.7528309999999,0.00914207251827181,0.0,false
CHARDIS02,2000,0,UNIF_SAR1_PH0_ATR0_SQP_IDENTITY,true,false,false,SMALL_STEP,2823,41474.205741,1.993902573809451e6,0.0,false
CHARDIS02,2000,0,UNIF_SAR1_PH0_ATR0_SQP_SPECTRAL,true,false,false,SMALL_STEP,4021,56119.332598,1.9918797062584052e6,0.0,false
CHARDIS02,2000,0,UNIF_SAR1_PH0_ATR0_SQP_RECIPROCAL,true,false,false,SMALL_STEP,1879,47285.697312000004,1.9933793214093838e6,0.0,false
CHARDIS02,2000,0,UNIF_SAR1_PH0_ATR0_SQP_EXPONENTIAL,true,false,false,SMALL_STEP,2793,100239.145473,1.9931473647927393e6,0.0,false
CHARDIS02,2000,0,UNIF_SAR1_PH0_ATR0_SQP_QUASI_NEWTON,true,false,false,SMALL_STEP,2355,59387.159968,1.9919046434903387e6,0.0,false
CHEBYQAD,100,0,UNIF_SAR1_PH0_ATR0_SQP_IDENTITY,true,false,false,SMALL_STEP,17,10.763873,0.009814021320477293,0.0,false
CHEBYQAD,100,0,UNIF_SAR1_PH0_ATR0_SQP_SPECTRAL,true,false,false,SMALL_STEP,12,8.171731999999999,0.009550644244651848,0.0,false
CHEBYQAD,100,0,UNIF_SAR1_PH0_ATR0_SQP_RECIPROCAL,true,false,false,SMALL_STEP,17,16.045638,0.009814003533482048,0.0,false
CHEBYQAD,100,0,UNIF_SAR1_PH0_ATR0_SQP_EXPONENTIAL,true,false,false,SMALL_STEP,21,26.524134,0.009814862133891619,0.0,false
CHEBYQAD,100,0,UNIF_SAR1_PH0_ATR0_SQP_QUASI_NEWTON,true,false,false,SMALL_STEP,18,16.346569,0.009590317675063555,0.0,false
CHENHARK,5000,0,UNIF_SAR1_PH0_ATR0_SQP_IDENTITY,true,false,false,SMALL_STEP,266,731.90646,-1.973203575713022,0.0,false
CHENHARK,5000,0,UNIF_SAR1_PH0_ATR0_SQP_SPECTRAL,true,false,false,SMALL_STEP,135,366.923113,-1.995558164890895,0.0,false
CHENHARK,5000,0,UNIF_SAR1_PH0_ATR0_SQP_RECIPROCAL,true,false,false,SMALL_STEP,300,1212.732906,-1.9632270980702038,0.0,false
CHENHARK,5000,0,UNIF_SAR1_PH0_ATR0_SQP_EXPONENTIAL,true,false,false,SMALL_STEP,162,508.56215699999996,-1.9599493926435643,0.0,false
CHENHARK,5000,0,UNIF_SAR1_PH0_ATR0_SQP_QUASI_NEWTON,true,false,false,SMALL_STEP,793,2848.309686,-1.996478851607185,0.0,false
CHNROSNB,50,0,UNIF_SAR1_PH0_ATR0_SQP_IDENTITY,true,false,false,SMALL_STEP,3241,232.361015,0.04702305412723419,0.0,false
CHNROSNB,50,0,UNIF_SAR1_PH0_ATR0_SQP_SPECTRAL,true,false,false,SMALL_STEP,2184,118.29337500000001,0.00833259166995511,0.0,false
CHNROSNB,50,0,UNIF_SAR1_PH0_ATR0_SQP_RECIPROCAL,true,false,false,SMALL_STEP,3237,213.332927,0.035873780074077155,0.0,false
CHNROSNB,50,0,UNIF_SAR1_PH0_ATR0_SQP_EXPONENTIAL,true,false,false,SMALL_STEP,4820,336.06469599999997,0.04839985409675342,0.0,false
CHNROSNB,50,0,UNIF_SAR1_PH0_ATR0_SQP_QUASI_NEWTON,true,false,false,SMALL_STEP,1165,89.490295,0.0035711099448725086,0.0,false
CHNRSNBM,50,0,UNIF_SAR1_PH0_ATR0_SQP_IDENTITY,true,false,false,SMALL_STEP,688,67.37440699999999,0.13471586463592594,0.0,false
CHNRSNBM,50,0,UNIF_SAR1_PH0_ATR0_SQP_SPECTRAL,true,false,false,SMALL_STEP,3579,193.378378,0.024638840097836963,0.0,false
CHNRSNBM,50,0,UNIF_SAR1_PH0_ATR0_SQP_RECIPROCAL,true,false,false,SMALL_STEP,590,42.935761,0.1657707330880731,0.0,false
CHNRSNBM,50,0,UNIF_SAR1_PH0_ATR0_SQP_EXPONENTIAL,true,false,false,MAX_IT,5000,350.971341,7.361316506733177,0.0,false
CHNRSNBM,50,0,UNIF_SAR1_PH0_ATR0_SQP_QUASI_NEWTON,true,false,false,SMALL_STEP,2627,145.406047,0.006219852062677874,0.0,false
CHWIRUT1LS,3,0,UNIF_SAR1_PH0_ATR0_SQP_IDENTITY,true,false,false,SMALL_STEP,14,0.488511,2650.4286641525414,0.0,false
CHWIRUT1LS,3,0,UNIF_SAR1_PH0_ATR0_SQP_SPECTRAL,true,false,false,SMALL_STEP,14,0.478631,2650.42866415047,0.0,false
CHWIRUT1LS,3,0,UNIF_SAR1_PH0_ATR0_SQP_RECIPROCAL,true,false,false,SMALL_STEP,14,0.518028,2650.4286642497786,0.0,false
CHWIRUT1LS,3,0,UNIF_SAR1_PH0_ATR0_SQP_EXPONENTIAL,true,false,false,SMALL_STEP,14,0.577989,2650.428664302845,0.0,false
CHWIRUT1LS,3,0,UNIF_SAR1_PH0_ATR0_SQP_QUASI_NEWTON,true,false,false,SMALL_STEP,14,0.5193720000000001,2650.51975897695,0.0,false
CHWIRUT2LS,3,0,UNIF_SAR1_PH0_ATR0_SQP_IDENTITY,true,false,false,SMALL_STEP,11,0.35616400000000004,569.9667340203787,0.0,false
CHWIRUT2LS,3,0,UNIF_SAR1_PH0_ATR0_SQP_SPECTRAL,true,false,false,SMALL_STEP,11,0.335146,569.9667340199486,0.0,false
CHWIRUT2LS,3,0,UNIF_SAR1_PH0_ATR0_SQP_RECIPROCAL,true,false,false,SMALL_STEP,11,0.350914,569.9667338675588,0.0,false
CHWIRUT2LS,3,0,UNIF_SAR1_PH0_ATR0_SQP_EXPONENTIAL,true,false,false,SMALL_STEP,11,0.362188,569.9667337793597,0.0,false
CHWIRUT2LS,3,0,UNIF_SAR1_PH0_ATR0_SQP_QUASI_NEWTON,true,false,false,SMALL_STEP,11,0.34870799999999996,569.9667360118385,0.0,false
CLIFF,2,0,UNIF_SAR1_PH0_ATR0_SQP_IDENTITY,true,false,false,SMALL_STEP,17,0.489957,0.20106459782813213,0.0,false
CLIFF,2,0,UNIF_SAR1_PH0_ATR0_SQP_SPECTRAL,true,false,false,KKT_OK,16,0.458727,0.20106456014186233,0.0,false
CLIFF,2,0,UNIF_SAR1_PH0_ATR0_SQP_RECIPROCAL,true,false,false,SMALL_STEP,17,0.492756,0.20106459775944,0.0,false
CLIFF,2,0,UNIF_SAR1_PH0_ATR0_SQP_EXPONENTIAL,true,false,false,SMALL_STEP,28,0.804259,0.2011285225678008,0.0,false
CLIFF,2,0,UNIF_SAR1_PH0_ATR0_SQP_QUASI_NEWTON,true,false,false,KKT_OK,29,0.806056,0.20106455579058732,0.0,false
CLPLATEA,5041,0,UNIF_SAR1_PH0_ATR0_SQP_IDENTITY,true,false,false,SMALL_STEP,54,135.110865,-0.0030741610353597773,0.0,false
CLPLATEA,5041,0,UNIF_SAR1_PH0_ATR0_SQP_SPECTRAL,true,false,false,SMALL_STEP,57,138.83706,-0.005120978343882747,0.0,false
CLPLATEA,5041,0,UNIF_SAR1_PH0_ATR0_SQP_RECIPROCAL,true,false,false,SMALL_STEP,42,128.97798699999998,-0.0025454061624712926,0.0,false
CLPLATEA,5041,0,UNIF_SAR1_PH0_ATR0_SQP_EXPONENTIAL,true,false,false,SMALL_STEP,59,190.066273,-0.003014392313981432,0.0,false
CLPLATEA,5041,0,UNIF_SAR1_PH0_ATR0_SQP_QUASI_NEWTON,true,false,false,SMALL_STEP,366,1184.118094,-0.007291549664347453,0.0,false
CLPLATEB,5041,0,UNIF_SAR1_PH0_ATR0_SQP_IDENTITY,true,false,false,KKT_OK,28,82.26567399999999,-0.0003981743638881818,0.0,false
CLPLATEB,5041,0,UNIF_SAR1_PH0_ATR0_SQP_SPECTRAL,true,false,false,KKT_OK,8,16.956633,-0.00017905088059034502,0.0,false
CLPLATEB,5041,0,UNIF_SAR1_PH0_ATR0_SQP_RECIPROCAL,true,false,false,SMALL_STEP,29,74.611703,-0.00031919138127861743,0.0,false
CLPLATEB,5041,0,UNIF_SAR1_PH0_ATR0_SQP_EXPONENTIAL,true,false,false,SMALL_STEP,39,120.519324,-0.0003929873867500759,0.0,false
CLPLATEB,5041,0,UNIF_SAR1_PH0_ATR0_SQP_QUASI_NEWTON,true,false,false,KKT_OK,40,113.422287,-0.0004600553718920864,0.0,false
CLPLATEC,5041,0,UNIF_SAR1_PH0_ATR0_SQP_IDENTITY,true,false,false,SMALL_STEP,8,18.595425,-4.2254174704772343e-7,0.0,false
CLPLATEC,5041,0,UNIF_SAR1_PH0_ATR0_SQP_SPECTRAL,true,false,false,SMALL_STEP,8,18.490414,-4.2254174704772343e-7,0.0,false
CLPLATEC,5041,0,UNIF_SAR1_PH0_ATR0_SQP_RECIPROCAL,true,false,false,SMALL_STEP,8,18.356224,-4.2254174704772343e-7,0.0,false
CLPLATEC,5041,0,UNIF_SAR1_PH0_ATR0_SQP_EXPONENTIAL,true,false,false,SMALL_STEP,8,18.400829,-4.2254174704772343e-7,0.0,false
CLPLATEC,5041,0,UNIF_SAR1_PH0_ATR0_SQP_QUASI_NEWTON,true,false,false,SMALL_STEP,8,18.303816,-4.2254174704772343e-7,0.0,false
CLUSTERLS,2,0,UNIF_SAR1_PH0_ATR0_SQP_IDENTITY,true,false,false,KKT_OK,6,0.208031,7.117089468984842e-6,0.0,false
CLUSTERLS,2,0,UNIF_SAR1_PH0_ATR0_SQP_SPECTRAL,true,false,false,KKT_OK,12,0.373815,8.14598722529314e-7,0.0,false
CLUSTERLS,2,0,UNIF_SAR1_PH0_ATR0_SQP_RECIPROCAL,true,false,false,KKT_OK,11,0.324923,1.3561058251660107e-6,0.0,false
CLUSTERLS,2,0,UNIF_SAR1_PH0_ATR0_SQP_EXPONENTIAL,true,false,false,KKT_OK,10,0.293138,1.4493685052586797e-6,0.0,false
CLUSTERLS,2,0,UNIF_SAR1_PH0_ATR0_SQP_QUASI_NEWTON,true,false,false,KKT_OK,12,0.325372,7.479257194702293e-7,0.0,false
COATING,134,0,UNIF_SAR1_PH0_ATR0_SQP_IDENTITY,true,false,false,SMALL_STEP,2718,354.837252,4.299199212903278,0.0,false
COATING,134,0,UNIF_SAR1_PH0_ATR0_SQP_SPECTRAL,true,false,false,SMALL_STEP,425,51.282726000000004,4.604009249535873,0.0,false
COATING,134,0,UNIF_SAR1_PH0_ATR0_SQP_RECIPROCAL,true,false,false,SMALL_STEP,3212,475.614814,4.350362819688397,0.0,false
COATING,134,0,UNIF_SAR1_PH0_ATR0_SQP_EXPONENTIAL,true,false,false,MAX_IT,5000,726.147371,3.59188407170477,0.0,false
COATING,134,0,UNIF_SAR1_PH0_ATR0_SQP_QUASI_NEWTON,true,false,false,MAX_IT,5000,673.223483,2.1240165065893764,0.0,false
COOLHANSLS,9,0,UNIF_SAR1_PH0_ATR0_SQP_IDENTITY,true,false,false,SMALL_STEP,368,14.137156,8.193109508112812,0.0,false
COOLHANSLS,9,0,UNIF_SAR1_PH0_ATR0_SQP_SPECTRAL,true,false,false,SMALL_STEP,311,12.12391,6.889309852491254,0.0,false
COOLHANSLS,9,0,UNIF_SAR1_PH0_ATR0_SQP_RECIPROCAL,true,false,false,SMALL_STEP,215,8.654471000000001,1.7633597166847321,0.0,false
COOLHANSLS,9,0,UNIF_SAR1_PH0_ATR0_SQP_EXPONENTIAL,true,false,false,SMALL_STEP,146,30.450409,0.22739555754801075,0.0,false
COOLHANSLS,9,0,UNIF_SAR1_PH0_ATR0_SQP_QUASI_NEWTON,true,false,false,SMALL_STEP,108,3.436723,7.111894924014898,0.0,false
COSINE,10000,0,UNIF_SAR1_PH0_ATR0_SQP_IDENTITY,true,false,false,SMALL_STEP,21,117.29727500000001,-9998.988152251999,0.0,false
COSINE,10000,0,UNIF_SAR1_PH0_ATR0_SQP_SPECTRAL,true,false,false,KKT_OK,15,89.34924099999999,-9999.0,0.0,false
COSINE,10000,0,UNIF_SAR1_PH0_ATR0_SQP_RECIPROCAL,true,false,false,SMALL_STEP,21,101.07010700000001,-9998.987716450889,0.0,false
COSINE,10000,0,UNIF_SAR1_PH0_ATR0_SQP_EXPONENTIAL,true,false,false,SMALL_STEP,20,115.196307,-9998.99356272151,0.0,false
COSINE,10000,0,UNIF_SAR1_PH0_ATR0_SQP_QUASI_NEWTON,true,false,false,KKT_OK,15,67.96115599999999,-9998.999999994223,0.0,false
CRAGGLVY,5000,0,UNIF_SAR1_PH0_ATR0_SQP_IDENTITY,true,false,false,SMALL_STEP,223,700.3517420000001,1692.9685699054537,0.0,false
CRAGGLVY,5000,0,UNIF_SAR1_PH0_ATR0_SQP_SPECTRAL,true,false,false,SMALL_STEP,98,248.246207,1688.2235809410772,0.0,false
CRAGGLVY,5000,0,UNIF_SAR1_PH0_ATR0_SQP_RECIPROCAL,true,false,false,SMALL_STEP,137,413.75147,1691.1697157680835,0.0,false
CRAGGLVY,5000,0,UNIF_SAR1_PH0_ATR0_SQP_EXPONENTIAL,true,false,false,SMALL_STEP,327,1160.32753,1692.613156496008,0.0,false
CRAGGLVY,5000,0,UNIF_SAR1_PH0_ATR0_SQP_QUASI_NEWTON,true,false,false,SMALL_STEP,158,476.70678300000003,1688.2165161713024,0.0,false
CUBE,2,0,UNIF_SAR1_PH0_ATR0_SQP_IDENTITY,true,false,false,SMALL_STEP,2334,68.955943,0.009013748141302751,0.0,false
CUBE,2,0,UNIF_SAR1_PH0_ATR0_SQP_SPECTRAL,true,false,false,SMALL_STEP,1066,31.339965999999997,0.010856327480842067,0.0,false
CUBE,2,0,UNIF_SAR1_PH0_ATR0_SQP_RECIPROCAL,true,false,false,SMALL_STEP,11,0.399364,0.9999998864339492,0.0,false
CUBE,2,0,UNIF_SAR1_PH0_ATR0_SQP_EXPONENTIAL,true,false,false,SMALL_STEP,1705,52.636777,0.014223236012495722,0.0,false
CUBE,2,0,UNIF_SAR1_PH0_ATR0_SQP_QUASI_NEWTON,true,false,false,SMALL_STEP,1514,45.845577,0.00795981432248118,0.0,false
CURLY10,10000,0,UNIF_SAR1_PH0_ATR0_SQP_IDENTITY,true,false,false,SMALL_STEP,22,116.397988,-1.0026657493815876e6,0.0,false
CURLY10,10000,0,UNIF_SAR1_PH0_ATR0_SQP_SPECTRAL,true,false,false,SMALL_STEP,50,267.39765700000004,-1.0030411727109038e6,0.0,false
CURLY10,10000,0,UNIF_SAR1_PH0_ATR0_SQP_RECIPROCAL,true,false,false,SMALL_STEP,18,104.526703,-1.0026788344634286e6,0.0,false
CURLY10,10000,0,UNIF_SAR1_PH0_ATR0_SQP_EXPONENTIAL,true,false,false,SMALL_STEP,22,125.57064100000001,-1.0026842428216235e6,0.0,false
CURLY10,10000,0,UNIF_SAR1_PH0_ATR0_SQP_QUASI_NEWTON,true,false,false,SMALL_STEP,4794,36282.118519999996,-1.0031429871907703e6,0.0,false
CURLY20,10000,0,UNIF_SAR1_PH0_ATR0_SQP_IDENTITY,true,false,false,SMALL_STEP,14,102.085513,-1.0020906298976558e6,0.0,false
CURLY20,10000,0,UNIF_SAR1_PH0_ATR0_SQP_SPECTRAL,true,false,false,SMALL_STEP,515,3651.024048,-1.002400591094129e6,0.0,false
CURLY20,10000,0,UNIF_SAR1_PH0_ATR0_SQP_RECIPROCAL,true,false,false,SMALL_STEP,12,68.506897,-1.0020925719992178e6,0.0,false
CURLY20,10000,0,UNIF_SAR1_PH0_ATR0_SQP_EXPONENTIAL,true,false,false,SMALL_STEP,15,111.763555,-1.0020967183251356e6,0.0,false
CURLY20,10000,0,UNIF_SAR1_PH0_ATR0_SQP_QUASI_NEWTON,true,false,false,SMALL_STEP,1721,13494.434129,-1.0030772125094177e6,0.0,false
CURLY30,10000,0,UNIF_SAR1_PH0_ATR0_SQP_IDENTITY,true,false,false,SMALL_STEP,13,81.31640499999999,-1.0015942773302435e6,0.0,false
CURLY30,10000,0,UNIF_SAR1_PH0_ATR0_SQP_SPECTRAL,true,false,false,SMALL_STEP,13,98.756494,-1.0015944960221143e6,0.0,false
CURLY30,10000,0,UNIF_SAR1_PH0_ATR0_SQP_RECIPROCAL,true,false,false,SMALL_STEP,14,78.85143599999999,-1.0015564894214922e6,0.0,false
CURLY30,10000,0,UNIF_SAR1_PH0_ATR0_SQP_EXPONENTIAL,true,false,false,SMALL_STEP,16,111.74685099999999,-1.0016161669170613e6,0.0,false
CURLY30,10000,0,UNIF_SAR1_PH0_ATR0_SQP_QUASI_NEWTON,true,false,false,SMALL_STEP,1675,13121.822847000001,-1.0030210619670582e6,0.0,false
CVXBQP1,100000,0,UNIF_SAR1_PH0_ATR0_SQP_IDENTITY,true,false,false,SMALL_STEP,6,489.082754,2.2500225e8,0.0,false
CVXBQP1,100000,0,UNIF_SAR1_PH0_ATR0_SQP_SPECTRAL,true,false,false,KKT_OK,17,1165.949541,2.2500225e8,0.0,false
CVXBQP1,100000,0,UNIF_SAR1_PH0_ATR0_SQP_RECIPROCAL,true,false,false,SMALL_STEP,6,383.300515,2.2500225e8,0.0,false
CVXBQP1,100000,0,UNIF_SAR1_PH0_ATR0_SQP_EXPONENTIAL,true,false,false,KKT_OK,6,423.679955,2.2500225e8,0.0,false
CVXBQP1,100000,0,UNIF_SAR1_PH0_ATR0_SQP_QUASI_NEWTON,true,false,false,KKT_OK,6,410.737277,2.2500225e8,0.0,false
CYCLIC3LS,100002,0,UNIF_SAR1_PH0_ATR0_SQP_IDENTITY,true,false,false,SMALL_STEP,4087,1.053294118626e6,7.209612210887392e6,0.0,false
CYCLIC3LS,100002,0,UNIF_SAR1_PH0_ATR0_SQP_SPECTRAL,true,false,false,SMALL_STEP,4895,1.395762618216e6,7.208247052009793e6,0.0,false
CYCLIC3LS,100002,0,UNIF_SAR1_PH0_ATR0_SQP_RECIPROCAL,true,false,false,SMALL_STEP,4731,1.367703358479e6,7.203810675231101e6,0.0,false
CYCLIC3LS,100002,0,UNIF_SAR1_PH0_ATR0_SQP_EXPONENTIAL,true,false,false,SMALL_STEP,4526,1.33381677659e6,7.207293446177853e6,0.0,false
CYCLIC3LS,100002,0,UNIF_SAR1_PH0_ATR0_SQP_QUASI_NEWTON,true,false,false,SMALL_STEP,3312,923857.143564,7.2012332389763575e6,0.0,false
CYCLOOCFLS,29996,0,UNIF_SAR1_PH0_ATR0_SQP_IDENTITY,true,false,false,MAX_IT,5000,186649.581883,6805.265518861032,0.0,false
CYCLOOCFLS,29996,0,UNIF_SAR1_PH0_ATR0_SQP_SPECTRAL,true,false,false,MAX_IT,5000,190957.09133400003,6329.6369929405655,0.0,false
CYCLOOCFLS,29996,0,UNIF_SAR1_PH0_ATR0_SQP_RECIPROCAL,true,false,false,MAX_IT,5000,195390.868111,7092.78801531461,0.0,false
CYCLOOCFLS,29996,0,UNIF_SAR1_PH0_ATR0_SQP_EXPONENTIAL,true,false,false,MAX_IT,5000,227132.377084,7499.159541410433,0.0,false
CYCLOOCFLS,29996,0,UNIF_SAR1_PH0_ATR0_SQP_QUASI_NEWTON,true,false,false,MAX_IT,5000,245000.87855000002,1552.3812269512348,0.0,false
CYCLOOCTLS,30000,0,UNIF_SAR1_PH0_ATR0_SQP_IDENTITY,true,false,false,MAX_IT,5000,254567.24515600002,6765.965767601328,0.0,false
CYCLOOCTLS,30000,0,UNIF_SAR1_PH0_ATR0_SQP_SPECTRAL,true,false,false,MAX_IT,5000,253426.952714,6252.599745767216,0.0,false
CYCLOOCTLS,30000,0,UNIF_SAR1_PH0_ATR0_SQP_RECIPROCAL,true,false,false,MAX_IT,5000,232400.529694,7115.047707117462,0.0,false
CYCLOOCTLS,30000,0,UNIF_SAR1_PH0_ATR0_SQP_EXPONENTIAL,true,false,false,MAX_IT,5000,233524.325936,7547.521440736707,0.0,false
CYCLOOCTLS,30000,0,UNIF_SAR1_PH0_ATR0_SQP_QUASI_NEWTON,true,false,false,MAX_IT,5000,268092.68023099995,1176.6533262261948,0.0,false
DANIWOODLS,2,0,UNIF_SAR1_PH0_ATR0_SQP_IDENTITY,true,false,false,SMALL_STEP,2123,60.775968,0.0044685080530895566,0.0,false
DANIWOODLS,2,0,UNIF_SAR1_PH0_ATR0_SQP_SPECTRAL,true,false,false,KKT_OK,711,16.901007999999997,0.004317480192655203,0.0,false
DANIWOODLS,2,0,UNIF_SAR1_PH0_ATR0_SQP_RECIPROCAL,true,false,false,SMALL_STEP,2318,67.997584,0.004446510413490889,0.0,false
DANIWOODLS,2,0,UNIF_SAR1_PH0_ATR0_SQP_EXPONENTIAL,true,false,false,SMALL_STEP,1493,42.331509000000004,0.004516161329854835,0.0,false
DANIWOODLS,2,0,UNIF_SAR1_PH0_ATR0_SQP_QUASI_NEWTON,true,false,false,SMALL_STEP,666,22.781981,0.004413563493898166,0.0,false
DANWOODLS,2,0,UNIF_SAR1_PH0_ATR0_SQP_IDENTITY,true,false,false,SMALL_STEP,3669,104.804896,0.1414641446207922,0.0,false
DANWOODLS,2,0,UNIF_SAR1_PH0_ATR0_SQP_SPECTRAL,true,false,false,SMALL_STEP,15,0.405053,0.00490864523620093,0.0,false
DANWOODLS,2,0,UNIF_SAR1_PH0_ATR0_SQP_RECIPROCAL,true,false,false,SMALL_STEP,4666,131.247576,0.09494970418581153,0.0,false
DANWOODLS,2,0,UNIF_SAR1_PH0_ATR0_SQP_EXPONENTIAL,true,false,false,SMALL_STEP,4936,147.53632,0.09283630684938549,0.0,false
DANWOODLS,2,0,UNIF_SAR1_PH0_ATR0_SQP_QUASI_NEWTON,true,false,false,SMALL_STEP,736,25.865532,0.0061111260679588605,0.0,false
DECONVB,63,0,UNIF_SAR1_PH0_ATR0_SQP_IDENTITY,true,false,false,SMALL_STEP,305,22.143349,0.005771327537187103,0.0,false
DECONVB,63,0,UNIF_SAR1_PH0_ATR0_SQP_SPECTRAL,true,false,false,SMALL_STEP,260,17.481547,0.00012581524168566664,0.0,false
DECONVB,63,0,UNIF_SAR1_PH0_ATR0_SQP_RECIPROCAL,true,false,false,SMALL_STEP,581,50.047602,0.005877405740806212,0.0,false
DECONVB,63,0,UNIF_SAR1_PH0_ATR0_SQP_EXPONENTIAL,true,false,false,SMALL_STEP,283,25.339659,0.018372689897330343,0.0,false
DECONVB,63,0,UNIF_SAR1_PH0_ATR0_SQP_QUASI_NEWTON,true,false,false,SMALL_STEP,234,20.246792,0.005531348105610586,0.0,false
DECONVC,63,1,UNIF_SAR1_PH0_ATR0_SQP_IDENTITY,true,false,false,SMALL_STEP,141,17.340046,0.006045275582218445,4.277760821719441e-8,false
DECONVC,63,1,UNIF_SAR1_PH0_ATR0_SQP_SPECTRAL,true,false,false,SMALL_STEP,597,51.749507,0.00011183605454465474,1.1608303955123848e-8,false
DECONVC,63,1,UNIF_SAR1_PH0_ATR0_SQP_RECIPROCAL,true,false,false,SMALL_STEP,287,32.269247,0.010378477342976433,5.384778374603339e-8,false
DECONVC,63,1,UNIF_SAR1_PH0_ATR0_SQP_EXPONENTIAL,true,false,false,SMALL_STEP,418,51.520265,0.009086756195432175,3.95964095331761e-8,false
DECONVC,63,1,UNIF_SAR1_PH0_ATR0_SQP_QUASI_NEWTON,true,false,false,SMALL_STEP,1045,316.053329,0.0031043302913603197,2.3237594498998834e-8,false
DECONVU,63,0,UNIF_SAR1_PH0_ATR0_SQP_IDENTITY,true,false,false,SMALL_STEP,626,49.782742,0.004508804606243502,0.0,false
DECONVU,63,0,UNIF_SAR1_PH0_ATR0_SQP_SPECTRAL,true,false,false,SMALL_STEP,26,1.996282,6.758776359976046e-5,0.0,false
DECONVU,63,0,UNIF_SAR1_PH0_ATR0_SQP_RECIPROCAL,true,false,false,SMALL_STEP,512,43.129672,0.01895111061648103,0.0,false
DECONVU,63,0,UNIF_SAR1_PH0_ATR0_SQP_EXPONENTIAL,true,false,false,SMALL_STEP,723,66.009125,0.010754235047985594,0.0,false
DECONVU,63,0,UNIF_SAR1_PH0_ATR0_SQP_QUASI_NEWTON,true,false,false,SMALL_STEP,349,28.909157,0.0007298069369690344,0.0,false
DEGDIAG,100001,0,UNIF_SAR1_PH0_ATR0_SQP_IDENTITY,true,false,false,KKT_OK,8,788.6087779999999,16666.58333417036,0.0,false
DEGDIAG,100001,0,UNIF_SAR1_PH0_ATR0_SQP_SPECTRAL,true,false,false,KKT_OK,8,873.140704,16666.58333417036,0.0,false
DEGDIAG,100001,0,UNIF_SAR1_PH0_ATR0_SQP_RECIPROCAL,true,false,false,KKT_OK,8,845.350505,16666.58333417036,0.0,false
DEGDIAG,100001,0,UNIF_SAR1_PH0_ATR0_SQP_EXPONENTIAL,true,false,false,KKT_OK,8,885.804085,16666.58333417036,0.0,false
DEGDIAG,100001,0,UNIF_SAR1_PH0_ATR0_SQP_QUASI_NEWTON,true,false,false,KKT_OK,8,860.554656,16666.58333417036,0.0,false
DEGTRID,100001,0,UNIF_SAR1_PH0_ATR0_SQP_IDENTITY,true,false,false,SMALL_STEP,22,2485.99108,-99999.47507266846,0.0,false
DEGTRID,100001,0,UNIF_SAR1_PH0_ATR0_SQP_SPECTRAL,true,false,false,KKT_OK,27,2768.078221,-99999.49998233502,0.0,false
DEGTRID,100001,0,UNIF_SAR1_PH0_ATR0_SQP_RECIPROCAL,true,false,false,SMALL_STEP,19,2142.976413,-99999.24040261292,0.0,false
DEGTRID,100001,0,UNIF_SAR1_PH0_ATR0_SQP_EXPONENTIAL,true,false,false,SMALL_STEP,19,2191.609335,-99999.44318026994,0.0,false
DEGTRID,100001,0,UNIF_SAR1_PH0_ATR0_SQP_QUASI_NEWTON,true,false,false,KKT_OK,78,6096.309091,-99999.49996109198,0.0,false
DEGTRID2,100001,0,UNIF_SAR1_PH0_ATR0_SQP_IDENTITY,true,false,false,KKT_OK,8,449.62503,-99999.5,0.0,false
DEGTRID2,100001,0,UNIF_SAR1_PH0_ATR0_SQP_SPECTRAL,true,false,false,KKT_OK,11,705.462677,-99999.49999999984,0.0,false
DEGTRID2,100001,0,UNIF_SAR1_PH0_ATR0_SQP_RECIPROCAL,true,false,false,KKT_OK,8,428.18018800000004,-99999.49999999999,0.0,false
DEGTRID2,100001,0,UNIF_SAR1_PH0_ATR0_SQP_EXPONENTIAL,true,false,false,KKT_OK,8,470.836953,-99999.50000000001,0.0,false
DEGTRID2,100001,0,UNIF_SAR1_PH0_ATR0_SQP_QUASI_NEWTON,true,false,false,KKT_OK,8,518.569406,-99999.50000000003,0.0,false
DEGTRIDL,100001,1,UNIF_SAR1_PH0_ATR0_SQP_IDENTITY,true,false,false,SMALL_STEP,177,15023.377247,0.5000977118470473,1.2214549283129372e-7,false
DEGTRIDL,100001,1,UNIF_SAR1_PH0_ATR0_SQP_SPECTRAL,true,false,false,KKT_OK,29,2791.7697719999996,0.5000186698889593,2.3184139053000763e-9,false
DEGTRIDL,100001,1,UNIF_SAR1_PH0_ATR0_SQP_RECIPROCAL,true,false,false,SMALL_STEP,149,12654.407944,0.5000391047797166,2.9794292899509855e-7,false
DEGTRIDL,100001,1,UNIF_SAR1_PH0_ATR0_SQP_EXPONENTIAL,true,false,false,KKT_OK,34,3117.2958839999997,0.5000029059010558,4.3898187973567815e-8,false
DEGTRIDL,100001,1,UNIF_SAR1_PH0_ATR0_SQP_QUASI_NEWTON,true,false,false,KKT_OK,34,3208.383191,0.500005571913789,9.308950865705157e-8,false
DENSCHNA,2,0,UNIF_SAR1_PH0_ATR0_SQP_IDENTITY,true,false,false,KKT_OK,10,0.306381,2.165869743847542e-16,0.0,false
DENSCHNA,2,0,UNIF_SAR1_PH0_ATR0_SQP_SPECTRAL,true,false,false,KKT_OK,17,0.47337300000000004,4.0806258039121013e-11,0.0,false
DENSCHNA,2,0,UNIF_SAR1_PH0_ATR0_SQP_RECIPROCAL,true,false,false,KKT_OK,10,0.261276,5.590999114711721e-16,0.0,false
DENSCHNA,2,0,UNIF_SAR1_PH0_ATR0_SQP_EXPONENTIAL,true,false,false,KKT_OK,13,0.340644,2.743347761537704e-8,0.0,false
DENSCHNA,2,0,UNIF_SAR1_PH0_ATR0_SQP_QUASI_NEWTON,true,false,false,KKT_OK,22,0.52928,2.6598086214170086e-8,0.0,false
DENSCHNB,2,0,UNIF_SAR1_PH0_ATR0_SQP_IDENTITY,true,false,false,KKT_OK,11,0.298348,6.784553770354063e-17,0.0,false
DENSCHNB,2,0,UNIF_SAR1_PH0_ATR0_SQP_SPECTRAL,true,false,false,KKT_OK,10,0.252106,1.048226354920578e-15,0.0,false
DENSCHNB,2,0,UNIF_SAR1_PH0_ATR0_SQP_RECIPROCAL,true,false,false,KKT_OK,28,0.714574,6.497464565821831e-8,0.0,false
DENSCHNB,2,0,UNIF_SAR1_PH0_ATR0_SQP_EXPONENTIAL,true,false,false,KKT_OK,23,0.585415,1.264367127050284e-7,0.0,false
DENSCHNB,2,0,UNIF_SAR1_PH0_ATR0_SQP_QUASI_NEWTON,true,false,false,KKT_OK,10,0.255521,1.2523955731288783e-26,0.0,false
DENSCHNC,2,0,UNIF_SAR1_PH0_ATR0_SQP_IDENTITY,true,false,false,SMALL_STEP,127,3.042216,2.3472585789753315e-7,0.0,false
DENSCHNC,2,0,UNIF_SAR1_PH0_ATR0_SQP_SPECTRAL,true,false,false,KKT_OK,28,0.673361,8.212457391734582e-12,0.0,false
DENSCHNC,2,0,UNIF_SAR1_PH0_ATR0_SQP_RECIPROCAL,true,false,false,KKT_OK,137,3.307384,3.182937573708937e-8,0.0,false
DENSCHNC,2,0,UNIF_SAR1_PH0_ATR0_SQP_EXPONENTIAL,true,false,false,KKT_OK,67,1.668762,8.448554978485817e-8,0.0,false
DENSCHNC,2,0,UNIF_SAR1_PH0_ATR0_SQP_QUASI_NEWTON,true,false,false,KKT_OK,74,1.8213730000000001,1.8564858385198943e-7,0.0,false
DENSCHND,3,0,UNIF_SAR1_PH0_ATR0_SQP_IDENTITY,true,false,false,KKT_OK,284,8.965556,6.161929573397603e-6,0.0,false
DENSCHND,3,0,UNIF_SAR1_PH0_ATR0_SQP_SPECTRAL,true,false,false,KKT_OK,317,10.012856000000001,2.852960967804974e-5,0.0,false
DENSCHND,3,0,UNIF_SAR1_PH0_ATR0_SQP_RECIPROCAL,true,false,false,KKT_OK,381,12.151169,3.371721367087005e-5,0.0,false
DENSCHND,3,0,UNIF_SAR1_PH0_ATR0_SQP_EXPONENTIAL,true,false,false,KKT_OK,553,18.385711,4.825770917505913e-6,0.0,false
DENSCHND,3,0,UNIF_SAR1_PH0_ATR0_SQP_QUASI_NEWTON,true,false,false,KKT_OK,378,12.32005,3.309440283404487e-5,0.0,false
DENSCHNE,3,0,UNIF_SAR1_PH0_ATR0_SQP_IDENTITY,true,false,false,KKT_OK,36,1.158212,0.9992013086593501,0.0,false
DENSCHNE,3,0,UNIF_SAR1_PH0_ATR0_SQP_SPECTRAL,true,false,false,KKT_OK,14,0.461791,0.9993190554705549,0.0,false
DENSCHNE,3,0,UNIF_SAR1_PH0_ATR0_SQP_RECIPROCAL,true,false,false,KKT_OK,36,1.175604,2.0665811969926735e-8,0.0,false
DENSCHNE,3,0,UNIF_SAR1_PH0_ATR0_SQP_EXPONENTIAL,true,false,false,KKT_OK,26,0.8647750000000001,4.802775593160335e-8,0.0,false
DENSCHNE,3,0,UNIF_SAR1_PH0_ATR0_SQP_QUASI_NEWTON,true,false,false,KKT_OK,19,0.62811,1.264975777276215e-13,0.0,false
DENSCHNF,2,0,UNIF_SAR1_PH0_ATR0_SQP_IDENTITY,true,false,false,KKT_OK,10,0.342406,2.3381297541133238e-18,0.0,false
DENSCHNF,2,0,UNIF_SAR1_PH0_ATR0_SQP_SPECTRAL,true,false,false,SMALL_STEP,17,0.5574389999999999,2.6110377516627786e-8,0.0,false
DENSCHNF,2,0,UNIF_SAR1_PH0_ATR0_SQP_RECIPROCAL,true,false,false,SMALL_STEP,38,1.2463520000000001,7.491209407568851e-8,0.0,false
DENSCHNF,2,0,UNIF_SAR1_PH0_ATR0_SQP_EXPONENTIAL,true,false,false,SMALL_STEP,30,1.0103270000000002,1.9964281573900753e-7,0.0,false
DENSCHNF,2,0,UNIF_SAR1_PH0_ATR0_SQP_QUASI_NEWTON,true,false,false,SMALL_STEP,18,0.588916,2.1389038739247536e-12,0.0,false
DEVGLA1,4,0,UNIF_SAR1_PH0_ATR0_SQP_IDENTITY,true,false,false,MAX_IT,5000,153.92086799999998,17227.583496987038,0.0,false
DEVGLA1,4,0,UNIF_SAR1_PH0_ATR0_SQP_SPECTRAL,true,false,false,MAX_IT,5000,170.18751400000002,17075.26199902869,0.0,false
DEVGLA1,4,0,UNIF_SAR1_PH0_ATR0_SQP_RECIPROCAL,true,false,false,MAX_IT,5000,177.15829499999998,17227.583248161332,0.0,false
DEVGLA1,4,0,UNIF_SAR1_PH0_ATR0_SQP_EXPONENTIAL,true,false,false,MAX_IT,5000,190.432471,16207.07305948067,0.0,false
DEVGLA1,4,0,UNIF_SAR1_PH0_ATR0_SQP_QUASI_NEWTON,true,false,false,SMALL_STEP,1112,83.05909,46.93180985668049,0.0,false
DEVGLA1B,4,0,UNIF_SAR1_PH0_ATR0_SQP_IDENTITY,true,false,false,MAX_IT,5000,169.596978,17227.583496987038,0.0,false
DEVGLA1B,4,0,UNIF_SAR1_PH0_ATR0_SQP_SPECTRAL,true,false,false,MAX_IT,5000,173.121829,17075.26199902869,0.0,false
DEVGLA1B,4,0,UNIF_SAR1_PH0_ATR0_SQP_RECIPROCAL,true,false,false,MAX_IT,5000,204.703616,17227.583248161332,0.0,false
DEVGLA1B,4,0,UNIF_SAR1_PH0_ATR0_SQP_EXPONENTIAL,true,false,false,MAX_IT,5000,158.325155,16207.07305948067,0.0,false
DEVGLA1B,4,0,UNIF_SAR1_PH0_ATR0_SQP_QUASI_NEWTON,true,false,false,SMALL_STEP,1240,44.26303,0.09087761995695523,0.0,false
DEVGLA2,5,0,UNIF_SAR1_PH0_ATR0_SQP_IDENTITY,true,false,false,MAX_IT,5000,215.09883699999997,936.5486770048294,0.0,false
DEVGLA2,5,0,UNIF_SAR1_PH0_ATR0_SQP_SPECTRAL,true,false,false,MAX_IT,5000,153.65183399999998,879.7876218034343,0.0,false
DEVGLA2,5,0,UNIF_SAR1_PH0_ATR0_SQP_RECIPROCAL,true,false,false,MAX_IT,5000,187.886617,925.7467250586812,0.0,false
DEVGLA2,5,0,UNIF_SAR1_PH0_ATR0_SQP_EXPONENTIAL,true,false,false,MAX_IT,5000,200.529931,858.2942987116114,0.0,false
DEVGLA2,5,0,UNIF_SAR1_PH0_ATR0_SQP_QUASI_NEWTON,true,false,false,SMALL_STEP,742,28.239805,6.61806736677206,0.0,false
DEVGLA2B,5,0,UNIF_SAR1_PH0_ATR0_SQP_IDENTITY,true,false,false,MAX_IT,5000,149.443301,10642.837990908853,0.0,false
DEVGLA2B,5,0,UNIF_SAR1_PH0_ATR0_SQP_SPECTRAL,true,false,false,MAX_IT,5000,175.80086,10654.539887203837,0.0,false
DEVGLA2B,5,0,UNIF_SAR1_PH0_ATR0_SQP_RECIPROCAL,true,false,false,MAX_IT,5000,192.033886,10642.731172153244,0.0,false
DEVGLA2B,5,0,UNIF_SAR1_PH0_ATR0_SQP_EXPONENTIAL,true,false,false,MAX_IT,5000,202.66664,10642.8931484319,0.0,false
DEVGLA2B,5,0,UNIF_SAR1_PH0_ATR0_SQP_QUASI_NEWTON,true,false,false,SMALL_STEP,4876,202.52266999999998,10640.468441417874,0.0,false
DGOSPEC,3,0,UNIF_SAR1_PH0_ATR0_SQP_IDENTITY,true,false,false,SMALL_STEP,1896,60.566734,-993.3406497087138,0.0,false
DGOSPEC,3,0,UNIF_SAR1_PH0_ATR0_SQP_SPECTRAL,true,false,false,SMALL_STEP,2251,107.866315,-992.9561587330321,0.0,false
DGOSPEC,3,0,UNIF_SAR1_PH0_ATR0_SQP_RECIPROCAL,true,false,false,MAX_IT,5000,127.87268299999998,-991.8203531322241,0.0,false
DGOSPEC,3,0,UNIF_SAR1_PH0_ATR0_SQP_EXPONENTIAL,true,false,false,SMALL_STEP,3363,108.368775,-993.3468673580618,0.0,false
DGOSPEC,3,0,UNIF_SAR1_PH0_ATR0_SQP_QUASI_NEWTON,true,false,false,SMALL_STEP,13,0.482729,-993.3506218010729,0.0,false
DIAGIQB,10,0,UNIF_SAR1_PH0_ATR0_SQP_IDENTITY,true,false,false,MAX_IT,5000,189.785805,-2.5357277851648405e8,0.0,false
DIAGIQB,10,0,UNIF_SAR1_PH0_ATR0_SQP_SPECTRAL,true,false,false,MAX_IT,5000,194.239452,-2.5357277851648405e8,0.0,false
DIAGIQB,10,0,UNIF_SAR1_PH0_ATR0_SQP_RECIPROCAL,true,false,false,MAX_IT,5000,242.125314,-2.535727760251831e8,0.0,false
DIAGIQB,10,0,UNIF_SAR1_PH0_ATR0_SQP_EXPONENTIAL,true,false,false,MAX_IT,5000,158.086623,-2.5357277815137324e8,0.0,false
DIAGIQB,10,0,UNIF_SAR1_PH0_ATR0_SQP_QUASI_NEWTON,true,false,false,MAX_IT,5000,190.225106,-2.5357277864376444e8,0.0,false
DIAGIQE,1000,0,UNIF_SAR1_PH0_ATR0_SQP_IDENTITY,true,false,false,MAX_IT,5000,3410.8777419999997,-1.558424519158424e12,0.0,false
DIAGIQE,1000,0,UNIF_SAR1_PH0_ATR0_SQP_SPECTRAL,true,false,false,MAX_IT,5000,3303.1120610000003,-1.549380003735035e12,0.0,false
DIAGIQE,1000,0,UNIF_SAR1_PH0_ATR0_SQP_RECIPROCAL,true,false,false,MAX_IT,5000,3291.543443,-1.5584245229101218e12,0.0,false
DIAGIQE,1000,0,UNIF_SAR1_PH0_ATR0_SQP_EXPONENTIAL,true,false,false,MAX_IT,5000,3611.249002,-1.558424528803397e12,0.0,false
DIAGIQE,1000,0,UNIF_SAR1_PH0_ATR0_SQP_QUASI_NEWTON,true,false,false,MAX_IT,5000,2870.139295,-1.5584245379187612e12,0.0,false
DIAGIQT,1000,0,UNIF_SAR1_PH0_ATR0_SQP_IDENTITY,true,false,false,MAX_IT,5000,3396.433322,-8.655466546525122e11,0.0,false
DIAGIQT,1000,0,UNIF_SAR1_PH0_ATR0_SQP_SPECTRAL,true,false,false,MAX_IT,5000,4084.2194230000005,-8.65386320075469e11,0.0,false
DIAGIQT,1000,0,UNIF_SAR1_PH0_ATR0_SQP_RECIPROCAL,true,false,false,MAX_IT,5000,3367.945229,-8.655466560863605e11,0.0,false
DIAGIQT,1000,0,UNIF_SAR1_PH0_ATR0_SQP_EXPONENTIAL,true,false,false,MAX_IT,5000,3448.978053,-8.655466656137505e11,0.0,false
DIAGIQT,1000,0,UNIF_SAR1_PH0_ATR0_SQP_QUASI_NEWTON,true,false,false,MAX_IT,5000,2807.110999,-8.655466850299711e11,0.0,false
DIAGNQB,1000,0,UNIF_SAR1_PH0_ATR0_SQP_IDENTITY,true,false,false,MAX_IT,5000,3041.6420839999996,-8.322093254203968e12,0.0,false
DIAGNQB,1000,0,UNIF_SAR1_PH0_ATR0_SQP_SPECTRAL,true,false,false,MAX_IT,5000,3252.3694010000004,-8.322093254203968e12,0.0,false
DIAGNQB,1000,0,UNIF_SAR1_PH0_ATR0_SQP_RECIPROCAL,true,false,false,MAX_IT,5000,2909.1133870000003,-8.322093252987984e12,0.0,false
DIAGNQB,1000,0,UNIF_SAR1_PH0_ATR0_SQP_EXPONENTIAL,true,false,false,MAX_IT,5000,2999.4801660000003,-8.322093252943926e12,0.0,false
DIAGNQB,1000,0,UNIF_SAR1_PH0_ATR0_SQP_QUASI_NEWTON,true,false,false,MAX_IT,5000,2888.252228,-8.322093252959329e12,0.0,false
DIAGNQE,1000,0,UNIF_SAR1_PH0_ATR0_SQP_IDENTITY,true,false,false,MAX_IT,5000,2832.1954140000003,-6.2524792637277295e12,0.0,false
DIAGNQE,1000,0,UNIF_SAR1_PH0_ATR0_SQP_SPECTRAL,true,false,false,MAX_IT,5000,3074.680676,-6.2524792637277295e12,0.0,false
DIAGNQE,1000,0,UNIF_SAR1_PH0_ATR0_SQP_RECIPROCAL,true,false,false,MAX_IT,5000,2734.130021,-6.252479284201826e12,0.0,false
DIAGNQE,1000,0,UNIF_SAR1_PH0_ATR0_SQP_EXPONENTIAL,true,false,false,MAX_IT,5000,2795.978673,-6.25247928397057e12,0.0,false
DIAGNQE,1000,0,UNIF_SAR1_PH0_ATR0_SQP_QUASI_NEWTON,true,false,false,MAX_IT,5000,2715.572505,-6.252479283971135e12,0.0,false
DIAGNQT,1000,0,UNIF_SAR1_PH0_ATR0_SQP_IDENTITY,true,false,false,MAX_IT,5000,3398.970632,-4.170410579331539e12,0.0,false
DIAGNQT,1000,0,UNIF_SAR1_PH0_ATR0_SQP_SPECTRAL,true,false,false,MAX_IT,5000,3640.841491,-4.170410579331539e12,0.0,false
DIAGNQT,1000,0,UNIF_SAR1_PH0_ATR0_SQP_RECIPROCAL,true,false,false,MAX_IT,5000,3273.654041,-4.170410477680479e12,0.0,false
DIAGNQT,1000,0,UNIF_SAR1_PH0_ATR0_SQP_EXPONENTIAL,true,false,false,MAX_IT,5000,3347.395831,-4.1704105413807017e12,0.0,false
DIAGNQT,1000,0,UNIF_SAR1_PH0_ATR0_SQP_QUASI_NEWTON,true,false,false,MAX_IT,5000,3263.376651,-4.170410580437372e12,0.0,false
DIAGPQB,1000,0,UNIF_SAR1_PH0_ATR0_SQP_IDENTITY,true,false,false,MAX_IT,5000,3026.191287,-61.43022000366736,0.0,false
DIAGPQB,1000,0,UNIF_SAR1_PH0_ATR0_SQP_SPECTRAL,true,false,false,SMALL_STEP,1166,609.766575,-208.18946707059874,0.0,false
DIAGPQB,1000,0,UNIF_SAR1_PH0_ATR0_SQP_RECIPROCAL,true,false,false,SMALL_STEP,10,5.413676,-5.550596750991617e-5,0.0,false
DIAGPQB,1000,0,UNIF_SAR1_PH0_ATR0_SQP_EXPONENTIAL,true,false,false,MAX_IT,5000,3540.8247140000003,-43.770975492416596,0.0,false
DIAGPQB,1000,0,UNIF_SAR1_PH0_ATR0_SQP_QUASI_NEWTON,true,false,false,MAX_IT,5000,2488.0876120000003,-821.9394899903209,0.0,false
DIAGPQE,1000,0,UNIF_SAR1_PH0_ATR0_SQP_IDENTITY,true,false,false,SMALL_STEP,138,73.686747,-2.5597368719460962,0.0,false
DIAGPQE,1000,0,UNIF_SAR1_PH0_ATR0_SQP_SPECTRAL,true,false,false,SMALL_STEP,123,61.625530999999995,-3.645921281477575,0.0,false
DIAGPQE,1000,0,UNIF_SAR1_PH0_ATR0_SQP_RECIPROCAL,true,false,false,SMALL_STEP,10,5.472632,-8.41984303587707e-5,0.0,false
DIAGPQE,1000,0,UNIF_SAR1_PH0_ATR0_SQP_EXPONENTIAL,true,false,false,SMALL_STEP,15,9.029865999999998,-3.711293990429293,0.0,false
DIAGPQE,1000,0,UNIF_SAR1_PH0_ATR0_SQP_QUASI_NEWTON,true,false,false,KKT_OK,8,4.0872779999999995,-3.7427354302751716,0.0,false
DIAGPQT,1000,0,UNIF_SAR1_PH0_ATR0_SQP_IDENTITY,true,false,false,SMALL_STEP,44,22.607675,-1.1971024527924814,0.0,false
DIAGPQT,1000,0,UNIF_SAR1_PH0_ATR0_SQP_SPECTRAL,true,false,false,SMALL_STEP,118,59.035161,-2.0899447988596425,0.0,false
DIAGPQT,1000,0,UNIF_SAR1_PH0_ATR0_SQP_RECIPROCAL,true,false,false,SMALL_STEP,10,5.600843,-8.918450417590447e-5,0.0,false
DIAGPQT,1000,0,UNIF_SAR1_PH0_ATR0_SQP_EXPONENTIAL,true,false,false,SMALL_STEP,15,9.200878,-2.7935844914320147,0.0,false
DIAGPQT,1000,0,UNIF_SAR1_PH0_ATR0_SQP_QUASI_NEWTON,true,false,false,SMALL_STEP,1131,633.881035,-501.7262201975633,0.0,false
DIAMON2DLS,66,0,UNIF_SAR1_PH0_ATR0_SQP_IDENTITY,true,false,false,MAX_IT,5000,6185.359391000001,9174.448283082638,0.0,false
DIAMON2DLS,66,0,UNIF_SAR1_PH0_ATR0_SQP_SPECTRAL,true,false,false,MAX_IT,5000,6248.4120570000005,9252.556205616973,0.0,false
DIAMON2DLS,66,0,UNIF_SAR1_PH0_ATR0_SQP_RECIPROCAL,true,false,false,SMALL_STEP,4325,10403.054316,9077.11142387976,0.0,false
DIAMON2DLS,66,0,UNIF_SAR1_PH0_ATR0_SQP_EXPONENTIAL,true,false,false,SMALL_STEP,3302,11447.146345000001,7642.164736296633,0.0,false
DIAMON2DLS,66,0,UNIF_SAR1_PH0_ATR0_SQP_QUASI_NEWTON,true,false,false,SMALL_STEP,2784,6116.835314,8779.165852694672,0.0,false
DIAMON3DLS,99,0,UNIF_SAR1_PH0_ATR0_SQP_IDENTITY,true,false,false,SMALL_STEP,1173,1777.045728,5829.182236360764,0.0,false
DIAMON3DLS,99,0,UNIF_SAR1_PH0_ATR0_SQP_SPECTRAL,true,false,false,SMALL_STEP,1761,3008.908178,4196.566216540471,0.0,false
DIAMON3DLS,99,0,UNIF_SAR1_PH0_ATR0_SQP_RECIPROCAL,true,false,false,SMALL_STEP,1739,5381.036207,466.75108147607904,0.0,false
DIAMON3DLS,99,0,UNIF_SAR1_PH0_ATR0_SQP_EXPONENTIAL,true,false,false,SMALL_STEP,770,3669.522504,8165.684453330948,0.0,false
DIAMON3DLS,99,0,UNIF_SAR1_PH0_ATR0_SQP_QUASI_NEWTON,true,false,false,SMALL_STEP,242,721.601346,480.33680748191057,0.0,false
DIXMAANA1,3,0,UNIF_SAR1_PH0_ATR0_SQP_IDENTITY,true,false,false,KKT_OK,28,0.7903479999999999,1.0000000498574722,0.0,false
DIXMAANA1,3,0,UNIF_SAR1_PH0_ATR0_SQP_SPECTRAL,true,false,false,KKT_OK,11,0.329469,1.000000000000016,0.0,false
DIXMAANA1,3,0,UNIF_SAR1_PH0_ATR0_SQP_RECIPROCAL,true,false,false,KKT_OK,28,0.7900389999999999,1.0000000512244285,0.0,false
DIXMAANA1,3,0,UNIF_SAR1_PH0_ATR0_SQP_EXPONENTIAL,true,false,false,KKT_OK,16,0.467413,1.0000000629958377,0.0,false
DIXMAANA1,3,0,UNIF_SAR1_PH0_ATR0_SQP_QUASI_NEWTON,true,false,false,KKT_OK,13,0.36983699999999997,1.0000000000141642,0.0,false
DIXMAANB,3000,0,UNIF_SAR1_PH0_ATR0_SQP_IDENTITY,true,false,false,KKT_OK,12,14.360527,1.000000000000003,0.0,false
DIXMAANB,3000,0,UNIF_SAR1_PH0_ATR0_SQP_SPECTRAL,true,false,false,KKT_OK,12,15.886247999999998,1.0000000000000013,0.0,false
DIXMAANB,3000,0,UNIF_SAR1_PH0_ATR0_SQP_RECIPROCAL,true,false,false,KKT_OK,12,15.441421,1.0000000000000016,0.0,false
DIXMAANB,3000,0,UNIF_SAR1_PH0_ATR0_SQP_EXPONENTIAL,true,false,false,SMALL_STEP,21,30.619131,1.0000312267233613,0.0,false
DIXMAANB,3000,0,UNIF_SAR1_PH0_ATR0_SQP_QUASI_NEWTON,true,false,false,KKT_OK,13,17.966308,1.0000000000002531,0.0,false
DIXMAANC,3000,0,UNIF_SAR1_PH0_ATR0_SQP_IDENTITY,true,false,false,KKT_OK,12,38.438886,1.0000000000000056,0.0,false
DIXMAANC,3000,0,UNIF_SAR1_PH0_ATR0_SQP_SPECTRAL,true,false,false,KKT_OK,13,16.914222,1.0000000000021032,0.0,false
DIXMAANC,3000,0,UNIF_SAR1_PH0_ATR0_SQP_RECIPROCAL,true,false,false,KKT_OK,12,15.442066,1.0000000000000033,0.0,false
DIXMAANC,3000,0,UNIF_SAR1_PH0_ATR0_SQP_EXPONENTIAL,true,false,false,SMALL_STEP,18,26.031431,1.0000405085488588,0.0,false
DIXMAANC,3000,0,UNIF_SAR1_PH0_ATR0_SQP_QUASI_NEWTON,true,false,false,KKT_OK,18,23.749523,1.0000000073588475,0.0,false
DIXMAAND,3000,0,UNIF_SAR1_PH0_ATR0_SQP_IDENTITY,true,false,false,KKT_OK,12,16.351646000000002,1.0000000000000113,0.0,false
DIXMAAND,3000,0,UNIF_SAR1_PH0_ATR0_SQP_SPECTRAL,true,false,false,KKT_OK,15,43.901693,1.0000000000272642,0.0,false
DIXMAAND,3000,0,UNIF_SAR1_PH0_ATR0_SQP_RECIPROCAL,true,false,false,KKT_OK,12,15.129928000000001,1.0000000000000069,0.0,false
DIXMAAND,3000,0,UNIF_SAR1_PH0_ATR0_SQP_EXPONENTIAL,true,false,false,SMALL_STEP,27,41.786153999999996,1.0013436807260596,0.0,false
DIXMAAND,3000,0,UNIF_SAR1_PH0_ATR0_SQP_QUASI_NEWTON,true,false,false,KKT_OK,16,21.135272,1.0000000088180974,0.0,false
DIXMAANE1,3000,0,UNIF_SAR1_PH0_ATR0_SQP_IDENTITY,true,false,false,SMALL_STEP,694,1095.169859,1.0019245387203994,0.0,false
DIXMAANE1,3000,0,UNIF_SAR1_PH0_ATR0_SQP_SPECTRAL,true,false,false,KKT_OK,145,211.053313,1.0008766881087159,0.0,false
DIXMAANE1,3000,0,UNIF_SAR1_PH0_ATR0_SQP_RECIPROCAL,true,false,false,KKT_OK,12,17.925793,1.0,0.0,false
DIXMAANE1,3000,0,UNIF_SAR1_PH0_ATR0_SQP_EXPONENTIAL,true,false,false,KKT_OK,19,31.165387,1.0012416821787828,0.0,false
DIXMAANE1,3000,0,UNIF_SAR1_PH0_ATR0_SQP_QUASI_NEWTON,true,false,false,KKT_OK,52,102.543362,1.000002285772414,0.0,false
DIXMAANF,3000,0,UNIF_SAR1_PH0_ATR0_SQP_IDENTITY,true,false,false,SMALL_STEP,173,277.99431400000003,1.0039874873906536,0.0,false
DIXMAANF,3000,0,UNIF_SAR1_PH0_ATR0_SQP_SPECTRAL,true,false,false,KKT_OK,66,116.516666,1.0008167774989756,0.0,false
DIXMAANF,3000,0,UNIF_SAR1_PH0_ATR0_SQP_RECIPROCAL,true,false,false,KKT_OK,12,15.593439,1.0000000000000004,0.0,false
DIXMAANF,3000,0,UNIF_SAR1_PH0_ATR0_SQP_EXPONENTIAL,true,false,false,KKT_OK,256,437.41296,1.0010466710601666,0.0,false
DIXMAANF,3000,0,UNIF_SAR1_PH0_ATR0_SQP_QUASI_NEWTON,true,false,false,KKT_OK,25,36.018804,1.000000823032554,0.0,false
DIXMAANG,3000,0,UNIF_SAR1_PH0_ATR0_SQP_IDENTITY,true,false,false,SMALL_STEP,155,258.443465,1.002189517444901,0.0,false
DIXMAANG,3000,0,UNIF_SAR1_PH0_ATR0_SQP_SPECTRAL,true,false,false,KKT_OK,53,69.35364700000001,1.0014298814233036,0.0,false
DIXMAANG,3000,0,UNIF_SAR1_PH0_ATR0_SQP_RECIPROCAL,true,false,false,KKT_OK,12,15.872928000000002,1.0000000000000009,0.0,false
DIXMAANG,3000,0,UNIF_SAR1_PH0_ATR0_SQP_EXPONENTIAL,true,false,false,SMALL_STEP,56,91.502605,1.0015335949141733,0.0,false
DIXMAANG,3000,0,UNIF_SAR1_PH0_ATR0_SQP_QUASI_NEWTON,true,false,false,KKT_OK,22,34.397496,1.0000123028100159,0.0,false
DIXMAANH,3000,0,UNIF_SAR1_PH0_ATR0_SQP_IDENTITY,true,false,false,SMALL_STEP,34,49.928545,1.0019462827731709,0.0,false
DIXMAANH,3000,0,UNIF_SAR1_PH0_ATR0_SQP_SPECTRAL,true,false,false,KKT_OK,39,56.741045,1.0014476454656376,0.0,false
DIXMAANH,3000,0,UNIF_SAR1_PH0_ATR0_SQP_RECIPROCAL,true,false,false,KKT_OK,12,17.888717,1.0000000000000013,0.0,false
DIXMAANH,3000,0,UNIF_SAR1_PH0_ATR0_SQP_EXPONENTIAL,true,false,false,SMALL_STEP,209,387.906948,1.0000712127461924,0.0,false
DIXMAANH,3000,0,UNIF_SAR1_PH0_ATR0_SQP_QUASI_NEWTON,true,false,false,KKT_OK,24,35.236415,1.0000415921690289,0.0,false
DIXMAANI1,3000,0,UNIF_SAR1_PH0_ATR0_SQP_IDENTITY,true,false,false,KKT_OK,231,391.660881,1.0032060523665907,0.0,false
DIXMAANI1,3000,0,UNIF_SAR1_PH0_ATR0_SQP_SPECTRAL,true,false,false,KKT_OK,159,214.087161,1.0274017944653249,0.0,false
DIXMAANI1,3000,0,UNIF_SAR1_PH0_ATR0_SQP_RECIPROCAL,true,false,false,KKT_OK,12,39.029024,1.0000000000000004,0.0,false
DIXMAANI1,3000,0,UNIF_SAR1_PH0_ATR0_SQP_EXPONENTIAL,true,false,false,KKT_OK,27,42.911967000000004,1.0059738311874526,0.0,false
DIXMAANI1,3000,0,UNIF_SAR1_PH0_ATR0_SQP_QUASI_NEWTON,true,false,false,KKT_OK,18,24.979062,1.000001037850262,0.0,false
DIXMAANJ,3000,0,UNIF_SAR1_PH0_ATR0_SQP_IDENTITY,true,false,false,KKT_OK,136,224.995816,1.0100842591520087,0.0,false
DIXMAANJ,3000,0,UNIF_SAR1_PH0_ATR0_SQP_SPECTRAL,true,false,false,KKT_OK,46,64.314315,1.0072375304812249,0.0,false
DIXMAANJ,3000,0,UNIF_SAR1_PH0_ATR0_SQP_RECIPROCAL,true,false,false,KKT_OK,12,17.633952,1.0,0.0,false
DIXMAANJ,3000,0,UNIF_SAR1_PH0_ATR0_SQP_EXPONENTIAL,true,false,false,KKT_OK,78,147.345597,1.0012179421128438,0.0,false
DIXMAANJ,3000,0,UNIF_SAR1_PH0_ATR0_SQP_QUASI_NEWTON,true,false,false,KKT_OK,19,25.78476,1.0000148082921105,0.0,false
DIXMAANK,3000,0,UNIF_SAR1_PH0_ATR0_SQP_IDENTITY,true,false,false,KKT_OK,149,236.74836299999998,1.0096936359804594,0.0,false
DIXMAANK,3000,0,UNIF_SAR1_PH0_ATR0_SQP_SPECTRAL,true,false,false,KKT_OK,41,59.377843,1.0045641203738473,0.0,false
DIXMAANK,3000,0,UNIF_SAR1_PH0_ATR0_SQP_RECIPROCAL,true,false,false,KKT_OK,12,37.909326,1.0000000000000002,0.0,false
DIXMAANK,3000,0,UNIF_SAR1_PH0_ATR0_SQP_EXPONENTIAL,true,false,false,KKT_OK,59,94.41061,1.0035892146209788,0.0,false
DIXMAANK,3000,0,UNIF_SAR1_PH0_ATR0_SQP_QUASI_NEWTON,true,false,false,KKT_OK,23,30.767624,1.0000011678061491,0.0,false
DIXMAANL,3000,0,UNIF_SAR1_PH0_ATR0_SQP_IDENTITY,true,false,false,KKT_OK,62,88.136842,1.0015354685529525,0.0,false
DIXMAANL,3000,0,UNIF_SAR1_PH0_ATR0_SQP_SPECTRAL,true,false,false,KKT_OK,41,51.673966,1.0031973376802776,0.0,false
DIXMAANL,3000,0,UNIF_SAR1_PH0_ATR0_SQP_RECIPROCAL,true,false,false,KKT_OK,12,17.11092,1.0000000000000002,0.0,false
DIXMAANL,3000,0,UNIF_SAR1_PH0_ATR0_SQP_EXPONENTIAL,true,false,false,KKT_OK,46,79.000494,1.0031220186384593,0.0,false
DIXMAANL,3000,0,UNIF_SAR1_PH0_ATR0_SQP_QUASI_NEWTON,true,false,false,KKT_OK,32,68.037789,1.0000185950303502,0.0,false
DIXMAANM1,3000,0,UNIF_SAR1_PH0_ATR0_SQP_IDENTITY,true,false,false,KKT_OK,280,472.827411,1.0194934315111202,0.0,false
DIXMAANM1,3000,0,UNIF_SAR1_PH0_ATR0_SQP_SPECTRAL,true,false,false,KKT_OK,157,238.06007200000002,1.0232730153958935,0.0,false
DIXMAANM1,3000,0,UNIF_SAR1_PH0_ATR0_SQP_RECIPROCAL,true,false,false,KKT_OK,26,41.847443999999996,1.0000599447057947,0.0,false
DIXMAANM1,3000,0,UNIF_SAR1_PH0_ATR0_SQP_EXPONENTIAL,true,false,false,KKT_OK,16,26.274309,1.0040057626405143,0.0,false
DIXMAANM1,3000,0,UNIF_SAR1_PH0_ATR0_SQP_QUASI_NEWTON,true,false,false,KKT_OK,13,19.492832,1.0000557086925803,0.0,false
DIXMAANN,3000,0,UNIF_SAR1_PH0_ATR0_SQP_IDENTITY,true,false,false,SMALL_STEP,825,1361.7002220000002,1.0028968398568152,0.0,false
DIXMAANN,3000,0,UNIF_SAR1_PH0_ATR0_SQP_SPECTRAL,true,false,false,KKT_OK,97,129.520557,1.0050785716275772,0.0,false
DIXMAANN,3000,0,UNIF_SAR1_PH0_ATR0_SQP_RECIPROCAL,true,false,false,KKT_OK,12,20.402079999999998,1.0000000055148124,0.0,false
DIXMAANN,3000,0,UNIF_SAR1_PH0_ATR0_SQP_EXPONENTIAL,true,false,false,KKT_OK,23,65.423362,1.0053244274495468,0.0,false
DIXMAANN,3000,0,UNIF_SAR1_PH0_ATR0_SQP_QUASI_NEWTON,true,false,false,KKT_OK,18,26.765395,1.0000002400012915,0.0,false
DIXMAANO,3000,0,UNIF_SAR1_PH0_ATR0_SQP_IDENTITY,true,false,false,SMALL_STEP,755,1244.221864,1.0020053305588288,0.0,false
DIXMAANO,3000,0,UNIF_SAR1_PH0_ATR0_SQP_SPECTRAL,true,false,false,KKT_OK,100,163.335648,1.003160947705297,0.0,false
DIXMAANO,3000,0,UNIF_SAR1_PH0_ATR0_SQP_RECIPROCAL,true,false,false,KKT_OK,12,18.589859999999998,1.0000000030004264,0.0,false
DIXMAANO,3000,0,UNIF_SAR1_PH0_ATR0_SQP_EXPONENTIAL,true,false,false,KKT_OK,1725,3201.9200090000004,1.0061985734524523,0.0,false
DIXMAANO,3000,0,UNIF_SAR1_PH0_ATR0_SQP_QUASI_NEWTON,true,false,false,KKT_OK,26,38.38627700000001,1.0000000454242934,0.0,false
DIXMAANP,3000,0,UNIF_SAR1_PH0_ATR0_SQP_IDENTITY,true,false,false,SMALL_STEP,359,594.315935,1.006265089279551,0.0,false
DIXMAANP,3000,0,UNIF_SAR1_PH0_ATR0_SQP_SPECTRAL,true,false,false,KKT_OK,99,164.56580300000002,1.0023511293648188,0.0,false
DIXMAANP,3000,0,UNIF_SAR1_PH0_ATR0_SQP_RECIPROCAL,true,false,false,KKT_OK,12,18.166481,1.000000001259835,0.0,false
DIXMAANP,3000,0,UNIF_SAR1_PH0_ATR0_SQP_EXPONENTIAL,true,false,false,KKT_OK,37,60.757547,1.006947985460473,0.0,false
DIXMAANP,3000,0,UNIF_SAR1_PH0_ATR0_SQP_QUASI_NEWTON,true,false,false,KKT_OK,32,47.293428999999996,1.0000011795257544,0.0,false
DIXON3DQ,10000,0,UNIF_SAR1_PH0_ATR0_SQP_IDENTITY,true,false,false,SMALL_STEP,1750,9719.624671,0.08650704349857263,0.0,false
DIXON3DQ,10000,0,UNIF_SAR1_PH0_ATR0_SQP_SPECTRAL,true,false,false,KKT_OK,240,1104.139367,0.04826947313926325,0.0,false
DIXON3DQ,10000,0,UNIF_SAR1_PH0_ATR0_SQP_RECIPROCAL,true,false,false,SMALL_STEP,1417,7650.076135,0.08967421797369558,0.0,false
DIXON3DQ,10000,0,UNIF_SAR1_PH0_ATR0_SQP_EXPONENTIAL,true,false,false,SMALL_STEP,969,6018.7169699999995,0.15969142540665227,0.0,false
DIXON3DQ,10000,0,UNIF_SAR1_PH0_ATR0_SQP_QUASI_NEWTON,true,false,false,KKT_OK,3200,21125.829617,0.036207802935221564,0.0,false
DJTL,2,0,UNIF_SAR1_PH0_ATR0_SQP_IDENTITY,true,false,false,SMALL_STEP,504,12.218224,-8944.384787552557,0.0,false
DJTL,2,0,UNIF_SAR1_PH0_ATR0_SQP_SPECTRAL,true,false,false,SMALL_STEP,304,7.466302,-8943.106057786601,0.0,false
DJTL,2,0,UNIF_SAR1_PH0_ATR0_SQP_RECIPROCAL,true,false,false,SMALL_STEP,503,16.090166999999997,-8942.07027932865,0.0,false
DJTL,2,0,UNIF_SAR1_PH0_ATR0_SQP_EXPONENTIAL,true,false,false,SMALL_STEP,412,10.605162,-8946.190965453921,0.0,false
DJTL,2,0,UNIF_SAR1_PH0_ATR0_SQP_QUASI_NEWTON,true,false,false,SMALL_STEP,289,7.287279,-8946.178765317174,0.0,false
DMN15102LS,66,0,UNIF_SAR1_PH0_ATR0_SQP_IDENTITY,true,false,false,MAX_IT,5000,6189.824689,9174.448283082638,0.0,false
DMN15102LS,66,0,UNIF_SAR1_PH0_ATR0_SQP_SPECTRAL,true,false,false,MAX_IT,5000,6250.25788,9252.556205616973,0.0,false
DMN15102LS,66,0,UNIF_SAR1_PH0_ATR0_SQP_RECIPROCAL,true,false,false,SMALL_STEP,4325,10318.388374,9077.11142387976,0.0,false
DMN15102LS,66,0,UNIF_SAR1_PH0_ATR0_SQP_EXPONENTIAL,true,false,false,SMALL_STEP,3302,11466.663482,7642.164736296633,0.0,false
DMN15102LS,66,0,UNIF_SAR1_PH0_ATR0_SQP_QUASI_NEWTON,true,false,false,SMALL_STEP,2784,6108.522132,8779.165852694672,0.0,false
DMN15103LS,99,0,UNIF_SAR1_PH0_ATR0_SQP_IDENTITY,true,false,false,SMALL_STEP,1173,1780.081442,5829.182236360764,0.0,false
DMN15103LS,99,0,UNIF_SAR1_PH0_ATR0_SQP_SPECTRAL,true,false,false,SMALL_STEP,1761,2997.339585,4196.566216540471,0.0,false
DMN15103LS,99,0,UNIF_SAR1_PH0_ATR0_SQP_RECIPROCAL,true,false,false,SMALL_STEP,1739,5349.922126,466.75108147607904,0.0,false
DMN15103LS,99,0,UNIF_SAR1_PH0_ATR0_SQP_EXPONENTIAL,true,false,false,SMALL_STEP,770,3675.266546,8165.684453330948,0.0,false
DMN15103LS,99,0,UNIF_SAR1_PH0_ATR0_SQP_QUASI_NEWTON,true,false,false,SMALL_STEP,242,707.280801,480.33680748191057,0.0,false
DMN15332LS,66,0,UNIF_SAR1_PH0_ATR0_SQP_IDENTITY,true,false,false,SMALL_STEP,2312,2958.4880820000003,1029.943919247043,0.0,false
DMN15332LS,66,0,UNIF_SAR1_PH0_ATR0_SQP_SPECTRAL,true,false,false,MAX_IT,5000,6536.174222,1064.338348237246,0.0,false
DMN15332LS,66,0,UNIF_SAR1_PH0_ATR0_SQP_RECIPROCAL,true,false,false,SMALL_STEP,2226,5399.1909160000005,1253.3521894919108,0.0,false
DMN15332LS,66,0,UNIF_SAR1_PH0_ATR0_SQP_EXPONENTIAL,true,false,false,SMALL_STEP,3850,13262.963806,1053.4122045107872,0.0,false
DMN15332LS,66,0,UNIF_SAR1_PH0_ATR0_SQP_QUASI_NEWTON,true,false,false,SMALL_STEP,2418,5310.454354,1208.814432093508,0.0,false
DMN15333LS,99,0,UNIF_SAR1_PH0_ATR0_SQP_IDENTITY,true,false,false,SMALL_STEP,1328,2373.310169,439.2286747776003,0.0,false
DMN15333LS,99,0,UNIF_SAR1_PH0_ATR0_SQP_SPECTRAL,true,false,false,SMALL_STEP,841,1401.9421519999999,490.9716745858235,0.0,false
DMN15333LS,99,0,UNIF_SAR1_PH0_ATR0_SQP_RECIPROCAL,true,false,false,SMALL_STEP,2292,7166.450018,261.6060037496671,0.0,false
DMN15333LS,99,0,UNIF_SAR1_PH0_ATR0_SQP_EXPONENTIAL,true,false,false,SMALL_STEP,408,1926.388174,703.658550198199,0.0,false
DMN15333LS,99,0,UNIF_SAR1_PH0_ATR0_SQP_QUASI_NEWTON,true,false,false,SMALL_STEP,646,1927.860595,502.6473210157655,0.0,false
DMN37142LS,66,0,UNIF_SAR1_PH0_ATR0_SQP_IDENTITY,true,false,false,SMALL_STEP,3452,4402.160938999999,261.71877962729883,0.0,false
DMN37142LS,66,0,UNIF_SAR1_PH0_ATR0_SQP_SPECTRAL,true,false,false,MAX_IT,5000,6757.222024,277.98940781325786,0.0,false
DMN37142LS,66,0,UNIF_SAR1_PH0_ATR0_SQP_RECIPROCAL,true,false,false,SMALL_STEP,2700,6312.798258,269.63840136590545,0.0,false
DMN37142LS,66,0,UNIF_SAR1_PH0_ATR0_SQP_EXPONENTIAL,true,false,false,SMALL_STEP,126,411.832298,328.0421928545337,0.0,false
DMN37142LS,66,0,UNIF_SAR1_PH0_ATR0_SQP_QUASI_NEWTON,true,false,false,SMALL_STEP,2864,6293.041391,272.5654109339346,0.0,false
DMN37143LS,99,0,UNIF_SAR1_PH0_ATR0_SQP_IDENTITY,true,false,false,SMALL_STEP,466,724.4410340000001,338.1575097976198,0.0,false
DMN37143LS,99,0,UNIF_SAR1_PH0_ATR0_SQP_SPECTRAL,true,false,false,SMALL_STEP,1311,2041.3467999999998,341.46592844059256,0.0,false
DMN37143LS,99,0,UNIF_SAR1_PH0_ATR0_SQP_RECIPROCAL,true,false,false,SMALL_STEP,342,1003.7490819999999,318.19396346151905,0.0,false
DMN37143LS,99,0,UNIF_SAR1_PH0_ATR0_SQP_EXPONENTIAL,true,false,false,SMALL_STEP,790,3677.4977830000003,346.9272578441371,0.0,false
DMN37143LS,99,0,UNIF_SAR1_PH0_ATR0_SQP_QUASI_NEWTON,true,false,false,SMALL_STEP,310,910.701102,286.5762682270658,0.0,false
DQDRTIC,5000,0,UNIF_SAR1_PH0_ATR0_SQP_IDENTITY,true,false,false,SMALL_STEP,35,76.103902,3.059339124864351e-5,0.0,false
DQDRTIC,5000,0,UNIF_SAR1_PH0_ATR0_SQP_SPECTRAL,true,false,false,SMALL_STEP,33,103.996358,0.13244400131138137,0.0,false
DQDRTIC,5000,0,UNIF_SAR1_PH0_ATR0_SQP_RECIPROCAL,true,false,false,SMALL_STEP,35,78.553499,3.058762997495322e-5,0.0,false
DQDRTIC,5000,0,UNIF_SAR1_PH0_ATR0_SQP_EXPONENTIAL,true,false,false,KKT_OK,9,20.124135000000003,7.24441034227222e-16,0.0,false
DQDRTIC,5000,0,UNIF_SAR1_PH0_ATR0_SQP_QUASI_NEWTON,true,false,false,KKT_OK,9,19.810476,1.094764440882804e-47,0.0,false
DQRTIC,5000,0,UNIF_SAR1_PH0_ATR0_SQP_IDENTITY,true,false,false,MAX_IT,5000,18062.047972999997,31.270272170333072,0.0,false
DQRTIC,5000,0,UNIF_SAR1_PH0_ATR0_SQP_SPECTRAL,true,false,false,MAX_IT,5000,21229.640541999997,930.1232505457318,0.0,false
DQRTIC,5000,0,UNIF_SAR1_PH0_ATR0_SQP_RECIPROCAL,true,false,false,MAX_IT,5000,21267.271339,30.820650625007488,0.0,false
DQRTIC,5000,0,UNIF_SAR1_PH0_ATR0_SQP_EXPONENTIAL,true,false,false,MAX_IT,5000,21748.943255000002,53.41251060868054,0.0,false
DQRTIC,5000,0,UNIF_SAR1_PH0_ATR0_SQP_QUASI_NEWTON,true,false,false,MAX_IT,5000,21133.276654,7.347155842533182,0.0,false
DRCAV1LQ,4489,0,UNIF_SAR1_PH0_ATR0_SQP_IDENTITY,true,false,false,SMALL_STEP,15,49.665221,0.05177142215954207,0.0,false
DRCAV1LQ,4489,0,UNIF_SAR1_PH0_ATR0_SQP_SPECTRAL,true,false,false,SMALL_STEP,18,49.715243,0.03330964615801715,0.0,false
DRCAV1LQ,4489,0,UNIF_SAR1_PH0_ATR0_SQP_RECIPROCAL,true,false,false,SMALL_STEP,15,52.480078999999996,0.047180316760729486,0.0,false
DRCAV1LQ,4489,0,UNIF_SAR1_PH0_ATR0_SQP_EXPONENTIAL,true,false,false,SMALL_STEP,15,55.37855,0.047538391920552724,0.0,false
DRCAV1LQ,4489,0,UNIF_SAR1_PH0_ATR0_SQP_QUASI_NEWTON,true,false,false,SMALL_STEP,18,62.433313999999996,0.030657115884681084,0.0,false
DRCAV2LQ,4489,0,UNIF_SAR1_PH0_ATR0_SQP_IDENTITY,true,false,false,SMALL_STEP,15,49.112058,0.05183623905510847,0.0,false
DRCAV2LQ,4489,0,UNIF_SAR1_PH0_ATR0_SQP_SPECTRAL,true,false,false,SMALL_STEP,18,49.749076,0.03338137939279284,0.0,false
DRCAV2LQ,4489,0,UNIF_SAR1_PH0_ATR0_SQP_RECIPROCAL,true,false,false,SMALL_STEP,15,79.193658,0.04716380062625878,0.0,false
DRCAV2LQ,4489,0,UNIF_SAR1_PH0_ATR0_SQP_EXPONENTIAL,true,false,false,SMALL_STEP,15,197.708613,0.04747228866120469,0.0,false
DRCAV2LQ,4489,0,UNIF_SAR1_PH0_ATR0_SQP_QUASI_NEWTON,true,false,false,SMALL_STEP,18,49.603464,0.030606885956836583,0.0,false
DRCAV3LQ,4489,0,UNIF_SAR1_PH0_ATR0_SQP_IDENTITY,true,false,false,SMALL_STEP,15,37.489692,0.051429114434693134,0.0,false
DRCAV3LQ,4489,0,UNIF_SAR1_PH0_ATR0_SQP_SPECTRAL,true,false,false,SMALL_STEP,18,43.274459,0.03710406349815138,0.0,false
DRCAV3LQ,4489,0,UNIF_SAR1_PH0_ATR0_SQP_RECIPROCAL,true,false,false,SMALL_STEP,15,46.95644,0.047396369780294885,0.0,false
DRCAV3LQ,4489,0,UNIF_SAR1_PH0_ATR0_SQP_EXPONENTIAL,true,false,false,SMALL_STEP,15,50.44571199999999,0.04755508974268714,0.0,false
DRCAV3LQ,4489,0,UNIF_SAR1_PH0_ATR0_SQP_QUASI_NEWTON,true,false,false,SMALL_STEP,17,64.581439,0.03367258576156709,0.0,false
DUAL1,85,1,UNIF_SAR1_PH0_ATR0_SQP_IDENTITY,true,false,false,KKT_OK,0,0.044526,0.0,1.0,false
DUAL1,85,1,UNIF_SAR1_PH0_ATR0_SQP_SPECTRAL,true,false,false,KKT_OK,0,0.061411,0.0,1.0,false
DUAL1,85,1,UNIF_SAR1_PH0_ATR0_SQP_RECIPROCAL,true,false,false,KKT_OK,0,0.037809999999999996,0.0,1.0,false
DUAL1,85,1,UNIF_SAR1_PH0_ATR0_SQP_EXPONENTIAL,true,false,false,KKT_OK,0,0.040153,0.0,1.0,false
DUAL1,85,1,UNIF_SAR1_PH0_ATR0_SQP_QUASI_NEWTON,true,false,false,KKT_OK,0,0.042347,0.0,1.0,false
DUAL2,96,1,UNIF_SAR1_PH0_ATR0_SQP_IDENTITY,true,false,false,KKT_OK,0,0.051412,0.0,1.0,false
DUAL2,96,1,UNIF_SAR1_PH0_ATR0_SQP_SPECTRAL,true,false,false,KKT_OK,0,0.064674,0.0,1.0,false
DUAL2,96,1,UNIF_SAR1_PH0_ATR0_SQP_RECIPROCAL,true,false,false,KKT_OK,0,0.047647,0.0,1.0,false
DUAL2,96,1,UNIF_SAR1_PH0_ATR0_SQP_EXPONENTIAL,true,false,false,KKT_OK,0,0.047674,0.0,1.0,false
DUAL2,96,1,UNIF_SAR1_PH0_ATR0_SQP_QUASI_NEWTON,true,false,false,KKT_OK,0,0.049058,0.0,1.0,false
DUAL3,111,1,UNIF_SAR1_PH0_ATR0_SQP_IDENTITY,true,false,false,KKT_OK,0,0.06517899999999999,0.0,1.0,false
DUAL3,111,1,UNIF_SAR1_PH0_ATR0_SQP_SPECTRAL,true,false,false,KKT_OK,0,0.076459,0.0,1.0,false
DUAL3,111,1,UNIF_SAR1_PH0_ATR0_SQP_RECIPROCAL,true,false,false,KKT_OK,0,0.075092,0.0,1.0,false
DUAL3,111,1,UNIF_SAR1_PH0_ATR0_SQP_EXPONENTIAL,true,false,false,KKT_OK,0,0.061049000000000006,0.0,1.0,false
DUAL3,111,1,UNIF_SAR1_PH0_ATR0_SQP_QUASI_NEWTON,true,false,false,KKT_OK,0,0.060677999999999996,0.0,1.0,false
DUAL4,75,1,UNIF_SAR1_PH0_ATR0_SQP_IDENTITY,true,false,false,KKT_OK,0,0.038669,0.0,1.0,false
DUAL4,75,1,UNIF_SAR1_PH0_ATR0_SQP_SPECTRAL,true,false,false,KKT_OK,0,0.031775,0.0,1.0,false
DUAL4,75,1,UNIF_SAR1_PH0_ATR0_SQP_RECIPROCAL,true,false,false,KKT_OK,0,0.047534,0.0,1.0,false
DUAL4,75,1,UNIF_SAR1_PH0_ATR0_SQP_EXPONENTIAL,true,false,false,KKT_OK,0,0.032569,0.0,1.0,false
DUAL4,75,1,UNIF_SAR1_PH0_ATR0_SQP_QUASI_NEWTON,true,false,false,KKT_OK,0,0.032291,0.0,1.0,false
ECKERLE4LS,3,0,UNIF_SAR1_PH0_ATR0_SQP_IDENTITY,true,false,false,KKT_OK,10,0.283813,0.6996968771702412,0.0,false
ECKERLE4LS,3,0,UNIF_SAR1_PH0_ATR0_SQP_SPECTRAL,true,false,false,KKT_OK,6,0.168299,0.6996960862977956,0.0,false
ECKERLE4LS,3,0,UNIF_SAR1_PH0_ATR0_SQP_RECIPROCAL,true,false,false,KKT_OK,9,0.252546,0.6996962541304195,0.0,false
ECKERLE4LS,3,0,UNIF_SAR1_PH0_ATR0_SQP_EXPONENTIAL,true,false,false,KKT_OK,6,0.184145,0.699695675203984,0.0,false
ECKERLE4LS,3,0,UNIF_SAR1_PH0_ATR0_SQP_QUASI_NEWTON,true,false,false,KKT_OK,6,0.169969,0.6996960490373574,0.0,false
EDENSCH,2000,0,UNIF_SAR1_PH0_ATR0_SQP_IDENTITY,true,false,false,SMALL_STEP,1430,1581.4839220000001,12003.286848645146,0.0,false
EDENSCH,2000,0,UNIF_SAR1_PH0_ATR0_SQP_SPECTRAL,true,false,false,KKT_OK,36,38.901674,12003.284592051683,0.0,false
EDENSCH,2000,0,UNIF_SAR1_PH0_ATR0_SQP_RECIPROCAL,true,false,false,SMALL_STEP,1626,1818.3226260000001,12003.287215823944,0.0,false
EDENSCH,2000,0,UNIF_SAR1_PH0_ATR0_SQP_EXPONENTIAL,true,false,false,SMALL_STEP,2588,3110.3678019999998,12003.379361348769,0.0,false
EDENSCH,2000,0,UNIF_SAR1_PH0_ATR0_SQP_QUASI_NEWTON,true,false,false,KKT_OK,44,50.480644,12003.28459209632,0.0,false
EG1,3,0,UNIF_SAR1_PH0_ATR0_SQP_IDENTITY,true,false,false,KKT_OK,52,1.481635,-1.4293067471301133,0.0,false
EG1,3,0,UNIF_SAR1_PH0_ATR0_SQP_SPECTRAL,true,false,false,KKT_OK,26,0.744415,-1.1328007757538014,0.0,false
EG1,3,0,UNIF_SAR1_PH0_ATR0_SQP_RECIPROCAL,true,false,false,KKT_OK,24,0.700108,-1.4293066858383474,0.0,false
EG1,3,0,UNIF_SAR1_PH0_ATR0_SQP_EXPONENTIAL,true,false,false,KKT_OK,44,1.315056,-1.4293067420971697,0.0,false
EG1,3,0,UNIF_SAR1_PH0_ATR0_SQP_QUASI_NEWTON,true,false,false,KKT_OK,14,0.41398,-1.132800769746438,0.0,false
EG2,1000,0,UNIF_SAR1_PH0_ATR0_SQP_IDENTITY,true,false,false,SMALL_STEP,21,9.994368999999999,-998.947393027425,0.0,false
EG2,1000,0,UNIF_SAR1_PH0_ATR0_SQP_SPECTRAL,true,false,false,KKT_OK,7,3.348709,-998.9473933009562,0.0,false
EG2,1000,0,UNIF_SAR1_PH0_ATR0_SQP_RECIPROCAL,true,false,false,SMALL_STEP,21,9.733461,-998.9473930273783,0.0,false
EG2,1000,0,UNIF_SAR1_PH0_ATR0_SQP_EXPONENTIAL,true,false,false,KKT_OK,13,6.363647,-998.9473933005384,0.0,false
EG2,1000,0,UNIF_SAR1_PH0_ATR0_SQP_QUASI_NEWTON,true,false,false,KKT_OK,7,3.2775730000000003,-998.9473933009562,0.0,false
EGGCRATE,2,0,UNIF_SAR1_PH0_ATR0_SQP_IDENTITY,true,false,false,SMALL_STEP,23,0.7583880000000001,9.488197503046937,0.0,false
EGGCRATE,2,0,UNIF_SAR1_PH0_ATR0_SQP_SPECTRAL,true,false,false,KKT_OK,10,0.313934,9.488197339106259,0.0,false
EGGCRATE,2,0,UNIF_SAR1_PH0_ATR0_SQP_RECIPROCAL,true,false,false,SMALL_STEP,20,0.564802,9.488197339230453,0.0,false
EGGCRATE,2,0,UNIF_SAR1_PH0_ATR0_SQP_EXPONENTIAL,true,false,false,SMALL_STEP,23,0.634835,9.488197355406738,0.0,false
EGGCRATE,2,0,UNIF_SAR1_PH0_ATR0_SQP_QUASI_NEWTON,true,false,false,KKT_OK,10,0.25725200000000004,9.488197339106257,0.0,false
EGGCRATEB,2,0,UNIF_SAR1_PH0_ATR0_SQP_IDENTITY,true,false,false,SMALL_STEP,23,0.587704,9.488197503046937,0.0,false
EGGCRATEB,2,0,UNIF_SAR1_PH0_ATR0_SQP_SPECTRAL,true,false,false,KKT_OK,10,0.253208,9.488197339106259,0.0,false
EGGCRATEB,2,0,UNIF_SAR1_PH0_ATR0_SQP_RECIPROCAL,true,false,false,SMALL_STEP,20,0.503939,9.488197339230453,0.0,false
EGGCRATEB,2,0,UNIF_SAR1_PH0_ATR0_SQP_EXPONENTIAL,true,false,false,SMALL_STEP,23,0.59983,9.488197355406738,0.0,false
EGGCRATEB,2,0,UNIF_SAR1_PH0_ATR0_SQP_QUASI_NEWTON,true,false,false,KKT_OK,10,0.256504,9.488197339106257,0.0,false
EIGENALS,2550,0,UNIF_SAR1_PH0_ATR0_SQP_IDENTITY,true,false,false,MAX_IT,5000,12955.761357,141.88192527383404,0.0,false
EIGENALS,2550,0,UNIF_SAR1_PH0_ATR0_SQP_SPECTRAL,true,false,false,SMALL_STEP,1049,2608.643945,61.01205966591186,0.0,false
EIGENALS,2550,0,UNIF_SAR1_PH0_ATR0_SQP_RECIPROCAL,true,false,false,MAX_IT,5000,17334.909025999998,139.9310828753873,0.0,false
EIGENALS,2550,0,UNIF_SAR1_PH0_ATR0_SQP_EXPONENTIAL,true,false,false,MAX_IT,5000,24178.959576,116.3036781318117,0.0,false
EIGENALS,2550,0,UNIF_SAR1_PH0_ATR0_SQP_QUASI_NEWTON,true,false,false,MAX_IT,5000,17825.821905,48.88713471263097,0.0,false
EIGENBLS,2550,0,UNIF_SAR1_PH0_ATR0_SQP_IDENTITY,true,false,false,SMALL_STEP,1272,3444.431103,8.435355024905244,0.0,false
EIGENBLS,2550,0,UNIF_SAR1_PH0_ATR0_SQP_SPECTRAL,true,false,false,SMALL_STEP,124,269.975719,8.365842071580149,0.0,false
EIGENBLS,2550,0,UNIF_SAR1_PH0_ATR0_SQP_RECIPROCAL,true,false,false,SMALL_STEP,1410,5507.398802,8.411497026779625,0.0,false
EIGENBLS,2550,0,UNIF_SAR1_PH0_ATR0_SQP_EXPONENTIAL,true,false,false,SMALL_STEP,1116,5604.127101,8.41761768200548,0.0,false
EIGENBLS,2550,0,UNIF_SAR1_PH0_ATR0_SQP_QUASI_NEWTON,true,false,false,SMALL_STEP,2980,11570.925141,0.03842051676396562,0.0,false
EIGENCLS,2652,0,UNIF_SAR1_PH0_ATR0_SQP_IDENTITY,true,false,false,MAX_IT,5000,16493.260631999998,87.29781316395103,0.0,false
EIGENCLS,2652,0,UNIF_SAR1_PH0_ATR0_SQP_SPECTRAL,true,false,false,SMALL_STEP,1015,2920.994036,16.477462773972835,0.0,false
EIGENCLS,2652,0,UNIF_SAR1_PH0_ATR0_SQP_RECIPROCAL,true,false,false,MAX_IT,5000,22638.579077,65.11025777103815,0.0,false
EIGENCLS,2652,0,UNIF_SAR1_PH0_ATR0_SQP_EXPONENTIAL,true,false,false,MAX_IT,5000,31413.064105,103.85903436074624,0.0,false
EIGENCLS,2652,0,UNIF_SAR1_PH0_ATR0_SQP_QUASI_NEWTON,true,false,false,MAX_IT,5000,24951.286012,16.87455038646961,0.0,false
ELATVIDU,2,0,UNIF_SAR1_PH0_ATR0_SQP_IDENTITY,true,false,false,SMALL_STEP,75,1.8553160000000002,99.02055854094829,0.0,false
ELATVIDU,2,0,UNIF_SAR1_PH0_ATR0_SQP_SPECTRAL,true,false,false,SMALL_STEP,27,0.677186,54.7511186458829,0.0,false
ELATVIDU,2,0,UNIF_SAR1_PH0_ATR0_SQP_RECIPROCAL,true,false,false,SMALL_STEP,73,1.836439,99.02055817246949,0.0,false
ELATVIDU,2,0,UNIF_SAR1_PH0_ATR0_SQP_EXPONENTIAL,true,false,false,SMALL_STEP,51,1.331054,54.75111867846669,0.0,false
ELATVIDU,2,0,UNIF_SAR1_PH0_ATR0_SQP_QUASI_NEWTON,true,false,false,SMALL_STEP,39,1.032191,54.75111864580759,0.0,false
ELATVIDUB,2,0,UNIF_SAR1_PH0_ATR0_SQP_IDENTITY,true,false,false,SMALL_STEP,75,1.817418,99.02055854094829,0.0,false
ELATVIDUB,2,0,UNIF_SAR1_PH0_ATR0_SQP_SPECTRAL,true,false,false,SMALL_STEP,27,0.66317,54.7511186458829,0.0,false
ELATVIDUB,2,0,UNIF_SAR1_PH0_ATR0_SQP_RECIPROCAL,true,false,false,SMALL_STEP,73,1.78054,99.02055817246949,0.0,false
ELATVIDUB,2,0,UNIF_SAR1_PH0_ATR0_SQP_EXPONENTIAL,true,false,false,SMALL_STEP,51,1.304474,54.75111867846669,0.0,false
ELATVIDUB,2,0,UNIF_SAR1_PH0_ATR0_SQP_QUASI_NEWTON,true,false,false,SMALL_STEP,39,0.9625560000000001,54.75111864580759,0.0,false
ENGVAL1,5000,0,UNIF_SAR1_PH0_ATR0_SQP_IDENTITY,true,false,false,SMALL_STEP,22,58.448112,5548.788882057097,0.0,false
ENGVAL1,5000,0,UNIF_SAR1_PH0_ATR0_SQP_SPECTRAL,true,false,false,KKT_OK,39,114.723986,5548.6684194674,0.0,false
ENGVAL1,5000,0,UNIF_SAR1_PH0_ATR0_SQP_RECIPROCAL,true,false,false,SMALL_STEP,22,51.028828999999995,5548.788882062931,0.0,false
ENGVAL1,5000,0,UNIF_SAR1_PH0_ATR0_SQP_EXPONENTIAL,true,false,false,SMALL_STEP,26,68.10444,5549.052794787851,0.0,false
ENGVAL1,5000,0,UNIF_SAR1_PH0_ATR0_SQP_QUASI_NEWTON,true,false,false,SMALL_STEP,55,163.140089,5548.668419844236,0.0,false
ENGVAL2,3,0,UNIF_SAR1_PH0_ATR0_SQP_IDENTITY,true,false,false,SMALL_STEP,1763,52.686355,0.05262398184262294,0.0,false
ENGVAL2,3,0,UNIF_SAR1_PH0_ATR0_SQP_SPECTRAL,true,false,false,SMALL_STEP,639,19.799310000000002,0.027797512462687912,0.0,false
ENGVAL2,3,0,UNIF_SAR1_PH0_ATR0_SQP_RECIPROCAL,true,false,false,SMALL_STEP,1821,58.583492,0.05160301659405836,0.0,false
ENGVAL2,3,0,UNIF_SAR1_PH0_ATR0_SQP_EXPONENTIAL,true,false,false,SMALL_STEP,895,29.928896,0.04965415475529709,0.0,false
ENGVAL2,3,0,UNIF_SAR1_PH0_ATR0_SQP_QUASI_NEWTON,true,false,false,SMALL_STEP,678,21.871529000000002,0.0072438912739431534,0.0,false
ENSOLS,9,0,UNIF_SAR1_PH0_ATR0_SQP_IDENTITY,true,false,false,SMALL_STEP,446,27.098371,788.5403465680702,0.0,false
ENSOLS,9,0,UNIF_SAR1_PH0_ATR0_SQP_SPECTRAL,true,false,false,SMALL_STEP,102,6.190072,788.5398037610742,0.0,false
ENSOLS,9,0,UNIF_SAR1_PH0_ATR0_SQP_RECIPROCAL,true,false,false,SMALL_STEP,463,36.713749,788.5404636212741,0.0,false
ENSOLS,9,0,UNIF_SAR1_PH0_ATR0_SQP_EXPONENTIAL,true,false,false,SMALL_STEP,546,53.430877,788.5400102917157,0.0,false
ENSOLS,9,0,UNIF_SAR1_PH0_ATR0_SQP_QUASI_NEWTON,true,false,false,SMALL_STEP,182,14.349679,788.5397973886417,0.0,false
ERRINROS,50,0,UNIF_SAR1_PH0_ATR0_SQP_IDENTITY,true,false,false,SMALL_STEP,545,40.977990999999996,40.81932732927701,0.0,false
ERRINROS,50,0,UNIF_SAR1_PH0_ATR0_SQP_SPECTRAL,true,false,false,SMALL_STEP,239,16.612740000000002,40.5322161449481,0.0,false
ERRINROS,50,0,UNIF_SAR1_PH0_ATR0_SQP_RECIPROCAL,true,false,false,SMALL_STEP,534,39.055426999999995,40.81939438599743,0.0,false
ERRINROS,50,0,UNIF_SAR1_PH0_ATR0_SQP_EXPONENTIAL,true,false,false,MAX_IT,5000,398.279459,40.717046471020446,0.0,false
ERRINROS,50,0,UNIF_SAR1_PH0_ATR0_SQP_QUASI_NEWTON,true,false,false,MAX_IT,5000,390.868621,40.48475110007953,0.0,false
ERRINRSM,50,0,UNIF_SAR1_PH0_ATR0_SQP_IDENTITY,true,false,false,SMALL_STEP,681,48.54943,38.82925417152754,0.0,false
ERRINRSM,50,0,UNIF_SAR1_PH0_ATR0_SQP_SPECTRAL,true,false,false,SMALL_STEP,254,17.314576000000002,38.7086468390157,0.0,false
ERRINRSM,50,0,UNIF_SAR1_PH0_ATR0_SQP_RECIPROCAL,true,false,false,SMALL_STEP,139,10.244454,38.88642924270181,0.0,false
ERRINRSM,50,0,UNIF_SAR1_PH0_ATR0_SQP_EXPONENTIAL,true,false,false,SMALL_STEP,4387,315.05009099999995,38.769095870828494,0.0,false
ERRINRSM,50,0,UNIF_SAR1_PH0_ATR0_SQP_QUASI_NEWTON,true,false,false,MAX_IT,5000,423.995926,38.733088785561314,0.0,false
EXP2,2,0,UNIF_SAR1_PH0_ATR0_SQP_IDENTITY,true,false,false,KKT_OK,63,1.612746,1.3465640292639852e-6,0.0,false
EXP2,2,0,UNIF_SAR1_PH0_ATR0_SQP_SPECTRAL,true,false,false,KKT_OK,23,0.592378,1.65560023610735e-6,0.0,false
EXP2,2,0,UNIF_SAR1_PH0_ATR0_SQP_RECIPROCAL,true,false,false,KKT_OK,61,1.56072,2.036650017531849e-6,0.0,false
EXP2,2,0,UNIF_SAR1_PH0_ATR0_SQP_EXPONENTIAL,true,false,false,KKT_OK,30,0.799439,1.0711960350511361e-6,0.0,false
EXP2,2,0,UNIF_SAR1_PH0_ATR0_SQP_QUASI_NEWTON,true,false,false,KKT_OK,21,0.5427299999999999,4.231209324830161e-8,0.0,false
EXP2B,2,0,UNIF_SAR1_PH0_ATR0_SQP_IDENTITY,true,false,false,KKT_OK,53,1.3373,1.1734217598107457e-6,0.0,false
EXP2B,2,0,UNIF_SAR1_PH0_ATR0_SQP_SPECTRAL,true,false,false,KKT_OK,23,0.58488,1.6556003662667715e-6,0.0,false
EXP2B,2,0,UNIF_SAR1_PH0_ATR0_SQP_RECIPROCAL,true,false,false,KKT_OK,61,1.530826,2.0366511150164326e-6,0.0,false
EXP2B,2,0,UNIF_SAR1_PH0_ATR0_SQP_EXPONENTIAL,true,false,false,KKT_OK,30,0.78214,1.0711984126601501e-6,0.0,false
EXP2B,2,0,UNIF_SAR1_PH0_ATR0_SQP_QUASI_NEWTON,true,false,false,KKT_OK,21,0.539505,4.231211087756761e-8,0.0,false
EXPFIT,2,0,UNIF_SAR1_PH0_ATR0_SQP_IDENTITY,true,false,false,KKT_OK,49,1.19896,0.24051059856570334,0.0,false
EXPFIT,2,0,UNIF_SAR1_PH0_ATR0_SQP_SPECTRAL,true,false,false,SMALL_STEP,29,0.7045779999999999,0.24051059480517267,0.0,false
EXPFIT,2,0,UNIF_SAR1_PH0_ATR0_SQP_RECIPROCAL,true,false,false,SMALL_STEP,48,1.188531,0.2405107132159796,0.0,false
EXPFIT,2,0,UNIF_SAR1_PH0_ATR0_SQP_EXPONENTIAL,true,false,false,SMALL_STEP,78,2.034741,0.24051059886482437,0.0,false
EXPFIT,2,0,UNIF_SAR1_PH0_ATR0_SQP_QUASI_NEWTON,true,false,false,SMALL_STEP,94,2.3613229999999996,0.24051724542148234,0.0,false
EXPLIN,1200,0,UNIF_SAR1_PH0_ATR0_SQP_IDENTITY,true,false,false,SMALL_STEP,407,308.643032,-7.192429387734598e7,0.0,false
EXPLIN,1200,0,UNIF_SAR1_PH0_ATR0_SQP_SPECTRAL,true,false,false,SMALL_STEP,407,294.11470899999995,-7.192366117868122e7,0.0,false
EXPLIN,1200,0,UNIF_SAR1_PH0_ATR0_SQP_RECIPROCAL,true,false,false,SMALL_STEP,317,241.260975,-7.192548399859266e7,0.0,false
EXPLIN,1200,0,UNIF_SAR1_PH0_ATR0_SQP_EXPONENTIAL,true,false,false,SMALL_STEP,320,229.764563,-7.192429107580508e7,0.0,false
EXPLIN,1200,0,UNIF_SAR1_PH0_ATR0_SQP_QUASI_NEWTON,true,false,false,SMALL_STEP,122,103.20627,-7.192278252291363e7,0.0,false
EXPLIN2,1200,0,UNIF_SAR1_PH0_ATR0_SQP_IDENTITY,true,false,false,SMALL_STEP,140,92.014673,-7.199883367975071e7,0.0,false
EXPLIN2,1200,0,UNIF_SAR1_PH0_ATR0_SQP_SPECTRAL,true,false,false,SMALL_STEP,224,146.54973700000002,-7.199883367983918e7,0.0,false
EXPLIN2,1200,0,UNIF_SAR1_PH0_ATR0_SQP_RECIPROCAL,true,false,false,SMALL_STEP,165,134.81564600000002,-7.199883367973277e7,0.0,false
EXPLIN2,1200,0,UNIF_SAR1_PH0_ATR0_SQP_EXPONENTIAL,true,false,false,SMALL_STEP,519,382.080431,-7.199883367981762e7,0.0,false
EXPLIN2,1200,0,UNIF_SAR1_PH0_ATR0_SQP_QUASI_NEWTON,true,false,false,KKT_OK,72,49.488170999999994,-7.19988336798392e7,0.0,false
EXPQUAD,1200,0,UNIF_SAR1_PH0_ATR0_SQP_IDENTITY,true,false,false,MAX_IT,5000,3865.327539,-3.6849358489822574e9,0.0,false
EXPQUAD,1200,0,UNIF_SAR1_PH0_ATR0_SQP_SPECTRAL,true,false,false,MAX_IT,5000,3892.114447,-3.684929266382618e9,0.0,false
EXPQUAD,1200,0,UNIF_SAR1_PH0_ATR0_SQP_RECIPROCAL,true,false,false,MAX_IT,5000,3836.731397,-3.684933564782102e9,0.0,false
EXPQUAD,1200,0,UNIF_SAR1_PH0_ATR0_SQP_EXPONENTIAL,true,false,false,MAX_IT,5000,3963.0717600000003,-3.684939635779283e9,0.0,false
EXPQUAD,1200,0,UNIF_SAR1_PH0_ATR0_SQP_QUASI_NEWTON,true,false,false,SMALL_STEP,1631,1531.18708,-3.684940552308991e9,0.0,false
EXTRASIM,2,1,UNIF_SAR1_PH0_ATR0_SQP_IDENTITY,true,false,false,KKT_OK,0,0.015914,1.0,2.0,false
EXTRASIM,2,1,UNIF_SAR1_PH0_ATR0_SQP_SPECTRAL,true,false,false,KKT_OK,0,0.008269,1.0,2.0,false
EXTRASIM,2,1,UNIF_SAR1_PH0_ATR0_SQP_RECIPROCAL,true,false,false,KKT_OK,0,0.008171,1.0,2.0,false
EXTRASIM,2,1,UNIF_SAR1_PH0_ATR0_SQP_EXPONENTIAL,true,false,false,KKT_OK,0,0.008015,1.0,2.0,false
EXTRASIM,2,1,UNIF_SAR1_PH0_ATR0_SQP_QUASI_NEWTON,true,false,false,KKT_OK,0,0.007958000000000002,1.0,2.0,false
EXTROSNB,1000,0,UNIF_SAR1_PH0_ATR0_SQP_IDENTITY,true,false,false,SMALL_STEP,17,9.187496,0.8197455440429073,0.0,false
EXTROSNB,1000,0,UNIF_SAR1_PH0_ATR0_SQP_SPECTRAL,true,false,false,SMALL_STEP,231,134.92075400000002,0.03321697060513728,0.0,false
EXTROSNB,1000,0,UNIF_SAR1_PH0_ATR0_SQP_RECIPROCAL,true,false,false,SMALL_STEP,123,65.540284,0.10345662909148902,0.0,false
EXTROSNB,1000,0,UNIF_SAR1_PH0_ATR0_SQP_EXPONENTIAL,true,false,false,SMALL_STEP,93,51.292277,0.6446353610265454,0.0,false
EXTROSNB,1000,0,UNIF_SAR1_PH0_ATR0_SQP_QUASI_NEWTON,true,false,false,SMALL_STEP,865,594.160088,0.09519763291418208,0.0,false
FBRAIN2LS,4,0,UNIF_SAR1_PH0_ATR0_SQP_IDENTITY,true,false,false,SMALL_STEP,32,8.068378,0.41205511632713604,0.0,false
FBRAIN2LS,4,0,UNIF_SAR1_PH0_ATR0_SQP_SPECTRAL,true,false,false,SMALL_STEP,17,5.060306,0.4104094873984351,0.0,false
FBRAIN2LS,4,0,UNIF_SAR1_PH0_ATR0_SQP_RECIPROCAL,true,false,false,SMALL_STEP,25,11.168161,0.4129648001058316,0.0,false
FBRAIN2LS,4,0,UNIF_SAR1_PH0_ATR0_SQP_EXPONENTIAL,true,false,false,SMALL_STEP,26,17.163507000000003,0.41277914709869695,0.0,false
FBRAIN2LS,4,0,UNIF_SAR1_PH0_ATR0_SQP_QUASI_NEWTON,true,false,false,SMALL_STEP,123,58.638352999999995,0.40741371762277323,0.0,false
FBRAIN3LS,6,0,UNIF_SAR1_PH0_ATR0_SQP_IDENTITY,true,false,false,SMALL_STEP,46,16.944301,0.3916146848647384,0.0,false
FBRAIN3LS,6,0,UNIF_SAR1_PH0_ATR0_SQP_SPECTRAL,true,false,false,SMALL_STEP,14,5.194818000000001,0.39148255844488655,0.0,false
FBRAIN3LS,6,0,UNIF_SAR1_PH0_ATR0_SQP_RECIPROCAL,true,false,false,SMALL_STEP,46,30.998026000000003,0.3916147291254644,0.0,false
FBRAIN3LS,6,0,UNIF_SAR1_PH0_ATR0_SQP_EXPONENTIAL,true,false,false,SMALL_STEP,45,43.645121,0.3921771943076829,0.0,false
FBRAIN3LS,6,0,UNIF_SAR1_PH0_ATR0_SQP_QUASI_NEWTON,true,false,false,SMALL_STEP,129,91.23835700000001,0.3884581256808153,0.0,false
FBRAINLS,2,0,UNIF_SAR1_PH0_ATR0_SQP_IDENTITY,true,false,false,SMALL_STEP,3791,629.038417,0.42049280539555034,0.0,false
FBRAINLS,2,0,UNIF_SAR1_PH0_ATR0_SQP_SPECTRAL,true,false,false,MAX_IT,5000,820.512237,0.42576004169284043,0.0,false
FBRAINLS,2,0,UNIF_SAR1_PH0_ATR0_SQP_RECIPROCAL,true,false,false,SMALL_STEP,3713,1087.103234,0.42119938626246456,0.0,false
FBRAINLS,2,0,UNIF_SAR1_PH0_ATR0_SQP_EXPONENTIAL,true,false,false,SMALL_STEP,4145,1625.9718050000001,0.4206924571549715,0.0,false
FBRAINLS,2,0,UNIF_SAR1_PH0_ATR0_SQP_QUASI_NEWTON,true,false,false,SMALL_STEP,630,173.538556,0.4170960419656343,0.0,false
FLETBV3M,5000,0,UNIF_SAR1_PH0_ATR0_SQP_IDENTITY,true,false,false,KKT_OK,123,368.054836,-221047.6451693033,0.0,false
FLETBV3M,5000,0,UNIF_SAR1_PH0_ATR0_SQP_SPECTRAL,true,false,false,KKT_OK,124,344.22002000000003,-221047.64516938743,0.0,false
FLETBV3M,5000,0,UNIF_SAR1_PH0_ATR0_SQP_RECIPROCAL,true,false,false,SMALL_STEP,2299,7394.597573999999,-222911.0041069184,0.0,false
FLETBV3M,5000,0,UNIF_SAR1_PH0_ATR0_SQP_EXPONENTIAL,true,false,false,KKT_OK,148,490.181617,-221047.64502105743,0.0,false
FLETBV3M,5000,0,UNIF_SAR1_PH0_ATR0_SQP_QUASI_NEWTON,true,false,false,KKT_OK,122,545.0375250000001,-221047.64516928696,0.0,false
FLETCBV2,5000,0,UNIF_SAR1_PH0_ATR0_SQP_IDENTITY,true,false,false,KKT_OK,0,0.295711,-0.5002681698025423,0.0,false
FLETCBV2,5000,0,UNIF_SAR1_PH0_ATR0_SQP_SPECTRAL,true,false,false,KKT_OK,0,0.254907,-0.5002681698025423,0.0,false
FLETCBV2,5000,0,UNIF_SAR1_PH0_ATR0_SQP_RECIPROCAL,true,false,false,KKT_OK,0,0.248255,-0.5002681698025423,0.0,false
FLETCBV2,5000,0,UNIF_SAR1_PH0_ATR0_SQP_EXPONENTIAL,true,false,false,KKT_OK,0,0.24312,-0.5002681698025423,0.0,false
FLETCBV2,5000,0,UNIF_SAR1_PH0_ATR0_SQP_QUASI_NEWTON,true,false,false,KKT_OK,0,0.237576,-0.5002681698025423,0.0,false
FLETCBV3,5000,0,UNIF_SAR1_PH0_ATR0_SQP_IDENTITY,true,false,false,MAX_IT,5000,15014.201683,-1.2497146722011222e7,0.0,false
FLETCBV3,5000,0,UNIF_SAR1_PH0_ATR0_SQP_SPECTRAL,true,false,false,MAX_IT,5000,18256.743792999998,-1.2063150425359966e7,0.0,false
FLETCBV3,5000,0,UNIF_SAR1_PH0_ATR0_SQP_RECIPROCAL,true,false,false,MAX_IT,5000,17864.083465,-1.2485683276810817e7,0.0,false
FLETCBV3,5000,0,UNIF_SAR1_PH0_ATR0_SQP_EXPONENTIAL,true,false,false,MAX_IT,5000,20095.374649,-1.249632055179912e7,0.0,false
FLETCBV3,5000,0,UNIF_SAR1_PH0_ATR0_SQP_QUASI_NEWTON,true,false,false,MAX_IT,5000,19025.653995,-1.2497146710867118e7,0.0,false
FLETCHBV,5000,0,UNIF_SAR1_PH0_ATR0_SQP_IDENTITY,true,false,false,MAX_IT,5000,17182.125129,-1.2498842650892788e15,0.0,false
FLETCHBV,5000,0,UNIF_SAR1_PH0_ATR0_SQP_SPECTRAL,true,false,false,MAX_IT,5000,17391.875053,-1.2498842650882545e15,0.0,false
FLETCHBV,5000,0,UNIF_SAR1_PH0_ATR0_SQP_RECIPROCAL,true,false,false,MAX_IT,5000,18035.16012,-1.2498195180963295e15,0.0,false
FLETCHBV,5000,0,UNIF_SAR1_PH0_ATR0_SQP_EXPONENTIAL,true,false,false,MAX_IT,5000,20209.31112,-1.2498842491927878e15,0.0,false
FLETCHBV,5000,0,UNIF_SAR1_PH0_ATR0_SQP_QUASI_NEWTON,true,false,false,MAX_IT,5000,19090.195823,-1.2498842659527872e15,0.0,false
FLETCHCR,1000,0,UNIF_SAR1_PH0_ATR0_SQP_IDENTITY,true,false,false,SMALL_STEP,17,11.002137000000001,988.8956050579349,0.0,false
FLETCHCR,1000,0,UNIF_SAR1_PH0_ATR0_SQP_SPECTRAL,true,false,false,SMALL_STEP,23,14.541096999999999,988.7695569550815,0.0,false
FLETCHCR,1000,0,UNIF_SAR1_PH0_ATR0_SQP_RECIPROCAL,true,false,false,SMALL_STEP,17,10.707656,988.903958175169,0.0,false
FLETCHCR,1000,0,UNIF_SAR1_PH0_ATR0_SQP_EXPONENTIAL,true,false,false,SMALL_STEP,18,9.3941,988.9002486980187,0.0,false
FLETCHCR,1000,0,UNIF_SAR1_PH0_ATR0_SQP_QUASI_NEWTON,true,false,false,MAX_IT,5000,4075.525988,976.4957526710144,0.0,false
FMINSRF2,5625,0,UNIF_SAR1_PH0_ATR0_SQP_IDENTITY,true,false,false,MAX_IT,5000,20164.750916999998,1.4133695735918468,0.0,false
FMINSRF2,5625,0,UNIF_SAR1_PH0_ATR0_SQP_SPECTRAL,true,false,false,KKT_OK,764,2722.8834869999996,1.0209658948141318,0.0,false
FMINSRF2,5625,0,UNIF_SAR1_PH0_ATR0_SQP_RECIPROCAL,true,false,false,MAX_IT,5000,22319.137864999997,1.5871333364447247,0.0,false
FMINSRF2,5625,0,UNIF_SAR1_PH0_ATR0_SQP_EXPONENTIAL,true,false,false,MAX_IT,5000,25893.824112000002,1.6997828382987274,0.0,false
FMINSRF2,5625,0,UNIF_SAR1_PH0_ATR0_SQP_QUASI_NEWTON,true,false,false,SMALL_STEP,2843,14269.991268,1.0010957662667381,0.0,false
FMINSURF,5625,0,UNIF_SAR1_PH0_ATR0_SQP_IDENTITY,true,false,false,MAX_IT,5000,21969.34925,2.160266829790805,0.0,false
FMINSURF,5625,0,UNIF_SAR1_PH0_ATR0_SQP_SPECTRAL,true,false,false,KKT_OK,773,2822.441882,1.0699427180973913,0.0,false
FMINSURF,5625,0,UNIF_SAR1_PH0_ATR0_SQP_RECIPROCAL,true,false,false,MAX_IT,5000,23343.823395,1.931962224570355,0.0,false
FMINSURF,5625,0,UNIF_SAR1_PH0_ATR0_SQP_EXPONENTIAL,true,false,false,MAX_IT,5000,26033.32554,1.8858311245977573,0.0,false
FMINSURF,5625,0,UNIF_SAR1_PH0_ATR0_SQP_QUASI_NEWTON,true,false,false,KKT_OK,3125,15587.607003000001,1.0028798412223217,0.0,false
FREUROTH,5000,0,UNIF_SAR1_PH0_ATR0_SQP_IDENTITY,true,false,false,SMALL_STEP,1660,6194.681433999999,608257.6512799627,0.0,false
FREUROTH,5000,0,UNIF_SAR1_PH0_ATR0_SQP_SPECTRAL,true,false,false,SMALL_STEP,27,84.54438999999999,608203.3644089255,0.0,false
FREUROTH,5000,0,UNIF_SAR1_PH0_ATR0_SQP_RECIPROCAL,true,false,false,SMALL_STEP,1554,5219.421531,608264.478798427,0.0,false
FREUROTH,5000,0,UNIF_SAR1_PH0_ATR0_SQP_EXPONENTIAL,true,false,false,SMALL_STEP,401,1426.8539870000002,608222.909015161,0.0,false
FREUROTH,5000,0,UNIF_SAR1_PH0_ATR0_SQP_QUASI_NEWTON,true,false,false,SMALL_STEP,1004,4237.170196,608199.0725432326,0.0,false
GAUSS1LS,8,0,UNIF_SAR1_PH0_ATR0_SQP_IDENTITY,true,false,false,SMALL_STEP,8,0.33189,7369.217465020935,0.0,false
GAUSS1LS,8,0,UNIF_SAR1_PH0_ATR0_SQP_SPECTRAL,true,false,false,SMALL_STEP,8,0.317367,7369.217465020935,0.0,false
GAUSS1LS,8,0,UNIF_SAR1_PH0_ATR0_SQP_RECIPROCAL,true,false,false,SMALL_STEP,8,0.33135400000000004,7369.217465020935,0.0,false
GAUSS1LS,8,0,UNIF_SAR1_PH0_ATR0_SQP_EXPONENTIAL,true,false,false,SMALL_STEP,8,0.341988,7369.217465020935,0.0,false
GAUSS1LS,8,0,UNIF_SAR1_PH0_ATR0_SQP_QUASI_NEWTON,true,false,false,SMALL_STEP,8,0.326168,7369.217465020935,0.0,false
GAUSS2LS,8,0,UNIF_SAR1_PH0_ATR0_SQP_IDENTITY,true,false,false,SMALL_STEP,10,0.47214,9071.345839267047,0.0,false
GAUSS2LS,8,0,UNIF_SAR1_PH0_ATR0_SQP_SPECTRAL,true,false,false,SMALL_STEP,10,0.41626599999999997,9071.34583926704,0.0,false
GAUSS2LS,8,0,UNIF_SAR1_PH0_ATR0_SQP_RECIPROCAL,true,false,false,SMALL_STEP,10,0.453317,9071.345839268755,0.0,false
GAUSS2LS,8,0,UNIF_SAR1_PH0_ATR0_SQP_EXPONENTIAL,true,false,false,SMALL_STEP,10,0.49479799999999996,9071.34583927265,0.0,false
GAUSS2LS,8,0,UNIF_SAR1_PH0_ATR0_SQP_QUASI_NEWTON,true,false,false,SMALL_STEP,10,0.458861,9071.345839273647,0.0,false
GAUSS3LS,8,0,UNIF_SAR1_PH0_ATR0_SQP_IDENTITY,true,false,false,SMALL_STEP,8,0.329957,18900.415709371657,0.0,false
GAUSS3LS,8,0,UNIF_SAR1_PH0_ATR0_SQP_SPECTRAL,true,false,false,SMALL_STEP,8,0.337888,18900.415709371657,0.0,false
GAUSS3LS,8,0,UNIF_SAR1_PH0_ATR0_SQP_RECIPROCAL,true,false,false,SMALL_STEP,8,0.381474,18900.415709371657,0.0,false
GAUSS3LS,8,0,UNIF_SAR1_PH0_ATR0_SQP_EXPONENTIAL,true,false,false,SMALL_STEP,8,0.39794,18900.415709371657,0.0,false
GAUSS3LS,8,0,UNIF_SAR1_PH0_ATR0_SQP_QUASI_NEWTON,true,false,false,SMALL_STEP,8,0.382467,18900.415709371657,0.0,false
GAUSSIAN,3,0,UNIF_SAR1_PH0_ATR0_SQP_IDENTITY,true,false,false,KKT_OK,8,0.240707,5.621787219979159e-8,0.0,false
GAUSSIAN,3,0,UNIF_SAR1_PH0_ATR0_SQP_SPECTRAL,true,false,false,KKT_OK,7,0.200908,8.509876639319477e-8,0.0,false
GAUSSIAN,3,0,UNIF_SAR1_PH0_ATR0_SQP_RECIPROCAL,true,false,false,KKT_OK,8,0.223121,5.656604651529816e-8,0.0,false
GAUSSIAN,3,0,UNIF_SAR1_PH0_ATR0_SQP_EXPONENTIAL,true,false,false,KKT_OK,8,0.22878300000000001,5.656604651529816e-8,0.0,false
GAUSSIAN,3,0,UNIF_SAR1_PH0_ATR0_SQP_QUASI_NEWTON,true,false,false,KKT_OK,7,0.19594999999999999,4.09068312324895e-8,0.0,false
GBRAINLS,2,0,UNIF_SAR1_PH0_ATR0_SQP_IDENTITY,true,false,false,SMALL_STEP,2332,369.827673,29.635897400282637,0.0,false
GBRAINLS,2,0,UNIF_SAR1_PH0_ATR0_SQP_SPECTRAL,true,false,false,SMALL_STEP,1864,298.074823,29.524407655238797,0.0,false
GBRAINLS,2,0,UNIF_SAR1_PH0_ATR0_SQP_RECIPROCAL,true,false,false,SMALL_STEP,2332,634.017998,29.635898294366477,0.0,false
GBRAINLS,2,0,UNIF_SAR1_PH0_ATR0_SQP_EXPONENTIAL,true,false,false,SMALL_STEP,2237,863.072178,29.896090602082094,0.0,false
GBRAINLS,2,0,UNIF_SAR1_PH0_ATR0_SQP_QUASI_NEWTON,true,false,false,SMALL_STEP,846,224.89389500000001,28.528670086578234,0.0,false
GENHUMPS,5000,0,UNIF_SAR1_PH0_ATR0_SQP_IDENTITY,true,false,false,MAX_IT,5000,18040.104358,2.706385462300584e6,0.0,false
GENHUMPS,5000,0,UNIF_SAR1_PH0_ATR0_SQP_SPECTRAL,true,false,false,MAX_IT,5000,19237.765347,24655.333618594632,0.0,false
GENHUMPS,5000,0,UNIF_SAR1_PH0_ATR0_SQP_RECIPROCAL,true,false,false,MAX_IT,5000,20189.330441,2.5650404807009925e6,0.0,false
GENHUMPS,5000,0,UNIF_SAR1_PH0_ATR0_SQP_EXPONENTIAL,true,false,false,MAX_IT,5000,24326.960099,1.6755867170390293e6,0.0,false
GENHUMPS,5000,0,UNIF_SAR1_PH0_ATR0_SQP_QUASI_NEWTON,true,false,false,KKT_OK,3333,15254.908704,1.2185110450929025e-9,0.0,false
GENROSE,500,0,UNIF_SAR1_PH0_ATR0_SQP_IDENTITY,true,false,false,SMALL_STEP,208,76.422466,305.7030349930623,0.0,false
GENROSE,500,0,UNIF_SAR1_PH0_ATR0_SQP_SPECTRAL,true,false,false,SMALL_STEP,70,23.097693,305.40671061430663,0.0,false
GENROSE,500,0,UNIF_SAR1_PH0_ATR0_SQP_RECIPROCAL,true,false,false,SMALL_STEP,286,103.816825,305.80603674583256,0.0,false
GENROSE,500,0,UNIF_SAR1_PH0_ATR0_SQP_EXPONENTIAL,true,false,false,SMALL_STEP,143,57.397741,305.6223303331196,0.0,false
GENROSE,500,0,UNIF_SAR1_PH0_ATR0_SQP_QUASI_NEWTON,true,false,false,MAX_IT,5000,2281.1611959999996,273.1827505370062,0.0,false
GENROSEB,500,0,UNIF_SAR1_PH0_ATR0_SQP_IDENTITY,true,false,false,SMALL_STEP,156,52.805865,1593.944931733038,0.0,false
GENROSEB,500,0,UNIF_SAR1_PH0_ATR0_SQP_SPECTRAL,true,false,false,SMALL_STEP,206,74.679316,1593.9449317616736,0.0,false
GENROSEB,500,0,UNIF_SAR1_PH0_ATR0_SQP_RECIPROCAL,true,false,false,KKT_OK,155,53.041387,1593.944931730527,0.0,false
GENROSEB,500,0,UNIF_SAR1_PH0_ATR0_SQP_EXPONENTIAL,true,false,false,SMALL_STEP,259,94.475007,1593.9449317304834,0.0,false
GENROSEB,500,0,UNIF_SAR1_PH0_ATR0_SQP_QUASI_NEWTON,true,false,false,MAX_IT,5000,6789.186027000001,1595.490000003249,0.0,false
GILBERT,5000,1,UNIF_SAR1_PH0_ATR0_SQP_IDENTITY,true,false,false,MAX_IT,5000,38023.298273,1240.4528336657597,1900.8451714941668,false
GILBERT,5000,1,UNIF_SAR1_PH0_ATR0_SQP_SPECTRAL,true,false,false,MAX_IT,5000,38077.864871000005,2023.3970963833704,136.43251330768575,false
GILBERT,5000,1,UNIF_SAR1_PH0_ATR0_SQP_RECIPROCAL,true,false,false,SMALL_STEP,32,222.907298,2459.4682769888427,3.691462936078831e-8,false
GILBERT,5000,1,UNIF_SAR1_PH0_ATR0_SQP_EXPONENTIAL,true,false,false,MAX_IT,5000,42660.9119,1705.6400732913473,539.7155152944503,false
GILBERT,5000,1,UNIF_SAR1_PH0_ATR0_SQP_QUASI_NEWTON,true,false,false,MAX_IT,5000,40314.791637,2224.7062189841076,37.38933500731546,false
GRIDGENA,6218,0,UNIF_SAR1_PH0_ATR0_SQP_IDENTITY,true,false,false,SMALL_STEP,54,413.813064,23521.66394140014,0.0,false
GRIDGENA,6218,0,UNIF_SAR1_PH0_ATR0_SQP_SPECTRAL,true,false,false,SMALL_STEP,37,128.312131,23520.885626373245,0.0,false
GRIDGENA,6218,0,UNIF_SAR1_PH0_ATR0_SQP_RECIPROCAL,true,false,false,SMALL_STEP,51,234.82952600000002,23521.73027619209,0.0,false
GRIDGENA,6218,0,UNIF_SAR1_PH0_ATR0_SQP_EXPONENTIAL,true,false,false,SMALL_STEP,79,409.255077,23521.443202095208,0.0,false
GRIDGENA,6218,0,UNIF_SAR1_PH0_ATR0_SQP_QUASI_NEWTON,true,false,false,SMALL_STEP,214,1121.962161,23520.238333079487,0.0,false
GROWTHLS,3,0,UNIF_SAR1_PH0_ATR0_SQP_IDENTITY,true,false,false,SMALL_STEP,3117,90.527788,12.714440646984361,0.0,false
GROWTHLS,3,0,UNIF_SAR1_PH0_ATR0_SQP_SPECTRAL,true,false,false,SMALL_STEP,3029,82.911929,12.890882105173999,0.0,false
GROWTHLS,3,0,UNIF_SAR1_PH0_ATR0_SQP_RECIPROCAL,true,false,false,SMALL_STEP,3221,90.841138,12.637234128350558,0.0,false
GROWTHLS,3,0,UNIF_SAR1_PH0_ATR0_SQP_EXPONENTIAL,true,false,false,SMALL_STEP,2303,68.325652,13.916385015808336,0.0,false
GROWTHLS,3,0,UNIF_SAR1_PH0_ATR0_SQP_QUASI_NEWTON,true,false,false,SMALL_STEP,1153,34.173169,11.043535933636187,0.0,false
GULF,3,0,UNIF_SAR1_PH0_ATR0_SQP_IDENTITY,true,false,false,MAX_IT,5000,187.183343,5.628160674725986,0.0,false
GULF,3,0,UNIF_SAR1_PH0_ATR0_SQP_SPECTRAL,true,false,false,MAX_IT,5000,188.81178100000002,6.0569891259107695,0.0,false
GULF,3,0,UNIF_SAR1_PH0_ATR0_SQP_RECIPROCAL,true,false,false,MAX_IT,5000,234.79394200000002,5.646295043656372,0.0,false
GULF,3,0,UNIF_SAR1_PH0_ATR0_SQP_EXPONENTIAL,true,false,false,MAX_IT,5000,282.174775,5.6267019117837,0.0,false
GULF,3,0,UNIF_SAR1_PH0_ATR0_SQP_QUASI_NEWTON,true,false,false,MAX_IT,5000,237.58463,0.008407627349694961,0.0,false
HADAMALS,400,0,UNIF_SAR1_PH0_ATR0_SQP_IDENTITY,true,false,false,SMALL_STEP,138,36.854979,7311.843150116029,0.0,false
HADAMALS,400,0,UNIF_SAR1_PH0_ATR0_SQP_SPECTRAL,true,false,false,SMALL_STEP,36,10.687094,7311.843193827497,0.0,false
HADAMALS,400,0,UNIF_SAR1_PH0_ATR0_SQP_RECIPROCAL,true,false,false,SMALL_STEP,175,52.179683999999995,7311.843154562278,0.0,false
HADAMALS,400,0,UNIF_SAR1_PH0_ATR0_SQP_EXPONENTIAL,true,false,false,KKT_OK,156,50.535325,7311.843151134726,0.0,false
HADAMALS,400,0,UNIF_SAR1_PH0_ATR0_SQP_QUASI_NEWTON,true,false,false,KKT_OK,18,4.790825,7311.843149959166,0.0,false
HAHN1LS,7,0,UNIF_SAR1_PH0_ATR0_SQP_IDENTITY,true,false,false,SMALL_STEP,8,0.293215,3.097556527433772e6,0.0,false
HAHN1LS,7,0,UNIF_SAR1_PH0_ATR0_SQP_SPECTRAL,true,false,false,SMALL_STEP,8,0.28253399999999995,3.097556527433772e6,0.0,false
HAHN1LS,7,0,UNIF_SAR1_PH0_ATR0_SQP_RECIPROCAL,true,false,false,SMALL_STEP,8,0.281639,3.097556527433772e6,0.0,false
HAHN1LS,7,0,UNIF_SAR1_PH0_ATR0_SQP_EXPONENTIAL,true,false,false,SMALL_STEP,8,0.267509,3.097556527433772e6,0.0,false
HAHN1LS,7,0,UNIF_SAR1_PH0_ATR0_SQP_QUASI_NEWTON,true,false,false,SMALL_STEP,8,0.27149900000000005,3.097556527433772e6,0.0,false
HAIRY,2,0,UNIF_SAR1_PH0_ATR0_SQP_IDENTITY,true,false,false,SMALL_STEP,98,2.677864,20.00000297881256,0.0,false
HAIRY,2,0,UNIF_SAR1_PH0_ATR0_SQP_SPECTRAL,true,false,false,SMALL_STEP,85,2.111678,20.000000016678683,0.0,false
HAIRY,2,0,UNIF_SAR1_PH0_ATR0_SQP_RECIPROCAL,true,false,false,SMALL_STEP,98,2.4108379999999996,20.000001462798842,0.0,false
HAIRY,2,0,UNIF_SAR1_PH0_ATR0_SQP_EXPONENTIAL,true,false,false,SMALL_STEP,155,8.400494,20.000000815624453,0.0,false
HAIRY,2,0,UNIF_SAR1_PH0_ATR0_SQP_QUASI_NEWTON,true,false,false,SMALL_STEP,125,3.2633240000000003,20.000000013130865,0.0,false
HARKERP2,1000,0,UNIF_SAR1_PH0_ATR0_SQP_IDENTITY,true,false,false,SMALL_STEP,1013,1273.406522,-0.0006310028988412612,0.0,false
HARKERP2,1000,0,UNIF_SAR1_PH0_ATR0_SQP_SPECTRAL,true,false,false,SMALL_STEP,1022,1463.619017,-0.014971393069755127,0.0,false
HARKERP2,1000,0,UNIF_SAR1_PH0_ATR0_SQP_RECIPROCAL,true,false,false,SMALL_STEP,1013,1932.8109570000001,-3.5555480225405504e-5,0.0,false
HARKERP2,1000,0,UNIF_SAR1_PH0_ATR0_SQP_EXPONENTIAL,true,false,false,SMALL_STEP,1014,2625.6592250000003,-9.668130794373631e-5,0.0,false
HARKERP2,1000,0,UNIF_SAR1_PH0_ATR0_SQP_QUASI_NEWTON,true,false,false,SMALL_STEP,1014,1867.704937,-0.00012596869666452198,0.0,false
HART6,6,0,UNIF_SAR1_PH0_ATR0_SQP_IDENTITY,true,false,false,SMALL_STEP,38,1.1051959999999998,-3.32288640629033,0.0,false
HART6,6,0,UNIF_SAR1_PH0_ATR0_SQP_SPECTRAL,true,false,false,KKT_OK,15,0.41411600000000004,-3.3228868913350924,0.0,false
HART6,6,0,UNIF_SAR1_PH0_ATR0_SQP_RECIPROCAL,true,false,false,SMALL_STEP,34,0.9793670000000001,-3.3228868157598215,0.0,false
HART6,6,0,UNIF_SAR1_PH0_ATR0_SQP_EXPONENTIAL,true,false,false,SMALL_STEP,31,0.913155,-3.322886855786086,0.0,false
HART6,6,0,UNIF_SAR1_PH0_ATR0_SQP_QUASI_NEWTON,true,false,false,KKT_OK,15,0.421433,-3.322886883764291,0.0,false
HATFLDA,4,0,UNIF_SAR1_PH0_ATR0_SQP_IDENTITY,true,false,false,SMALL_STEP,10,0.32027100000000003,0.6757364470323358,0.0,false
HATFLDA,4,0,UNIF_SAR1_PH0_ATR0_SQP_SPECTRAL,true,false,false,SMALL_STEP,9,0.27109500000000003,0.6755093766668638,0.0,false
HATFLDA,4,0,UNIF_SAR1_PH0_ATR0_SQP_RECIPROCAL,true,false,false,SMALL_STEP,7,1.270521,0.9999996112839046,0.0,false
HATFLDA,4,0,UNIF_SAR1_PH0_ATR0_SQP_EXPONENTIAL,true,false,false,SMALL_STEP,23,1.603254,0.9999992659160136,0.0,false
HATFLDA,4,0,UNIF_SAR1_PH0_ATR0_SQP_QUASI_NEWTON,true,false,false,KKT_OK,153,7.802045,2.611922399365534e-7,0.0,false
HATFLDB,4,0,UNIF_SAR1_PH0_ATR0_SQP_IDENTITY,true,false,false,SMALL_STEP,10,0.314755,0.6757364470323358,0.0,false
HATFLDB,4,0,UNIF_SAR1_PH0_ATR0_SQP_SPECTRAL,true,false,false,SMALL_STEP,9,0.26968499999999995,0.6755093766668638,0.0,false
HATFLDB,4,0,UNIF_SAR1_PH0_ATR0_SQP_RECIPROCAL,true,false,false,SMALL_STEP,7,0.963491,0.9999996126360368,0.0,false
HATFLDB,4,0,UNIF_SAR1_PH0_ATR0_SQP_EXPONENTIAL,true,false,false,SMALL_STEP,23,1.497892,0.9999992619660864,0.0,false
HATFLDB,4,0,UNIF_SAR1_PH0_ATR0_SQP_QUASI_NEWTON,true,false,false,KKT_OK,80,5.1113290000000005,0.005572816018046605,0.0,false
HATFLDC,25,0,UNIF_SAR1_PH0_ATR0_SQP_IDENTITY,true,false,false,KKT_OK,4,0.168542,1.1664078651890255e-13,0.0,false
HATFLDC,25,0,UNIF_SAR1_PH0_ATR0_SQP_SPECTRAL,true,false,false,KKT_OK,4,0.14739000000000002,1.1664078651890255e-13,0.0,false
HATFLDC,25,0,UNIF_SAR1_PH0_ATR0_SQP_RECIPROCAL,true,false,false,KKT_OK,5,0.177506,1.1664078651890255e-13,0.0,false
HATFLDC,25,0,UNIF_SAR1_PH0_ATR0_SQP_EXPONENTIAL,true,false,false,KKT_OK,5,0.18059599999999998,1.1664078651890255e-13,0.0,false
HATFLDC,25,0,UNIF_SAR1_PH0_ATR0_SQP_QUASI_NEWTON,true,false,false,KKT_OK,4,0.146145,1.1664078651890255e-13,0.0,false
HATFLDD,3,0,UNIF_SAR1_PH0_ATR0_SQP_IDENTITY,true,false,false,KKT_OK,145,3.592159,2.259475803947278e-6,0.0,false
HATFLDD,3,0,UNIF_SAR1_PH0_ATR0_SQP_SPECTRAL,true,false,false,KKT_OK,33,3.640936,2.7577938312232e-5,0.0,false
HATFLDD,3,0,UNIF_SAR1_PH0_ATR0_SQP_RECIPROCAL,true,false,false,SMALL_STEP,1699,43.523803,0.0009671494930371799,0.0,false
HATFLDD,3,0,UNIF_SAR1_PH0_ATR0_SQP_EXPONENTIAL,true,false,false,SMALL_STEP,1357,37.568515,0.0011619445496333033,0.0,false
HATFLDD,3,0,UNIF_SAR1_PH0_ATR0_SQP_QUASI_NEWTON,true,false,false,SMALL_STEP,949,27.042798,0.0003537218616757436,0.0,false
HATFLDE,3,0,UNIF_SAR1_PH0_ATR0_SQP_IDENTITY,true,false,false,SMALL_STEP,1263,33.004141000000004,0.0015220489242140833,0.0,false
HATFLDE,3,0,UNIF_SAR1_PH0_ATR0_SQP_SPECTRAL,true,false,false,SMALL_STEP,40,4.070221,0.00027987077797963117,0.0,false
HATFLDE,3,0,UNIF_SAR1_PH0_ATR0_SQP_RECIPROCAL,true,false,false,SMALL_STEP,2465,63.634055999999994,0.0010773008146807283,0.0,false
HATFLDE,3,0,UNIF_SAR1_PH0_ATR0_SQP_EXPONENTIAL,true,false,false,SMALL_STEP,1896,55.818318999999995,0.0011345478777096065,0.0,false
HATFLDE,3,0,UNIF_SAR1_PH0_ATR0_SQP_QUASI_NEWTON,true,false,false,SMALL_STEP,1233,33.995875000000005,0.0006118864913861623,0.0,false
HATFLDFL,3,0,UNIF_SAR1_PH0_ATR0_SQP_IDENTITY,true,false,false,SMALL_STEP,37,4.060295,7.096518104600278e-5,0.0,false
HATFLDFL,3,0,UNIF_SAR1_PH0_ATR0_SQP_SPECTRAL,true,false,false,SMALL_STEP,14,0.372478,6.658581776442059e-5,0.0,false
HATFLDFL,3,0,UNIF_SAR1_PH0_ATR0_SQP_RECIPROCAL,true,false,false,SMALL_STEP,37,0.9487840000000001,7.094849868735816e-5,0.0,false
HATFLDFL,3,0,UNIF_SAR1_PH0_ATR0_SQP_EXPONENTIAL,true,false,false,KKT_OK,41,1.061264,6.700031444472859e-5,0.0,false
HATFLDFL,3,0,UNIF_SAR1_PH0_ATR0_SQP_QUASI_NEWTON,true,false,false,SMALL_STEP,56,1.466141,6.683466659258008e-5,0.0,false
HATFLDFLS,3,0,UNIF_SAR1_PH0_ATR0_SQP_IDENTITY,true,false,false,SMALL_STEP,297,7.270480999999999,2.8812657413630947e-5,0.0,false
HATFLDFLS,3,0,UNIF_SAR1_PH0_ATR0_SQP_SPECTRAL,true,false,false,KKT_OK,26,0.651687,2.4981380708765132e-5,0.0,false
HATFLDFLS,3,0,UNIF_SAR1_PH0_ATR0_SQP_RECIPROCAL,true,false,false,SMALL_STEP,16,3.27227,0.0023046656105735826,0.0,false
HATFLDFLS,3,0,UNIF_SAR1_PH0_ATR0_SQP_EXPONENTIAL,true,false,false,SMALL_STEP,16,0.520195,0.0023046659234041687,0.0,false
HATFLDFLS,3,0,UNIF_SAR1_PH0_ATR0_SQP_QUASI_NEWTON,true,false,false,SMALL_STEP,56,1.429923,3.2759539237428863e-6,0.0,false
HATFLDGLS,25,0,UNIF_SAR1_PH0_ATR0_SQP_IDENTITY,true,false,false,SMALL_STEP,657,25.917488,0.00017924290960774,0.0,false
HATFLDGLS,25,0,UNIF_SAR1_PH0_ATR0_SQP_SPECTRAL,true,false,false,SMALL_STEP,193,6.590404,0.00023434925216015378,0.0,false
HATFLDGLS,25,0,UNIF_SAR1_PH0_ATR0_SQP_RECIPROCAL,true,false,false,SMALL_STEP,726,28.118609,0.00011146084240521182,0.0,false
HATFLDGLS,25,0,UNIF_SAR1_PH0_ATR0_SQP_EXPONENTIAL,true,false,false,SMALL_STEP,800,34.285188,5.103263270241351e-5,0.0,false
HATFLDGLS,25,0,UNIF_SAR1_PH0_ATR0_SQP_QUASI_NEWTON,true,false,false,KKT_OK,748,28.802865,1.5908204533376493e-5,0.0,false
HEART6LS,6,0,UNIF_SAR1_PH0_ATR0_SQP_IDENTITY,true,false,false,SMALL_STEP,3963,115.57608499999999,2.51752873634649,0.0,false
HEART6LS,6,0,UNIF_SAR1_PH0_ATR0_SQP_SPECTRAL,true,false,false,SMALL_STEP,3798,116.369164,1.1717143051974648,0.0,false
HEART6LS,6,0,UNIF_SAR1_PH0_ATR0_SQP_RECIPROCAL,true,false,false,SMALL_STEP,3038,90.50153900000001,2.2427206894340292,0.0,false
HEART6LS,6,0,UNIF_SAR1_PH0_ATR0_SQP_EXPONENTIAL,true,false,false,SMALL_STEP,4266,306.248042,1.990720848417985,0.0,false
HEART6LS,6,0,UNIF_SAR1_PH0_ATR0_SQP_QUASI_NEWTON,true,false,false,SMALL_STEP,3246,96.73564,1.227656422082877,0.0,false
HEART8LS,8,0,UNIF_SAR1_PH0_ATR0_SQP_IDENTITY,true,false,false,SMALL_STEP,657,20.399488,1.2811636278537313,0.0,false
HEART8LS,8,0,UNIF_SAR1_PH0_ATR0_SQP_SPECTRAL,true,false,false,SMALL_STEP,722,21.751721000000003,1.30622931762406,0.0,false
HEART8LS,8,0,UNIF_SAR1_PH0_ATR0_SQP_RECIPROCAL,true,false,false,SMALL_STEP,4524,134.169336,1.133429768016444,0.0,false
HEART8LS,8,0,UNIF_SAR1_PH0_ATR0_SQP_EXPONENTIAL,true,false,false,SMALL_STEP,2714,88.28989600000001,1.3092350395260188,0.0,false
HEART8LS,8,0,UNIF_SAR1_PH0_ATR0_SQP_QUASI_NEWTON,true,false,false,SMALL_STEP,2310,73.82599900000001,1.199205672047374,0.0,false
HELIX,3,0,UNIF_SAR1_PH0_ATR0_SQP_IDENTITY,true,false,false,SMALL_STEP,1203,32.685556999999996,0.0008195492696655888,0.0,false
HELIX,3,0,UNIF_SAR1_PH0_ATR0_SQP_SPECTRAL,true,false,false,SMALL_STEP,140,3.463917,0.00030691348307971584,0.0,false
HELIX,3,0,UNIF_SAR1_PH0_ATR0_SQP_RECIPROCAL,true,false,false,SMALL_STEP,566,13.995959000000001,0.0008243682046755512,0.0,false
HELIX,3,0,UNIF_SAR1_PH0_ATR0_SQP_EXPONENTIAL,true,false,false,SMALL_STEP,1272,35.844175,0.00041832301145099956,0.0,false
HELIX,3,0,UNIF_SAR1_PH0_ATR0_SQP_QUASI_NEWTON,true,false,false,SMALL_STEP,1082,29.626489,0.0003196109835412368,0.0,false
HIELOW,3,0,UNIF_SAR1_PH0_ATR0_SQP_IDENTITY,true,false,false,SMALL_STEP,809,164.141502,874.7771376647468,0.0,false
HIELOW,3,0,UNIF_SAR1_PH0_ATR0_SQP_SPECTRAL,true,false,false,SMALL_STEP,936,178.80175200000002,875.2195343849858,0.0,false
HIELOW,3,0,UNIF_SAR1_PH0_ATR0_SQP_RECIPROCAL,true,false,false,SMALL_STEP,830,312.381808,874.7771358219288,0.0,false
HIELOW,3,0,UNIF_SAR1_PH0_ATR0_SQP_EXPONENTIAL,true,false,false,SMALL_STEP,936,507.894453,875.2759644958508,0.0,false
HIELOW,3,0,UNIF_SAR1_PH0_ATR0_SQP_QUASI_NEWTON,true,false,false,SMALL_STEP,36,11.898866,874.165433357129,0.0,false
HILBERTA,2,0,UNIF_SAR1_PH0_ATR0_SQP_IDENTITY,true,false,false,KKT_OK,27,0.6817690000000001,7.126264355921009e-8,0.0,false
HILBERTA,2,0,UNIF_SAR1_PH0_ATR0_SQP_SPECTRAL,true,false,false,KKT_OK,11,0.276703,1.1065158422079296e-13,0.0,false
HILBERTA,2,0,UNIF_SAR1_PH0_ATR0_SQP_RECIPROCAL,true,false,false,KKT_OK,27,0.6689229999999999,7.247259719933803e-8,0.0,false
HILBERTA,2,0,UNIF_SAR1_PH0_ATR0_SQP_EXPONENTIAL,true,false,false,KKT_OK,9,0.229919,2.8638556505225185e-18,0.0,false
HILBERTA,2,0,UNIF_SAR1_PH0_ATR0_SQP_QUASI_NEWTON,true,false,false,KKT_OK,9,0.228872,1.4317362536437478e-27,0.0,false
HILBERTB,10,0,UNIF_SAR1_PH0_ATR0_SQP_IDENTITY,true,false,false,KKT_OK,33,1.194526,5.572578110623623e-8,0.0,false
HILBERTB,10,0,UNIF_SAR1_PH0_ATR0_SQP_SPECTRAL,true,false,false,KKT_OK,11,0.367314,1.431984170880538e-14,0.0,false
HILBERTB,10,0,UNIF_SAR1_PH0_ATR0_SQP_RECIPROCAL,true,false,false,KKT_OK,33,1.011278,5.486993346056935e-8,0.0,false
HILBERTB,10,0,UNIF_SAR1_PH0_ATR0_SQP_EXPONENTIAL,true,false,false,KKT_OK,9,0.291621,2.9512314035675284e-22,0.0,false
HILBERTB,10,0,UNIF_SAR1_PH0_ATR0_SQP_QUASI_NEWTON,true,false,false,KKT_OK,9,0.28334699999999996,1.9112856251537556e-23,0.0,false
HIMMELBB,2,0,UNIF_SAR1_PH0_ATR0_SQP_IDENTITY,true,false,false,KKT_OK,9,0.245196,5.862571801087439e-6,0.0,false
HIMMELBB,2,0,UNIF_SAR1_PH0_ATR0_SQP_SPECTRAL,true,false,false,KKT_OK,23,0.577135,6.573465366137367e-12,0.0,false
HIMMELBB,2,0,UNIF_SAR1_PH0_ATR0_SQP_RECIPROCAL,true,false,false,KKT_OK,10,0.26009699999999997,2.073167810488667e-23,0.0,false
HIMMELBB,2,0,UNIF_SAR1_PH0_ATR0_SQP_EXPONENTIAL,true,false,false,KKT_OK,17,0.441654,9.964671079718855e-13,0.0,false
HIMMELBB,2,0,UNIF_SAR1_PH0_ATR0_SQP_QUASI_NEWTON,true,false,false,KKT_OK,16,0.405028,6.9055259946501515e-37,0.0,false
HIMMELBCLS,2,0,UNIF_SAR1_PH0_ATR0_SQP_IDENTITY,true,false,false,SMALL_STEP,34,0.84173,1.0483967884520977e-9,0.0,false
HIMMELBCLS,2,0,UNIF_SAR1_PH0_ATR0_SQP_SPECTRAL,true,false,false,KKT_OK,13,0.317936,3.54489009887568e-10,0.0,false
HIMMELBCLS,2,0,UNIF_SAR1_PH0_ATR0_SQP_RECIPROCAL,true,false,false,SMALL_STEP,34,0.834055,1.4562167254784127e-9,0.0,false
HIMMELBCLS,2,0,UNIF_SAR1_PH0_ATR0_SQP_EXPONENTIAL,true,false,false,SMALL_STEP,33,0.848509,4.73361010395712e-8,0.0,false
HIMMELBCLS,2,0,UNIF_SAR1_PH0_ATR0_SQP_QUASI_NEWTON,true,false,false,SMALL_STEP,18,0.45217100000000005,1.989270395859304e-8,0.0,false
HIMMELBF,4,0,UNIF_SAR1_PH0_ATR0_SQP_IDENTITY,true,false,false,MAX_IT,5000,143.888094,902.8952610066815,0.0,false
HIMMELBF,4,0,UNIF_SAR1_PH0_ATR0_SQP_SPECTRAL,true,false,false,MAX_IT,5000,137.103431,630.0010006268094,0.0,false
HIMMELBF,4,0,UNIF_SAR1_PH0_ATR0_SQP_RECIPROCAL,true,false,false,MAX_IT,5000,150.06215,901.4889983385297,0.0,false
HIMMELBF,4,0,UNIF_SAR1_PH0_ATR0_SQP_EXPONENTIAL,true,false,false,MAX_IT,5000,147.808918,896.8643326205878,0.0,false
HIMMELBF,4,0,UNIF_SAR1_PH0_ATR0_SQP_QUASI_NEWTON,true,false,false,SMALL_STEP,606,19.802025,320.5503293686786,0.0,false
HIMMELBG,2,0,UNIF_SAR1_PH0_ATR0_SQP_IDENTITY,true,false,false,KKT_OK,26,0.6426780000000001,1.3860907038414239e-8,0.0,false
HIMMELBG,2,0,UNIF_SAR1_PH0_ATR0_SQP_SPECTRAL,true,false,false,KKT_OK,9,0.224582,9.667794308375535e-12,0.0,false
HIMMELBG,2,0,UNIF_SAR1_PH0_ATR0_SQP_RECIPROCAL,true,false,false,KKT_OK,26,0.630887,3.301848330544089e-8,0.0,false
HIMMELBG,2,0,UNIF_SAR1_PH0_ATR0_SQP_EXPONENTIAL,true,false,false,KKT_OK,18,0.45430600000000004,5.366921394035281e-9,0.0,false
HIMMELBG,2,0,UNIF_SAR1_PH0_ATR0_SQP_QUASI_NEWTON,true,false,false,KKT_OK,11,0.276038,6.136381237866979e-18,0.0,false
HIMMELBH,2,0,UNIF_SAR1_PH0_ATR0_SQP_IDENTITY,true,false,false,KKT_OK,9,0.23675000000000002,-0.9999999999999991,0.0,false
HIMMELBH,2,0,UNIF_SAR1_PH0_ATR0_SQP_SPECTRAL,true,false,false,KKT_OK,16,0.391141,-0.9999999999568978,0.0,false
HIMMELBH,2,0,UNIF_SAR1_PH0_ATR0_SQP_RECIPROCAL,true,false,false,KKT_OK,26,0.642525,-0.9999999135064501,0.0,false
HIMMELBH,2,0,UNIF_SAR1_PH0_ATR0_SQP_EXPONENTIAL,true,false,false,KKT_OK,24,0.610271,-0.9999999745348662,0.0,false
HIMMELBH,2,0,UNIF_SAR1_PH0_ATR0_SQP_QUASI_NEWTON,true,false,false,KKT_OK,9,0.22437600000000002,-1.0,0.0,false
HIMMELP1,2,0,UNIF_SAR1_PH0_ATR0_SQP_IDENTITY,true,false,false,KKT_OK,95,2.442784,-62.053932787538656,0.0,false
HIMMELP1,2,0,UNIF_SAR1_PH0_ATR0_SQP_SPECTRAL,true,false,false,KKT_OK,66,1.693758,-62.053935061372954,0.0,false
HIMMELP1,2,0,UNIF_SAR1_PH0_ATR0_SQP_RECIPROCAL,true,false,false,KKT_OK,75,1.924515,-62.053934670903914,0.0,false
HIMMELP1,2,0,UNIF_SAR1_PH0_ATR0_SQP_EXPONENTIAL,true,false,false,KKT_OK,73,1.904607,-62.05393490722304,0.0,false
HIMMELP1,2,0,UNIF_SAR1_PH0_ATR0_SQP_QUASI_NEWTON,true,false,false,KKT_OK,69,1.810295,-62.05393506266944,0.0,false
HIMMELP2,2,1,UNIF_SAR1_PH0_ATR0_SQP_IDENTITY,true,false,false,KKT_OK,102,5.993,-8.198044054238665,5.986471478536259e-7,false
HIMMELP2,2,1,UNIF_SAR1_PH0_ATR0_SQP_SPECTRAL,true,false,false,KKT_OK,103,5.967251,-8.198044055815046,3.774403012357652e-11,false
HIMMELP2,2,1,UNIF_SAR1_PH0_ATR0_SQP_RECIPROCAL,true,false,false,KKT_OK,109,6.191123,-8.198044152354385,1.6044135691117845e-5,false
HIMMELP2,2,1,UNIF_SAR1_PH0_ATR0_SQP_EXPONENTIAL,true,false,false,KKT_OK,101,5.973172,-8.198044055814592,6.366462912410498e-12,false
HIMMELP2,2,1,UNIF_SAR1_PH0_ATR0_SQP_QUASI_NEWTON,true,false,false,KKT_OK,101,10.438372,-8.198044055814705,9.094947017729282e-12,false
HOLMES,180,0,UNIF_SAR1_PH0_ATR0_SQP_IDENTITY,true,false,false,SMALL_STEP,398,213.62434299999998,1248.1503523889369,0.0,false
HOLMES,180,0,UNIF_SAR1_PH0_ATR0_SQP_SPECTRAL,true,false,false,SMALL_STEP,235,143.271097,1248.1561725612032,0.0,false
HOLMES,180,0,UNIF_SAR1_PH0_ATR0_SQP_RECIPROCAL,true,false,false,SMALL_STEP,323,294.574369,1248.150361281565,0.0,false
HOLMES,180,0,UNIF_SAR1_PH0_ATR0_SQP_EXPONENTIAL,true,false,false,SMALL_STEP,423,539.1365900000001,1248.1503511900748,0.0,false
HOLMES,180,0,UNIF_SAR1_PH0_ATR0_SQP_QUASI_NEWTON,true,false,false,SMALL_STEP,125,112.048783,1248.15034847697,0.0,false
HONG,4,1,UNIF_SAR1_PH0_ATR0_SQP_IDENTITY,true,false,false,SMALL_STEP,31,1.8464079999999998,22.571087566765836,5.551115123125783e-17,false
HONG,4,1,UNIF_SAR1_PH0_ATR0_SQP_SPECTRAL,true,false,false,SMALL_STEP,9,0.9513119999999999,22.57108736348936,3.3306690738754696e-16,false
HONG,4,1,UNIF_SAR1_PH0_ATR0_SQP_RECIPROCAL,true,false,false,SMALL_STEP,25,1.521969,22.57108776157998,1.6897594434794883e-13,false
HONG,4,1,UNIF_SAR1_PH0_ATR0_SQP_EXPONENTIAL,true,false,false,SMALL_STEP,9,0.946767,22.571087363488953,2.7200464103316335e-15,false
HONG,4,1,UNIF_SAR1_PH0_ATR0_SQP_QUASI_NEWTON,true,false,false,SMALL_STEP,10,0.96034,22.571087363489042,5.551115123125783e-16,false
HS1,2,0,UNIF_SAR1_PH0_ATR0_SQP_IDENTITY,true,false,false,SMALL_STEP,2062,54.875218000000004,0.006462561004147203,0.0,false
HS1,2,0,UNIF_SAR1_PH0_ATR0_SQP_SPECTRAL,true,false,false,SMALL_STEP,2114,52.456497,0.0007013426107240796,0.0,false
HS1,2,0,UNIF_SAR1_PH0_ATR0_SQP_RECIPROCAL,true,false,false,SMALL_STEP,2137,58.162678,0.006185115856297204,0.0,false
HS1,2,0,UNIF_SAR1_PH0_ATR0_SQP_EXPONENTIAL,true,false,false,SMALL_STEP,1827,49.935198,0.005838330893902231,0.0,false
HS1,2,0,UNIF_SAR1_PH0_ATR0_SQP_QUASI_NEWTON,true,false,false,SMALL_STEP,1875,53.720842,0.0025010990662395626,0.0,false
HS10,2,1,UNIF_SAR1_PH0_ATR0_SQP_IDENTITY,true,false,false,KKT_OK,85,10.448343000000001,-1.0000006201597345,1.6152339015196304e-6,false
HS10,2,1,UNIF_SAR1_PH0_ATR0_SQP_SPECTRAL,true,false,false,KKT_OK,85,10.16311,-1.0000006201597345,1.6152339015196304e-6,false
HS10,2,1,UNIF_SAR1_PH0_ATR0_SQP_RECIPROCAL,true,false,false,SMALL_STEP,161,11.879791,-0.9998099631701296,1.7549026565255588e-8,false
HS10,2,1,UNIF_SAR1_PH0_ATR0_SQP_EXPONENTIAL,true,false,false,KKT_OK,113,12.264901,-0.9999992323751392,3.007594173709549e-13,false
HS10,2,1,UNIF_SAR1_PH0_ATR0_SQP_QUASI_NEWTON,true,false,false,KKT_OK,747,59.049807,-1.0000007887340696,1.909401704969227e-6,false
HS105,8,1,UNIF_SAR1_PH0_ATR0_SQP_IDENTITY,true,false,false,STALLED_INFEASIBLE,52,30.785276,4137.095395941873,0.0020000000000000018,false
HS105,8,1,UNIF_SAR1_PH0_ATR0_SQP_SPECTRAL,true,false,false,STALLED_INFEASIBLE,52,30.558654,4137.095395941873,0.0020000000000000018,false
HS105,8,1,UNIF_SAR1_PH0_ATR0_SQP_RECIPROCAL,true,false,false,STALLED_INFEASIBLE,52,31.361223,4137.095395941873,0.0020000000000000018,false
HS105,8,1,UNIF_SAR1_PH0_ATR0_SQP_EXPONENTIAL,true,false,false,STALLED_INFEASIBLE,52,32.246181,4137.095395941873,0.0020000000000000018,false
HS105,8,1,UNIF_SAR1_PH0_ATR0_SQP_QUASI_NEWTON,true,false,false,STALLED_INFEASIBLE,52,41.545083,4137.095395941873,0.0020000000000000018,false
HS11,2,1,UNIF_SAR1_PH0_ATR0_SQP_IDENTITY,true,false,false,KKT_OK,27,3.7904750000000003,-8.498464252759334,9.759727692681963e-9,false
HS11,2,1,UNIF_SAR1_PH0_ATR0_SQP_SPECTRAL,true,false,false,KKT_OK,17,3.295489,-8.498464235615867,5.842084371820988e-9,false
HS11,2,1,UNIF_SAR1_PH0_ATR0_SQP_RECIPROCAL,true,false,false,KKT_OK,16,3.2758599999999998,-8.498464223498747,3.2355118584348475e-10,false
HS11,2,1,UNIF_SAR1_PH0_ATR0_SQP_EXPONENTIAL,true,false,false,KKT_OK,23,3.519346,-8.498464237501732,9.005533874173466e-9,false
HS11,2,1,UNIF_SAR1_PH0_ATR0_SQP_QUASI_NEWTON,true,false,false,KKT_OK,17,3.2719609999999997,-8.498464235615868,5.842084815910198e-9,false
HS110,10,0,UNIF_SAR1_PH0_ATR0_SQP_IDENTITY,true,false,false,KKT_OK,20,0.588023,-45.77847536887593,0.0,false
HS110,10,0,UNIF_SAR1_PH0_ATR0_SQP_SPECTRAL,true,false,false,KKT_OK,8,0.236672,-45.77847553188687,0.0,false
HS110,10,0,UNIF_SAR1_PH0_ATR0_SQP_RECIPROCAL,true,false,false,KKT_OK,20,0.575831,-45.77847537308101,0.0,false
HS110,10,0,UNIF_SAR1_PH0_ATR0_SQP_EXPONENTIAL,true,false,false,KKT_OK,10,0.302715,-45.77847516412584,0.0,false
HS110,10,0,UNIF_SAR1_PH0_ATR0_SQP_QUASI_NEWTON,true,false,false,KKT_OK,8,0.237547,-45.77847553188687,0.0,false
HS13,2,1,UNIF_SAR1_PH0_ATR0_SQP_IDENTITY,true,false,false,SMALL_STEP,34,4.199017,1.000192475809651,8.912006261247238e-13,false
HS13,2,1,UNIF_SAR1_PH0_ATR0_SQP_SPECTRAL,true,false,false,SMALL_STEP,25,2.98033,1.0001283056314743,2.6400088245598404e-13,false
HS13,2,1,UNIF_SAR1_PH0_ATR0_SQP_RECIPROCAL,true,false,false,SMALL_STEP,25,3.046976,1.0001289516145937,2.680083750729006e-13,false
HS13,2,1,UNIF_SAR1_PH0_ATR0_SQP_EXPONENTIAL,true,false,false,MAX_IT,5000,640.142884,0.9951505809303521,1.4307428953129476e-8,false
HS13,2,1,UNIF_SAR1_PH0_ATR0_SQP_QUASI_NEWTON,true,false,false,SMALL_STEP,25,3.541783,1.0001283117697528,2.6403877330419957e-13,false
HS2,2,0,UNIF_SAR1_PH0_ATR0_SQP_IDENTITY,true,false,false,SMALL_STEP,637,14.949214000000001,4.941229332741448,0.0,false
HS2,2,0,UNIF_SAR1_PH0_ATR0_SQP_SPECTRAL,true,false,false,SMALL_STEP,204,4.802446,4.941229317997827,0.0,false
HS2,2,0,UNIF_SAR1_PH0_ATR0_SQP_RECIPROCAL,true,false,false,SMALL_STEP,637,18.636210000000002,4.941229332676853,0.0,false
HS2,2,0,UNIF_SAR1_PH0_ATR0_SQP_EXPONENTIAL,true,false,false,SMALL_STEP,468,11.437505,4.941229333326903,0.0,false
HS2,2,0,UNIF_SAR1_PH0_ATR0_SQP_QUASI_NEWTON,true,false,false,KKT_OK,191,4.893767,4.941229317989185,0.0,false
HS21,2,1,UNIF_SAR1_PH0_ATR0_SQP_IDENTITY,true,false,false,SMALL_STEP,20,11.916187,0.039999998898210265,5.809575043258519e-11,false
HS21,2,1,UNIF_SAR1_PH0_ATR0_SQP_SPECTRAL,true,false,false,SMALL_STEP,20,11.670323,0.039999998898210265,5.809575043258519e-11,false
HS21,2,1,UNIF_SAR1_PH0_ATR0_SQP_RECIPROCAL,true,false,false,SMALL_STEP,20,11.516517,0.0399999974415266,1.2947332095336606e-10,false
HS21,2,1,UNIF_SAR1_PH0_ATR0_SQP_EXPONENTIAL,true,false,false,SMALL_STEP,20,17.218545,0.0399999974415266,1.2947332095336606e-10,false
HS21,2,1,UNIF_SAR1_PH0_ATR0_SQP_QUASI_NEWTON,true,false,false,SMALL_STEP,20,11.451212,0.03999999971959767,1.4059864383852982e-11,false
HS21MOD,7,1,UNIF_SAR1_PH0_ATR0_SQP_IDENTITY,true,false,false,SMALL_STEP,72,22.208662,4.040000004552841,3.339550858072471e-12,false
HS21MOD,7,1,UNIF_SAR1_PH0_ATR0_SQP_SPECTRAL,true,false,false,SMALL_STEP,36,18.962007,4.040000002226841,0.0,false
HS21MOD,7,1,UNIF_SAR1_PH0_ATR0_SQP_RECIPROCAL,true,false,false,SMALL_STEP,44,17.170624,4.040000000050711,8.704148513061227e-13,false
HS21MOD,7,1,UNIF_SAR1_PH0_ATR0_SQP_EXPONENTIAL,true,false,false,SMALL_STEP,39,15.480891,4.040000006753835,4.285816146420984e-11,false
HS21MOD,7,1,UNIF_SAR1_PH0_ATR0_SQP_QUASI_NEWTON,true,false,false,MAX_IT,5000,1068.208533,4.039999999646734,2.0262902467038657e-11,false
HS25,3,0,UNIF_SAR1_PH0_ATR0_SQP_IDENTITY,true,false,false,KKT_OK,0,0.012619,32.834999999663594,0.0,false
HS25,3,0,UNIF_SAR1_PH0_ATR0_SQP_SPECTRAL,true,false,false,KKT_OK,0,0.009152,32.834999999663594,0.0,false
HS25,3,0,UNIF_SAR1_PH0_ATR0_SQP_RECIPROCAL,true,false,false,KKT_OK,0,0.008649,32.834999999663594,0.0,false
HS25,3,0,UNIF_SAR1_PH0_ATR0_SQP_EXPONENTIAL,true,false,false,KKT_OK,0,0.008479,32.834999999663594,0.0,false
HS25,3,0,UNIF_SAR1_PH0_ATR0_SQP_QUASI_NEWTON,true,false,false,KKT_OK,0,0.008688000000000001,32.834999999663594,0.0,false
HS26,3,1,UNIF_SAR1_PH0_ATR0_SQP_IDENTITY,true,false,false,KKT_OK,38,1.234065,1.4800563605018422e-5,7.258551285804771e-6,false
HS26,3,1,UNIF_SAR1_PH0_ATR0_SQP_SPECTRAL,true,false,false,KKT_OK,28,0.873195,2.770735589628009e-6,0.0005712498456154069,false
HS26,3,1,UNIF_SAR1_PH0_ATR0_SQP_RECIPROCAL,true,false,false,KKT_OK,31,0.96769,1.7644672492324652e-10,5.864867436145005e-8,false
HS26,3,1,UNIF_SAR1_PH0_ATR0_SQP_EXPONENTIAL,true,false,false,KKT_OK,41,1.34706,1.0706698713850647e-5,5.90496535624041e-6,false
HS26,3,1,UNIF_SAR1_PH0_ATR0_SQP_QUASI_NEWTON,true,false,false,KKT_OK,62,1.924119,1.0035384515427079e-5,1.9317361579451742e-5,false
HS27,3,1,UNIF_SAR1_PH0_ATR0_SQP_IDENTITY,true,false,false,KKT_OK,34,12.516563,0.04000003497455179,2.4733914388850814e-9,false
HS27,3,1,UNIF_SAR1_PH0_ATR0_SQP_SPECTRAL,true,false,false,KKT_OK,52,9.365366,0.04000007947202301,2.3062876012299712e-12,false
HS27,3,1,UNIF_SAR1_PH0_ATR0_SQP_RECIPROCAL,true,false,false,KKT_OK,37,8.259086,0.04000368052386102,9.033282374499847e-8,false
HS27,3,1,UNIF_SAR1_PH0_ATR0_SQP_EXPONENTIAL,true,false,false,KKT_OK,51,8.822369,0.040001532337330316,1.0547684218575982e-6,false
HS27,3,1,UNIF_SAR1_PH0_ATR0_SQP_QUASI_NEWTON,true,false,false,KKT_OK,81,9.762096,0.039999906439298974,2.650482468578052e-6,false
HS28,3,1,UNIF_SAR1_PH0_ATR0_SQP_IDENTITY,true,false,false,KKT_OK,10,0.341647,3.2889135301317052e-15,7.771561172376096e-15,false
HS28,3,1,UNIF_SAR1_PH0_ATR0_SQP_SPECTRAL,true,false,false,KKT_OK,72,2.201279,1.5469338044305102e-6,6.439293542825908e-14,false
HS28,3,1,UNIF_SAR1_PH0_ATR0_SQP_RECIPROCAL,true,false,false,KKT_OK,136,9.056724,1.282108518218378e-7,5.211810982785892e-9,false
HS28,3,1,UNIF_SAR1_PH0_ATR0_SQP_EXPONENTIAL,true,false,false,KKT_OK,46,2.0106439999999997,4.2609730004155526e-7,2.4476198845491126e-11,false
HS28,3,1,UNIF_SAR1_PH0_ATR0_SQP_QUASI_NEWTON,true,false,false,KKT_OK,42,1.32837,2.3483145868702338e-7,4.218847493575595e-14,false
HS29,3,1,UNIF_SAR1_PH0_ATR0_SQP_IDENTITY,true,false,false,KKT_OK,36,3.5995459999999997,-22.627417008623034,9.42064346531879e-8,false
HS29,3,1,UNIF_SAR1_PH0_ATR0_SQP_SPECTRAL,true,false,false,KKT_OK,28,3.190722,-22.627417043725924,1.0215625323439781e-7,false
HS29,3,1,UNIF_SAR1_PH0_ATR0_SQP_RECIPROCAL,true,false,false,KKT_OK,19,2.871056,-22.627416996050954,2.713200331072585e-9,false
HS29,3,1,UNIF_SAR1_PH0_ATR0_SQP_EXPONENTIAL,true,false,false,KKT_OK,31,3.373203,-22.62741700653897,2.3596825826643908e-8,false
HS29,3,1,UNIF_SAR1_PH0_ATR0_SQP_QUASI_NEWTON,true,false,false,KKT_OK,39,3.5845920000000002,-22.627417034061224,1.020255879780052e-7,false
HS3,2,0,UNIF_SAR1_PH0_ATR0_SQP_IDENTITY,true,false,false,KKT_OK,7,0.212524,0.0009973193899526457,0.0,false
HS3,2,0,UNIF_SAR1_PH0_ATR0_SQP_SPECTRAL,true,false,false,KKT_OK,7,0.208727,0.0003595770314926193,0.0,false
HS3,2,0,UNIF_SAR1_PH0_ATR0_SQP_RECIPROCAL,true,false,false,KKT_OK,7,0.22042,0.0003134000662893547,0.0,false
HS3,2,0,UNIF_SAR1_PH0_ATR0_SQP_EXPONENTIAL,true,false,false,KKT_OK,7,0.214188,0.0003134001487851161,0.0,false
HS3,2,0,UNIF_SAR1_PH0_ATR0_SQP_QUASI_NEWTON,true,false,false,KKT_OK,7,0.190795,0.00031339891771384133,0.0,false
HS30,3,1,UNIF_SAR1_PH0_ATR0_SQP_IDENTITY,true,false,false,KKT_OK,25,4.166811,1.0000000152575585,1.3960352693610747e-8,false
HS30,3,1,UNIF_SAR1_PH0_ATR0_SQP_SPECTRAL,true,false,false,KKT_OK,15,2.673817,1.0000000000001246,1.2446366476304274e-13,false
HS30,3,1,UNIF_SAR1_PH0_ATR0_SQP_RECIPROCAL,true,false,false,KKT_OK,20,3.9899410000000004,1.0000000881866862,8.439518279413078e-8,false
HS30,3,1,UNIF_SAR1_PH0_ATR0_SQP_EXPONENTIAL,true,false,false,KKT_OK,14,2.627631,1.0000000071356399,2.2196696044192278e-10,false
HS30,3,1,UNIF_SAR1_PH0_ATR0_SQP_QUASI_NEWTON,true,false,false,KKT_OK,15,2.616518,1.0000000000001457,1.2222090409893966e-13,false
HS31,3,1,UNIF_SAR1_PH0_ATR0_SQP_IDENTITY,true,false,false,KKT_OK,34,5.124498,5.999999998960712,3.249306379515815e-10,false
HS31,3,1,UNIF_SAR1_PH0_ATR0_SQP_SPECTRAL,true,false,false,KKT_OK,12,0.679621,6.000000000323469,1.9129409167817357e-10,false
HS31,3,1,UNIF_SAR1_PH0_ATR0_SQP_RECIPROCAL,true,false,false,KKT_OK,33,1.1189959999999999,6.0000000019204265,2.068401006027898e-10,false
HS31,3,1,UNIF_SAR1_PH0_ATR0_SQP_EXPONENTIAL,true,false,false,SMALL_STEP,32,2.7730699999999997,5.999999984895993,3.3326493786844935e-9,false
HS31,3,1,UNIF_SAR1_PH0_ATR0_SQP_QUASI_NEWTON,true,false,false,KKT_OK,31,1.054359,5.999999947162886,1.4566513772962253e-8,false
HS35,3,1,UNIF_SAR1_PH0_ATR0_SQP_IDENTITY,true,false,false,KKT_OK,19,1.34012,0.11111132569838467,5.49671419491915e-13,false
HS35,3,1,UNIF_SAR1_PH0_ATR0_SQP_SPECTRAL,true,false,false,KKT_OK,20,1.313564,0.11111114388038112,6.462053114830724e-12,false
HS35,3,1,UNIF_SAR1_PH0_ATR0_SQP_RECIPROCAL,true,false,false,KKT_OK,14,1.1144180000000001,0.11111117608924981,3.8034131399911075e-11,false
HS35,3,1,UNIF_SAR1_PH0_ATR0_SQP_EXPONENTIAL,true,false,false,KKT_OK,20,1.312127,0.1111111296937981,2.766442630530719e-10,false
HS35,3,1,UNIF_SAR1_PH0_ATR0_SQP_QUASI_NEWTON,true,false,false,KKT_OK,15,1.14779,0.11111113642910997,1.3042011914876639e-11,false
HS35I,3,1,UNIF_SAR1_PH0_ATR0_SQP_IDENTITY,true,false,false,KKT_OK,19,1.330257,0.11111132569838467,5.49671419491915e-13,false
HS35I,3,1,UNIF_SAR1_PH0_ATR0_SQP_SPECTRAL,true,false,false,KKT_OK,20,1.3020779999999998,0.11111114388038112,6.462053114830724e-12,false
HS35I,3,1,UNIF_SAR1_PH0_ATR0_SQP_RECIPROCAL,true,false,false,KKT_OK,14,1.109388,0.11111117608924981,3.8034131399911075e-11,false
HS35I,3,1,UNIF_SAR1_PH0_ATR0_SQP_EXPONENTIAL,true,false,false,KKT_OK,20,1.3055269999999999,0.1111111296937981,2.766442630530719e-10,false
HS35I,3,1,UNIF_SAR1_PH0_ATR0_SQP_QUASI_NEWTON,true,false,false,KKT_OK,15,1.121456,0.11111113642910997,1.3042011914876639e-11,false
HS35MOD,3,1,UNIF_SAR1_PH0_ATR0_SQP_IDENTITY,true,false,false,KKT_OK,19,2.009838,0.2500000019158817,1.3554564137763236e-9,false
HS35MOD,3,1,UNIF_SAR1_PH0_ATR0_SQP_SPECTRAL,true,false,false,KKT_OK,21,1.963987,0.2500000282400554,5.453060225590889e-11,false
HS35MOD,3,1,UNIF_SAR1_PH0_ATR0_SQP_RECIPROCAL,true,false,false,KKT_OK,15,1.766211,0.25000000654199606,3.4742717480718e-8,false
HS35MOD,3,1,UNIF_SAR1_PH0_ATR0_SQP_EXPONENTIAL,true,false,false,KKT_OK,16,1.796351,0.2500000009281904,1.5179035806056618e-10,false
HS35MOD,3,1,UNIF_SAR1_PH0_ATR0_SQP_QUASI_NEWTON,true,false,false,KKT_OK,10,1.599572,0.2500000000518048,8.770761894538737e-13,false
HS36,3,1,UNIF_SAR1_PH0_ATR0_SQP_IDENTITY,true,false,false,SMALL_STEP,17,6.005751,-3300.000000003053,2.7842617100759526e-11,false
HS36,3,1,UNIF_SAR1_PH0_ATR0_SQP_SPECTRAL,true,false,false,SMALL_STEP,17,5.890763000000001,-3300.000000003053,2.7842617100759526e-11,false
HS36,3,1,UNIF_SAR1_PH0_ATR0_SQP_RECIPROCAL,true,false,false,SMALL_STEP,17,5.944586,-3300.0000000030527,2.7839064387080725e-11,false
HS36,3,1,UNIF_SAR1_PH0_ATR0_SQP_EXPONENTIAL,true,false,false,SMALL_STEP,17,5.905257,-3300.000000000415,3.772981926886132e-12,false
HS36,3,1,UNIF_SAR1_PH0_ATR0_SQP_QUASI_NEWTON,true,false,false,SMALL_STEP,17,5.881882,-3300.000000000415,3.772981926886132e-12,false
HS38,4,0,UNIF_SAR1_PH0_ATR0_SQP_IDENTITY,true,false,false,SMALL_STEP,104,2.6936080000000002,7.876989862050906,0.0,false
HS38,4,0,UNIF_SAR1_PH0_ATR0_SQP_SPECTRAL,true,false,false,SMALL_STEP,44,1.153977,7.876873919178927,0.0,false
HS38,4,0,UNIF_SAR1_PH0_ATR0_SQP_RECIPROCAL,true,false,false,SMALL_STEP,117,3.0415680000000003,7.876990204112373,0.0,false
HS38,4,0,UNIF_SAR1_PH0_ATR0_SQP_EXPONENTIAL,true,false,false,SMALL_STEP,97,2.637428,7.876988349444716,0.0,false
HS38,4,0,UNIF_SAR1_PH0_ATR0_SQP_QUASI_NEWTON,true,false,false,SMALL_STEP,122,3.22515,7.876353443861474,0.0,false
HS3MOD,2,0,UNIF_SAR1_PH0_ATR0_SQP_IDENTITY,true,false,false,KKT_OK,18,0.46296,1.6263358061494387e-11,0.0,false
HS3MOD,2,0,UNIF_SAR1_PH0_ATR0_SQP_SPECTRAL,true,false,false,KKT_OK,19,0.489891,7.1167272472867585e-12,0.0,false
HS3MOD,2,0,UNIF_SAR1_PH0_ATR0_SQP_RECIPROCAL,true,false,false,KKT_OK,21,0.531916,2.280181567121631e-10,0.0,false
HS3MOD,2,0,UNIF_SAR1_PH0_ATR0_SQP_EXPONENTIAL,true,false,false,KKT_OK,24,0.643501,2.3629479699471976e-16,0.0,false
HS3MOD,2,0,UNIF_SAR1_PH0_ATR0_SQP_QUASI_NEWTON,true,false,false,KKT_OK,20,0.52437,1.0485497095077355e-15,0.0,false
HS4,2,0,UNIF_SAR1_PH0_ATR0_SQP_IDENTITY,true,false,false,KKT_OK,5,0.144634,2.66666666664,0.0,false
HS4,2,0,UNIF_SAR1_PH0_ATR0_SQP_SPECTRAL,true,false,false,KKT_OK,5,0.13144799999999998,2.66666666664,0.0,false
HS4,2,0,UNIF_SAR1_PH0_ATR0_SQP_RECIPROCAL,true,false,false,KKT_OK,5,0.129972,2.66666666664,0.0,false
HS4,2,0,UNIF_SAR1_PH0_ATR0_SQP_EXPONENTIAL,true,false,false,KKT_OK,5,0.13209300000000002,2.66666666664,0.0,false
HS4,2,0,UNIF_SAR1_PH0_ATR0_SQP_QUASI_NEWTON,true,false,false,KKT_OK,5,0.12984800000000002,2.66666666664,0.0,false
HS41,4,1,UNIF_SAR1_PH0_ATR0_SQP_IDENTITY,true,false,false,KKT_OK,13,1.710032,1.9259260332861767,2.9667379664033433e-12,false
HS41,4,1,UNIF_SAR1_PH0_ATR0_SQP_SPECTRAL,true,false,false,KKT_OK,9,1.499256,1.9259259568629432,3.784008661966709e-10,false
HS41,4,1,UNIF_SAR1_PH0_ATR0_SQP_RECIPROCAL,true,false,false,KKT_OK,18,1.8082449999999999,1.9259263774070476,3.250819613498379e-10,false
HS41,4,1,UNIF_SAR1_PH0_ATR0_SQP_EXPONENTIAL,true,false,false,KKT_OK,7,1.415442,1.9259259258884434,3.7685587983560254e-10,false
HS41,4,1,UNIF_SAR1_PH0_ATR0_SQP_QUASI_NEWTON,true,false,false,KKT_OK,7,1.36605,1.925925925888429,3.769884404647428e-10,false
HS45,5,0,UNIF_SAR1_PH0_ATR0_SQP_IDENTITY,true,false,false,KKT_OK,9,0.26043499999999997,1.0000000000040035,0.0,false
HS45,5,0,UNIF_SAR1_PH0_ATR0_SQP_SPECTRAL,true,false,false,KKT_OK,9,0.24085900000000002,1.0000000000040035,0.0,false
HS45,5,0,UNIF_SAR1_PH0_ATR0_SQP_RECIPROCAL,true,false,false,KKT_OK,9,0.239834,1.0000000000040008,0.0,false
HS45,5,0,UNIF_SAR1_PH0_ATR0_SQP_EXPONENTIAL,true,false,false,KKT_OK,9,0.25369800000000003,1.0000000000040008,0.0,false
HS45,5,0,UNIF_SAR1_PH0_ATR0_SQP_QUASI_NEWTON,true,false,false,KKT_OK,9,0.275126,1.0000000005532241,0.0,false
HS5,2,0,UNIF_SAR1_PH0_ATR0_SQP_IDENTITY,true,false,false,KKT_OK,15,0.39620299999999997,-1.9132228663156288,0.0,false
HS5,2,0,UNIF_SAR1_PH0_ATR0_SQP_SPECTRAL,true,false,false,KKT_OK,12,0.298682,-1.9132229544839858,0.0,false
HS5,2,0,UNIF_SAR1_PH0_ATR0_SQP_RECIPROCAL,true,false,false,KKT_OK,27,0.684081,-1.9132229247833998,0.0,false
HS5,2,0,UNIF_SAR1_PH0_ATR0_SQP_EXPONENTIAL,true,false,false,KKT_OK,26,4.205351,-1.9132228708424042,0.0,false
HS5,2,0,UNIF_SAR1_PH0_ATR0_SQP_QUASI_NEWTON,true,false,false,KKT_OK,20,0.5247189999999999,-1.9132229418967506,0.0,false
HS54,6,1,UNIF_SAR1_PH0_ATR0_SQP_IDENTITY,true,false,false,KKT_OK,8,2.679989,-1.5782439837450848e-88,0.0,false
HS54,6,1,UNIF_SAR1_PH0_ATR0_SQP_SPECTRAL,true,false,false,KKT_OK,8,2.601887,-1.5782439837450848e-88,0.0,false
HS54,6,1,UNIF_SAR1_PH0_ATR0_SQP_RECIPROCAL,true,false,false,KKT_OK,8,3.329545,-6.367439243194457e-88,0.0,false
HS54,6,1,UNIF_SAR1_PH0_ATR0_SQP_EXPONENTIAL,true,false,false,KKT_OK,8,3.364564,-6.367439243194457e-88,0.0,false
HS54,6,1,UNIF_SAR1_PH0_ATR0_SQP_QUASI_NEWTON,true,false,false,KKT_OK,8,3.348615,-6.367439243194457e-88,0.0,false
HS57,2,1,UNIF_SAR1_PH0_ATR0_SQP_IDENTITY,true,false,false,KKT_OK,29,1.1803810000000001,0.02845992954251391,2.1625077140097204e-7,false
HS57,2,1,UNIF_SAR1_PH0_ATR0_SQP_SPECTRAL,true,false,false,MAX_IT,5000,268.541576,0.11692477393970575,3.9229797188511384e-10,false
HS57,2,1,UNIF_SAR1_PH0_ATR0_SQP_RECIPROCAL,true,false,false,KKT_OK,18,0.96824,0.028459734356093565,2.0986595161698318e-7,false
HS57,2,1,UNIF_SAR1_PH0_ATR0_SQP_EXPONENTIAL,true,false,false,KKT_OK,16,0.6743629999999999,0.028459669407251392,1.9764645475817133e-10,false
HS57,2,1,UNIF_SAR1_PH0_ATR0_SQP_QUASI_NEWTON,true,false,false,KKT_OK,11,0.478592,0.02845966935085912,1.1321059645297282e-9,false
HS6,2,1,UNIF_SAR1_PH0_ATR0_SQP_IDENTITY,true,false,false,KKT_OK,17,1.21248,3.540347619558776e-10,5.73632696898585e-9,false
HS6,2,1,UNIF_SAR1_PH0_ATR0_SQP_SPECTRAL,true,false,false,KKT_OK,33,2.25366,5.623887776379593e-7,3.5271084053434265e-7,false
HS6,2,1,UNIF_SAR1_PH0_ATR0_SQP_RECIPROCAL,true,false,false,KKT_OK,44,2.008301,5.13577331532718e-7,7.429400536995701e-6,false
HS6,2,1,UNIF_SAR1_PH0_ATR0_SQP_EXPONENTIAL,true,false,false,KKT_OK,27,1.464191,4.6229448635165887e-7,1.8885478445529458e-5,false
HS6,2,1,UNIF_SAR1_PH0_ATR0_SQP_QUASI_NEWTON,true,false,false,KKT_OK,12,1.564286,0.0,0.0,false
HS60,3,1,UNIF_SAR1_PH0_ATR0_SQP_IDENTITY,true,false,false,KKT_OK,29,2.199131,0.03256823824022481,7.908026535830004e-7,false
HS60,3,1,UNIF_SAR1_PH0_ATR0_SQP_SPECTRAL,true,false,false,KKT_OK,15,1.7249839999999999,0.03256820091552322,2.1818813422669336e-10,false
HS60,3,1,UNIF_SAR1_PH0_ATR0_SQP_RECIPROCAL,true,false,false,KKT_OK,29,2.0986350000000003,0.032568239484662906,7.964236377056011e-7,false
HS60,3,1,UNIF_SAR1_PH0_ATR0_SQP_EXPONENTIAL,true,false,false,KKT_OK,25,2.016649,0.03256822281589097,1.2382358693940887e-8,false
HS60,3,1,UNIF_SAR1_PH0_ATR0_SQP_QUASI_NEWTON,true,false,false,KKT_OK,18,1.771528,0.03256820029051621,2.7972137939258346e-9,false
HS62,3,1,UNIF_SAR1_PH0_ATR0_SQP_IDENTITY,true,false,false,SMALL_STEP,15,3.685295,-26229.634986312747,4.614364446098307e-15,false
HS62,3,1,UNIF_SAR1_PH0_ATR0_SQP_SPECTRAL,true,false,false,SMALL_STEP,90,3.173618,-26272.48888459551,1.8735013540549517e-16,false
HS62,3,1,UNIF_SAR1_PH0_ATR0_SQP_RECIPROCAL,true,false,false,SMALL_STEP,43,1.451032,-26272.512820272677,5.551115123125783e-17,false
HS62,3,1,UNIF_SAR1_PH0_ATR0_SQP_EXPONENTIAL,true,false,false,SMALL_STEP,26,0.918574,-26272.51464676626,9.43689570931383e-16,false
HS62,3,1,UNIF_SAR1_PH0_ATR0_SQP_QUASI_NEWTON,true,false,false,SMALL_STEP,26,0.90375,-26272.51463262562,1.2156942119645464e-14,false
HS64,3,1,UNIF_SAR1_PH0_ATR0_SQP_IDENTITY,true,false,false,MAX_IT,5000,301.729578,6299.8318300996,8.91206636788322e-6,false
HS64,3,1,UNIF_SAR1_PH0_ATR0_SQP_SPECTRAL,true,false,false,KKT_OK,287,127.96041,6299.842427019168,4.68184047086595e-10,false
HS64,3,1,UNIF_SAR1_PH0_ATR0_SQP_RECIPROCAL,true,false,false,KKT_OK,292,120.032777,6299.842417416761,8.372596838057689e-9,false
HS64,3,1,UNIF_SAR1_PH0_ATR0_SQP_EXPONENTIAL,true,false,false,KKT_OK,300,130.280489,6299.842427143507,5.358804511246262e-10,false
HS64,3,1,UNIF_SAR1_PH0_ATR0_SQP_QUASI_NEWTON,true,false,false,MAX_IT,5000,315.687041,6299.82299109446,1.9073078211029326e-5,false
HS65,3,1,UNIF_SAR1_PH0_ATR0_SQP_IDENTITY,true,false,false,KKT_OK,10,4.852653,151.9972389862428,5.509370737399877e-12,false
HS65,3,1,UNIF_SAR1_PH0_ATR0_SQP_SPECTRAL,true,false,false,KKT_OK,10,3.604735,151.9972389862325,9.14823772291129e-12,false
HS65,3,1,UNIF_SAR1_PH0_ATR0_SQP_RECIPROCAL,true,false,false,KKT_OK,10,3.567514,151.99723898623108,9.651834886881261e-12,false
HS65,3,1,UNIF_SAR1_PH0_ATR0_SQP_EXPONENTIAL,true,false,false,KKT_OK,10,3.573179,151.99723898619618,2.2008173061749403e-11,false
HS65,3,1,UNIF_SAR1_PH0_ATR0_SQP_QUASI_NEWTON,true,false,false,KKT_OK,10,3.574612,151.9972389862325,9.14823772291129e-12,false
HS7,2,1,UNIF_SAR1_PH0_ATR0_SQP_IDENTITY,true,false,false,KKT_OK,37,5.1608670000000005,-1.732050806290667,4.09561984326956e-9,false
HS7,2,1,UNIF_SAR1_PH0_ATR0_SQP_SPECTRAL,true,false,false,KKT_OK,21,2.3957319999999998,-1.732050825210898,9.638179676585423e-8,false
HS7,2,1,UNIF_SAR1_PH0_ATR0_SQP_RECIPROCAL,true,false,false,KKT_OK,32,5.074965,-1.7320508188908437,4.16616239284906e-8,false
HS7,2,1,UNIF_SAR1_PH0_ATR0_SQP_EXPONENTIAL,true,false,false,KKT_OK,26,10.150297,-1.7320508367795333,2.048058651560325e-7,false
HS7,2,1,UNIF_SAR1_PH0_ATR0_SQP_QUASI_NEWTON,true,false,false,KKT_OK,20,2.373659,-1.7320508179738539,5.684675663530925e-8,false
HS70,4,1,UNIF_SAR1_PH0_ATR0_SQP_IDENTITY,true,false,false,SMALL_STEP,20,12.051649,5.000220879268806,1.99999e-5,false
HS70,4,1,UNIF_SAR1_PH0_ATR0_SQP_SPECTRAL,true,false,false,SMALL_STEP,20,11.692145,5.000220879268806,1.99999e-5,false
HS70,4,1,UNIF_SAR1_PH0_ATR0_SQP_RECIPROCAL,true,false,false,SMALL_STEP,20,11.808553,5.000220879268806,1.99999e-5,false
HS70,4,1,UNIF_SAR1_PH0_ATR0_SQP_EXPONENTIAL,true,false,false,SMALL_STEP,20,11.886515000000001,5.000220879268806,1.99999e-5,false
HS70,4,1,UNIF_SAR1_PH0_ATR0_SQP_QUASI_NEWTON,true,false,false,SMALL_STEP,20,11.972662999999999,5.000220879268806,1.99999e-5,false
HS88,2,1,UNIF_SAR1_PH0_ATR0_SQP_IDENTITY,true,false,false,MAX_IT,5000,2737.128503,1.2192577268798062,0.00023929275082022717,false
HS88,2,1,UNIF_SAR1_PH0_ATR0_SQP_SPECTRAL,true,false,false,STALLED_INFEASIBLE,1182,654.353692,3.7548342290741216e-5,0.1332332976905189,false
HS88,2,1,UNIF_SAR1_PH0_ATR0_SQP_RECIPROCAL,true,false,false,MAX_IT,5000,2856.955669,1.3418662981226295,2.1799949900557706e-5,false
HS88,2,1,UNIF_SAR1_PH0_ATR0_SQP_EXPONENTIAL,true,false,false,SMALL_STEP,130,75.865522,1.362656789646035,2.0469653396078518e-10,false
HS88,2,1,UNIF_SAR1_PH0_ATR0_SQP_QUASI_NEWTON,true,false,false,INFEASIBLE_STATIONARY,2666,1547.7195530000001,1.0656296017153634e-8,0.13323333346331054,false
HS89,3,1,UNIF_SAR1_PH0_ATR0_SQP_IDENTITY,true,false,false,MAX_IT,5000,3022.51989,1.3379319650748638,2.6179593930098104e-5,false
HS89,3,1,UNIF_SAR1_PH0_ATR0_SQP_SPECTRAL,true,false,false,MAX_IT,5000,2865.0317059999998,1.362517430695759,1.7584733687128588e-7,false
HS89,3,1,UNIF_SAR1_PH0_ATR0_SQP_RECIPROCAL,true,false,false,MAX_IT,5000,3044.5766120000003,0.6427576655081719,0.051207178806726684,false
HS89,3,1,UNIF_SAR1_PH0_ATR0_SQP_EXPONENTIAL,true,false,false,INFEASIBLE_STATIONARY,2597,1591.9221269999998,0.5817020843816614,0.05121547917088871,false
HS89,3,1,UNIF_SAR1_PH0_ATR0_SQP_QUASI_NEWTON,true,false,false,STALLED_INFEASIBLE,1936,1184.051991,7.172625519174413e-6,0.13323336436962163,false
HS9,2,1,UNIF_SAR1_PH0_ATR0_SQP_IDENTITY,true,false,false,KKT_OK,14,0.6150319999999999,-0.4999995140660281,7.831957304915704e-12,false
HS9,2,1,UNIF_SAR1_PH0_ATR0_SQP_SPECTRAL,true,false,false,KKT_OK,9,0.364216,-0.49999999999816935,1.9024781749976682e-12,false
HS9,2,1,UNIF_SAR1_PH0_ATR0_SQP_RECIPROCAL,true,false,false,KKT_OK,16,0.59532,-0.499999944579822,1.283773087834561e-11,false
HS9,2,1,UNIF_SAR1_PH0_ATR0_SQP_EXPONENTIAL,true,false,false,KKT_OK,11,0.393117,-0.5000000000000577,1.7639223415244487e-12,false
HS9,2,1,UNIF_SAR1_PH0_ATR0_SQP_QUASI_NEWTON,true,false,false,KKT_OK,10,0.351036,-0.5000000000000583,1.7816859099184512e-12,false
HS90,4,1,UNIF_SAR1_PH0_ATR0_SQP_IDENTITY,true,false,false,MAX_IT,5000,2598.029993,1.293000186936375,8.756279319282352e-5,false
HS90,4,1,UNIF_SAR1_PH0_ATR0_SQP_SPECTRAL,true,false,false,MAX_IT,5000,2508.036314,1.3182505675656058,4.990038687619279e-5,false
HS90,4,1,UNIF_SAR1_PH0_ATR0_SQP_RECIPROCAL,true,false,false,MAX_IT,5000,2716.622395,1.1466400501725904,0.0004953899412377027,false
HS90,4,1,UNIF_SAR1_PH0_ATR0_SQP_EXPONENTIAL,true,false,false,SMALL_STEP,1457,860.548692,1.3626537515335577,1.3656996739267314e-8,false
HS90,4,1,UNIF_SAR1_PH0_ATR0_SQP_QUASI_NEWTON,true,false,false,STALLED_INFEASIBLE,3313,1848.805818,7.10573425272227e-5,0.13323356898024036,false
HS91,5,1,UNIF_SAR1_PH0_ATR0_SQP_IDENTITY,true,false,false,MAX_IT,5000,2911.863186,1.0325830053273406,0.0019367361064727016,false
HS91,5,1,UNIF_SAR1_PH0_ATR0_SQP_SPECTRAL,true,false,false,STALLED_INFEASIBLE,1075,591.811191,9.035835805680796e-5,0.13323400217627876,false
HS91,5,1,UNIF_SAR1_PH0_ATR0_SQP_RECIPROCAL,true,false,false,STALLED_INFEASIBLE,2399,1507.197155,0.5830554595882436,0.05121432364996833,false
HS91,5,1,UNIF_SAR1_PH0_ATR0_SQP_EXPONENTIAL,true,false,false,MAX_IT,5000,3330.026539,1.3366325592397816,2.7155113396053716e-5,false
HS91,5,1,UNIF_SAR1_PH0_ATR0_SQP_QUASI_NEWTON,true,false,false,SMALL_STEP,2972,1924.17963,1.3626524588807005,1.4527928954746858e-8,false
HS92,6,1,UNIF_SAR1_PH0_ATR0_SQP_IDENTITY,true,false,false,MAX_IT,5000,2343.362216,0.40680498132952797,0.042190564041701295,false
HS92,6,1,UNIF_SAR1_PH0_ATR0_SQP_SPECTRAL,true,false,false,STALLED_INFEASIBLE,2331,1164.924623,4.340024454747313e-6,0.13323333013484379,false
HS92,6,1,UNIF_SAR1_PH0_ATR0_SQP_RECIPROCAL,true,false,false,MAX_IT,5000,2955.414127,1.105403251219554,0.0007272720257714902,false
HS92,6,1,UNIF_SAR1_PH0_ATR0_SQP_EXPONENTIAL,true,false,false,SMALL_STEP,501,303.030835,1.3626552642354879,1.1697301717882957e-8,false
HS92,6,1,UNIF_SAR1_PH0_ATR0_SQP_QUASI_NEWTON,true,false,false,STALLED_INFEASIBLE,2431,1471.904486,2.2529081271590495e-5,0.13323349812120922,false
HUBFIT,2,1,UNIF_SAR1_PH0_ATR0_SQP_IDENTITY,true,false,false,KKT_OK,0,0.016767,0.5086314999999999,0.85,false
HUBFIT,2,1,UNIF_SAR1_PH0_ATR0_SQP_SPECTRAL,true,false,false,KKT_OK,0,0.012191,0.5086314999999999,0.85,false
HUBFIT,2,1,UNIF_SAR1_PH0_ATR0_SQP_RECIPROCAL,true,false,false,KKT_OK,0,0.011722,0.5086314999999999,0.85,false
HUBFIT,2,1,UNIF_SAR1_PH0_ATR0_SQP_EXPONENTIAL,true,false,false,KKT_OK,0,0.011519,0.5086314999999999,0.85,false
HUBFIT,2,1,UNIF_SAR1_PH0_ATR0_SQP_QUASI_NEWTON,true,false,false,KKT_OK,0,0.011378000000000001,0.5086314999999999,0.85,false
HUMPS,2,0,UNIF_SAR1_PH0_ATR0_SQP_IDENTITY,true,false,false,MAX_IT,5000,135.190512,83.91885174616084,0.0,false
HUMPS,2,0,UNIF_SAR1_PH0_ATR0_SQP_SPECTRAL,true,false,false,MAX_IT,5000,134.404098,20.388525517936444,0.0,false
HUMPS,2,0,UNIF_SAR1_PH0_ATR0_SQP_RECIPROCAL,true,false,false,SMALL_STEP,1700,48.037641,246.99661415342092,0.0,false
HUMPS,2,0,UNIF_SAR1_PH0_ATR0_SQP_EXPONENTIAL,true,false,false,MAX_IT,5000,139.423552,88.35196811976985,0.0,false
HUMPS,2,0,UNIF_SAR1_PH0_ATR0_SQP_QUASI_NEWTON,true,false,false,KKT_OK,787,24.064494,2.349760001174052e-12,0.0,false
HYDC20LS,99,0,UNIF_SAR1_PH0_ATR0_SQP_IDENTITY,true,false,false,SMALL_STEP,500,48.531902,4.933227809438065,0.0,false
HYDC20LS,99,0,UNIF_SAR1_PH0_ATR0_SQP_SPECTRAL,true,false,false,SMALL_STEP,470,43.554007999999996,4.333286291405071,0.0,false
HYDC20LS,99,0,UNIF_SAR1_PH0_ATR0_SQP_RECIPROCAL,true,false,false,SMALL_STEP,536,54.742514,4.039567957734067,0.0,false
HYDC20LS,99,0,UNIF_SAR1_PH0_ATR0_SQP_EXPONENTIAL,true,false,false,SMALL_STEP,608,70.539164,4.110626087292109,0.0,false
HYDC20LS,99,0,UNIF_SAR1_PH0_ATR0_SQP_QUASI_NEWTON,true,false,false,SMALL_STEP,820,86.656927,2.169424137228604,0.0,false
HYDCAR6LS,29,0,UNIF_SAR1_PH0_ATR0_SQP_IDENTITY,true,false,false,SMALL_STEP,442,21.757781,1.9296842767179776,0.0,false
HYDCAR6LS,29,0,UNIF_SAR1_PH0_ATR0_SQP_SPECTRAL,true,false,false,SMALL_STEP,857,39.151987,1.6832468058987997,0.0,false
HYDCAR6LS,29,0,UNIF_SAR1_PH0_ATR0_SQP_RECIPROCAL,true,false,false,SMALL_STEP,413,20.681953,1.9481021797468419,0.0,false
HYDCAR6LS,29,0,UNIF_SAR1_PH0_ATR0_SQP_EXPONENTIAL,true,false,false,SMALL_STEP,440,25.038676,2.1282945520884464,0.0,false
HYDCAR6LS,29,0,UNIF_SAR1_PH0_ATR0_SQP_QUASI_NEWTON,true,false,false,SMALL_STEP,1019,52.636676,0.7030095741300736,0.0,false
INDEF,5000,0,UNIF_SAR1_PH0_ATR0_SQP_IDENTITY,true,false,false,MAX_IT,5000,16817.365676,-2.4982896711766854e7,0.0,false
INDEF,5000,0,UNIF_SAR1_PH0_ATR0_SQP_SPECTRAL,true,false,false,MAX_IT,5000,17366.493900999998,-2.4778584000354327e7,0.0,false
INDEF,5000,0,UNIF_SAR1_PH0_ATR0_SQP_RECIPROCAL,true,false,false,MAX_IT,5000,21426.729654,-2.4960970590015944e7,0.0,false
INDEF,5000,0,UNIF_SAR1_PH0_ATR0_SQP_EXPONENTIAL,true,false,false,MAX_IT,5000,22077.129425,-2.4968214048399262e7,0.0,false
INDEF,5000,0,UNIF_SAR1_PH0_ATR0_SQP_QUASI_NEWTON,true,false,false,MAX_IT,5000,17836.750359,-2.49828966932592e7,0.0,false
INDEFM,100000,0,UNIF_SAR1_PH0_ATR0_SQP_IDENTITY,true,false,false,SMALL_STEP,1172,342825.913445,-1.0046726547862535e7,0.0,false
INDEFM,100000,0,UNIF_SAR1_PH0_ATR0_SQP_SPECTRAL,true,false,false,MAX_IT,5000,1.335009256441e6,-5.823619343182167e6,0.0,false
INDEFM,100000,0,UNIF_SAR1_PH0_ATR0_SQP_RECIPROCAL,true,false,false,SMALL_STEP,1806,534713.254437,-1.0039000834505113e7,0.0,false
INDEFM,100000,0,UNIF_SAR1_PH0_ATR0_SQP_EXPONENTIAL,true,false,false,SMALL_STEP,1007,293983.66537999996,-1.0039492331130754e7,0.0,false
INDEFM,100000,0,UNIF_SAR1_PH0_ATR0_SQP_QUASI_NEWTON,true,false,false,SMALL_STEP,900,252989.545752,-1.0038702758114161e7,0.0,false
INTEQNELS,502,0,UNIF_SAR1_PH0_ATR0_SQP_IDENTITY,true,false,false,KKT_OK,28,34.613186999999996,1.0445251457705933e-5,0.0,false
INTEQNELS,502,0,UNIF_SAR1_PH0_ATR0_SQP_SPECTRAL,true,false,false,KKT_OK,7,10.956993,2.7025935161170523e-10,0.0,false
INTEQNELS,502,0,UNIF_SAR1_PH0_ATR0_SQP_RECIPROCAL,true,false,false,SMALL_STEP,98,237.194964,6.914560259029915e-5,0.0,false
INTEQNELS,502,0,UNIF_SAR1_PH0_ATR0_SQP_EXPONENTIAL,true,false,false,SMALL_STEP,31,100.876299,1.0631475353727736e-5,0.0,false
INTEQNELS,502,0,UNIF_SAR1_PH0_ATR0_SQP_QUASI_NEWTON,true,false,false,KKT_OK,14,28.222265,2.0247080537242537e-7,0.0,false
JENSMP,2,0,UNIF_SAR1_PH0_ATR0_SQP_IDENTITY,true,false,false,SMALL_STEP,54,1.414714,124.36235903558732,0.0,false
JENSMP,2,0,UNIF_SAR1_PH0_ATR0_SQP_SPECTRAL,true,false,false,SMALL_STEP,71,1.879285,124.36264375998796,0.0,false
JENSMP,2,0,UNIF_SAR1_PH0_ATR0_SQP_RECIPROCAL,true,false,false,SMALL_STEP,54,1.423139,124.36235904080455,0.0,false
JENSMP,2,0,UNIF_SAR1_PH0_ATR0_SQP_EXPONENTIAL,true,false,false,SMALL_STEP,53,1.43983,124.3623155884759,0.0,false
JENSMP,2,0,UNIF_SAR1_PH0_ATR0_SQP_QUASI_NEWTON,true,false,false,SMALL_STEP,76,2.016987,124.3646922664028,0.0,false
JIMACK,3549,0,UNIF_SAR1_PH0_ATR0_SQP_IDENTITY,true,false,false,SMALL_STEP,77,1153.877526,1.0329841563384052,0.0,false
JIMACK,3549,0,UNIF_SAR1_PH0_ATR0_SQP_SPECTRAL,true,false,false,SMALL_STEP,41,629.161976,1.0461476140181545,0.0,false
JIMACK,3549,0,UNIF_SAR1_PH0_ATR0_SQP_RECIPROCAL,true,false,false,SMALL_STEP,71,1734.765157,1.0357671843228244,0.0,false
JIMACK,3549,0,UNIF_SAR1_PH0_ATR0_SQP_EXPONENTIAL,true,false,false,SMALL_STEP,87,2953.1346439999998,1.0319905869222872,0.0,false
JIMACK,3549,0,UNIF_SAR1_PH0_ATR0_SQP_QUASI_NEWTON,true,false,false,SMALL_STEP,1857,48040.515449,0.9111761349873166,0.0,false
JNLBRNG1,16,0,UNIF_SAR1_PH0_ATR0_SQP_IDENTITY,true,false,false,KKT_OK,16,0.484991,-0.22473500523550638,0.0,false
JNLBRNG1,16,0,UNIF_SAR1_PH0_ATR0_SQP_SPECTRAL,true,false,false,KKT_OK,11,0.338273,-0.2247350051667567,0.0,false
JNLBRNG1,16,0,UNIF_SAR1_PH0_ATR0_SQP_RECIPROCAL,true,false,false,KKT_OK,13,0.459211,-0.22473500015619796,0.0,false
JNLBRNG1,16,0,UNIF_SAR1_PH0_ATR0_SQP_EXPONENTIAL,true,false,false,KKT_OK,15,0.475542,-0.22473500080566802,0.0,false
JNLBRNG1,16,0,UNIF_SAR1_PH0_ATR0_SQP_QUASI_NEWTON,true,false,false,KKT_OK,10,0.31030199999999997,-0.22473500539529434,0.0,false
JNLBRNG2,10000,0,UNIF_SAR1_PH0_ATR0_SQP_IDENTITY,true,false,false,SMALL_STEP,1368,10402.35815,-4.123704651852132,0.0,false
JNLBRNG2,10000,0,UNIF_SAR1_PH0_ATR0_SQP_SPECTRAL,true,false,false,SMALL_STEP,362,2374.156697,-3.958640136024341,0.0,false
JNLBRNG2,10000,0,UNIF_SAR1_PH0_ATR0_SQP_RECIPROCAL,true,false,false,SMALL_STEP,1375,12933.946069,-4.121827194079491,0.0,false
JNLBRNG2,10000,0,UNIF_SAR1_PH0_ATR0_SQP_EXPONENTIAL,true,false,false,SMALL_STEP,1595,16299.002712,-4.124491386465461,0.0,false
JNLBRNG2,10000,0,UNIF_SAR1_PH0_ATR0_SQP_QUASI_NEWTON,true,false,false,SMALL_STEP,1275,12032.776447,-4.145358470998807,0.0,false
JNLBRNGA,10000,0,UNIF_SAR1_PH0_ATR0_SQP_IDENTITY,true,false,false,SMALL_STEP,828,6063.892181,-0.2488901595287232,0.0,false
JNLBRNGA,10000,0,UNIF_SAR1_PH0_ATR0_SQP_SPECTRAL,true,false,false,KKT_OK,45,270.82349500000004,-0.1036197276605173,0.0,false
JNLBRNGA,10000,0,UNIF_SAR1_PH0_ATR0_SQP_RECIPROCAL,true,false,false,SMALL_STEP,699,6088.129183999999,-0.2516686920137976,0.0,false
JNLBRNGA,10000,0,UNIF_SAR1_PH0_ATR0_SQP_EXPONENTIAL,true,false,false,MAX_IT,5000,64191.694247,3236.925390519627,0.0,false
JNLBRNGA,10000,0,UNIF_SAR1_PH0_ATR0_SQP_QUASI_NEWTON,true,false,false,MAX_IT,5000,84411.786569,128.96383649879849,0.0,false
JNLBRNGB,10000,0,UNIF_SAR1_PH0_ATR0_SQP_IDENTITY,true,false,false,SMALL_STEP,4194,34933.060941,-5.7522787404172036,0.0,false
JNLBRNGB,10000,0,UNIF_SAR1_PH0_ATR0_SQP_SPECTRAL,true,false,false,SMALL_STEP,30,309.336255,-0.9087565396963412,0.0,false
JNLBRNGB,10000,0,UNIF_SAR1_PH0_ATR0_SQP_RECIPROCAL,true,false,false,SMALL_STEP,4598,44794.020221,-5.740618639418964,0.0,false
JNLBRNGB,10000,0,UNIF_SAR1_PH0_ATR0_SQP_EXPONENTIAL,true,false,false,SMALL_STEP,4872,52279.117252,-5.887702455294685,0.0,false
JNLBRNGB,10000,0,UNIF_SAR1_PH0_ATR0_SQP_QUASI_NEWTON,true,false,false,MAX_IT,5000,76230.341151,40.29992251011121,0.0,false
JUDGE,2,0,UNIF_SAR1_PH0_ATR0_SQP_IDENTITY,true,false,false,SMALL_STEP,139,3.8131559999999998,16.081731116615043,0.0,false
JUDGE,2,0,UNIF_SAR1_PH0_ATR0_SQP_SPECTRAL,true,false,false,SMALL_STEP,35,0.9988819999999999,16.081730142333054,0.0,false
JUDGE,2,0,UNIF_SAR1_PH0_ATR0_SQP_RECIPROCAL,true,false,false,SMALL_STEP,187,11.07102,16.081732912864197,0.0,false
JUDGE,2,0,UNIF_SAR1_PH0_ATR0_SQP_EXPONENTIAL,true,false,false,SMALL_STEP,149,3.9085939999999995,16.081731509178834,0.0,false
JUDGE,2,0,UNIF_SAR1_PH0_ATR0_SQP_QUASI_NEWTON,true,false,false,SMALL_STEP,109,2.709189,16.081732903550133,0.0,false
JUDGEB,2,0,UNIF_SAR1_PH0_ATR0_SQP_IDENTITY,true,false,false,SMALL_STEP,139,3.4097440000000003,16.081731116615043,0.0,false
JUDGEB,2,0,UNIF_SAR1_PH0_ATR0_SQP_SPECTRAL,true,false,false,SMALL_STEP,35,0.876281,16.081730142333054,0.0,false
JUDGEB,2,0,UNIF_SAR1_PH0_ATR0_SQP_RECIPROCAL,true,false,false,SMALL_STEP,187,4.728307,16.081732912864197,0.0,false
JUDGEB,2,0,UNIF_SAR1_PH0_ATR0_SQP_EXPONENTIAL,true,false,false,SMALL_STEP,149,3.86485,16.081731509178834,0.0,false
JUDGEB,2,0,UNIF_SAR1_PH0_ATR0_SQP_QUASI_NEWTON,true,false,false,SMALL_STEP,109,2.689857,16.081732903550133,0.0,false
KIRBY2LS,5,0,UNIF_SAR1_PH0_ATR0_SQP_IDENTITY,true,false,false,SMALL_STEP,8,6.168827,18252.115652039673,0.0,false
KIRBY2LS,5,0,UNIF_SAR1_PH0_ATR0_SQP_SPECTRAL,true,false,false,SMALL_STEP,8,0.25573,18252.115652039673,0.0,false
KIRBY2LS,5,0,UNIF_SAR1_PH0_ATR0_SQP_RECIPROCAL,true,false,false,SMALL_STEP,8,0.24886199999999997,18252.115652039673,0.0,false
KIRBY2LS,5,0,UNIF_SAR1_PH0_ATR0_SQP_EXPONENTIAL,true,false,false,SMALL_STEP,8,0.251335,18252.115652039673,0.0,false
KIRBY2LS,5,0,UNIF_SAR1_PH0_ATR0_SQP_QUASI_NEWTON,true,false,false,SMALL_STEP,8,0.24853899999999998,18252.115652039673,0.0,false
KOEBHELB,3,0,UNIF_SAR1_PH0_ATR0_SQP_IDENTITY,true,false,false,SMALL_STEP,13,0.407989,112.32259245013543,0.0,false
KOEBHELB,3,0,UNIF_SAR1_PH0_ATR0_SQP_SPECTRAL,true,false,false,SMALL_STEP,67,1.9815409999999998,112.28990093286157,0.0,false
KOEBHELB,3,0,UNIF_SAR1_PH0_ATR0_SQP_RECIPROCAL,true,false,false,SMALL_STEP,13,0.42218300000000003,112.32259245093077,0.0,false
KOEBHELB,3,0,UNIF_SAR1_PH0_ATR0_SQP_EXPONENTIAL,true,false,false,SMALL_STEP,31,1.122268,112.30709680216452,0.0,false
KOEBHELB,3,0,UNIF_SAR1_PH0_ATR0_SQP_QUASI_NEWTON,true,false,false,SMALL_STEP,50,1.64677,112.2524510454176,0.0,false
KOWOSB,4,0,UNIF_SAR1_PH0_ATR0_SQP_IDENTITY,true,false,false,KKT_OK,65,1.684728,0.0004221065119632262,0.0,false
KOWOSB,4,0,UNIF_SAR1_PH0_ATR0_SQP_SPECTRAL,true,false,false,KKT_OK,31,0.8102269999999999,0.000385929213684072,0.0,false
KOWOSB,4,0,UNIF_SAR1_PH0_ATR0_SQP_RECIPROCAL,true,false,false,KKT_OK,65,1.709381,0.00042204306400769854,0.0,false
KOWOSB,4,0,UNIF_SAR1_PH0_ATR0_SQP_EXPONENTIAL,true,false,false,KKT_OK,64,1.7261609999999998,0.0004368707513055077,0.0,false
KOWOSB,4,0,UNIF_SAR1_PH0_ATR0_SQP_QUASI_NEWTON,true,false,false,KKT_OK,72,1.889212,0.00040973333064225074,0.0,false
KSSLS,1000,0,UNIF_SAR1_PH0_ATR0_SQP_IDENTITY,true,false,false,SMALL_STEP,1023,4345.69938,0.08626743923219957,0.0,false
KSSLS,1000,0,UNIF_SAR1_PH0_ATR0_SQP_SPECTRAL,true,false,false,SMALL_STEP,1023,4515.9289229999995,0.08631261351431378,0.0,false
KSSLS,1000,0,UNIF_SAR1_PH0_ATR0_SQP_RECIPROCAL,true,false,false,SMALL_STEP,1023,7789.964806999999,0.08754816830854893,0.0,false
KSSLS,1000,0,UNIF_SAR1_PH0_ATR0_SQP_EXPONENTIAL,true,false,false,SMALL_STEP,1016,11336.054173999999,0.0027434717298630775,0.0,false
KSSLS,1000,0,UNIF_SAR1_PH0_ATR0_SQP_QUASI_NEWTON,true,false,false,KKT_OK,1012,7731.192924,3.287823407367434e-20,0.0,false
LANCZOS1LS,6,0,UNIF_SAR1_PH0_ATR0_SQP_IDENTITY,true,false,false,MAX_IT,5000,145.071952,0.0023596580588158412,0.0,false
LANCZOS1LS,6,0,UNIF_SAR1_PH0_ATR0_SQP_SPECTRAL,true,false,false,KKT_OK,53,1.470958,0.0012028455848013752,0.0,false
LANCZOS1LS,6,0,UNIF_SAR1_PH0_ATR0_SQP_RECIPROCAL,true,false,false,SMALL_STEP,595,16.450522,0.0019357846439096897,0.0,false
LANCZOS1LS,6,0,UNIF_SAR1_PH0_ATR0_SQP_EXPONENTIAL,true,false,false,SMALL_STEP,578,20.564849,0.0007087056204740101,0.0,false
LANCZOS1LS,6,0,UNIF_SAR1_PH0_ATR0_SQP_QUASI_NEWTON,true,false,false,KKT_OK,81,2.3763780000000003,0.00046786881727997436,0.0,false
LANCZOS2LS,6,0,UNIF_SAR1_PH0_ATR0_SQP_IDENTITY,true,false,false,MAX_IT,5000,144.956811,0.0023613516374056927,0.0,false
LANCZOS2LS,6,0,UNIF_SAR1_PH0_ATR0_SQP_SPECTRAL,true,false,false,KKT_OK,62,1.665573,0.0011888426918844972,0.0,false
LANCZOS2LS,6,0,UNIF_SAR1_PH0_ATR0_SQP_RECIPROCAL,true,false,false,SMALL_STEP,593,16.433193,0.0019263200277479136,0.0,false
LANCZOS2LS,6,0,UNIF_SAR1_PH0_ATR0_SQP_EXPONENTIAL,true,false,false,SMALL_STEP,578,20.402793,0.0007086170637638027,0.0,false
LANCZOS2LS,6,0,UNIF_SAR1_PH0_ATR0_SQP_QUASI_NEWTON,true,false,false,KKT_OK,240,6.7773390000000004,0.0004379100039004709,0.0,false
LANCZOS3LS,6,0,UNIF_SAR1_PH0_ATR0_SQP_IDENTITY,true,false,false,MAX_IT,5000,146.26816200000002,0.00232855276786516,0.0,false
LANCZOS3LS,6,0,UNIF_SAR1_PH0_ATR0_SQP_SPECTRAL,true,false,false,KKT_OK,53,1.465604,0.001194750762308905,0.0,false
LANCZOS3LS,6,0,UNIF_SAR1_PH0_ATR0_SQP_RECIPROCAL,true,false,false,SMALL_STEP,633,21.310599,0.001890227011588656,0.0,false
LANCZOS3LS,6,0,UNIF_SAR1_PH0_ATR0_SQP_EXPONENTIAL,true,false,false,SMALL_STEP,660,20.39332,0.000703953573317331,0.0,false
LANCZOS3LS,6,0,UNIF_SAR1_PH0_ATR0_SQP_QUASI_NEWTON,true,false,false,KKT_OK,101,2.991235,0.0006470689434225869,0.0,false
LCH,3000,1,UNIF_SAR1_PH0_ATR0_SQP_IDENTITY,true,false,false,MAX_IT,5000,31339.421831,1.9580997000806706e6,11.361773789195123,false
LCH,3000,1,UNIF_SAR1_PH0_ATR0_SQP_SPECTRAL,true,false,false,SMALL_STEP,4899,16468.091194,627.2147662519158,1.1657341758564144e-15,false
LCH,3000,1,UNIF_SAR1_PH0_ATR0_SQP_RECIPROCAL,true,false,false,MAX_IT,5000,17701.294138,30996.990365115897,0.000322360904212754,false
LCH,3000,1,UNIF_SAR1_PH0_ATR0_SQP_EXPONENTIAL,true,false,false,MAX_IT,5000,32565.717889,688502.7230041773,0.9385927824622018,false
LCH,3000,1,UNIF_SAR1_PH0_ATR0_SQP_QUASI_NEWTON,true,false,false,MAX_IT,5000,33407.675136000005,373372.3514940978,0.0041490519652862545,false
LEVYMONT,100,0,UNIF_SAR1_PH0_ATR0_SQP_IDENTITY,true,false,false,SMALL_STEP,11,1.092444,154.9109322652124,0.0,false
LEVYMONT,100,0,UNIF_SAR1_PH0_ATR0_SQP_SPECTRAL,true,false,false,SMALL_STEP,36,3.485426,154.8856814685242,0.0,false
LEVYMONT,100,0,UNIF_SAR1_PH0_ATR0_SQP_RECIPROCAL,true,false,false,SMALL_STEP,11,1.167722,154.91093226919025,0.0,false
LEVYMONT,100,0,UNIF_SAR1_PH0_ATR0_SQP_EXPONENTIAL,true,false,false,SMALL_STEP,12,1.313728,154.9108154287226,0.0,false
LEVYMONT,100,0,UNIF_SAR1_PH0_ATR0_SQP_QUASI_NEWTON,true,false,false,KKT_OK,14,1.409921,154.8856742090906,0.0,false
LEVYMONT10,10,0,UNIF_SAR1_PH0_ATR0_SQP_IDENTITY,true,false,false,SMALL_STEP,280,7.882069,163.7441746195276,0.0,false
LEVYMONT10,10,0,UNIF_SAR1_PH0_ATR0_SQP_SPECTRAL,true,false,false,SMALL_STEP,30,0.872059,163.70173728842485,0.0,false
LEVYMONT10,10,0,UNIF_SAR1_PH0_ATR0_SQP_RECIPROCAL,true,false,false,SMALL_STEP,280,12.753976999999999,163.7441746917707,0.0,false
LEVYMONT10,10,0,UNIF_SAR1_PH0_ATR0_SQP_EXPONENTIAL,true,false,false,SMALL_STEP,143,4.154342,163.7487808524519,0.0,false
LEVYMONT10,10,0,UNIF_SAR1_PH0_ATR0_SQP_QUASI_NEWTON,true,false,false,KKT_OK,20,0.598329,163.7009220022496,0.0,false
LEVYMONT5,2,0,UNIF_SAR1_PH0_ATR0_SQP_IDENTITY,true,false,false,SMALL_STEP,31,0.7788120000000001,12.487063718048637,0.0,false
LEVYMONT5,2,0,UNIF_SAR1_PH0_ATR0_SQP_SPECTRAL,true,false,false,KKT_OK,15,0.37568399999999996,12.487063715454873,0.0,false
LEVYMONT5,2,0,UNIF_SAR1_PH0_ATR0_SQP_RECIPROCAL,true,false,false,SMALL_STEP,29,0.7196149999999999,12.487063769671254,0.0,false
LEVYMONT5,2,0,UNIF_SAR1_PH0_ATR0_SQP_EXPONENTIAL,true,false,false,KKT_OK,24,0.631238,12.487063721941533,0.0,false
LEVYMONT5,2,0,UNIF_SAR1_PH0_ATR0_SQP_QUASI_NEWTON,true,false,false,KKT_OK,9,0.229799,12.487063715454871,0.0,false
LEVYMONT6,3,0,UNIF_SAR1_PH0_ATR0_SQP_IDENTITY,true,false,false,SMALL_STEP,28,0.884142,12.502860236088452,0.0,false
LEVYMONT6,3,0,UNIF_SAR1_PH0_ATR0_SQP_SPECTRAL,true,false,false,KKT_OK,15,0.432808,12.502860200860926,0.0,false
LEVYMONT6,3,0,UNIF_SAR1_PH0_ATR0_SQP_RECIPROCAL,true,false,false,SMALL_STEP,28,0.7425860000000001,12.502860231338918,0.0,false
LEVYMONT6,3,0,UNIF_SAR1_PH0_ATR0_SQP_EXPONENTIAL,true,false,false,SMALL_STEP,32,0.886989,12.502860269594173,0.0,false
LEVYMONT6,3,0,UNIF_SAR1_PH0_ATR0_SQP_QUASI_NEWTON,true,false,false,KKT_OK,9,0.24946000000000002,12.50286020085824,0.0,false
LEVYMONT7,4,0,UNIF_SAR1_PH0_ATR0_SQP_IDENTITY,true,false,false,SMALL_STEP,53,1.413114,12.510759686489148,0.0,false
LEVYMONT7,4,0,UNIF_SAR1_PH0_ATR0_SQP_SPECTRAL,true,false,false,KKT_OK,19,0.50276,12.510759059517593,0.0,false
LEVYMONT7,4,0,UNIF_SAR1_PH0_ATR0_SQP_RECIPROCAL,true,false,false,SMALL_STEP,54,1.4625860000000002,12.510760499041881,0.0,false
LEVYMONT7,4,0,UNIF_SAR1_PH0_ATR0_SQP_EXPONENTIAL,true,false,false,SMALL_STEP,41,1.137031,12.510759124172,0.0,false
LEVYMONT7,4,0,UNIF_SAR1_PH0_ATR0_SQP_QUASI_NEWTON,true,false,false,KKT_OK,10,0.27756,12.510759059487105,0.0,false
LEVYMONT8,5,0,UNIF_SAR1_PH0_ATR0_SQP_IDENTITY,true,false,false,SMALL_STEP,323,8.384115,173.51572004322705,0.0,false
LEVYMONT8,5,0,UNIF_SAR1_PH0_ATR0_SQP_SPECTRAL,true,false,false,SMALL_STEP,28,0.777961,173.49608510888459,0.0,false
LEVYMONT8,5,0,UNIF_SAR1_PH0_ATR0_SQP_RECIPROCAL,true,false,false,SMALL_STEP,323,8.380197,173.51572007990615,0.0,false
LEVYMONT8,5,0,UNIF_SAR1_PH0_ATR0_SQP_EXPONENTIAL,true,false,false,SMALL_STEP,162,10.05905,173.49953858865794,0.0,false
LEVYMONT8,5,0,UNIF_SAR1_PH0_ATR0_SQP_QUASI_NEWTON,true,false,false,KKT_OK,17,0.473148,173.49564177241564,0.0,false
LEVYMONT9,8,0,UNIF_SAR1_PH0_ATR0_SQP_IDENTITY,true,false,false,SMALL_STEP,274,7.429552,166.18479099458452,0.0,false
LEVYMONT9,8,0,UNIF_SAR1_PH0_ATR0_SQP_SPECTRAL,true,false,false,SMALL_STEP,38,6.473371,166.14960237021413,0.0,false
LEVYMONT9,8,0,UNIF_SAR1_PH0_ATR0_SQP_RECIPROCAL,true,false,false,SMALL_STEP,274,7.45411,166.18479099678206,0.0,false
LEVYMONT9,8,0,UNIF_SAR1_PH0_ATR0_SQP_EXPONENTIAL,true,false,false,SMALL_STEP,161,4.571918999999999,166.154608744143,0.0,false
LEVYMONT9,8,0,UNIF_SAR1_PH0_ATR0_SQP_QUASI_NEWTON,true,false,false,KKT_OK,17,0.53438,166.14960194479505,0.0,false
LIARWHD,5000,0,UNIF_SAR1_PH0_ATR0_SQP_IDENTITY,true,false,false,SMALL_STEP,1184,3877.713733,0.015323154642492997,0.0,false
LIARWHD,5000,0,UNIF_SAR1_PH0_ATR0_SQP_SPECTRAL,true,false,false,MAX_IT,5000,16231.104942999998,2549.269928411829,0.0,false
LIARWHD,5000,0,UNIF_SAR1_PH0_ATR0_SQP_RECIPROCAL,true,false,false,SMALL_STEP,1327,4690.810699,0.01699463953478864,0.0,false
LIARWHD,5000,0,UNIF_SAR1_PH0_ATR0_SQP_EXPONENTIAL,true,false,false,SMALL_STEP,1161,3963.165604,0.056618629078910784,0.0,false
LIARWHD,5000,0,UNIF_SAR1_PH0_ATR0_SQP_QUASI_NEWTON,true,false,false,SMALL_STEP,465,1488.45487,0.011321724628599518,0.0,false
LINVERSE,1999,0,UNIF_SAR1_PH0_ATR0_SQP_IDENTITY,true,false,false,SMALL_STEP,1432,2269.6549560000003,681.0046503716626,0.0,false
LINVERSE,1999,0,UNIF_SAR1_PH0_ATR0_SQP_SPECTRAL,true,false,false,SMALL_STEP,1515,1792.942042,682.0004922027153,0.0,false
LINVERSE,1999,0,UNIF_SAR1_PH0_ATR0_SQP_RECIPROCAL,true,false,false,SMALL_STEP,709,1295.915276,682.0002542178651,0.0,false
LINVERSE,1999,0,UNIF_SAR1_PH0_ATR0_SQP_EXPONENTIAL,true,false,false,SMALL_STEP,741,1185.622902,681.0005563180764,0.0,false
LINVERSE,1999,0,UNIF_SAR1_PH0_ATR0_SQP_QUASI_NEWTON,true,false,false,SMALL_STEP,69,278.86979299999996,681.000029940964,0.0,false
LMINSURF,5625,0,UNIF_SAR1_PH0_ATR0_SQP_IDENTITY,true,false,false,MAX_IT,5000,20351.32455,9.465997585617936,0.0,false
LMINSURF,5625,0,UNIF_SAR1_PH0_ATR0_SQP_SPECTRAL,true,false,false,KKT_OK,2743,9855.799253000001,10.81987327573808,0.0,false
LMINSURF,5625,0,UNIF_SAR1_PH0_ATR0_SQP_RECIPROCAL,true,false,false,KKT_OK,3677,16151.552989,9.234197621083434,0.0,false
LMINSURF,5625,0,UNIF_SAR1_PH0_ATR0_SQP_EXPONENTIAL,true,false,false,KKT_OK,3638,17959.811092,9.286698122498459,0.0,false
LMINSURF,5625,0,UNIF_SAR1_PH0_ATR0_SQP_QUASI_NEWTON,true,false,false,KKT_OK,2801,13351.802339,9.107965963775124,0.0,false
LOGHAIRY,2,0,UNIF_SAR1_PH0_ATR0_SQP_IDENTITY,true,false,false,MAX_IT,5000,137.37908,6.4387416258738,0.0,false
LOGHAIRY,2,0,UNIF_SAR1_PH0_ATR0_SQP_SPECTRAL,true,false,false,MAX_IT,5000,135.431063,6.438298353474928,0.0,false
LOGHAIRY,2,0,UNIF_SAR1_PH0_ATR0_SQP_RECIPROCAL,true,false,false,KKT_OK,101,2.425787,6.439238184963834,0.0,false
LOGHAIRY,2,0,UNIF_SAR1_PH0_ATR0_SQP_EXPONENTIAL,true,false,false,KKT_OK,32,0.8056829999999999,6.547839683610094,0.0,false
LOGHAIRY,2,0,UNIF_SAR1_PH0_ATR0_SQP_QUASI_NEWTON,true,false,false,KKT_OK,213,10.258424999999999,6.212205828447569,0.0,false
LOGROS,2,0,UNIF_SAR1_PH0_ATR0_SQP_IDENTITY,true,false,false,SMALL_STEP,20,0.523238,0.2060616037568831,0.0,false
LOGROS,2,0,UNIF_SAR1_PH0_ATR0_SQP_SPECTRAL,true,false,false,SMALL_STEP,19,0.506811,0.20697639457390818,0.0,false
LOGROS,2,0,UNIF_SAR1_PH0_ATR0_SQP_RECIPROCAL,true,false,false,SMALL_STEP,449,15.59042,0.5832264214589309,0.0,false
LOGROS,2,0,UNIF_SAR1_PH0_ATR0_SQP_EXPONENTIAL,true,false,false,SMALL_STEP,846,20.543113,0.4743447291272725,0.0,false
LOGROS,2,0,UNIF_SAR1_PH0_ATR0_SQP_QUASI_NEWTON,true,false,false,SMALL_STEP,32,0.808158,0.3153007308487763,0.0,false
LRA9A,123,0,UNIF_SAR1_PH0_ATR0_SQP_IDENTITY,true,false,false,KKT_OK,799,1304.730293,0.38358422670806097,0.0,false
LRA9A,123,0,UNIF_SAR1_PH0_ATR0_SQP_SPECTRAL,true,false,false,KKT_OK,58,83.86584599999999,0.38353964855785116,0.0,false
LRA9A,123,0,UNIF_SAR1_PH0_ATR0_SQP_RECIPROCAL,true,false,false,KKT_OK,2716,7280.454043,0.38357757106142354,0.0,false
LRA9A,123,0,UNIF_SAR1_PH0_ATR0_SQP_EXPONENTIAL,true,false,false,KKT_OK,2404,9023.293619,0.38357018535904686,0.0,false
LRA9A,123,0,UNIF_SAR1_PH0_ATR0_SQP_QUASI_NEWTON,true,false,false,KKT_OK,211,522.747772,0.3836339566617846,0.0,false
LRIJCNN1,22,0,UNIF_SAR1_PH0_ATR0_SQP_IDENTITY,true,false,false,KKT_OK,347,724.5885079999999,0.27474630565248614,0.0,false
LRIJCNN1,22,0,UNIF_SAR1_PH0_ATR0_SQP_SPECTRAL,true,false,false,KKT_OK,51,104.462008,0.2741083192769989,0.0,false
LRIJCNN1,22,0,UNIF_SAR1_PH0_ATR0_SQP_RECIPROCAL,true,false,false,KKT_OK,258,857.208394,0.2738790872788143,0.0,false
LRIJCNN1,22,0,UNIF_SAR1_PH0_ATR0_SQP_EXPONENTIAL,true,false,false,KKT_OK,285,1296.417947,0.273865440646441,0.0,false
LRIJCNN1,22,0,UNIF_SAR1_PH0_ATR0_SQP_QUASI_NEWTON,true,false,false,KKT_OK,38,121.60515600000001,0.2737160587934901,0.0,false
LRW1A,300,0,UNIF_SAR1_PH0_ATR0_SQP_IDENTITY,true,false,false,KKT_OK,39,11.895489,0.2848858273637001,0.0,false
LRW1A,300,0,UNIF_SAR1_PH0_ATR0_SQP_SPECTRAL,true,false,false,KKT_OK,16,5.1805699999999995,0.2847658637230997,0.0,false
LRW1A,300,0,UNIF_SAR1_PH0_ATR0_SQP_RECIPROCAL,true,false,false,KKT_OK,66,31.633491,0.2862365516492114,0.0,false
LRW1A,300,0,UNIF_SAR1_PH0_ATR0_SQP_EXPONENTIAL,true,false,false,KKT_OK,436,239.399315,0.28472517951065196,0.0,false
LRW1A,300,0,UNIF_SAR1_PH0_ATR0_SQP_QUASI_NEWTON,true,false,false,KKT_OK,43,20.450498,0.2847251810439297,0.0,false
LRW8A,300,0,UNIF_SAR1_PH0_ATR0_SQP_IDENTITY,true,false,false,KKT_OK,3221,10202.183069,2.4295162110976776,0.0,false
LRW8A,300,0,UNIF_SAR1_PH0_ATR0_SQP_SPECTRAL,true,false,false,KKT_OK,174,487.08245500000004,2.441949063350102,0.0,false
LRW8A,300,0,UNIF_SAR1_PH0_ATR0_SQP_RECIPROCAL,true,false,false,KKT_OK,2948,14803.942145,2.4305248271511473,0.0,false
LRW8A,300,0,UNIF_SAR1_PH0_ATR0_SQP_EXPONENTIAL,true,false,false,KKT_OK,2776,19451.572535,2.430943162861382,0.0,false
LRW8A,300,0,UNIF_SAR1_PH0_ATR0_SQP_QUASI_NEWTON,true,false,false,KKT_OK,186,839.085306,2.42848027859106,0.0,false
LSC1LS,3,0,UNIF_SAR1_PH0_ATR0_SQP_IDENTITY,true,false,false,MAX_IT,5000,135.13640199999998,1093.2225587470234,0.0,false
LSC1LS,3,0,UNIF_SAR1_PH0_ATR0_SQP_SPECTRAL,true,false,false,KKT_OK,2248,62.680035,7.711852239713094,0.0,false
LSC1LS,3,0,UNIF_SAR1_PH0_ATR0_SQP_RECIPROCAL,true,false,false,MAX_IT,5000,141.710775,1093.1509708496703,0.0,false
LSC1LS,3,0,UNIF_SAR1_PH0_ATR0_SQP_EXPONENTIAL,true,false,false,MAX_IT,5000,142.501969,1093.5259259799125,0.0,false
LSC1LS,3,0,UNIF_SAR1_PH0_ATR0_SQP_QUASI_NEWTON,true,false,false,MAX_IT,5000,138.75106300000002,1093.4620622241412,0.0,false
LSC2LS,3,0,UNIF_SAR1_PH0_ATR0_SQP_IDENTITY,true,false,false,MAX_IT,5000,135.366929,15.986409023181661,0.0,false
LSC2LS,3,0,UNIF_SAR1_PH0_ATR0_SQP_SPECTRAL,true,false,false,MAX_IT,5000,133.39569,15.89508093277077,0.0,false
LSC2LS,3,0,UNIF_SAR1_PH0_ATR0_SQP_RECIPROCAL,true,false,false,MAX_IT,5000,142.90613399999998,15.977185202183755,0.0,false
LSC2LS,3,0,UNIF_SAR1_PH0_ATR0_SQP_EXPONENTIAL,true,false,false,MAX_IT,5000,144.249045,16.0266848736599,0.0,false
LSC2LS,3,0,UNIF_SAR1_PH0_ATR0_SQP_QUASI_NEWTON,true,false,false,MAX_IT,5000,141.152262,16.00235043185625,0.0,false
LSQFIT,2,1,UNIF_SAR1_PH0_ATR0_SQP_IDENTITY,true,false,false,KKT_OK,0,0.019661,1.0172629999999998,0.85,false
LSQFIT,2,1,UNIF_SAR1_PH0_ATR0_SQP_SPECTRAL,true,false,false,KKT_OK,0,0.013760999999999999,1.0172629999999998,0.85,false
LSQFIT,2,1,UNIF_SAR1_PH0_ATR0_SQP_RECIPROCAL,true,false,false,KKT_OK,0,0.01452,1.0172629999999998,0.85,false
LSQFIT,2,1,UNIF_SAR1_PH0_ATR0_SQP_EXPONENTIAL,true,false,false,KKT_OK,0,0.013854,1.0172629999999998,0.85,false
LSQFIT,2,1,UNIF_SAR1_PH0_ATR0_SQP_QUASI_NEWTON,true,false,false,KKT_OK,0,0.014175,1.0172629999999998,0.85,false
LUKSAN11LS,100,0,UNIF_SAR1_PH0_ATR0_SQP_IDENTITY,true,false,false,MAX_IT,5000,428.06480600000003,358.4032168900307,0.0,false
LUKSAN11LS,100,0,UNIF_SAR1_PH0_ATR0_SQP_SPECTRAL,true,false,false,MAX_IT,5000,419.59116,205.1344745338009,0.0,false
LUKSAN11LS,100,0,UNIF_SAR1_PH0_ATR0_SQP_RECIPROCAL,true,false,false,MAX_IT,5000,607.4745849999999,357.14286700739177,0.0,false
LUKSAN11LS,100,0,UNIF_SAR1_PH0_ATR0_SQP_EXPONENTIAL,true,false,false,MAX_IT,5000,465.253173,353.48746497933377,0.0,false
LUKSAN11LS,100,0,UNIF_SAR1_PH0_ATR0_SQP_QUASI_NEWTON,true,false,false,MAX_IT,5000,498.789266,96.10729343845095,0.0,false
LUKSAN12LS,98,0,UNIF_SAR1_PH0_ATR0_SQP_IDENTITY,true,false,false,SMALL_STEP,1686,145.180376,4307.355346208443,0.0,false
LUKSAN12LS,98,0,UNIF_SAR1_PH0_ATR0_SQP_SPECTRAL,true,false,false,SMALL_STEP,2321,181.973054,4292.561251372953,0.0,false
LUKSAN12LS,98,0,UNIF_SAR1_PH0_ATR0_SQP_RECIPROCAL,true,false,false,SMALL_STEP,1811,169.454906,4310.848222947653,0.0,false
LUKSAN12LS,98,0,UNIF_SAR1_PH0_ATR0_SQP_EXPONENTIAL,true,false,false,SMALL_STEP,1913,197.50848100000002,4307.065838456407,0.0,false
LUKSAN12LS,98,0,UNIF_SAR1_PH0_ATR0_SQP_QUASI_NEWTON,true,false,false,SMALL_STEP,1105,109.578539,4291.112212926988,0.0,false
LUKSAN13LS,98,0,UNIF_SAR1_PH0_ATR0_SQP_IDENTITY,true,false,false,MAX_IT,5000,444.63745,25191.039985448322,0.0,false
LUKSAN13LS,98,0,UNIF_SAR1_PH0_ATR0_SQP_SPECTRAL,true,false,false,SMALL_STEP,161,13.947384999999999,25188.866053087186,0.0,false
LUKSAN13LS,98,0,UNIF_SAR1_PH0_ATR0_SQP_RECIPROCAL,true,false,false,MAX_IT,5000,594.940181,25199.94406007911,0.0,false
LUKSAN13LS,98,0,UNIF_SAR1_PH0_ATR0_SQP_EXPONENTIAL,true,false,false,MAX_IT,5000,456.069934,25190.85621937732,0.0,false
LUKSAN13LS,98,0,UNIF_SAR1_PH0_ATR0_SQP_QUASI_NEWTON,true,false,false,SMALL_STEP,1419,137.680139,25188.87479831265,0.0,false
LUKSAN14LS,98,0,UNIF_SAR1_PH0_ATR0_SQP_IDENTITY,true,false,false,SMALL_STEP,842,74.332618,125.5211213636004,0.0,false
LUKSAN14LS,98,0,UNIF_SAR1_PH0_ATR0_SQP_SPECTRAL,true,false,false,SMALL_STEP,95,8.25258,124.7163374699845,0.0,false
LUKSAN14LS,98,0,UNIF_SAR1_PH0_ATR0_SQP_RECIPROCAL,true,false,false,SMALL_STEP,435,38.278317,125.53457162733585,0.0,false
LUKSAN14LS,98,0,UNIF_SAR1_PH0_ATR0_SQP_EXPONENTIAL,true,false,false,SMALL_STEP,1294,120.63367699999999,123.92980780652132,0.0,false
LUKSAN14LS,98,0,UNIF_SAR1_PH0_ATR0_SQP_QUASI_NEWTON,true,false,false,SMALL_STEP,308,27.439787,123.92367114560977,0.0,false
LUKSAN15LS,100,0,UNIF_SAR1_PH0_ATR0_SQP_IDENTITY,true,false,false,SMALL_STEP,19,1.9905190000000001,3.5702894688938205,0.0,false
LUKSAN15LS,100,0,UNIF_SAR1_PH0_ATR0_SQP_SPECTRAL,true,false,false,SMALL_STEP,16,1.7258250000000002,3.570187585431059,0.0,false
LUKSAN15LS,100,0,UNIF_SAR1_PH0_ATR0_SQP_RECIPROCAL,true,false,false,SMALL_STEP,19,2.2025740000000003,3.5702894754903456,0.0,false
LUKSAN15LS,100,0,UNIF_SAR1_PH0_ATR0_SQP_EXPONENTIAL,true,false,false,SMALL_STEP,13,1.7095470000000001,3.569876797688983,0.0,false
LUKSAN15LS,100,0,UNIF_SAR1_PH0_ATR0_SQP_QUASI_NEWTON,true,false,false,KKT_OK,11,1.298849,3.5696970494344207,0.0,false
LUKSAN16LS,100,0,UNIF_SAR1_PH0_ATR0_SQP_IDENTITY,true,false,false,SMALL_STEP,127,11.961431,4.186051892822373,0.0,false
LUKSAN16LS,100,0,UNIF_SAR1_PH0_ATR0_SQP_SPECTRAL,true,false,false,SMALL_STEP,43,5.745906000000001,3.570955115675104,0.0,false
LUKSAN16LS,100,0,UNIF_SAR1_PH0_ATR0_SQP_RECIPROCAL,true,false,false,SMALL_STEP,127,12.98596,4.186051815912374,0.0,false
LUKSAN16LS,100,0,UNIF_SAR1_PH0_ATR0_SQP_EXPONENTIAL,true,false,false,SMALL_STEP,49,5.619165,3.628643911256273,0.0,false
LUKSAN16LS,100,0,UNIF_SAR1_PH0_ATR0_SQP_QUASI_NEWTON,true,false,false,SMALL_STEP,44,6.0718179999999995,3.569824719466121,0.0,false
LUKSAN17LS,100,0,UNIF_SAR1_PH0_ATR0_SQP_IDENTITY,true,false,false,SMALL_STEP,421,70.951405,0.9430192919854223,0.0,false
LUKSAN17LS,100,0,UNIF_SAR1_PH0_ATR0_SQP_SPECTRAL,true,false,false,SMALL_STEP,132,158.631808,0.5601285067968669,0.0,false
LUKSAN17LS,100,0,UNIF_SAR1_PH0_ATR0_SQP_RECIPROCAL,true,false,false,SMALL_STEP,304,35.952492,0.6713949816035083,0.0,false
LUKSAN17LS,100,0,UNIF_SAR1_PH0_ATR0_SQP_EXPONENTIAL,true,false,false,SMALL_STEP,689,99.468719,0.6045451899899109,0.0,false
LUKSAN17LS,100,0,UNIF_SAR1_PH0_ATR0_SQP_QUASI_NEWTON,true,false,false,SMALL_STEP,583,69.988543,0.5162850706772323,0.0,false
LUKSAN21LS,100,0,UNIF_SAR1_PH0_ATR0_SQP_IDENTITY,true,false,false,MAX_IT,5000,394.966314,93.4967548000921,0.0,false
LUKSAN21LS,100,0,UNIF_SAR1_PH0_ATR0_SQP_SPECTRAL,true,false,false,SMALL_STEP,3705,274.410377,0.0013923798189117156,0.0,false
LUKSAN21LS,100,0,UNIF_SAR1_PH0_ATR0_SQP_RECIPROCAL,true,false,false,MAX_IT,5000,410.80989,92.97398174754652,0.0,false
LUKSAN21LS,100,0,UNIF_SAR1_PH0_ATR0_SQP_EXPONENTIAL,true,false,false,MAX_IT,5000,642.553497,93.93499690247971,0.0,false
LUKSAN21LS,100,0,UNIF_SAR1_PH0_ATR0_SQP_QUASI_NEWTON,true,false,false,MAX_IT,5000,447.58829,89.94519283733736,0.0,false
LUKSAN22LC,100,0,UNIF_SAR1_PH0_ATR0_SQP_IDENTITY,true,false,false,SMALL_STEP,1914,173.965384,874.154441797491,0.0,false
LUKSAN22LC,100,0,UNIF_SAR1_PH0_ATR0_SQP_SPECTRAL,true,false,false,SMALL_STEP,300,26.06925,873.9424970141149,0.0,false
LUKSAN22LC,100,0,UNIF_SAR1_PH0_ATR0_SQP_RECIPROCAL,true,false,false,SMALL_STEP,1692,177.985684,873.9607435300477,0.0,false
LUKSAN22LC,100,0,UNIF_SAR1_PH0_ATR0_SQP_EXPONENTIAL,true,false,false,SMALL_STEP,3063,325.76876300000004,877.9289525113268,0.0,false
LUKSAN22LC,100,0,UNIF_SAR1_PH0_ATR0_SQP_QUASI_NEWTON,true,false,false,SMALL_STEP,1168,276.18758199999996,877.9232776842226,0.0,false
LUKSAN22LS,100,0,UNIF_SAR1_PH0_ATR0_SQP_IDENTITY,true,false,false,SMALL_STEP,1561,136.004552,869.1443676850233,0.0,false
LUKSAN22LS,100,0,UNIF_SAR1_PH0_ATR0_SQP_SPECTRAL,true,false,false,SMALL_STEP,283,23.992888999999998,868.9556624362765,0.0,false
LUKSAN22LS,100,0,UNIF_SAR1_PH0_ATR0_SQP_RECIPROCAL,true,false,false,SMALL_STEP,1602,164.010053,868.9578492235612,0.0,false
LUKSAN22LS,100,0,UNIF_SAR1_PH0_ATR0_SQP_EXPONENTIAL,true,false,false,SMALL_STEP,1423,152.509261,868.9571675925355,0.0,false
LUKSAN22LS,100,0,UNIF_SAR1_PH0_ATR0_SQP_QUASI_NEWTON,true,false,false,SMALL_STEP,1158,108.96130699999999,872.9233488888761,0.0,false
MANCINO,100,0,UNIF_SAR1_PH0_ATR0_SQP_IDENTITY,true,false,false,SMALL_STEP,320,235.038893,0.863436708521849,0.0,false
MANCINO,100,0,UNIF_SAR1_PH0_ATR0_SQP_SPECTRAL,true,false,false,SMALL_STEP,322,238.642999,0.8584928556745774,0.0,false
MANCINO,100,0,UNIF_SAR1_PH0_ATR0_SQP_RECIPROCAL,true,false,false,SMALL_STEP,307,366.41240899999997,1.5387594713725259,0.0,false
MANCINO,100,0,UNIF_SAR1_PH0_ATR0_SQP_EXPONENTIAL,true,false,false,SMALL_STEP,469,754.407741,41.049484373762425,0.0,false
MANCINO,100,0,UNIF_SAR1_PH0_ATR0_SQP_QUASI_NEWTON,true,false,false,SMALL_STEP,219,258.803111,0.002619455947103785,0.0,false
MARATOS,2,1,UNIF_SAR1_PH0_ATR0_SQP_IDENTITY,true,false,false,KKT_OK,4,0.15600999999999998,-1.0000000000065596,1.311954376851361e-11,false
MARATOS,2,1,UNIF_SAR1_PH0_ATR0_SQP_SPECTRAL,true,false,false,MAX_IT,5000,409.89516999999995,-1.2554604561039024,1.0337815667411705,false
MARATOS,2,1,UNIF_SAR1_PH0_ATR0_SQP_RECIPROCAL,true,false,false,KKT_OK,4,0.134172,-1.0000000000098455,2.003492800838341e-11,false
MARATOS,2,1,UNIF_SAR1_PH0_ATR0_SQP_EXPONENTIAL,true,false,false,KKT_OK,4,0.133033,-1.0000000000065774,1.3456466019596712e-11,false
MARATOS,2,1,UNIF_SAR1_PH0_ATR0_SQP_QUASI_NEWTON,true,false,false,KKT_OK,4,0.144134,-1.00004094996632,8.190177824894027e-5,false
MARATOSB,2,0,UNIF_SAR1_PH0_ATR0_SQP_IDENTITY,true,false,false,SMALL_STEP,9,0.238606,1.0000000000015916,0.0,false
MARATOSB,2,0,UNIF_SAR1_PH0_ATR0_SQP_SPECTRAL,true,false,false,SMALL_STEP,7,0.17702700000000002,1.0000000000015916,0.0,false
MARATOSB,2,0,UNIF_SAR1_PH0_ATR0_SQP_RECIPROCAL,true,false,false,SMALL_STEP,9,0.224231,1.0000000000015916,0.0,false
MARATOSB,2,0,UNIF_SAR1_PH0_ATR0_SQP_EXPONENTIAL,true,false,false,SMALL_STEP,9,0.233565,1.0000000000015916,0.0,false
MARATOSB,2,0,UNIF_SAR1_PH0_ATR0_SQP_QUASI_NEWTON,true,false,false,SMALL_STEP,4,0.103602,0.999999935941492,0.0,false
MAXLIKA,8,0,UNIF_SAR1_PH0_ATR0_SQP_IDENTITY,true,false,false,KKT_OK,2968,139.191798,1149.345610347451,0.0,false
MAXLIKA,8,0,UNIF_SAR1_PH0_ATR0_SQP_SPECTRAL,true,false,false,MAX_IT,5000,242.264476,1152.409250299871,0.0,false
MAXLIKA,8,0,UNIF_SAR1_PH0_ATR0_SQP_RECIPROCAL,true,false,false,KKT_OK,199,11.962254999999999,1149.345593175307,0.0,false
MAXLIKA,8,0,UNIF_SAR1_PH0_ATR0_SQP_EXPONENTIAL,true,false,false,KKT_OK,230,17.141113999999998,1149.3455918907346,0.0,false
MAXLIKA,8,0,UNIF_SAR1_PH0_ATR0_SQP_QUASI_NEWTON,true,false,false,KKT_OK,33,2.052585,1149.3455921362934,0.0,false
MCCORMCK,5000,0,UNIF_SAR1_PH0_ATR0_SQP_IDENTITY,true,false,false,SMALL_STEP,1037,3298.7455419999997,-4566.361652393877,0.0,false
MCCORMCK,5000,0,UNIF_SAR1_PH0_ATR0_SQP_SPECTRAL,true,false,false,KKT_OK,15,40.101783000000005,-4566.580552782138,0.0,false
MCCORMCK,5000,0,UNIF_SAR1_PH0_ATR0_SQP_RECIPROCAL,true,false,false,SMALL_STEP,4264,14141.498049999998,-4566.472922285783,0.0,false
MCCORMCK,5000,0,UNIF_SAR1_PH0_ATR0_SQP_EXPONENTIAL,true,false,false,SMALL_STEP,1093,4061.8227850000003,-4566.35890434728,0.0,false
MCCORMCK,5000,0,UNIF_SAR1_PH0_ATR0_SQP_QUASI_NEWTON,true,false,false,MAX_IT,5000,42175.753405999996,-4563.657313114205,0.0,false
MDHOLE,2,0,UNIF_SAR1_PH0_ATR0_SQP_IDENTITY,true,false,false,SMALL_STEP,1583,41.833546999999996,9.805431376767474e-10,0.0,false
MDHOLE,2,0,UNIF_SAR1_PH0_ATR0_SQP_SPECTRAL,true,false,false,SMALL_STEP,616,14.488855000000001,3.446828359958229e-9,0.0,false
MDHOLE,2,0,UNIF_SAR1_PH0_ATR0_SQP_RECIPROCAL,true,false,false,SMALL_STEP,1798,53.278131,1.95176381781613e-10,0.0,false
MDHOLE,2,0,UNIF_SAR1_PH0_ATR0_SQP_EXPONENTIAL,true,false,false,KKT_OK,1460,41.983512,8.343566610087398e-16,0.0,false
MDHOLE,2,0,UNIF_SAR1_PH0_ATR0_SQP_QUASI_NEWTON,true,false,false,KKT_OK,1271,35.613738,2.5322810756377637e-16,0.0,false
METHANB8LS,31,0,UNIF_SAR1_PH0_ATR0_SQP_IDENTITY,true,false,false,SMALL_STEP,30,1.4919950000000002,0.14628801314750092,0.0,false
METHANB8LS,31,0,UNIF_SAR1_PH0_ATR0_SQP_SPECTRAL,true,false,false,SMALL_STEP,28,1.323103,0.1097749695701059,0.0,false
METHANB8LS,31,0,UNIF_SAR1_PH0_ATR0_SQP_RECIPROCAL,true,false,false,SMALL_STEP,30,1.481333,0.14628808855445355,0.0,false
METHANB8LS,31,0,UNIF_SAR1_PH0_ATR0_SQP_EXPONENTIAL,true,false,false,SMALL_STEP,24,1.30587,0.1487087264164082,0.0,false
METHANB8LS,31,0,UNIF_SAR1_PH0_ATR0_SQP_QUASI_NEWTON,true,false,false,SMALL_STEP,84,4.102786,0.022314905612265377,0.0,false
METHANL8LS,31,0,UNIF_SAR1_PH0_ATR0_SQP_IDENTITY,true,false,false,SMALL_STEP,350,19.87256,5.084131831867558,0.0,false
METHANL8LS,31,0,UNIF_SAR1_PH0_ATR0_SQP_SPECTRAL,true,false,false,SMALL_STEP,326,18.27975,5.913122346775707,0.0,false
METHANL8LS,31,0,UNIF_SAR1_PH0_ATR0_SQP_RECIPROCAL,true,false,false,SMALL_STEP,324,19.179206,5.5800705004769915,0.0,false
METHANL8LS,31,0,UNIF_SAR1_PH0_ATR0_SQP_EXPONENTIAL,true,false,false,SMALL_STEP,401,20.744823999999998,5.158099722056575,0.0,false
METHANL8LS,31,0,UNIF_SAR1_PH0_ATR0_SQP_QUASI_NEWTON,true,false,false,SMALL_STEP,411,23.228924000000003,3.3192495640887927,0.0,false
MEXHAT,2,0,UNIF_SAR1_PH0_ATR0_SQP_IDENTITY,true,false,false,SMALL_STEP,13,0.345706,0.2557835917829575,0.0,false
MEXHAT,2,0,UNIF_SAR1_PH0_ATR0_SQP_SPECTRAL,true,false,false,SMALL_STEP,13,0.34283,0.25578359181349547,0.0,false
MEXHAT,2,0,UNIF_SAR1_PH0_ATR0_SQP_RECIPROCAL,true,false,false,SMALL_STEP,13,0.336743,0.2557835904705495,0.0,false
MEXHAT,2,0,UNIF_SAR1_PH0_ATR0_SQP_EXPONENTIAL,true,false,false,SMALL_STEP,14,0.36715400000000004,0.23596224603999408,0.0,false
MEXHAT,2,0,UNIF_SAR1_PH0_ATR0_SQP_QUASI_NEWTON,true,false,false,SMALL_STEP,11,0.302809,0.2333563747477923,0.0,false
MEYER3,3,0,UNIF_SAR1_PH0_ATR0_SQP_IDENTITY,true,false,false,SMALL_STEP,15,0.435504,7.018242147500618e6,0.0,false
MEYER3,3,0,UNIF_SAR1_PH0_ATR0_SQP_SPECTRAL,true,false,false,SMALL_STEP,15,0.41026799999999997,7.018242147500624e6,0.0,false
MEYER3,3,0,UNIF_SAR1_PH0_ATR0_SQP_RECIPROCAL,true,false,false,SMALL_STEP,15,0.409123,7.018242147412594e6,0.0,false
MEYER3,3,0,UNIF_SAR1_PH0_ATR0_SQP_EXPONENTIAL,true,false,false,SMALL_STEP,15,0.421449,7.018242147034335e6,0.0,false
MEYER3,3,0,UNIF_SAR1_PH0_ATR0_SQP_QUASI_NEWTON,true,false,false,SMALL_STEP,15,0.41458100000000003,7.018242143423562e6,0.0,false
MGH09LS,4,0,UNIF_SAR1_PH0_ATR0_SQP_IDENTITY,true,false,false,KKT_OK,40,1.06853,0.01051832511468303,0.0,false
MGH09LS,4,0,UNIF_SAR1_PH0_ATR0_SQP_SPECTRAL,true,false,false,KKT_OK,30,0.825915,0.009489986232248023,0.0,false
MGH09LS,4,0,UNIF_SAR1_PH0_ATR0_SQP_RECIPROCAL,true,false,false,KKT_OK,32,0.851796,0.01099169601235552,0.0,false
MGH09LS,4,0,UNIF_SAR1_PH0_ATR0_SQP_EXPONENTIAL,true,false,false,KKT_OK,36,0.974843,0.010917257705407165,0.0,false
MGH09LS,4,0,UNIF_SAR1_PH0_ATR0_SQP_QUASI_NEWTON,true,false,false,KKT_OK,30,0.799356,0.01066803291888067,0.0,false
MGH10LS,3,0,UNIF_SAR1_PH0_ATR0_SQP_IDENTITY,true,false,false,SMALL_STEP,31,0.8369169999999999,1.3668652387701144e9,0.0,false
MGH10LS,3,0,UNIF_SAR1_PH0_ATR0_SQP_SPECTRAL,true,false,false,SMALL_STEP,31,0.818966,1.3668652387701137e9,0.0,false
MGH10LS,3,0,UNIF_SAR1_PH0_ATR0_SQP_RECIPROCAL,true,false,false,SMALL_STEP,31,0.8168719999999999,1.3668652388672159e9,0.0,false
MGH10LS,3,0,UNIF_SAR1_PH0_ATR0_SQP_EXPONENTIAL,true,false,false,SMALL_STEP,31,0.849879,1.366865238746277e9,0.0,false
MGH10LS,3,0,UNIF_SAR1_PH0_ATR0_SQP_QUASI_NEWTON,true,false,false,SMALL_STEP,31,0.831865,1.3668652387459712e9,0.0,false
MGH10SLS,3,0,UNIF_SAR1_PH0_ATR0_SQP_IDENTITY,true,false,false,MAX_IT,5000,148.218045,1.389597352620322e9,0.0,false
MGH10SLS,3,0,UNIF_SAR1_PH0_ATR0_SQP_SPECTRAL,true,false,false,MAX_IT,5000,148.479672,1.3895086480077767e9,0.0,false
MGH10SLS,3,0,UNIF_SAR1_PH0_ATR0_SQP_RECIPROCAL,true,false,false,MAX_IT,5000,152.444939,1.389597352665068e9,0.0,false
MGH10SLS,3,0,UNIF_SAR1_PH0_ATR0_SQP_EXPONENTIAL,true,false,false,MAX_IT,5000,165.439058,1.3925490014480472e9,0.0,false
MGH10SLS,3,0,UNIF_SAR1_PH0_ATR0_SQP_QUASI_NEWTON,true,false,false,MAX_IT,5000,155.029856,1.3832636822839315e9,0.0,false
MGH17LS,5,0,UNIF_SAR1_PH0_ATR0_SQP_IDENTITY,true,false,false,SMALL_STEP,76,2.17687,1.1060365466654831,0.0,false
MGH17LS,5,0,UNIF_SAR1_PH0_ATR0_SQP_SPECTRAL,true,false,false,SMALL_STEP,82,2.353894,1.1059153775895567,0.0,false
MGH17LS,5,0,UNIF_SAR1_PH0_ATR0_SQP_RECIPROCAL,true,false,false,SMALL_STEP,32,0.973978,24822.178691260713,0.0,false
MGH17LS,5,0,UNIF_SAR1_PH0_ATR0_SQP_EXPONENTIAL,true,false,false,SMALL_STEP,33,1.065216,24822.406800607398,0.0,false
MGH17LS,5,0,UNIF_SAR1_PH0_ATR0_SQP_QUASI_NEWTON,true,false,false,SMALL_STEP,31,0.9584809999999999,24822.072990277975,0.0,false
MGH17SLS,5,0,UNIF_SAR1_PH0_ATR0_SQP_IDENTITY,true,false,false,SMALL_STEP,78,2.3315829999999997,1.1047817974257526,0.0,false
MGH17SLS,5,0,UNIF_SAR1_PH0_ATR0_SQP_SPECTRAL,true,false,false,KKT_OK,75,2.241632,1.102881431606528,0.0,false
MGH17SLS,5,0,UNIF_SAR1_PH0_ATR0_SQP_RECIPROCAL,true,false,false,SMALL_STEP,90,8.590086,1.1060108482145872,0.0,false
MGH17SLS,5,0,UNIF_SAR1_PH0_ATR0_SQP_EXPONENTIAL,true,false,false,KKT_OK,90,2.9341950000000003,1.1060100420692998,0.0,false
MGH17SLS,5,0,UNIF_SAR1_PH0_ATR0_SQP_QUASI_NEWTON,true,false,false,KKT_OK,60,1.8418029999999999,1.106006884654885,0.0,false
MINSURF,64,0,UNIF_SAR1_PH0_ATR0_SQP_IDENTITY,true,false,false,KKT_OK,35,1.7376939999999998,1.0000049830690376,0.0,false
MINSURF,64,0,UNIF_SAR1_PH0_ATR0_SQP_SPECTRAL,true,false,false,KKT_OK,22,5.785043,1.00000583884526,0.0,false
MINSURF,64,0,UNIF_SAR1_PH0_ATR0_SQP_RECIPROCAL,true,false,false,KKT_OK,67,3.349741,1.0000051979390165,0.0,false
MINSURF,64,0,UNIF_SAR1_PH0_ATR0_SQP_EXPONENTIAL,true,false,false,KKT_OK,76,4.102151,1.0000024024368317,0.0,false
MINSURF,64,0,UNIF_SAR1_PH0_ATR0_SQP_QUASI_NEWTON,true,false,false,KKT_OK,34,1.7464430000000002,1.0000004278916683,0.0,false
MINSURFO,5306,0,UNIF_SAR1_PH0_ATR0_SQP_IDENTITY,true,false,false,SMALL_STEP,330,1317.476494,2.517441053181689,0.0,false
MINSURFO,5306,0,UNIF_SAR1_PH0_ATR0_SQP_SPECTRAL,true,false,false,KKT_OK,64,447.217476,2.5121277939237667,0.0,false
MINSURFO,5306,0,UNIF_SAR1_PH0_ATR0_SQP_RECIPROCAL,true,false,false,SMALL_STEP,229,802.427462,2.522345196638887,0.0,false
MINSURFO,5306,0,UNIF_SAR1_PH0_ATR0_SQP_EXPONENTIAL,true,false,false,SMALL_STEP,150,818.9891630000001,2.5304848698376605,0.0,false
MINSURFO,5306,0,UNIF_SAR1_PH0_ATR0_SQP_QUASI_NEWTON,true,false,false,MAX_IT,5000,67195.27861000001,6.098261234650506,0.0,false
MISRA1ALS,2,0,UNIF_SAR1_PH0_ATR0_SQP_IDENTITY,true,false,false,SMALL_STEP,10,0.28107000000000004,28.382606481699227,0.0,false
MISRA1ALS,2,0,UNIF_SAR1_PH0_ATR0_SQP_SPECTRAL,true,false,false,SMALL_STEP,10,0.261412,28.382606390955893,0.0,false
MISRA1ALS,2,0,UNIF_SAR1_PH0_ATR0_SQP_RECIPROCAL,true,false,false,SMALL_STEP,10,0.264053,28.38260678385486,0.0,false
MISRA1ALS,2,0,UNIF_SAR1_PH0_ATR0_SQP_EXPONENTIAL,true,false,false,SMALL_STEP,10,0.27230800000000005,28.382606414375843,0.0,false
MISRA1ALS,2,0,UNIF_SAR1_PH0_ATR0_SQP_QUASI_NEWTON,true,false,false,SMALL_STEP,10,0.262594,28.382605809598694,0.0,false
MISRA1BLS,2,0,UNIF_SAR1_PH0_ATR0_SQP_IDENTITY,true,false,false,SMALL_STEP,10,0.306388,14.519587229963452,0.0,false
MISRA1BLS,2,0,UNIF_SAR1_PH0_ATR0_SQP_SPECTRAL,true,false,false,SMALL_STEP,10,0.289191,14.519587300052356,0.0,false
MISRA1BLS,2,0,UNIF_SAR1_PH0_ATR0_SQP_RECIPROCAL,true,false,false,SMALL_STEP,10,0.265032,14.519586976567984,0.0,false
MISRA1BLS,2,0,UNIF_SAR1_PH0_ATR0_SQP_EXPONENTIAL,true,false,false,SMALL_STEP,10,0.266417,14.51958712297777,0.0,false
MISRA1BLS,2,0,UNIF_SAR1_PH0_ATR0_SQP_QUASI_NEWTON,true,false,false,SMALL_STEP,10,0.265161,14.519587311833984,0.0,false
MISRA1CLS,2,0,UNIF_SAR1_PH0_ATR0_SQP_IDENTITY,true,false,false,SMALL_STEP,10,0.29003,13.432785580987035,0.0,false
MISRA1CLS,2,0,UNIF_SAR1_PH0_ATR0_SQP_SPECTRAL,true,false,false,SMALL_STEP,10,0.264655,13.432785663424674,0.0,false
MISRA1CLS,2,0,UNIF_SAR1_PH0_ATR0_SQP_RECIPROCAL,true,false,false,SMALL_STEP,10,0.257849,13.432785238219132,0.0,false
MISRA1CLS,2,0,UNIF_SAR1_PH0_ATR0_SQP_EXPONENTIAL,true,false,false,SMALL_STEP,10,0.262659,13.432785726725049,0.0,false
MISRA1CLS,2,0,UNIF_SAR1_PH0_ATR0_SQP_QUASI_NEWTON,true,false,false,SMALL_STEP,10,0.257391,13.43278530569303,0.0,false
MISRA1DLS,2,0,UNIF_SAR1_PH0_ATR0_SQP_IDENTITY,true,false,false,SMALL_STEP,10,0.274797,62.24180149987134,0.0,false
MISRA1DLS,2,0,UNIF_SAR1_PH0_ATR0_SQP_SPECTRAL,true,false,false,SMALL_STEP,10,0.263091,62.24180167888925,0.0,false
MISRA1DLS,2,0,UNIF_SAR1_PH0_ATR0_SQP_RECIPROCAL,true,false,false,SMALL_STEP,10,0.25444500000000003,62.24180079560328,0.0,false
MISRA1DLS,2,0,UNIF_SAR1_PH0_ATR0_SQP_EXPONENTIAL,true,false,false,SMALL_STEP,10,0.258039,62.24180098725393,0.0,false
MISRA1DLS,2,0,UNIF_SAR1_PH0_ATR0_SQP_QUASI_NEWTON,true,false,false,SMALL_STEP,10,0.25516500000000003,62.24180120719463,0.0,false
MODBEALE,20000,0,UNIF_SAR1_PH0_ATR0_SQP_IDENTITY,true,false,false,SMALL_STEP,2752,43586.131421,360.8722736008582,0.0,false
MODBEALE,20000,0,UNIF_SAR1_PH0_ATR0_SQP_SPECTRAL,true,false,false,MAX_IT,5000,81588.068932,153.8363931078641,0.0,false
MODBEALE,20000,0,UNIF_SAR1_PH0_ATR0_SQP_RECIPROCAL,true,false,false,SMALL_STEP,2763,49740.543842,360.87214633190445,0.0,false
MODBEALE,20000,0,UNIF_SAR1_PH0_ATR0_SQP_EXPONENTIAL,true,false,false,SMALL_STEP,3403,65927.039005,265.101526289976,0.0,false
MODBEALE,20000,0,UNIF_SAR1_PH0_ATR0_SQP_QUASI_NEWTON,true,false,false,SMALL_STEP,1469,27086.376355999997,36.265187714243616,0.0,false
MOREBV,5000,0,UNIF_SAR1_PH0_ATR0_SQP_IDENTITY,true,false,false,KKT_OK,0,0.249095,1.0395423971692418e-11,0.0,false
MOREBV,5000,0,UNIF_SAR1_PH0_ATR0_SQP_SPECTRAL,true,false,false,KKT_OK,0,0.17029,1.0395423971692418e-11,0.0,false
MOREBV,5000,0,UNIF_SAR1_PH0_ATR0_SQP_RECIPROCAL,true,false,false,KKT_OK,0,0.206918,1.0395423971692418e-11,0.0,false
MOREBV,5000,0,UNIF_SAR1_PH0_ATR0_SQP_EXPONENTIAL,true,false,false,KKT_OK,0,0.191197,1.0395423971692418e-11,0.0,false
MOREBV,5000,0,UNIF_SAR1_PH0_ATR0_SQP_QUASI_NEWTON,true,false,false,KKT_OK,0,0.192096,1.0395423971692418e-11,0.0,false
MSQRTALS,1024,0,UNIF_SAR1_PH0_ATR0_SQP_IDENTITY,true,false,false,SMALL_STEP,611,513.1487089999999,0.13140515506781345,0.0,false
MSQRTALS,1024,0,UNIF_SAR1_PH0_ATR0_SQP_SPECTRAL,true,false,false,SMALL_STEP,138,100.682513,0.06417039985764483,0.0,false
MSQRTALS,1024,0,UNIF_SAR1_PH0_ATR0_SQP_RECIPROCAL,true,false,false,SMALL_STEP,536,742.610799,0.13103910572119684,0.0,false
MSQRTALS,1024,0,UNIF_SAR1_PH0_ATR0_SQP_EXPONENTIAL,true,false,false,SMALL_STEP,664,895.49688,0.12674520208986106,0.0,false
MSQRTALS,1024,0,UNIF_SAR1_PH0_ATR0_SQP_QUASI_NEWTON,true,false,false,SMALL_STEP,1046,1284.227042,0.024803906296691262,0.0,false
MSQRTBLS,1024,0,UNIF_SAR1_PH0_ATR0_SQP_IDENTITY,true,false,false,SMALL_STEP,537,448.70847200000003,0.11702592483602359,0.0,false
MSQRTBLS,1024,0,UNIF_SAR1_PH0_ATR0_SQP_SPECTRAL,true,false,false,SMALL_STEP,149,359.89626699999997,0.08559148817451134,0.0,false
MSQRTBLS,1024,0,UNIF_SAR1_PH0_ATR0_SQP_RECIPROCAL,true,false,false,SMALL_STEP,544,578.898903,0.13130819855309836,0.0,false
MSQRTBLS,1024,0,UNIF_SAR1_PH0_ATR0_SQP_EXPONENTIAL,true,false,false,SMALL_STEP,651,877.997116,0.11854080479597551,0.0,false
MSQRTBLS,1024,0,UNIF_SAR1_PH0_ATR0_SQP_QUASI_NEWTON,true,false,false,SMALL_STEP,1079,1321.338369,0.02571704611953602,0.0,false
MUONSINELS,1,0,UNIF_SAR1_PH0_ATR0_SQP_IDENTITY,true,false,false,SMALL_STEP,20,0.71039,43874.11692260306,0.0,false
MUONSINELS,1,0,UNIF_SAR1_PH0_ATR0_SQP_SPECTRAL,true,false,false,SMALL_STEP,18,0.6163609999999999,43874.1169196049,0.0,false
MUONSINELS,1,0,UNIF_SAR1_PH0_ATR0_SQP_RECIPROCAL,true,false,false,SMALL_STEP,20,0.905915,43874.11692260267,0.0,false
MUONSINELS,1,0,UNIF_SAR1_PH0_ATR0_SQP_EXPONENTIAL,true,false,false,SMALL_STEP,25,1.433052,43874.116923652866,0.0,false
MUONSINELS,1,0,UNIF_SAR1_PH0_ATR0_SQP_QUASI_NEWTON,true,false,false,KKT_OK,10,0.482406,43874.11691951923,0.0,false
NCB20,5010,0,UNIF_SAR1_PH0_ATR0_SQP_IDENTITY,true,false,false,SMALL_STEP,4330,17715.482346,-1466.4640420920398,0.0,false
NCB20,5010,0,UNIF_SAR1_PH0_ATR0_SQP_SPECTRAL,true,false,false,SMALL_STEP,456,1849.316741,-1470.5432943180897,0.0,false
NCB20,5010,0,UNIF_SAR1_PH0_ATR0_SQP_RECIPROCAL,true,false,false,MAX_IT,5000,22339.770481,-1479.800422968332,0.0,false
NCB20,5010,0,UNIF_SAR1_PH0_ATR0_SQP_EXPONENTIAL,true,false,false,SMALL_STEP,4559,25281.116013,-1477.7627820727976,0.0,false
NCB20,5010,0,UNIF_SAR1_PH0_ATR0_SQP_QUASI_NEWTON,true,false,false,SMALL_STEP,1306,6364.293574,-1457.214485280355,0.0,false
NCB20B,5000,0,UNIF_SAR1_PH0_ATR0_SQP_IDENTITY,true,false,false,SMALL_STEP,32,125.58883100000001,7351.3049324463955,0.0,false
NCB20B,5000,0,UNIF_SAR1_PH0_ATR0_SQP_SPECTRAL,true,false,false,SMALL_STEP,52,169.117345,7351.301913270303,0.0,false
NCB20B,5000,0,UNIF_SAR1_PH0_ATR0_SQP_RECIPROCAL,true,false,false,SMALL_STEP,251,1156.601731,7351.39041475177,0.0,false
NCB20B,5000,0,UNIF_SAR1_PH0_ATR0_SQP_EXPONENTIAL,true,false,false,SMALL_STEP,130,568.60168,7351.403213416419,0.0,false
NCB20B,5000,0,UNIF_SAR1_PH0_ATR0_SQP_QUASI_NEWTON,true,false,false,SMALL_STEP,60,251.10702899999998,7351.303876147607,0.0,false
NCVXBQP1,10000,0,UNIF_SAR1_PH0_ATR0_SQP_IDENTITY,true,false,false,SMALL_STEP,15,89.191163,-1.985543845659e10,0.0,false
NCVXBQP1,10000,0,UNIF_SAR1_PH0_ATR0_SQP_SPECTRAL,true,false,false,SMALL_STEP,15,87.31217,-1.985543845659e10,0.0,false
NCVXBQP1,10000,0,UNIF_SAR1_PH0_ATR0_SQP_RECIPROCAL,true,false,false,KKT_OK,16,94.065557,-1.985543845659e10,0.0,false
NCVXBQP1,10000,0,UNIF_SAR1_PH0_ATR0_SQP_EXPONENTIAL,true,false,false,KKT_OK,16,91.024762,-1.985543845659e10,0.0,false
NCVXBQP1,10000,0,UNIF_SAR1_PH0_ATR0_SQP_QUASI_NEWTON,true,false,false,SMALL_STEP,16,91.98179300000001,-1.985543845659e10,0.0,false
NCVXBQP2,10000,0,UNIF_SAR1_PH0_ATR0_SQP_IDENTITY,true,false,false,SMALL_STEP,181,1417.2907519999999,-1.3340226132945621e10,0.0,false
NCVXBQP2,10000,0,UNIF_SAR1_PH0_ATR0_SQP_SPECTRAL,true,false,false,SMALL_STEP,254,1686.820074,-1.3340226132943811e10,0.0,false
NCVXBQP2,10000,0,UNIF_SAR1_PH0_ATR0_SQP_RECIPROCAL,true,false,false,SMALL_STEP,318,2531.124077,-1.3340154164237762e10,0.0,false
NCVXBQP2,10000,0,UNIF_SAR1_PH0_ATR0_SQP_EXPONENTIAL,true,false,false,SMALL_STEP,128,1042.143558,-1.3340226132945068e10,0.0,false
NCVXBQP2,10000,0,UNIF_SAR1_PH0_ATR0_SQP_QUASI_NEWTON,true,false,false,KKT_OK,35,238.11670700000002,-1.3340221429976946e10,0.0,false
NCVXBQP3,10000,0,UNIF_SAR1_PH0_ATR0_SQP_IDENTITY,true,false,false,SMALL_STEP,647,5687.544358,-6.559425697317685e9,0.0,false
NCVXBQP3,10000,0,UNIF_SAR1_PH0_ATR0_SQP_SPECTRAL,true,false,false,SMALL_STEP,532,3497.117731,-6.559425697387987e9,0.0,false
NCVXBQP3,10000,0,UNIF_SAR1_PH0_ATR0_SQP_RECIPROCAL,true,false,false,SMALL_STEP,1313,10998.7899,-6.558466498495941e9,0.0,false
NCVXBQP3,10000,0,UNIF_SAR1_PH0_ATR0_SQP_EXPONENTIAL,true,false,false,SMALL_STEP,652,5370.502001,-6.559119490913639e9,0.0,false
NCVXBQP3,10000,0,UNIF_SAR1_PH0_ATR0_SQP_QUASI_NEWTON,true,false,false,MAX_IT,5000,45744.369845,-6.559248000424068e9,0.0,false
NELSONLS,3,0,UNIF_SAR1_PH0_ATR0_SQP_IDENTITY,true,false,false,SMALL_STEP,10,0.34990699999999997,60.35297089106728,0.0,false
NELSONLS,3,0,UNIF_SAR1_PH0_ATR0_SQP_SPECTRAL,true,false,false,SMALL_STEP,10,0.27504,60.35297089105312,0.0,false
NELSONLS,3,0,UNIF_SAR1_PH0_ATR0_SQP_RECIPROCAL,true,false,false,SMALL_STEP,10,0.290562,60.35297089154905,0.0,false
NELSONLS,3,0,UNIF_SAR1_PH0_ATR0_SQP_EXPONENTIAL,true,false,false,SMALL_STEP,10,0.315166,60.352970876932226,0.0,false
NELSONLS,3,0,UNIF_SAR1_PH0_ATR0_SQP_QUASI_NEWTON,true,false,false,SMALL_STEP,15,0.43790700000000005,59.44750893737288,0.0,false
NLMSURF,5625,0,UNIF_SAR1_PH0_ATR0_SQP_IDENTITY,true,false,false,MAX_IT,5000,20486.595315,46.48535208760394,0.0,false
NLMSURF,5625,0,UNIF_SAR1_PH0_ATR0_SQP_SPECTRAL,true,false,false,KKT_OK,2604,9382.152922,48.26070542407042,0.0,false
NLMSURF,5625,0,UNIF_SAR1_PH0_ATR0_SQP_RECIPROCAL,true,false,false,MAX_IT,5000,22107.023606,43.64642990348905,0.0,false
NLMSURF,5625,0,UNIF_SAR1_PH0_ATR0_SQP_EXPONENTIAL,true,false,false,MAX_IT,5000,25140.131888,43.779630955243064,0.0,false
NLMSURF,5625,0,UNIF_SAR1_PH0_ATR0_SQP_QUASI_NEWTON,true,false,false,MAX_IT,5000,23792.374958,41.89435156998573,0.0,false
NOBNDTOR,5476,0,UNIF_SAR1_PH0_ATR0_SQP_IDENTITY,true,false,false,SMALL_STEP,250,1042.9426310000001,-0.44022134553492365,0.0,false
NOBNDTOR,5476,0,UNIF_SAR1_PH0_ATR0_SQP_SPECTRAL,true,false,false,KKT_OK,56,454.866085,-0.4403004223917981,0.0,false
NOBNDTOR,5476,0,UNIF_SAR1_PH0_ATR0_SQP_RECIPROCAL,true,false,false,SMALL_STEP,238,841.596652,-0.4393709487474596,0.0,false
NOBNDTOR,5476,0,UNIF_SAR1_PH0_ATR0_SQP_EXPONENTIAL,true,false,false,SMALL_STEP,236,1122.1622,-0.4387299120472443,0.0,false
NOBNDTOR,5476,0,UNIF_SAR1_PH0_ATR0_SQP_QUASI_NEWTON,true,false,false,MAX_IT,5000,32639.175044,185.79909049865617,0.0,false
NONCVXU2,5000,0,UNIF_SAR1_PH0_ATR0_SQP_IDENTITY,true,false,false,MAX_IT,5000,22513.159675,729285.2998781055,0.0,false
NONCVXU2,5000,0,UNIF_SAR1_PH0_ATR0_SQP_SPECTRAL,true,false,false,MAX_IT,5000,22207.014655,761964.731065074,0.0,false
NONCVXU2,5000,0,UNIF_SAR1_PH0_ATR0_SQP_RECIPROCAL,true,false,false,MAX_IT,5000,23800.952288,724456.2591922062,0.0,false
NONCVXU2,5000,0,UNIF_SAR1_PH0_ATR0_SQP_EXPONENTIAL,true,false,false,MAX_IT,5000,26100.204321,952528.7024484468,0.0,false
NONCVXU2,5000,0,UNIF_SAR1_PH0_ATR0_SQP_QUASI_NEWTON,true,false,false,MAX_IT,5000,24100.119094,509161.3231596781,0.0,false
NONCVXUN,5000,0,UNIF_SAR1_PH0_ATR0_SQP_IDENTITY,true,false,false,MAX_IT,5000,22659.596937,584350.9622394269,0.0,false
NONCVXUN,5000,0,UNIF_SAR1_PH0_ATR0_SQP_SPECTRAL,true,false,false,MAX_IT,5000,22216.984047,653344.866053502,0.0,false
NONCVXUN,5000,0,UNIF_SAR1_PH0_ATR0_SQP_RECIPROCAL,true,false,false,MAX_IT,5000,24176.230205,593335.8506208285,0.0,false
NONCVXUN,5000,0,UNIF_SAR1_PH0_ATR0_SQP_EXPONENTIAL,true,false,false,MAX_IT,5000,26560.059398,732887.1666479625,0.0,false
NONCVXUN,5000,0,UNIF_SAR1_PH0_ATR0_SQP_QUASI_NEWTON,true,false,false,MAX_IT,5000,24753.889011,332087.85687503405,0.0,false
NONDIA,5000,0,UNIF_SAR1_PH0_ATR0_SQP_IDENTITY,true,false,false,SMALL_STEP,15,221.723177,1.0000000000000013,0.0,false
NONDIA,5000,0,UNIF_SAR1_PH0_ATR0_SQP_SPECTRAL,true,false,false,SMALL_STEP,21,64.763664,6.144444373071412,0.0,false
NONDIA,5000,0,UNIF_SAR1_PH0_ATR0_SQP_RECIPROCAL,true,false,false,SMALL_STEP,23,67.466371,5.95483881617516,0.0,false
NONDIA,5000,0,UNIF_SAR1_PH0_ATR0_SQP_EXPONENTIAL,true,false,false,SMALL_STEP,20,65.027238,1.0055837722504561,0.0,false
NONDIA,5000,0,UNIF_SAR1_PH0_ATR0_SQP_QUASI_NEWTON,true,false,false,SMALL_STEP,17,48.512593,1.8562786785940244,0.0,false
NONDQUAR,5000,0,UNIF_SAR1_PH0_ATR0_SQP_IDENTITY,true,false,false,KKT_OK,662,1900.824162,0.0005259153542737625,0.0,false
NONDQUAR,5000,0,UNIF_SAR1_PH0_ATR0_SQP_SPECTRAL,true,false,false,KKT_OK,279,808.314744,0.0025459887064701197,0.0,false
NONDQUAR,5000,0,UNIF_SAR1_PH0_ATR0_SQP_RECIPROCAL,true,false,false,KKT_OK,531,1668.0633380000002,0.0002765707729630795,0.0,false
NONDQUAR,5000,0,UNIF_SAR1_PH0_ATR0_SQP_EXPONENTIAL,true,false,false,KKT_OK,444,1449.962884,0.00039128827410781603,0.0,false
NONDQUAR,5000,0,UNIF_SAR1_PH0_ATR0_SQP_QUASI_NEWTON,true,false,false,KKT_OK,422,1318.5013940000001,0.00025571931263246696,0.0,false
NONMSQRT,4900,0,UNIF_SAR1_PH0_ATR0_SQP_IDENTITY,true,false,false,SMALL_STEP,4681,28398.087494,1594.3266634564839,0.0,false
NONMSQRT,4900,0,UNIF_SAR1_PH0_ATR0_SQP_SPECTRAL,true,false,false,MAX_IT,5000,29878.720949000002,1144.0757129353929,0.0,false
NONMSQRT,4900,0,UNIF_SAR1_PH0_ATR0_SQP_RECIPROCAL,true,false,false,SMALL_STEP,4647,37800.880532,1595.5586192432363,0.0,false
NONMSQRT,4900,0,UNIF_SAR1_PH0_ATR0_SQP_EXPONENTIAL,true,false,false,MAX_IT,5000,50275.014686,1571.1752591970264,0.0,false
NONMSQRT,4900,0,UNIF_SAR1_PH0_ATR0_SQP_QUASI_NEWTON,true,false,false,SMALL_STEP,4462,36755.883115000004,1161.1180936643289,0.0,false
NONSCOMP,5000,0,UNIF_SAR1_PH0_ATR0_SQP_IDENTITY,true,false,false,SMALL_STEP,34,110.554109,0.2705301634583258,0.0,false
NONSCOMP,5000,0,UNIF_SAR1_PH0_ATR0_SQP_SPECTRAL,true,false,false,SMALL_STEP,36,103.814117,1.1551712725668393e-6,0.0,false
NONSCOMP,5000,0,UNIF_SAR1_PH0_ATR0_SQP_RECIPROCAL,true,false,false,SMALL_STEP,38,110.803651,0.04325308001746612,0.0,false
NONSCOMP,5000,0,UNIF_SAR1_PH0_ATR0_SQP_EXPONENTIAL,true,false,false,SMALL_STEP,1600,5962.83329,0.16920275068744764,0.0,false
NONSCOMP,5000,0,UNIF_SAR1_PH0_ATR0_SQP_QUASI_NEWTON,true,false,false,MAX_IT,5000,60644.463534,15618.408078679216,0.0,false
OBSTCLAE,10000,0,UNIF_SAR1_PH0_ATR0_SQP_IDENTITY,true,false,false,SMALL_STEP,1971,16001.451955,1.8940738221892537,0.0,false
OBSTCLAE,10000,0,UNIF_SAR1_PH0_ATR0_SQP_SPECTRAL,true,false,false,KKT_OK,379,2629.7953230000003,1.9565258050667733,0.0,false
OBSTCLAE,10000,0,UNIF_SAR1_PH0_ATR0_SQP_RECIPROCAL,true,false,false,SMALL_STEP,3346,25305.785180000003,1.8955197832913242,0.0,false
OBSTCLAE,10000,0,UNIF_SAR1_PH0_ATR0_SQP_EXPONENTIAL,true,false,false,SMALL_STEP,3399,32425.258006999997,1.8943103483642922,0.0,false
OBSTCLAE,10000,0,UNIF_SAR1_PH0_ATR0_SQP_QUASI_NEWTON,true,false,false,SMALL_STEP,2322,23845.479013,1.8902653912409726,0.0,false
OBSTCLAL,10000,0,UNIF_SAR1_PH0_ATR0_SQP_IDENTITY,true,false,false,SMALL_STEP,347,2906.567329,1.8918161849728823,0.0,false
OBSTCLAL,10000,0,UNIF_SAR1_PH0_ATR0_SQP_SPECTRAL,true,false,false,KKT_OK,58,486.684389,1.896631969200158,0.0,false
OBSTCLAL,10000,0,UNIF_SAR1_PH0_ATR0_SQP_RECIPROCAL,true,false,false,SMALL_STEP,345,2986.5652219999997,1.8924744680999628,0.0,false
OBSTCLAL,10000,0,UNIF_SAR1_PH0_ATR0_SQP_EXPONENTIAL,true,false,false,SMALL_STEP,371,3535.346939,1.892428750928521,0.0,false
OBSTCLAL,10000,0,UNIF_SAR1_PH0_ATR0_SQP_QUASI_NEWTON,true,false,false,MAX_IT,5000,75410.55626000001,19.268240545573587,0.0,false
OBSTCLBL,10000,0,UNIF_SAR1_PH0_ATR0_SQP_IDENTITY,true,false,false,SMALL_STEP,1133,10513.977211,7.291883702082113,0.0,false
OBSTCLBL,10000,0,UNIF_SAR1_PH0_ATR0_SQP_SPECTRAL,true,false,false,KKT_OK,144,1315.0629549999999,7.295281303316678,0.0,false
OBSTCLBL,10000,0,UNIF_SAR1_PH0_ATR0_SQP_RECIPROCAL,true,false,false,MAX_IT,5000,57672.212789,1091.3031685376156,0.0,false
OBSTCLBL,10000,0,UNIF_SAR1_PH0_ATR0_SQP_EXPONENTIAL,true,false,false,SMALL_STEP,1168,12743.785133,7.290927214728399,0.0,false
OBSTCLBL,10000,0,UNIF_SAR1_PH0_ATR0_SQP_QUASI_NEWTON,true,false,false,MAX_IT,5000,64360.610936,50.61139993683325,0.0,false
OBSTCLBM,10000,0,UNIF_SAR1_PH0_ATR0_SQP_IDENTITY,true,false,false,SMALL_STEP,150,1304.1637859999998,7.280041516223594,0.0,false
OBSTCLBM,10000,0,UNIF_SAR1_PH0_ATR0_SQP_SPECTRAL,true,false,false,KKT_OK,32,248.23658700000001,7.2832895919785665,0.0,false
OBSTCLBM,10000,0,UNIF_SAR1_PH0_ATR0_SQP_RECIPROCAL,true,false,false,SMALL_STEP,117,1135.1014850000001,7.2828905887504956,0.0,false
OBSTCLBM,10000,0,UNIF_SAR1_PH0_ATR0_SQP_EXPONENTIAL,true,false,false,SMALL_STEP,124,1064.191147,7.282922683908707,0.0,false
OBSTCLBM,10000,0,UNIF_SAR1_PH0_ATR0_SQP_QUASI_NEWTON,true,false,false,MAX_IT,5000,63020.160137,30.218027376715124,0.0,false
OBSTCLBU,10000,0,UNIF_SAR1_PH0_ATR0_SQP_IDENTITY,true,false,false,SMALL_STEP,955,8662.672965,7.288063351373866,0.0,false
OBSTCLBU,10000,0,UNIF_SAR1_PH0_ATR0_SQP_SPECTRAL,true,false,false,KKT_OK,142,1338.645493,7.296644438567178,0.0,false
OBSTCLBU,10000,0,UNIF_SAR1_PH0_ATR0_SQP_RECIPROCAL,true,false,false,SMALL_STEP,944,8273.798094,7.288393034268683,0.0,false
OBSTCLBU,10000,0,UNIF_SAR1_PH0_ATR0_SQP_EXPONENTIAL,true,false,false,SMALL_STEP,933,9114.843337,7.2909478589002505,0.0,false
OBSTCLBU,10000,0,UNIF_SAR1_PH0_ATR0_SQP_QUASI_NEWTON,true,false,false,MAX_IT,5000,64162.171661,21.879925831269137,0.0,false
ODC,5184,0,UNIF_SAR1_PH0_ATR0_SQP_IDENTITY,true,false,false,SMALL_STEP,26,81.48798000000001,-0.004849111955253824,0.0,false
ODC,5184,0,UNIF_SAR1_PH0_ATR0_SQP_SPECTRAL,true,false,false,KKT_OK,8,53.305806999999994,-0.001696743747183957,0.0,false
ODC,5184,0,UNIF_SAR1_PH0_ATR0_SQP_RECIPROCAL,true,false,false,SMALL_STEP,24,220.111456,-0.0034359933743117336,0.0,false
ODC,5184,0,UNIF_SAR1_PH0_ATR0_SQP_EXPONENTIAL,true,false,false,SMALL_STEP,34,111.78107,-0.0038780121486245954,0.0,false
ODC,5184,0,UNIF_SAR1_PH0_ATR0_SQP_QUASI_NEWTON,true,false,false,KKT_OK,41,132.03664500000002,-0.0077114107365397,0.0,false
ODNAMUR,11130,0,UNIF_SAR1_PH0_ATR0_SQP_IDENTITY,true,false,false,MAX_IT,5000,59199.791806,10400.012497986841,0.0,false
ODNAMUR,11130,0,UNIF_SAR1_PH0_ATR0_SQP_SPECTRAL,true,false,false,MAX_IT,5000,65746.437222,14318.278272372703,0.0,false
ODNAMUR,11130,0,UNIF_SAR1_PH0_ATR0_SQP_RECIPROCAL,true,false,false,MAX_IT,5000,72512.38039199999,10444.461580525569,0.0,false
ODNAMUR,11130,0,UNIF_SAR1_PH0_ATR0_SQP_EXPONENTIAL,true,false,false,MAX_IT,5000,72204.990138,10462.05981881258,0.0,false
ODNAMUR,11130,0,UNIF_SAR1_PH0_ATR0_SQP_QUASI_NEWTON,true,false,false,MAX_IT,5000,78769.819649,9460.170475789779,0.0,false
OSBORNEA,5,0,UNIF_SAR1_PH0_ATR0_SQP_IDENTITY,true,false,false,SMALL_STEP,122,3.52511,0.07132796370721152,0.0,false
OSBORNEA,5,0,UNIF_SAR1_PH0_ATR0_SQP_SPECTRAL,true,false,false,SMALL_STEP,511,13.880785,0.03475220887340647,0.0,false
OSBORNEA,5,0,UNIF_SAR1_PH0_ATR0_SQP_RECIPROCAL,true,false,false,SMALL_STEP,145,10.972629,0.06385844355930288,0.0,false
OSBORNEA,5,0,UNIF_SAR1_PH0_ATR0_SQP_EXPONENTIAL,true,false,false,SMALL_STEP,111,3.4407650000000003,0.07201814144158467,0.0,false
OSBORNEA,5,0,UNIF_SAR1_PH0_ATR0_SQP_QUASI_NEWTON,true,false,false,SMALL_STEP,28,0.826831,0.0058086735406840525,0.0,false
OSBORNEB,11,0,UNIF_SAR1_PH0_ATR0_SQP_IDENTITY,true,false,false,MAX_IT,5000,204.018587,0.1092089610825488,0.0,false
OSBORNEB,11,0,UNIF_SAR1_PH0_ATR0_SQP_SPECTRAL,true,false,false,SMALL_STEP,545,17.439709,0.041371355764840745,0.0,false
OSBORNEB,11,0,UNIF_SAR1_PH0_ATR0_SQP_RECIPROCAL,true,false,false,MAX_IT,5000,224.91439599999998,0.11923778301533765,0.0,false
OSBORNEB,11,0,UNIF_SAR1_PH0_ATR0_SQP_EXPONENTIAL,true,false,false,MAX_IT,5000,251.878978,0.0430717441309791,0.0,false
OSBORNEB,11,0,UNIF_SAR1_PH0_ATR0_SQP_QUASI_NEWTON,true,false,false,SMALL_STEP,706,34.926031,0.04028143836781292,0.0,false
OSCIGRAD,100000,0,UNIF_SAR1_PH0_ATR0_SQP_IDENTITY,true,false,false,SMALL_STEP,75,20361.709755,5375.3443295509815,0.0,false
OSCIGRAD,100000,0,UNIF_SAR1_PH0_ATR0_SQP_SPECTRAL,true,false,false,SMALL_STEP,74,19981.452962,5083.120476293802,0.0,false
OSCIGRAD,100000,0,UNIF_SAR1_PH0_ATR0_SQP_RECIPROCAL,true,false,false,SMALL_STEP,73,19208.88216,6135.421506799913,0.0,false
OSCIGRAD,100000,0,UNIF_SAR1_PH0_ATR0_SQP_EXPONENTIAL,true,false,false,SMALL_STEP,134,36467.123485000004,44077.1445651514,0.0,false
OSCIGRAD,100000,0,UNIF_SAR1_PH0_ATR0_SQP_QUASI_NEWTON,true,false,false,SMALL_STEP,68,18831.906001,1667.7013348632634,0.0,false
OSCIPATH,500,0,UNIF_SAR1_PH0_ATR0_SQP_IDENTITY,true,false,false,SMALL_STEP,8,1.974759,0.9999676204604637,0.0,false
OSCIPATH,500,0,UNIF_SAR1_PH0_ATR0_SQP_SPECTRAL,true,false,false,SMALL_STEP,8,1.928047,0.9999692872739658,0.0,false
OSCIPATH,500,0,UNIF_SAR1_PH0_ATR0_SQP_RECIPROCAL,true,false,false,SMALL_STEP,8,1.946749,0.9999676204605593,0.0,false
OSCIPATH,500,0,UNIF_SAR1_PH0_ATR0_SQP_EXPONENTIAL,true,false,false,SMALL_STEP,8,1.9704829999999998,0.9999676204605593,0.0,false
OSCIPATH,500,0,UNIF_SAR1_PH0_ATR0_SQP_QUASI_NEWTON,true,false,false,SMALL_STEP,8,1.988564,0.9999676215231194,0.0,false
OSLBQP,8,0,UNIF_SAR1_PH0_ATR0_SQP_IDENTITY,true,false,false,KKT_OK,21,0.622649,6.250000076495983,0.0,false
OSLBQP,8,0,UNIF_SAR1_PH0_ATR0_SQP_SPECTRAL,true,false,false,KKT_OK,6,0.180133,6.250000000000447,0.0,false
OSLBQP,8,0,UNIF_SAR1_PH0_ATR0_SQP_RECIPROCAL,true,false,false,KKT_OK,21,0.6336970000000001,6.25000005551273,0.0,false
OSLBQP,8,0,UNIF_SAR1_PH0_ATR0_SQP_EXPONENTIAL,true,false,false,KKT_OK,14,0.428843,6.25000019807692,0.0,false
OSLBQP,8,0,UNIF_SAR1_PH0_ATR0_SQP_QUASI_NEWTON,true,false,false,KKT_OK,6,0.18021,6.250000000000733,0.0,false
PALMER1,4,0,UNIF_SAR1_PH0_ATR0_SQP_IDENTITY,true,false,false,MAX_IT,5000,144.449425,22695.842448515912,0.0,false
PALMER1,4,0,UNIF_SAR1_PH0_ATR0_SQP_SPECTRAL,true,false,false,MAX_IT,5000,141.908716,22695.842787009817,0.0,false
PALMER1,4,0,UNIF_SAR1_PH0_ATR0_SQP_RECIPROCAL,true,false,false,MAX_IT,5000,151.45565299999998,22958.09634858192,0.0,false
PALMER1,4,0,UNIF_SAR1_PH0_ATR0_SQP_EXPONENTIAL,true,false,false,MAX_IT,5000,153.876654,22806.227986004375,0.0,false
PALMER1,4,0,UNIF_SAR1_PH0_ATR0_SQP_QUASI_NEWTON,true,false,false,SMALL_STEP,106,2.93677,11754.602547562628,0.0,false
PALMER1A,6,0,UNIF_SAR1_PH0_ATR0_SQP_IDENTITY,true,false,false,SMALL_STEP,259,7.088363999999999,17854.00248171066,0.0,false
PALMER1A,6,0,UNIF_SAR1_PH0_ATR0_SQP_SPECTRAL,true,false,false,MAX_IT,5000,156.387349,16123.461096006591,0.0,false
PALMER1A,6,0,UNIF_SAR1_PH0_ATR0_SQP_RECIPROCAL,true,false,false,SMALL_STEP,259,10.661681,17854.00248067999,0.0,false
PALMER1A,6,0,UNIF_SAR1_PH0_ATR0_SQP_EXPONENTIAL,true,false,false,SMALL_STEP,494,14.382757,17687.484566715815,0.0,false
PALMER1A,6,0,UNIF_SAR1_PH0_ATR0_SQP_QUASI_NEWTON,true,false,false,MAX_IT,5000,160.223956,210.65256916433998,0.0,false
PALMER1B,4,0,UNIF_SAR1_PH0_ATR0_SQP_IDENTITY,true,false,false,MAX_IT,5000,149.02487,19526.227417534144,0.0,false
PALMER1B,4,0,UNIF_SAR1_PH0_ATR0_SQP_SPECTRAL,true,false,false,MAX_IT,5000,153.12904899999998,21322.305972102757,0.0,false
PALMER1B,4,0,UNIF_SAR1_PH0_ATR0_SQP_RECIPROCAL,true,false,false,MAX_IT,5000,154.10950400000002,19591.49326461231,0.0,false
PALMER1B,4,0,UNIF_SAR1_PH0_ATR0_SQP_EXPONENTIAL,true,false,false,MAX_IT,5000,164.121671,19548.48856946567,0.0,false
PALMER1B,4,0,UNIF_SAR1_PH0_ATR0_SQP_QUASI_NEWTON,true,false,false,SMALL_STEP,2796,87.003495,22.439355420630342,0.0,false
PALMER1C,8,0,UNIF_SAR1_PH0_ATR0_SQP_IDENTITY,true,false,false,SMALL_STEP,620,20.181099,40249.82816788888,0.0,false
PALMER1C,8,0,UNIF_SAR1_PH0_ATR0_SQP_SPECTRAL,true,false,false,SMALL_STEP,620,20.941721,40249.24089205269,0.0,false
PALMER1C,8,0,UNIF_SAR1_PH0_ATR0_SQP_RECIPROCAL,true,false,false,SMALL_STEP,612,17.469697999999998,40271.836144036584,0.0,false
PALMER1C,8,0,UNIF_SAR1_PH0_ATR0_SQP_EXPONENTIAL,true,false,false,SMALL_STEP,1116,39.30229,39986.63950916593,0.0,false
PALMER1C,8,0,UNIF_SAR1_PH0_ATR0_SQP_QUASI_NEWTON,true,false,false,SMALL_STEP,538,15.923186999999999,40323.60904250703,0.0,false
PALMER1D,7,0,UNIF_SAR1_PH0_ATR0_SQP_IDENTITY,true,false,false,SMALL_STEP,821,26.169286,39677.067397733525,0.0,false
PALMER1D,7,0,UNIF_SAR1_PH0_ATR0_SQP_SPECTRAL,true,false,false,SMALL_STEP,778,25.138429,39699.35266678478,0.0,false
PALMER1D,7,0,UNIF_SAR1_PH0_ATR0_SQP_RECIPROCAL,true,false,false,SMALL_STEP,808,26.317359,39646.107425931026,0.0,false
PALMER1D,7,0,UNIF_SAR1_PH0_ATR0_SQP_EXPONENTIAL,true,false,false,SMALL_STEP,1120,37.717973,39640.088835364186,0.0,false
PALMER1D,7,0,UNIF_SAR1_PH0_ATR0_SQP_QUASI_NEWTON,true,false,false,SMALL_STEP,4537,151.71132400000002,4551.147951937501,0.0,false
PALMER1E,8,0,UNIF_SAR1_PH0_ATR0_SQP_IDENTITY,true,false,false,MAX_IT,5000,161.205372,29833.73060704326,0.0,false
PALMER1E,8,0,UNIF_SAR1_PH0_ATR0_SQP_SPECTRAL,true,false,false,MAX_IT,5000,215.967354,717663.570341114,0.0,false
PALMER1E,8,0,UNIF_SAR1_PH0_ATR0_SQP_RECIPROCAL,true,false,false,MAX_IT,5000,170.920302,29385.298756954653,0.0,false
PALMER1E,8,0,UNIF_SAR1_PH0_ATR0_SQP_EXPONENTIAL,true,false,false,MAX_IT,5000,190.854424,28944.57843968269,0.0,false
PALMER1E,8,0,UNIF_SAR1_PH0_ATR0_SQP_QUASI_NEWTON,true,false,false,SMALL_STEP,4890,171.322079,26.834585703285068,0.0,false
PALMER2,4,0,UNIF_SAR1_PH0_ATR0_SQP_IDENTITY,true,false,false,KKT_OK,371,9.651473000000001,4581.166026029396,0.0,false
PALMER2,4,0,UNIF_SAR1_PH0_ATR0_SQP_SPECTRAL,true,false,false,MAX_IT,5000,147.642364,3773.7667007981468,0.0,false
PALMER2,4,0,UNIF_SAR1_PH0_ATR0_SQP_RECIPROCAL,true,false,false,SMALL_STEP,351,9.436976999999999,4581.166027151346,0.0,false
PALMER2,4,0,UNIF_SAR1_PH0_ATR0_SQP_EXPONENTIAL,true,false,false,SMALL_STEP,1117,34.314613,3695.8461200625984,0.0,false
PALMER2,4,0,UNIF_SAR1_PH0_ATR0_SQP_QUASI_NEWTON,true,false,false,SMALL_STEP,63,1.741827,3651.0975354891443,0.0,false
PALMER2A,6,0,UNIF_SAR1_PH0_ATR0_SQP_IDENTITY,true,false,false,MAX_IT,5000,153.29659900000001,66.182619705391,0.0,false
PALMER2A,6,0,UNIF_SAR1_PH0_ATR0_SQP_SPECTRAL,true,false,false,MAX_IT,5000,159.110431,66.92161006486585,0.0,false
PALMER2A,6,0,UNIF_SAR1_PH0_ATR0_SQP_RECIPROCAL,true,false,false,MAX_IT,5000,152.20968100000002,67.36433982953815,0.0,false
PALMER2A,6,0,UNIF_SAR1_PH0_ATR0_SQP_EXPONENTIAL,true,false,false,MAX_IT,5000,172.435316,67.8573766228104,0.0,false
PALMER2A,6,0,UNIF_SAR1_PH0_ATR0_SQP_QUASI_NEWTON,true,false,false,MAX_IT,5000,164.45141999999998,11.705386244872644,0.0,false
PALMER2B,4,0,UNIF_SAR1_PH0_ATR0_SQP_IDENTITY,true,false,false,MAX_IT,5000,146.924676,891.5488487974966,0.0,false
PALMER2B,4,0,UNIF_SAR1_PH0_ATR0_SQP_SPECTRAL,true,false,false,MAX_IT,5000,154.139907,1004.8735456586006,0.0,false
PALMER2B,4,0,UNIF_SAR1_PH0_ATR0_SQP_RECIPROCAL,true,false,false,MAX_IT,5000,327.737574,896.2808930485603,0.0,false
PALMER2B,4,0,UNIF_SAR1_PH0_ATR0_SQP_EXPONENTIAL,true,false,false,MAX_IT,5000,151.658941,960.6268723199419,0.0,false
PALMER2B,4,0,UNIF_SAR1_PH0_ATR0_SQP_QUASI_NEWTON,true,false,false,SMALL_STEP,3955,116.172192,0.7120958253693617,0.0,false
PALMER2C,8,0,UNIF_SAR1_PH0_ATR0_SQP_IDENTITY,true,false,false,SMALL_STEP,1003,29.815814,1494.320666726667,0.0,false
PALMER2C,8,0,UNIF_SAR1_PH0_ATR0_SQP_SPECTRAL,true,false,false,SMALL_STEP,1172,37.669239,1493.312248855339,0.0,false
PALMER2C,8,0,UNIF_SAR1_PH0_ATR0_SQP_RECIPROCAL,true,false,false,SMALL_STEP,1087,33.255091,1498.7865677522989,0.0,false
PALMER2C,8,0,UNIF_SAR1_PH0_ATR0_SQP_EXPONENTIAL,true,false,false,SMALL_STEP,1223,39.397022,1477.605901599811,0.0,false
PALMER2C,8,0,UNIF_SAR1_PH0_ATR0_SQP_QUASI_NEWTON,true,false,false,SMALL_STEP,417,14.985068,1416.1550426711406,0.0,false
PALMER2E,8,0,UNIF_SAR1_PH0_ATR0_SQP_IDENTITY,true,false,false,MAX_IT,5000,163.31328,436.2158428968984,0.0,false
PALMER2E,8,0,UNIF_SAR1_PH0_ATR0_SQP_SPECTRAL,true,false,false,MAX_IT,5000,173.024903,345.4580232526438,0.0,false
PALMER2E,8,0,UNIF_SAR1_PH0_ATR0_SQP_RECIPROCAL,true,false,false,MAX_IT,5000,168.655576,441.00454222202865,0.0,false
PALMER2E,8,0,UNIF_SAR1_PH0_ATR0_SQP_EXPONENTIAL,true,false,false,MAX_IT,5000,183.470666,259.62102498677405,0.0,false
PALMER2E,8,0,UNIF_SAR1_PH0_ATR0_SQP_QUASI_NEWTON,true,false,false,SMALL_STEP,1631,54.358676,1.2992285203655272,0.0,false
PALMER3,4,0,UNIF_SAR1_PH0_ATR0_SQP_IDENTITY,true,false,false,KKT_OK,105,2.8684000000000003,2416.9804575115395,0.0,false
PALMER3,4,0,UNIF_SAR1_PH0_ATR0_SQP_SPECTRAL,true,false,false,KKT_OK,48,1.329411,2416.9804763973807,0.0,false
PALMER3,4,0,UNIF_SAR1_PH0_ATR0_SQP_RECIPROCAL,true,false,false,SMALL_STEP,110,3.108276,2416.980397484298,0.0,false
PALMER3,4,0,UNIF_SAR1_PH0_ATR0_SQP_EXPONENTIAL,true,false,false,KKT_OK,65,1.9642700000000002,2416.980546701859,0.0,false
PALMER3,4,0,UNIF_SAR1_PH0_ATR0_SQP_QUASI_NEWTON,true,false,false,KKT_OK,37,1.051343,2416.9804407843344,0.0,false
PALMER3A,6,0,UNIF_SAR1_PH0_ATR0_SQP_IDENTITY,true,false,false,MAX_IT,5000,154.04202899999999,41.68518870412793,0.0,false
PALMER3A,6,0,UNIF_SAR1_PH0_ATR0_SQP_SPECTRAL,true,false,false,MAX_IT,5000,157.591284,35.31621781841977,0.0,false
PALMER3A,6,0,UNIF_SAR1_PH0_ATR0_SQP_RECIPROCAL,true,false,false,MAX_IT,5000,157.36814199999998,41.448647302235315,0.0,false
PALMER3A,6,0,UNIF_SAR1_PH0_ATR0_SQP_EXPONENTIAL,true,false,false,MAX_IT,5000,168.15824500000002,39.087692569401064,0.0,false
PALMER3A,6,0,UNIF_SAR1_PH0_ATR0_SQP_QUASI_NEWTON,true,false,false,MAX_IT,5000,165.65268899999998,2.065065740185763,0.0,false
PALMER3B,4,0,UNIF_SAR1_PH0_ATR0_SQP_IDENTITY,true,false,false,MAX_IT,5000,318.269613,386.81899038618246,0.0,false
PALMER3B,4,0,UNIF_SAR1_PH0_ATR0_SQP_SPECTRAL,true,false,false,MAX_IT,5000,148.046538,280.304821271796,0.0,false
PALMER3B,4,0,UNIF_SAR1_PH0_ATR0_SQP_RECIPROCAL,true,false,false,SMALL_STEP,24,0.7093400000000001,776.026436631405,0.0,false
PALMER3B,4,0,UNIF_SAR1_PH0_ATR0_SQP_EXPONENTIAL,true,false,false,MAX_IT,5000,153.669604,450.47654835447537,0.0,false
PALMER3B,4,0,UNIF_SAR1_PH0_ATR0_SQP_QUASI_NEWTON,true,false,false,SMALL_STEP,841,22.565651,4.231272366408208,0.0,false
PALMER3C,8,0,UNIF_SAR1_PH0_ATR0_SQP_IDENTITY,true,false,false,SMALL_STEP,1189,35.15943,353.21736512163216,0.0,false
PALMER3C,8,0,UNIF_SAR1_PH0_ATR0_SQP_SPECTRAL,true,false,false,SMALL_STEP,1191,35.705527000000004,348.66569239156576,0.0,false
PALMER3C,8,0,UNIF_SAR1_PH0_ATR0_SQP_RECIPROCAL,true,false,false,SMALL_STEP,1134,37.002606,354.67822922240634,0.0,false
PALMER3C,8,0,UNIF_SAR1_PH0_ATR0_SQP_EXPONENTIAL,true,false,false,SMALL_STEP,1040,33.830951999999996,334.9135717119321,0.0,false
PALMER3C,8,0,UNIF_SAR1_PH0_ATR0_SQP_QUASI_NEWTON,true,false,false,SMALL_STEP,400,11.527188,234.42041903671074,0.0,false
PALMER3E,8,0,UNIF_SAR1_PH0_ATR0_SQP_IDENTITY,true,false,false,MAX_IT,5000,162.90972000000002,83.57868590249016,0.0,false
PALMER3E,8,0,UNIF_SAR1_PH0_ATR0_SQP_SPECTRAL,true,false,false,MAX_IT,5000,168.94505600000002,80.72960853153292,0.0,false
PALMER3E,8,0,UNIF_SAR1_PH0_ATR0_SQP_RECIPROCAL,true,false,false,MAX_IT,5000,164.231719,83.05278983752395,0.0,false
PALMER3E,8,0,UNIF_SAR1_PH0_ATR0_SQP_EXPONENTIAL,true,false,false,MAX_IT,5000,180.821136,71.0823352295474,0.0,false
PALMER3E,8,0,UNIF_SAR1_PH0_ATR0_SQP_QUASI_NEWTON,true,false,false,SMALL_STEP,1186,40.143187,1.2893816114824055,0.0,false
PALMER4,4,0,UNIF_SAR1_PH0_ATR0_SQP_IDENTITY,true,false,false,SMALL_STEP,105,2.794515,2424.016587544046,0.0,false
PALMER4,4,0,UNIF_SAR1_PH0_ATR0_SQP_SPECTRAL,true,false,false,KKT_OK,40,1.0939770000000002,2424.0166390921413,0.0,false
PALMER4,4,0,UNIF_SAR1_PH0_ATR0_SQP_RECIPROCAL,true,false,false,SMALL_STEP,97,2.651466,2424.0165414462667,0.0,false
PALMER4,4,0,UNIF_SAR1_PH0_ATR0_SQP_EXPONENTIAL,true,false,false,KKT_OK,56,1.599264,2424.016758230848,0.0,false
PALMER4,4,0,UNIF_SAR1_PH0_ATR0_SQP_QUASI_NEWTON,true,false,false,KKT_OK,40,1.12495,2424.0165530065296,0.0,false
PALMER4A,6,0,UNIF_SAR1_PH0_ATR0_SQP_IDENTITY,true,false,false,MAX_IT,5000,150.704589,51.67701628211995,0.0,false
PALMER4A,6,0,UNIF_SAR1_PH0_ATR0_SQP_SPECTRAL,true,false,false,MAX_IT,5000,158.302082,44.34283722506673,0.0,false
PALMER4A,6,0,UNIF_SAR1_PH0_ATR0_SQP_RECIPROCAL,true,false,false,MAX_IT,5000,158.797251,51.03219950210245,0.0,false
PALMER4A,6,0,UNIF_SAR1_PH0_ATR0_SQP_EXPONENTIAL,true,false,false,MAX_IT,5000,168.33990400000002,56.25652957545551,0.0,false
PALMER4A,6,0,UNIF_SAR1_PH0_ATR0_SQP_QUASI_NEWTON,true,false,false,MAX_IT,5000,162.14693,2.0574232769860337,0.0,false
PALMER4B,4,0,UNIF_SAR1_PH0_ATR0_SQP_IDENTITY,true,false,false,MAX_IT,5000,322.24405,389.5181062017362,0.0,false
PALMER4B,4,0,UNIF_SAR1_PH0_ATR0_SQP_SPECTRAL,true,false,false,MAX_IT,5000,142.52912,306.85621169614024,0.0,false
PALMER4B,4,0,UNIF_SAR1_PH0_ATR0_SQP_RECIPROCAL,true,false,false,SMALL_STEP,24,0.7116549999999999,698.0459377341473,0.0,false
PALMER4B,4,0,UNIF_SAR1_PH0_ATR0_SQP_EXPONENTIAL,true,false,false,MAX_IT,5000,154.216542,408.24033026943005,0.0,false
PALMER4B,4,0,UNIF_SAR1_PH0_ATR0_SQP_QUASI_NEWTON,true,false,false,SMALL_STEP,730,22.454802,6.843672600531406,0.0,false
PALMER4C,8,0,UNIF_SAR1_PH0_ATR0_SQP_IDENTITY,true,false,false,SMALL_STEP,1198,35.608491,353.5972389812598,0.0,false
PALMER4C,8,0,UNIF_SAR1_PH0_ATR0_SQP_SPECTRAL,true,false,false,SMALL_STEP,1228,36.537822999999996,347.6732294096313,0.0,false
PALMER4C,8,0,UNIF_SAR1_PH0_ATR0_SQP_RECIPROCAL,true,false,false,SMALL_STEP,1229,39.66423,360.7968308200199,0.0,false
PALMER4C,8,0,UNIF_SAR1_PH0_ATR0_SQP_EXPONENTIAL,true,false,false,SMALL_STEP,1130,36.505472999999995,332.1113816069941,0.0,false
PALMER4C,8,0,UNIF_SAR1_PH0_ATR0_SQP_QUASI_NEWTON,true,false,false,SMALL_STEP,376,10.916926,265.06986326996736,0.0,false
PALMER4E,8,0,UNIF_SAR1_PH0_ATR0_SQP_IDENTITY,true,false,false,MAX_IT,5000,162.506937,86.84849796083016,0.0,false
PALMER4E,8,0,UNIF_SAR1_PH0_ATR0_SQP_SPECTRAL,true,false,false,MAX_IT,5000,163.855492,91.74557205476442,0.0,false
PALMER4E,8,0,UNIF_SAR1_PH0_ATR0_SQP_RECIPROCAL,true,false,false,MAX_IT,5000,165.447513,85.71688563133722,0.0,false
PALMER4E,8,0,UNIF_SAR1_PH0_ATR0_SQP_EXPONENTIAL,true,false,false,MAX_IT,5000,183.05913800000002,59.22675523548303,0.0,false
PALMER4E,8,0,UNIF_SAR1_PH0_ATR0_SQP_QUASI_NEWTON,true,false,false,SMALL_STEP,1241,42.404393999999996,1.490310524615548,0.0,false
PALMER5A,8,0,UNIF_SAR1_PH0_ATR0_SQP_IDENTITY,true,false,false,MAX_IT,5000,169.553668,9290.132148591023,0.0,false
PALMER5A,8,0,UNIF_SAR1_PH0_ATR0_SQP_SPECTRAL,true,false,false,MAX_IT,5000,170.996861,9289.761398939703,0.0,false
PALMER5A,8,0,UNIF_SAR1_PH0_ATR0_SQP_RECIPROCAL,true,false,false,MAX_IT,5000,171.78078499999998,9290.146768506489,0.0,false
PALMER5A,8,0,UNIF_SAR1_PH0_ATR0_SQP_EXPONENTIAL,true,false,false,MAX_IT,5000,175.43900200000002,9268.524674283091,0.0,false
PALMER5A,8,0,UNIF_SAR1_PH0_ATR0_SQP_QUASI_NEWTON,true,false,false,SMALL_STEP,1042,35.170834,7.587597513228152,0.0,false
PALMER5B,9,0,UNIF_SAR1_PH0_ATR0_SQP_IDENTITY,true,false,false,SMALL_STEP,161,5.037192999999999,5876.654569967742,0.0,false
PALMER5B,9,0,UNIF_SAR1_PH0_ATR0_SQP_SPECTRAL,true,false,false,SMALL_STEP,87,2.670376,5903.926805471874,0.0,false
PALMER5B,9,0,UNIF_SAR1_PH0_ATR0_SQP_RECIPROCAL,true,false,false,SMALL_STEP,47,1.46158,5896.369866979691,0.0,false
PALMER5B,9,0,UNIF_SAR1_PH0_ATR0_SQP_EXPONENTIAL,true,false,false,SMALL_STEP,47,5.987792,5835.875494874079,0.0,false
PALMER5B,9,0,UNIF_SAR1_PH0_ATR0_SQP_QUASI_NEWTON,true,false,false,SMALL_STEP,4776,169.414897,47.20807983398303,0.0,false
PALMER5C,6,0,UNIF_SAR1_PH0_ATR0_SQP_IDENTITY,true,false,false,SMALL_STEP,91,2.468982,2.128086800081005,0.0,false
PALMER5C,6,0,UNIF_SAR1_PH0_ATR0_SQP_SPECTRAL,true,false,false,KKT_OK,60,1.6410330000000002,2.128086690428377,0.0,false
PALMER5C,6,0,UNIF_SAR1_PH0_ATR0_SQP_RECIPROCAL,true,false,false,SMALL_STEP,106,2.903513,2.128086848238883,0.0,false
PALMER5C,6,0,UNIF_SAR1_PH0_ATR0_SQP_EXPONENTIAL,true,false,false,KKT_OK,116,3.360497,2.128086697734986,0.0,false
PALMER5C,6,0,UNIF_SAR1_PH0_ATR0_SQP_QUASI_NEWTON,true,false,false,KKT_OK,82,2.265347,2.128086762483687,0.0,false
PALMER5D,4,0,UNIF_SAR1_PH0_ATR0_SQP_IDENTITY,true,false,false,MAX_IT,5000,142.697912,163.54428794920514,0.0,false
PALMER5D,4,0,UNIF_SAR1_PH0_ATR0_SQP_SPECTRAL,true,false,false,SMALL_STEP,1245,35.606586,87.33940567054466,0.0,false
PALMER5D,4,0,UNIF_SAR1_PH0_ATR0_SQP_RECIPROCAL,true,false,false,MAX_IT,5000,147.702311,189.32941577013023,0.0,false
PALMER5D,4,0,UNIF_SAR1_PH0_ATR0_SQP_EXPONENTIAL,true,false,false,MAX_IT,5000,153.17426600000002,171.61818164885943,0.0,false
PALMER5D,4,0,UNIF_SAR1_PH0_ATR0_SQP_QUASI_NEWTON,true,false,false,MAX_IT,5000,326.095474,89.29746403152201,0.0,false
PALMER5E,8,0,UNIF_SAR1_PH0_ATR0_SQP_IDENTITY,true,false,false,SMALL_STEP,660,18.636131,2.130417485246895,0.0,false
PALMER5E,8,0,UNIF_SAR1_PH0_ATR0_SQP_SPECTRAL,true,false,false,SMALL_STEP,2321,68.41718800000001,0.15880847093397585,0.0,false
PALMER5E,8,0,UNIF_SAR1_PH0_ATR0_SQP_RECIPROCAL,true,false,false,SMALL_STEP,984,30.919006,2.1296463876814684,0.0,false
PALMER5E,8,0,UNIF_SAR1_PH0_ATR0_SQP_EXPONENTIAL,true,false,false,SMALL_STEP,684,20.526317,2.1287412221117528,0.0,false
PALMER5E,8,0,UNIF_SAR1_PH0_ATR0_SQP_QUASI_NEWTON,true,false,false,SMALL_STEP,117,6.201082,2.1280866461764094,0.0,false
PALMER6A,6,0,UNIF_SAR1_PH0_ATR0_SQP_IDENTITY,true,false,false,MAX_IT,5000,148.940663,25.671584828004352,0.0,false
PALMER6A,6,0,UNIF_SAR1_PH0_ATR0_SQP_SPECTRAL,true,false,false,MAX_IT,5000,156.58247,29.205878117833258,0.0,false
PALMER6A,6,0,UNIF_SAR1_PH0_ATR0_SQP_RECIPROCAL,true,false,false,MAX_IT,5000,156.888205,24.861857415704005,0.0,false
PALMER6A,6,0,UNIF_SAR1_PH0_ATR0_SQP_EXPONENTIAL,true,false,false,MAX_IT,5000,164.339552,27.28741699271721,0.0,false
PALMER6A,6,0,UNIF_SAR1_PH0_ATR0_SQP_QUASI_NEWTON,true,false,false,SMALL_STEP,4929,157.597082,1.799026367486559,0.0,false
PALMER6C,8,0,UNIF_SAR1_PH0_ATR0_SQP_IDENTITY,true,false,false,SMALL_STEP,1245,37.136428,205.75697825936052,0.0,false
PALMER6C,8,0,UNIF_SAR1_PH0_ATR0_SQP_SPECTRAL,true,false,false,SMALL_STEP,1175,39.273068,192.67724292769236,0.0,false
PALMER6C,8,0,UNIF_SAR1_PH0_ATR0_SQP_RECIPROCAL,true,false,false,SMALL_STEP,1198,35.626334,205.08577011252913,0.0,false
PALMER6C,8,0,UNIF_SAR1_PH0_ATR0_SQP_EXPONENTIAL,true,false,false,SMALL_STEP,1232,39.441942,199.07003991639684,0.0,false
PALMER6C,8,0,UNIF_SAR1_PH0_ATR0_SQP_QUASI_NEWTON,true,false,false,SMALL_STEP,1038,33.416824,88.94428542287854,0.0,false
PALMER6E,8,0,UNIF_SAR1_PH0_ATR0_SQP_IDENTITY,true,false,false,MAX_IT,5000,161.523112,8.532145300518659,0.0,false
PALMER6E,8,0,UNIF_SAR1_PH0_ATR0_SQP_SPECTRAL,true,false,false,MAX_IT,5000,168.811563,17.996291846805434,0.0,false
PALMER6E,8,0,UNIF_SAR1_PH0_ATR0_SQP_RECIPROCAL,true,false,false,MAX_IT,5000,164.448515,7.4978423797048315,0.0,false
PALMER6E,8,0,UNIF_SAR1_PH0_ATR0_SQP_EXPONENTIAL,true,false,false,MAX_IT,5000,179.074194,11.123921879866536,0.0,false
PALMER6E,8,0,UNIF_SAR1_PH0_ATR0_SQP_QUASI_NEWTON,true,false,false,SMALL_STEP,1193,40.175498,0.29344875404600845,0.0,false
PALMER7A,6,0,UNIF_SAR1_PH0_ATR0_SQP_IDENTITY,true,false,false,MAX_IT,5000,325.262151,16.90332138240919,0.0,false
PALMER7A,6,0,UNIF_SAR1_PH0_ATR0_SQP_SPECTRAL,true,false,false,MAX_IT,5000,148.651347,20.829738227947367,0.0,false
PALMER7A,6,0,UNIF_SAR1_PH0_ATR0_SQP_RECIPROCAL,true,false,false,MAX_IT,5000,149.361256,17.792695605153202,0.0,false
PALMER7A,6,0,UNIF_SAR1_PH0_ATR0_SQP_EXPONENTIAL,true,false,false,MAX_IT,5000,159.33529199999998,18.55909621454323,0.0,false
PALMER7A,6,0,UNIF_SAR1_PH0_ATR0_SQP_QUASI_NEWTON,true,false,false,SMALL_STEP,2377,75.133476,14.948906573055305,0.0,false
PALMER7C,8,0,UNIF_SAR1_PH0_ATR0_SQP_IDENTITY,true,false,false,SMALL_STEP,1483,45.622892,330.42921705003266,0.0,false
PALMER7C,8,0,UNIF_SAR1_PH0_ATR0_SQP_SPECTRAL,true,false,false,SMALL_STEP,1601,49.158037,321.3909350728039,0.0,false
PALMER7C,8,0,UNIF_SAR1_PH0_ATR0_SQP_RECIPROCAL,true,false,false,SMALL_STEP,1573,45.791213,324.60533249315824,0.0,false
PALMER7C,8,0,UNIF_SAR1_PH0_ATR0_SQP_EXPONENTIAL,true,false,false,SMALL_STEP,1500,49.777536,287.7719665694971,0.0,false
PALMER7C,8,0,UNIF_SAR1_PH0_ATR0_SQP_QUASI_NEWTON,true,false,false,SMALL_STEP,290,8.316469,163.1135471507727,0.0,false
PALMER7E,8,0,UNIF_SAR1_PH0_ATR0_SQP_IDENTITY,true,false,false,MAX_IT,5000,162.30249,70.01426412722182,0.0,false
PALMER7E,8,0,UNIF_SAR1_PH0_ATR0_SQP_SPECTRAL,true,false,false,MAX_IT,5000,163.108255,68.4210977716217,0.0,false
PALMER7E,8,0,UNIF_SAR1_PH0_ATR0_SQP_RECIPROCAL,true,false,false,MAX_IT,5000,163.902371,70.16149940983118,0.0,false
PALMER7E,8,0,UNIF_SAR1_PH0_ATR0_SQP_EXPONENTIAL,true,false,false,MAX_IT,5000,177.728702,65.8312305410878,0.0,false
PALMER7E,8,0,UNIF_SAR1_PH0_ATR0_SQP_QUASI_NEWTON,true,false,false,MAX_IT,5000,169.133106,14.316580206930176,0.0,false
PALMER8A,6,0,UNIF_SAR1_PH0_ATR0_SQP_IDENTITY,true,false,false,MAX_IT,5000,154.05280900000002,9.821312330210176,0.0,false
PALMER8A,6,0,UNIF_SAR1_PH0_ATR0_SQP_SPECTRAL,true,false,false,MAX_IT,5000,157.755969,7.732226517696386,0.0,false
PALMER8A,6,0,UNIF_SAR1_PH0_ATR0_SQP_RECIPROCAL,true,false,false,MAX_IT,5000,156.728281,8.04185211331987,0.0,false
PALMER8A,6,0,UNIF_SAR1_PH0_ATR0_SQP_EXPONENTIAL,true,false,false,MAX_IT,5000,166.51299,6.083375971394199,0.0,false
PALMER8A,6,0,UNIF_SAR1_PH0_ATR0_SQP_QUASI_NEWTON,true,false,false,SMALL_STEP,2569,84.848407,0.3632130854883727,0.0,false
PALMER8C,8,0,UNIF_SAR1_PH0_ATR0_SQP_IDENTITY,true,false,false,MAX_IT,5000,148.342847,121.37715922861688,0.0,false
PALMER8C,8,0,UNIF_SAR1_PH0_ATR0_SQP_SPECTRAL,true,false,false,SMALL_STEP,2771,85.165757,133.03772842688227,0.0,false
PALMER8C,8,0,UNIF_SAR1_PH0_ATR0_SQP_RECIPROCAL,true,false,false,SMALL_STEP,3080,96.53809600000001,122.80866798455455,0.0,false
PALMER8C,8,0,UNIF_SAR1_PH0_ATR0_SQP_EXPONENTIAL,true,false,false,MAX_IT,5000,161.363091,99.66324833181325,0.0,false
PALMER8C,8,0,UNIF_SAR1_PH0_ATR0_SQP_QUASI_NEWTON,true,false,false,SMALL_STEP,1346,45.447234,51.65307830861693,0.0,false
PALMER8E,8,0,UNIF_SAR1_PH0_ATR0_SQP_IDENTITY,true,false,false,MAX_IT,5000,160.798531,29.78972922842037,0.0,false
PALMER8E,8,0,UNIF_SAR1_PH0_ATR0_SQP_SPECTRAL,true,false,false,MAX_IT,5000,161.151078,33.86674321805854,0.0,false
PALMER8E,8,0,UNIF_SAR1_PH0_ATR0_SQP_RECIPROCAL,true,false,false,MAX_IT,5000,170.156144,29.882489974112882,0.0,false
PALMER8E,8,0,UNIF_SAR1_PH0_ATR0_SQP_EXPONENTIAL,true,false,false,MAX_IT,5000,176.182489,30.814477200700786,0.0,false
PALMER8E,8,0,UNIF_SAR1_PH0_ATR0_SQP_QUASI_NEWTON,true,false,false,SMALL_STEP,1613,56.957963,0.7503658178347965,0.0,false
PARKCH,15,0,UNIF_SAR1_PH0_ATR0_SQP_IDENTITY,true,false,false,SMALL_STEP,325,810.511477,2068.130935142639,0.0,false
PARKCH,15,0,UNIF_SAR1_PH0_ATR0_SQP_SPECTRAL,true,false,false,SMALL_STEP,321,802.127622,2068.539314500236,0.0,false
PARKCH,15,0,UNIF_SAR1_PH0_ATR0_SQP_RECIPROCAL,true,false,false,SMALL_STEP,156,807.364962,2090.1404489583356,0.0,false
PARKCH,15,0,UNIF_SAR1_PH0_ATR0_SQP_EXPONENTIAL,true,false,false,SMALL_STEP,496,4051.0932879999996,2043.8987359190685,0.0,false
PARKCH,15,0,UNIF_SAR1_PH0_ATR0_SQP_QUASI_NEWTON,true,false,false,SMALL_STEP,124,626.651721,1625.7391626182925,0.0,false
PATTERNLS,1001,0,UNIF_SAR1_PH0_ATR0_SQP_IDENTITY,true,false,false,KKT_OK,9,118.777648,2.600689004050487e-14,0.0,false
PATTERNLS,1001,0,UNIF_SAR1_PH0_ATR0_SQP_SPECTRAL,true,false,false,KKT_OK,9,137.285457,1.3649354930448996e-14,0.0,false
PATTERNLS,1001,0,UNIF_SAR1_PH0_ATR0_SQP_RECIPROCAL,true,false,false,KKT_OK,9,255.07787100000002,2.3858939928179777e-16,0.0,false
PATTERNLS,1001,0,UNIF_SAR1_PH0_ATR0_SQP_EXPONENTIAL,true,false,false,KKT_OK,22,1072.258031,3.9784750287335824e-5,0.0,false
PATTERNLS,1001,0,UNIF_SAR1_PH0_ATR0_SQP_QUASI_NEWTON,true,false,false,KKT_OK,31,1082.753322,3.9260676315861214e-7,0.0,false
PENALTY1,1000,0,UNIF_SAR1_PH0_ATR0_SQP_IDENTITY,true,false,false,KKT_OK,1172,869.198667,0.009944316338088214,0.0,false
PENALTY1,1000,0,UNIF_SAR1_PH0_ATR0_SQP_SPECTRAL,true,false,false,KKT_OK,1013,775.687683,0.009977026204910904,0.0,false
PENALTY1,1000,0,UNIF_SAR1_PH0_ATR0_SQP_RECIPROCAL,true,false,false,SMALL_STEP,1197,707.537319,0.009918784125729862,0.0,false
PENALTY1,1000,0,UNIF_SAR1_PH0_ATR0_SQP_EXPONENTIAL,true,false,false,KKT_OK,1037,837.101533,0.009969170165632221,0.0,false
PENALTY1,1000,0,UNIF_SAR1_PH0_ATR0_SQP_QUASI_NEWTON,true,false,false,KKT_OK,1044,635.734069,0.00990549685118047,0.0,false
PENALTY2,200,0,UNIF_SAR1_PH0_ATR0_SQP_IDENTITY,true,false,false,MAX_IT,5000,981.992199,4.711627727603862e13,0.0,false
PENALTY2,200,0,UNIF_SAR1_PH0_ATR0_SQP_SPECTRAL,true,false,false,SMALL_STEP,1419,238.77089700000002,4.711627727563054e13,0.0,false
PENALTY2,200,0,UNIF_SAR1_PH0_ATR0_SQP_RECIPROCAL,true,false,false,SMALL_STEP,1710,310.374555,4.711627727556297e13,0.0,false
PENALTY2,200,0,UNIF_SAR1_PH0_ATR0_SQP_EXPONENTIAL,true,false,false,SMALL_STEP,702,132.57046,4.711627727552465e13,0.0,false
PENALTY2,200,0,UNIF_SAR1_PH0_ATR0_SQP_QUASI_NEWTON,true,false,false,SMALL_STEP,79,13.108979,4.711627727552185e13,0.0,false
PENALTY3,200,0,UNIF_SAR1_PH0_ATR0_SQP_IDENTITY,true,false,false,MAX_IT,5000,4396.956542,46829.596528532194,0.0,false
PENALTY3,200,0,UNIF_SAR1_PH0_ATR0_SQP_SPECTRAL,true,false,false,SMALL_STEP,4935,4202.722417999999,40144.907112047236,0.0,false
PENALTY3,200,0,UNIF_SAR1_PH0_ATR0_SQP_RECIPROCAL,true,false,false,MAX_IT,5000,7792.431932,40622.41319586358,0.0,false
PENALTY3,200,0,UNIF_SAR1_PH0_ATR0_SQP_EXPONENTIAL,true,false,false,MAX_IT,5000,11022.682195,9.007460329157342e7,0.0,false
PENALTY3,200,0,UNIF_SAR1_PH0_ATR0_SQP_QUASI_NEWTON,true,false,false,SMALL_STEP,526,823.7411989999999,0.004512870758042182,0.0,false
PENTDI,5000,0,UNIF_SAR1_PH0_ATR0_SQP_IDENTITY,true,false,false,KKT_OK,10,37.556209,-0.7499999774173571,0.0,false
PENTDI,5000,0,UNIF_SAR1_PH0_ATR0_SQP_SPECTRAL,true,false,false,KKT_OK,7,19.935228,-0.7499999994806719,0.0,false
PENTDI,5000,0,UNIF_SAR1_PH0_ATR0_SQP_RECIPROCAL,true,false,false,KKT_OK,15,52.711991,-0.7499999998106093,0.0,false
PENTDI,5000,0,UNIF_SAR1_PH0_ATR0_SQP_EXPONENTIAL,true,false,false,KKT_OK,18,62.016594,-0.7499999774145037,0.0,false
PENTDI,5000,0,UNIF_SAR1_PH0_ATR0_SQP_QUASI_NEWTON,true,false,false,KKT_OK,5,17.159614,-0.749999999245254,0.0,false
PFIT1LS,3,0,UNIF_SAR1_PH0_ATR0_SQP_IDENTITY,true,false,false,SMALL_STEP,2173,58.598659999999995,0.09525581363693138,0.0,false
PFIT1LS,3,0,UNIF_SAR1_PH0_ATR0_SQP_SPECTRAL,true,false,false,SMALL_STEP,596,18.120561,0.03723035705507695,0.0,false
PFIT1LS,3,0,UNIF_SAR1_PH0_ATR0_SQP_RECIPROCAL,true,false,false,SMALL_STEP,3108,85.394323,0.11746528774634193,0.0,false
PFIT1LS,3,0,UNIF_SAR1_PH0_ATR0_SQP_EXPONENTIAL,true,false,false,MAX_IT,5000,314.735278,0.022441160920354662,0.0,false
PFIT1LS,3,0,UNIF_SAR1_PH0_ATR0_SQP_QUASI_NEWTON,true,false,false,SMALL_STEP,2519,68.69403100000001,0.016405825672922758,0.0,false
PFIT2LS,3,0,UNIF_SAR1_PH0_ATR0_SQP_IDENTITY,true,false,false,SMALL_STEP,3420,92.454546,1.128705151528394,0.0,false
PFIT2LS,3,0,UNIF_SAR1_PH0_ATR0_SQP_SPECTRAL,true,false,false,MAX_IT,5000,137.24839599999999,0.2972957894618112,0.0,false
PFIT2LS,3,0,UNIF_SAR1_PH0_ATR0_SQP_RECIPROCAL,true,false,false,MAX_IT,5000,136.481121,1.9047290066525626,0.0,false
PFIT2LS,3,0,UNIF_SAR1_PH0_ATR0_SQP_EXPONENTIAL,true,false,false,MAX_IT,5000,142.659765,0.6547335550172553,0.0,false
PFIT2LS,3,0,UNIF_SAR1_PH0_ATR0_SQP_QUASI_NEWTON,true,false,false,SMALL_STEP,3007,86.668156,0.2263532760630933,0.0,false
PFIT3LS,3,0,UNIF_SAR1_PH0_ATR0_SQP_IDENTITY,true,false,false,SMALL_STEP,2659,72.091202,6.048206401774268,0.0,false
PFIT3LS,3,0,UNIF_SAR1_PH0_ATR0_SQP_SPECTRAL,true,false,false,SMALL_STEP,4275,122.432066,3.4720121972649576,0.0,false
PFIT3LS,3,0,UNIF_SAR1_PH0_ATR0_SQP_RECIPROCAL,true,false,false,MAX_IT,5000,138.783556,8.03371084452279,0.0,false
PFIT3LS,3,0,UNIF_SAR1_PH0_ATR0_SQP_EXPONENTIAL,true,false,false,SMALL_STEP,3537,103.034097,4.601690437990927,0.0,false
PFIT3LS,3,0,UNIF_SAR1_PH0_ATR0_SQP_QUASI_NEWTON,true,false,false,SMALL_STEP,3512,101.072407,0.7642473010497517,0.0,false
PFIT4LS,3,0,UNIF_SAR1_PH0_ATR0_SQP_IDENTITY,true,false,false,SMALL_STEP,2870,77.96452099999999,10.04415127383902,0.0,false
PFIT4LS,3,0,UNIF_SAR1_PH0_ATR0_SQP_SPECTRAL,true,false,false,SMALL_STEP,320,12.388359999999999,12.200324739047183,0.0,false
PFIT4LS,3,0,UNIF_SAR1_PH0_ATR0_SQP_RECIPROCAL,true,false,false,MAX_IT,5000,141.108109,32.28321857579694,0.0,false
PFIT4LS,3,0,UNIF_SAR1_PH0_ATR0_SQP_EXPONENTIAL,true,false,false,SMALL_STEP,2528,74.502923,11.439555940981332,0.0,false
PFIT4LS,3,0,UNIF_SAR1_PH0_ATR0_SQP_QUASI_NEWTON,true,false,false,SMALL_STEP,1553,43.78344,7.034741606635687,0.0,false
PORTFL1,12,1,UNIF_SAR1_PH0_ATR0_SQP_IDENTITY,true,false,false,KKT_OK,24,1.129281,0.020494504640802897,1.4534429215729006e-11,false
PORTFL1,12,1,UNIF_SAR1_PH0_ATR0_SQP_SPECTRAL,true,false,false,KKT_OK,25,1.1322240000000001,0.020497817321083953,1.0538819816829914e-11,false
PORTFL1,12,1,UNIF_SAR1_PH0_ATR0_SQP_RECIPROCAL,true,false,false,KKT_OK,26,2.419971,0.02048765614312375,2.881028748902281e-14,false
PORTFL1,12,1,UNIF_SAR1_PH0_ATR0_SQP_EXPONENTIAL,true,false,false,KKT_OK,7,0.41332199999999997,0.02049915723116191,8.326672684688674e-17,false
PORTFL1,12,1,UNIF_SAR1_PH0_ATR0_SQP_QUASI_NEWTON,true,false,false,KKT_OK,14,0.72216,0.0204978550644018,4.39648317751562e-13,false
PORTFL2,12,1,UNIF_SAR1_PH0_ATR0_SQP_IDENTITY,true,false,false,KKT_OK,19,0.949089,0.029711338216503153,1.605326982456745e-11,false
PORTFL2,12,1,UNIF_SAR1_PH0_ATR0_SQP_SPECTRAL,true,false,false,KKT_OK,21,0.9565039999999999,0.02972019842550963,6.522310469492254e-12,false
PORTFL2,12,1,UNIF_SAR1_PH0_ATR0_SQP_RECIPROCAL,true,false,false,KKT_OK,28,1.491395,0.029693182181189017,0.0,false
PORTFL2,12,1,UNIF_SAR1_PH0_ATR0_SQP_EXPONENTIAL,true,false,false,KKT_OK,10,0.5645830000000001,0.02972173585492549,5.9674487573602164e-15,false
PORTFL2,12,1,UNIF_SAR1_PH0_ATR0_SQP_QUASI_NEWTON,true,false,false,KKT_OK,14,0.743583,0.029689299189239977,2.9698465908722937e-15,false
PORTFL3,12,1,UNIF_SAR1_PH0_ATR0_SQP_IDENTITY,true,false,false,KKT_OK,24,1.2643739999999999,0.03275468210821654,1.630214574444011e-10,false
PORTFL3,12,1,UNIF_SAR1_PH0_ATR0_SQP_SPECTRAL,true,false,false,KKT_OK,18,0.8302430000000001,0.03279107320241866,3.1731628435949233e-10,false
PORTFL3,12,1,UNIF_SAR1_PH0_ATR0_SQP_RECIPROCAL,true,false,false,KKT_OK,16,0.856267,0.032751516602561585,2.220446049250313e-16,false
PORTFL3,12,1,UNIF_SAR1_PH0_ATR0_SQP_EXPONENTIAL,true,false,false,KKT_OK,11,0.642778,0.032764852930742876,5.551115123125783e-17,false
PORTFL3,12,1,UNIF_SAR1_PH0_ATR0_SQP_QUASI_NEWTON,true,false,false,KKT_OK,11,0.595228,0.032753378795042296,2.7755575615628914e-16,false
PORTFL4,12,1,UNIF_SAR1_PH0_ATR0_SQP_IDENTITY,true,false,false,KKT_OK,25,1.344352,0.02630920724731346,3.635947098956649e-11,false
PORTFL4,12,1,UNIF_SAR1_PH0_ATR0_SQP_SPECTRAL,true,false,false,KKT_OK,15,0.690406,0.026315853360079716,1.492719836626577e-11,false
PORTFL4,12,1,UNIF_SAR1_PH0_ATR0_SQP_RECIPROCAL,true,false,false,KKT_OK,16,0.824336,0.0263216345014927,5.551115123125783e-17,false
PORTFL4,12,1,UNIF_SAR1_PH0_ATR0_SQP_EXPONENTIAL,true,false,false,KKT_OK,11,0.604532,0.026315667158363056,5.551115123125783e-17,false
PORTFL4,12,1,UNIF_SAR1_PH0_ATR0_SQP_QUASI_NEWTON,true,false,false,KKT_OK,15,0.7964610000000001,0.02630781720911556,3.3306690738754696e-16,false
PORTFL6,12,1,UNIF_SAR1_PH0_ATR0_SQP_IDENTITY,true,false,false,KKT_OK,21,1.063292,0.025793689016280315,1.1680018063842112e-11,false
PORTFL6,12,1,UNIF_SAR1_PH0_ATR0_SQP_SPECTRAL,true,false,false,KKT_OK,22,0.9903069999999999,0.025792433370823747,2.4383828289842313e-12,false
PORTFL6,12,1,UNIF_SAR1_PH0_ATR0_SQP_RECIPROCAL,true,false,false,KKT_OK,28,1.433554,0.02579411351414578,5.828670879282072e-16,false
PORTFL6,12,1,UNIF_SAR1_PH0_ATR0_SQP_EXPONENTIAL,true,false,false,KKT_OK,13,0.715936,0.025791965866299754,1.3877787807814457e-16,false
PORTFL6,12,1,UNIF_SAR1_PH0_ATR0_SQP_QUASI_NEWTON,true,false,false,KKT_OK,13,0.673656,0.025793708976357146,1.0269562977782698e-15,false
PORTSQP,100000,1,UNIF_SAR1_PH0_ATR0_SQP_IDENTITY,true,false,false,SMALL_STEP,36,26535.953227,33331.34175540903,5.265007531829335e-13,false
PORTSQP,100000,1,UNIF_SAR1_PH0_ATR0_SQP_SPECTRAL,true,false,false,SMALL_STEP,6,3816.544671,33331.34175275089,3.3149567959247078e-15,false
PORTSQP,100000,1,UNIF_SAR1_PH0_ATR0_SQP_RECIPROCAL,true,false,false,SMALL_STEP,6,3892.077445,33331.34218768373,5.31144364902901e-14,false
PORTSQP,100000,1,UNIF_SAR1_PH0_ATR0_SQP_EXPONENTIAL,true,false,false,SMALL_STEP,39,32629.627317000002,33331.3542470176,1.7590624332003373e-13,false
PORTSQP,100000,1,UNIF_SAR1_PH0_ATR0_SQP_QUASI_NEWTON,true,false,false,SMALL_STEP,6,3641.900696,33331.3417527507,8.480413343628623e-13,false
POWELLBC,1000,0,UNIF_SAR1_PH0_ATR0_SQP_IDENTITY,true,false,false,SMALL_STEP,8,13.569586,2.17514477941102e6,0.0,false
POWELLBC,1000,0,UNIF_SAR1_PH0_ATR0_SQP_SPECTRAL,true,false,false,SMALL_STEP,8,15.040142,2.1751447794110095e6,0.0,false
POWELLBC,1000,0,UNIF_SAR1_PH0_ATR0_SQP_RECIPROCAL,true,false,false,SMALL_STEP,8,16.273304999999997,2.175144779396052e6,0.0,false
POWELLBC,1000,0,UNIF_SAR1_PH0_ATR0_SQP_EXPONENTIAL,true,false,false,SMALL_STEP,8,19.09688,2.1751447795394636e6,0.0,false
POWELLBC,1000,0,UNIF_SAR1_PH0_ATR0_SQP_QUASI_NEWTON,true,false,false,SMALL_STEP,8,17.526478,2.1751447797108274e6,0.0,false
POWELLBSLS,2,0,UNIF_SAR1_PH0_ATR0_SQP_IDENTITY,true,false,false,SMALL_STEP,10,0.27117899999999995,0.13521198760652728,0.0,false
POWELLBSLS,2,0,UNIF_SAR1_PH0_ATR0_SQP_SPECTRAL,true,false,false,SMALL_STEP,10,0.259988,0.13521198972958398,0.0,false
POWELLBSLS,2,0,UNIF_SAR1_PH0_ATR0_SQP_RECIPROCAL,true,false,false,SMALL_STEP,10,0.26438900000000004,0.1352119852787948,0.0,false
POWELLBSLS,2,0,UNIF_SAR1_PH0_ATR0_SQP_EXPONENTIAL,true,false,false,SMALL_STEP,10,0.260582,0.13521198589796823,0.0,false
POWELLBSLS,2,0,UNIF_SAR1_PH0_ATR0_SQP_QUASI_NEWTON,true,false,false,SMALL_STEP,10,0.253195,0.13521195369533456,0.0,false
POWELLSG,5000,0,UNIF_SAR1_PH0_ATR0_SQP_IDENTITY,true,false,false,SMALL_STEP,733,2146.582903,0.7090574997348219,0.0,false
POWELLSG,5000,0,UNIF_SAR1_PH0_ATR0_SQP_SPECTRAL,true,false,false,SMALL_STEP,121,288.43425099999996,0.1609458794846647,0.0,false
POWELLSG,5000,0,UNIF_SAR1_PH0_ATR0_SQP_RECIPROCAL,true,false,false,SMALL_STEP,633,1749.386223,0.7673430269882026,0.0,false
POWELLSG,5000,0,UNIF_SAR1_PH0_ATR0_SQP_EXPONENTIAL,true,false,false,SMALL_STEP,778,2408.282412,0.43636254263134805,0.0,false
POWELLSG,5000,0,UNIF_SAR1_PH0_ATR0_SQP_QUASI_NEWTON,true,false,false,SMALL_STEP,272,873.515099,0.050355678297903474,0.0,false
POWELLSQLS,2,0,UNIF_SAR1_PH0_ATR0_SQP_IDENTITY,true,false,false,SMALL_STEP,29,0.7353999999999999,1.0546677506684223e-7,0.0,false
POWELLSQLS,2,0,UNIF_SAR1_PH0_ATR0_SQP_SPECTRAL,true,false,false,SMALL_STEP,16,0.40829,1.0999389093669362e-5,0.0,false
POWELLSQLS,2,0,UNIF_SAR1_PH0_ATR0_SQP_RECIPROCAL,true,false,false,SMALL_STEP,27,2.717741,2.679513783596207e-8,0.0,false
POWELLSQLS,2,0,UNIF_SAR1_PH0_ATR0_SQP_EXPONENTIAL,true,false,false,KKT_OK,25,0.7580450000000001,5.98049389949277e-19,0.0,false
POWELLSQLS,2,0,UNIF_SAR1_PH0_ATR0_SQP_QUASI_NEWTON,true,false,false,SMALL_STEP,17,0.428315,5.394182639272844e-22,0.0,false
POWER,10000,0,UNIF_SAR1_PH0_ATR0_SQP_IDENTITY,true,false,false,KKT_OK,9,52.608317,2.3996478483513487e-28,0.0,false
POWER,10000,0,UNIF_SAR1_PH0_ATR0_SQP_SPECTRAL,true,false,false,KKT_OK,9,53.59698,2.3971161074797997e-28,0.0,false
POWER,10000,0,UNIF_SAR1_PH0_ATR0_SQP_RECIPROCAL,true,false,false,KKT_OK,9,48.944414,8.929040245415514e-20,0.0,false
POWER,10000,0,UNIF_SAR1_PH0_ATR0_SQP_EXPONENTIAL,true,false,false,SMALL_STEP,14,84.817641,0.027769828914314895,0.0,false
POWER,10000,0,UNIF_SAR1_PH0_ATR0_SQP_QUASI_NEWTON,true,false,false,SMALL_STEP,15,92.21301299999999,4.270440914467583,0.0,false
POWERSUM,4,0,UNIF_SAR1_PH0_ATR0_SQP_IDENTITY,true,false,false,SMALL_STEP,15,0.42305400000000004,37.431449128024866,0.0,false
POWERSUM,4,0,UNIF_SAR1_PH0_ATR0_SQP_SPECTRAL,true,false,false,SMALL_STEP,16,0.441278,37.431452050508085,0.0,false
POWERSUM,4,0,UNIF_SAR1_PH0_ATR0_SQP_RECIPROCAL,true,false,false,SMALL_STEP,15,0.406007,37.43144912742573,0.0,false
POWERSUM,4,0,UNIF_SAR1_PH0_ATR0_SQP_EXPONENTIAL,true,false,false,SMALL_STEP,14,0.382997,37.4314475043373,0.0,false
POWERSUM,4,0,UNIF_SAR1_PH0_ATR0_SQP_QUASI_NEWTON,true,false,false,KKT_OK,7,0.185716,37.4314466992563,0.0,false
POWERSUMB,4,0,UNIF_SAR1_PH0_ATR0_SQP_IDENTITY,true,false,false,SMALL_STEP,15,0.636494,37.431449128024866,0.0,false
POWERSUMB,4,0,UNIF_SAR1_PH0_ATR0_SQP_SPECTRAL,true,false,false,SMALL_STEP,16,0.6226940000000001,37.431452050508085,0.0,false
POWERSUMB,4,0,UNIF_SAR1_PH0_ATR0_SQP_RECIPROCAL,true,false,false,SMALL_STEP,15,0.5541699999999999,37.43144912742573,0.0,false
POWERSUMB,4,0,UNIF_SAR1_PH0_ATR0_SQP_EXPONENTIAL,true,false,false,SMALL_STEP,14,0.479008,37.4314475043373,0.0,false
POWERSUMB,4,0,UNIF_SAR1_PH0_ATR0_SQP_QUASI_NEWTON,true,false,false,KKT_OK,7,0.23471899999999998,37.4314466992563,0.0,false
PRICE3,2,0,UNIF_SAR1_PH0_ATR0_SQP_IDENTITY,true,false,false,SMALL_STEP,112,2.673742,6.418744617378034e-7,0.0,false
PRICE3,2,0,UNIF_SAR1_PH0_ATR0_SQP_SPECTRAL,true,false,false,SMALL_STEP,34,0.847265,1.8129184895208335e-8,0.0,false
PRICE3,2,0,UNIF_SAR1_PH0_ATR0_SQP_RECIPROCAL,true,false,false,SMALL_STEP,112,2.693013,6.425850160417088e-7,0.0,false
PRICE3,2,0,UNIF_SAR1_PH0_ATR0_SQP_EXPONENTIAL,true,false,false,SMALL_STEP,72,1.838297,6.598862821666109e-6,0.0,false
PRICE3,2,0,UNIF_SAR1_PH0_ATR0_SQP_QUASI_NEWTON,true,false,false,SMALL_STEP,86,4.802117,1.0324290462325643e-6,0.0,false
PRICE3B,2,0,UNIF_SAR1_PH0_ATR0_SQP_IDENTITY,true,false,false,SMALL_STEP,112,2.652568,6.418744617378034e-7,0.0,false
PRICE3B,2,0,UNIF_SAR1_PH0_ATR0_SQP_SPECTRAL,true,false,false,SMALL_STEP,34,0.839254,1.8129184895208335e-8,0.0,false
PRICE3B,2,0,UNIF_SAR1_PH0_ATR0_SQP_RECIPROCAL,true,false,false,SMALL_STEP,112,2.6842889999999997,6.425850160417088e-7,0.0,false
PRICE3B,2,0,UNIF_SAR1_PH0_ATR0_SQP_EXPONENTIAL,true,false,false,SMALL_STEP,72,1.814885,6.598862821666109e-6,0.0,false
PRICE3B,2,0,UNIF_SAR1_PH0_ATR0_SQP_QUASI_NEWTON,true,false,false,SMALL_STEP,86,2.1628540000000003,1.0324290462325643e-6,0.0,false
PRICE4,2,0,UNIF_SAR1_PH0_ATR0_SQP_IDENTITY,true,false,false,KKT_OK,10,0.272433,7.024495131108146e-14,0.0,false
PRICE4,2,0,UNIF_SAR1_PH0_ATR0_SQP_SPECTRAL,true,false,false,SMALL_STEP,673,18.331149,0.0032402251109562995,0.0,false
PRICE4,2,0,UNIF_SAR1_PH0_ATR0_SQP_RECIPROCAL,true,false,false,KKT_OK,14,0.494896,2.274326922105935e-14,0.0,false
PRICE4,2,0,UNIF_SAR1_PH0_ATR0_SQP_EXPONENTIAL,true,false,false,SMALL_STEP,21,0.560859,0.001546098281799729,0.0,false
PRICE4,2,0,UNIF_SAR1_PH0_ATR0_SQP_QUASI_NEWTON,true,false,false,SMALL_STEP,120,2.9326019999999997,0.005941947548192835,0.0,false
PRICE4B,2,0,UNIF_SAR1_PH0_ATR0_SQP_IDENTITY,true,false,false,KKT_OK,10,0.29789299999999996,7.024495131108146e-14,0.0,false
PRICE4B,2,0,UNIF_SAR1_PH0_ATR0_SQP_SPECTRAL,true,false,false,SMALL_STEP,673,18.402993,0.0032402251109562995,0.0,false
PRICE4B,2,0,UNIF_SAR1_PH0_ATR0_SQP_RECIPROCAL,true,false,false,KKT_OK,14,0.49021799999999993,2.274326922105935e-14,0.0,false
PRICE4B,2,0,UNIF_SAR1_PH0_ATR0_SQP_EXPONENTIAL,true,false,false,SMALL_STEP,21,0.5637,0.001546098281799729,0.0,false
PRICE4B,2,0,UNIF_SAR1_PH0_ATR0_SQP_QUASI_NEWTON,true,false,false,SMALL_STEP,120,2.928319,0.005941947548192835,0.0,false
PROBPENL,500,0,UNIF_SAR1_PH0_ATR0_SQP_IDENTITY,true,false,false,SMALL_STEP,23,5.669923000000001,9.61687636430984e-5,0.0,false
PROBPENL,500,0,UNIF_SAR1_PH0_ATR0_SQP_SPECTRAL,true,false,false,SMALL_STEP,23,7.145542000000001,0.0013780335302296103,0.0,false
PROBPENL,500,0,UNIF_SAR1_PH0_ATR0_SQP_RECIPROCAL,true,false,false,SMALL_STEP,23,6.2349950000000005,0.012611781931777423,0.0,false
PROBPENL,500,0,UNIF_SAR1_PH0_ATR0_SQP_EXPONENTIAL,true,false,false,SMALL_STEP,13,4.8647350000000005,9.544977543804974e-6,0.0,false
PROBPENL,500,0,UNIF_SAR1_PH0_ATR0_SQP_QUASI_NEWTON,true,false,false,KKT_OK,10,2.226763,3.9919839271846485e-7,0.0,false
PSPDOC,4,0,UNIF_SAR1_PH0_ATR0_SQP_IDENTITY,true,false,false,KKT_OK,74,5.275232,2.4142138296036126,0.0,false
PSPDOC,4,0,UNIF_SAR1_PH0_ATR0_SQP_SPECTRAL,true,false,false,KKT_OK,26,1.273387,2.414214706670953,0.0,false
PSPDOC,4,0,UNIF_SAR1_PH0_ATR0_SQP_RECIPROCAL,true,false,false,KKT_OK,44,2.4389469999999998,2.4142135800769875,0.0,false
PSPDOC,4,0,UNIF_SAR1_PH0_ATR0_SQP_EXPONENTIAL,true,false,false,KKT_OK,59,2.9092350000000002,2.4142136411034185,0.0,false
PSPDOC,4,0,UNIF_SAR1_PH0_ATR0_SQP_QUASI_NEWTON,true,false,false,KKT_OK,63,2.398921,2.4142149954220717,0.0,false
QING,100,0,UNIF_SAR1_PH0_ATR0_SQP_IDENTITY,true,false,false,SMALL_STEP,137,11.802114000000001,0.0012543507284566782,0.0,false
QING,100,0,UNIF_SAR1_PH0_ATR0_SQP_SPECTRAL,true,false,false,SMALL_STEP,64,4.427854999999999,1.5314870866335008e-6,0.0,false
QING,100,0,UNIF_SAR1_PH0_ATR0_SQP_RECIPROCAL,true,false,false,SMALL_STEP,137,11.398518999999999,0.0016708808662193497,0.0,false
QING,100,0,UNIF_SAR1_PH0_ATR0_SQP_EXPONENTIAL,true,false,false,SMALL_STEP,53,4.452475,3.530368809696716e-5,0.0,false
QING,100,0,UNIF_SAR1_PH0_ATR0_SQP_QUASI_NEWTON,true,false,false,KKT_OK,17,1.33265,2.2777068688641715e-12,0.0,false
QINGB,5,0,UNIF_SAR1_PH0_ATR0_SQP_IDENTITY,true,false,false,SMALL_STEP,36,0.972873,2.539264224849602e-7,0.0,false
QINGB,5,0,UNIF_SAR1_PH0_ATR0_SQP_SPECTRAL,true,false,false,SMALL_STEP,14,0.373041,1.8152547744303552e-11,0.0,false
QINGB,5,0,UNIF_SAR1_PH0_ATR0_SQP_RECIPROCAL,true,false,false,SMALL_STEP,38,1.012922,1.101356644148725e-7,0.0,false
QINGB,5,0,UNIF_SAR1_PH0_ATR0_SQP_EXPONENTIAL,true,false,false,KKT_OK,31,0.856884,1.2977242141240362e-8,0.0,false
QINGB,5,0,UNIF_SAR1_PH0_ATR0_SQP_QUASI_NEWTON,true,false,false,KKT_OK,10,0.292524,1.6408253266783571e-18,0.0,false
QR3DLS,610,0,UNIF_SAR1_PH0_ATR0_SQP_IDENTITY,true,false,false,SMALL_STEP,734,338.893166,0.5340384044276807,0.0,false
QR3DLS,610,0,UNIF_SAR1_PH0_ATR0_SQP_SPECTRAL,true,false,false,SMALL_STEP,242,89.12880700000001,0.42232050405200894,0.0,false
QR3DLS,610,0,UNIF_SAR1_PH0_ATR0_SQP_RECIPROCAL,true,false,false,SMALL_STEP,990,687.800932,0.40237584436989215,0.0,false
QR3DLS,610,0,UNIF_SAR1_PH0_ATR0_SQP_EXPONENTIAL,true,false,false,SMALL_STEP,875,517.9209559999999,0.4336486019634911,0.0,false
QR3DLS,610,0,UNIF_SAR1_PH0_ATR0_SQP_QUASI_NEWTON,true,false,false,SMALL_STEP,338,164.98949,0.2626923129680861,0.0,false
QRTQUAD,5000,0,UNIF_SAR1_PH0_ATR0_SQP_IDENTITY,true,false,false,SMALL_STEP,3227,12183.220102,-1.219036882646654e9,0.0,false
QRTQUAD,5000,0,UNIF_SAR1_PH0_ATR0_SQP_SPECTRAL,true,false,false,MAX_IT,5000,20557.323043,-1.2183176799279983e9,0.0,false
QRTQUAD,5000,0,UNIF_SAR1_PH0_ATR0_SQP_RECIPROCAL,true,false,false,SMALL_STEP,3388,13871.634869,-1.2190362390100334e9,0.0,false
QRTQUAD,5000,0,UNIF_SAR1_PH0_ATR0_SQP_EXPONENTIAL,true,false,false,SMALL_STEP,2242,8970.966844999999,-1.2190588049165893e9,0.0,false
QRTQUAD,5000,0,UNIF_SAR1_PH0_ATR0_SQP_QUASI_NEWTON,true,false,false,SMALL_STEP,108,588.2592960000001,-1.216584299381818e9,0.0,false
QUARTC,5000,0,UNIF_SAR1_PH0_ATR0_SQP_IDENTITY,true,false,false,MAX_IT,5000,21491.038816,31.270272170333072,0.0,false
QUARTC,5000,0,UNIF_SAR1_PH0_ATR0_SQP_SPECTRAL,true,false,false,MAX_IT,5000,21933.870504000002,930.1232505457318,0.0,false
QUARTC,5000,0,UNIF_SAR1_PH0_ATR0_SQP_RECIPROCAL,true,false,false,MAX_IT,5000,22260.140823,30.820650625007488,0.0,false
QUARTC,5000,0,UNIF_SAR1_PH0_ATR0_SQP_EXPONENTIAL,true,false,false,MAX_IT,5000,22404.633874000003,53.41251060868054,0.0,false
QUARTC,5000,0,UNIF_SAR1_PH0_ATR0_SQP_QUASI_NEWTON,true,false,false,MAX_IT,5000,22137.218234,7.347155842533182,0.0,false
QUDLIN,5000,0,UNIF_SAR1_PH0_ATR0_SQP_IDENTITY,true,false,false,KKT_OK,16,55.664128,-1.25e9,0.0,false
QUDLIN,5000,0,UNIF_SAR1_PH0_ATR0_SQP_SPECTRAL,true,false,false,KKT_OK,16,60.022053,-1.25e9,0.0,false
QUDLIN,5000,0,UNIF_SAR1_PH0_ATR0_SQP_RECIPROCAL,true,false,false,KKT_OK,20,67.63734600000001,-1.25e9,0.0,false
QUDLIN,5000,0,UNIF_SAR1_PH0_ATR0_SQP_EXPONENTIAL,true,false,false,KKT_OK,16,63.242095,-1.25e9,0.0,false
QUDLIN,5000,0,UNIF_SAR1_PH0_ATR0_SQP_QUASI_NEWTON,true,false,false,KKT_OK,17,241.928046,-1.25e9,0.0,false
RAT42LS,3,0,UNIF_SAR1_PH0_ATR0_SQP_IDENTITY,true,false,false,SMALL_STEP,1112,30.759465,1109.2914711954,0.0,false
RAT42LS,3,0,UNIF_SAR1_PH0_ATR0_SQP_SPECTRAL,true,false,false,SMALL_STEP,1188,32.364841,1092.5875912049455,0.0,false
RAT42LS,3,0,UNIF_SAR1_PH0_ATR0_SQP_RECIPROCAL,true,false,false,SMALL_STEP,1290,35.319956,1102.9411766726732,0.0,false
RAT42LS,3,0,UNIF_SAR1_PH0_ATR0_SQP_EXPONENTIAL,true,false,false,SMALL_STEP,1190,33.547836999999994,1079.830973557677,0.0,false
RAT42LS,3,0,UNIF_SAR1_PH0_ATR0_SQP_QUASI_NEWTON,true,false,false,SMALL_STEP,948,26.773301999999997,104.92946659488935,0.0,false
RAT43LS,4,0,UNIF_SAR1_PH0_ATR0_SQP_IDENTITY,true,false,false,MAX_IT,5000,147.56392400000001,675123.7592454032,0.0,false
RAT43LS,4,0,UNIF_SAR1_PH0_ATR0_SQP_SPECTRAL,true,false,false,MAX_IT,5000,149.117215,688180.8819137508,0.0,false
RAT43LS,4,0,UNIF_SAR1_PH0_ATR0_SQP_RECIPROCAL,true,false,false,MAX_IT,5000,154.540126,731249.965402475,0.0,false
RAT43LS,4,0,UNIF_SAR1_PH0_ATR0_SQP_EXPONENTIAL,true,false,false,MAX_IT,5000,158.164489,780213.4281114901,0.0,false
RAT43LS,4,0,UNIF_SAR1_PH0_ATR0_SQP_QUASI_NEWTON,true,false,false,MAX_IT,5000,157.678397,11411.408925266616,0.0,false
RAYBENDL,2050,0,UNIF_SAR1_PH0_ATR0_SQP_IDENTITY,true,false,false,SMALL_STEP,292,305.87828900000005,97.9548563180132,0.0,false
RAYBENDL,2050,0,UNIF_SAR1_PH0_ATR0_SQP_SPECTRAL,true,false,false,KKT_OK,17,15.323605,98.02258100123623,0.0,false
RAYBENDL,2050,0,UNIF_SAR1_PH0_ATR0_SQP_RECIPROCAL,true,false,false,SMALL_STEP,300,332.948279,97.89877532834409,0.0,false
RAYBENDL,2050,0,UNIF_SAR1_PH0_ATR0_SQP_EXPONENTIAL,true,false,false,SMALL_STEP,288,500.178468,97.8852296759125,0.0,false
RAYBENDL,2050,0,UNIF_SAR1_PH0_ATR0_SQP_QUASI_NEWTON,true,false,false,MAX_IT,5000,6903.782732,97.21674587211919,0.0,false
RAYBENDS,2050,0,UNIF_SAR1_PH0_ATR0_SQP_IDENTITY,true,false,false,MAX_IT,5000,16852.894097,97.77121876403352,0.0,false
RAYBENDS,2050,0,UNIF_SAR1_PH0_ATR0_SQP_SPECTRAL,true,false,false,KKT_OK,10,33.847536999999996,98.02182841073326,0.0,false
RAYBENDS,2050,0,UNIF_SAR1_PH0_ATR0_SQP_RECIPROCAL,true,false,false,MAX_IT,5000,25461.663474,97.66368482197345,0.0,false
RAYBENDS,2050,0,UNIF_SAR1_PH0_ATR0_SQP_EXPONENTIAL,true,false,false,MAX_IT,5000,33629.86798,97.56997806630135,0.0,false
RAYBENDS,2050,0,UNIF_SAR1_PH0_ATR0_SQP_QUASI_NEWTON,true,false,false,MAX_IT,5000,26413.244448,97.05879049849113,0.0,false
RECIPELS,3,0,UNIF_SAR1_PH0_ATR0_SQP_IDENTITY,true,false,false,KKT_OK,89,2.25537,4.180638129866238e-6,0.0,false
RECIPELS,3,0,UNIF_SAR1_PH0_ATR0_SQP_SPECTRAL,true,false,false,SMALL_STEP,48,1.248888,16.662753403113673,0.0,false
RECIPELS,3,0,UNIF_SAR1_PH0_ATR0_SQP_RECIPROCAL,true,false,false,KKT_OK,89,2.281875,3.958265087776333e-6,0.0,false
RECIPELS,3,0,UNIF_SAR1_PH0_ATR0_SQP_EXPONENTIAL,true,false,false,KKT_OK,38,1.006561,7.843408781966809e-6,0.0,false
RECIPELS,3,0,UNIF_SAR1_PH0_ATR0_SQP_QUASI_NEWTON,true,false,false,KKT_OK,23,0.59745,1.0240376630945528e-6,0.0,false
ROSENBR,2,0,UNIF_SAR1_PH0_ATR0_SQP_IDENTITY,true,false,false,SMALL_STEP,1757,52.369657,0.0055653041177776245,0.0,false
ROSENBR,2,0,UNIF_SAR1_PH0_ATR0_SQP_SPECTRAL,true,false,false,SMALL_STEP,1746,45.891239,0.0008318775816962724,0.0,false
ROSENBR,2,0,UNIF_SAR1_PH0_ATR0_SQP_RECIPROCAL,true,false,false,SMALL_STEP,1713,45.80491,0.006354582736110492,0.0,false
ROSENBR,2,0,UNIF_SAR1_PH0_ATR0_SQP_EXPONENTIAL,true,false,false,SMALL_STEP,1295,38.228614,0.005871066459155913,0.0,false
ROSENBR,2,0,UNIF_SAR1_PH0_ATR0_SQP_QUASI_NEWTON,true,false,false,SMALL_STEP,1524,49.347585,0.0033399868074106627,0.0,false
ROSENBRTU,2,0,UNIF_SAR1_PH0_ATR0_SQP_IDENTITY,true,false,false,SMALL_STEP,89,2.189819,0.9509724789792452,0.0,false
ROSENBRTU,2,0,UNIF_SAR1_PH0_ATR0_SQP_SPECTRAL,true,false,false,SMALL_STEP,83,2.0170280000000003,0.9511964949136862,0.0,false
ROSENBRTU,2,0,UNIF_SAR1_PH0_ATR0_SQP_RECIPROCAL,true,false,false,SMALL_STEP,29,0.723226,0.9645212193107425,0.0,false
ROSENBRTU,2,0,UNIF_SAR1_PH0_ATR0_SQP_EXPONENTIAL,true,false,false,SMALL_STEP,26,7.503498,0.9645213647808663,0.0,false
ROSENBRTU,2,0,UNIF_SAR1_PH0_ATR0_SQP_QUASI_NEWTON,true,false,false,SMALL_STEP,21,0.515982,0.9645210083253095,0.0,false
ROSZMAN1LS,4,0,UNIF_SAR1_PH0_ATR0_SQP_IDENTITY,true,false,false,SMALL_STEP,10,0.306382,5.150699567336438,0.0,false
ROSZMAN1LS,4,0,UNIF_SAR1_PH0_ATR0_SQP_SPECTRAL,true,false,false,SMALL_STEP,10,0.289839,5.1506998061231055,0.0,false
ROSZMAN1LS,4,0,UNIF_SAR1_PH0_ATR0_SQP_RECIPROCAL,true,false,false,SMALL_STEP,10,0.29627400000000004,5.150699567634727,0.0,false
ROSZMAN1LS,4,0,UNIF_SAR1_PH0_ATR0_SQP_EXPONENTIAL,true,false,false,SMALL_STEP,10,0.300438,5.150699567288575,0.0,false
ROSZMAN1LS,4,0,UNIF_SAR1_PH0_ATR0_SQP_QUASI_NEWTON,true,false,false,SMALL_STEP,10,0.295918,5.150699127492373,0.0,false
S308,2,0,UNIF_SAR1_PH0_ATR0_SQP_IDENTITY,true,false,false,KKT_OK,22,0.567737,0.7731990624572824,0.0,false
S308,2,0,UNIF_SAR1_PH0_ATR0_SQP_SPECTRAL,true,false,false,KKT_OK,15,0.38609400000000005,0.7731990578672394,0.0,false
S308,2,0,UNIF_SAR1_PH0_ATR0_SQP_RECIPROCAL,true,false,false,KKT_OK,28,6.974002,0.7731991008914604,0.0,false
S308,2,0,UNIF_SAR1_PH0_ATR0_SQP_EXPONENTIAL,true,false,false,KKT_OK,28,0.751176,0.7731990854557784,0.0,false
S308,2,0,UNIF_SAR1_PH0_ATR0_SQP_QUASI_NEWTON,true,false,false,KKT_OK,21,0.521826,0.773199160099345,0.0,false
S368,8,0,UNIF_SAR1_PH0_ATR0_SQP_IDENTITY,true,false,false,KKT_OK,30,0.942736,-0.9374999699366819,0.0,false
S368,8,0,UNIF_SAR1_PH0_ATR0_SQP_SPECTRAL,true,false,false,KKT_OK,9,0.291066,-0.9374999999544551,0.0,false
S368,8,0,UNIF_SAR1_PH0_ATR0_SQP_RECIPROCAL,true,false,false,KKT_OK,24,0.782542,-0.9374999650489124,0.0,false
S368,8,0,UNIF_SAR1_PH0_ATR0_SQP_EXPONENTIAL,true,false,false,KKT_OK,26,0.901529,-0.9374999623376514,0.0,false
S368,8,0,UNIF_SAR1_PH0_ATR0_SQP_QUASI_NEWTON,true,false,false,KKT_OK,14,0.4678,-0.9374999979476284,0.0,false
SANTALS,21,0,UNIF_SAR1_PH0_ATR0_SQP_IDENTITY,true,false,false,KKT_OK,591,26.191068,0.0007820391981037988,0.0,false
SANTALS,21,0,UNIF_SAR1_PH0_ATR0_SQP_SPECTRAL,true,false,false,KKT_OK,107,3.569376,0.00040254639035122583,0.0,false
SANTALS,21,0,UNIF_SAR1_PH0_ATR0_SQP_RECIPROCAL,true,false,false,KKT_OK,695,30.322664,0.0007196709061172863,0.0,false
SANTALS,21,0,UNIF_SAR1_PH0_ATR0_SQP_EXPONENTIAL,true,false,false,SMALL_STEP,663,31.178812999999998,0.0007289470892384172,0.0,false
SANTALS,21,0,UNIF_SAR1_PH0_ATR0_SQP_QUASI_NEWTON,true,false,false,KKT_OK,245,9.099011,0.0005865963875525167,0.0,false
SBRYBND,5000,0,UNIF_SAR1_PH0_ATR0_SQP_IDENTITY,true,false,false,SMALL_STEP,8,27.018531,105215.29949236379,0.0,false
SBRYBND,5000,0,UNIF_SAR1_PH0_ATR0_SQP_SPECTRAL,true,false,false,SMALL_STEP,8,26.377706,105215.29949236379,0.0,false
SBRYBND,5000,0,UNIF_SAR1_PH0_ATR0_SQP_RECIPROCAL,true,false,false,SMALL_STEP,8,25.442526,105215.29949236379,0.0,false
SBRYBND,5000,0,UNIF_SAR1_PH0_ATR0_SQP_EXPONENTIAL,true,false,false,SMALL_STEP,8,26.356574000000002,105215.29949236379,0.0,false
SBRYBND,5000,0,UNIF_SAR1_PH0_ATR0_SQP_QUASI_NEWTON,true,false,false,SMALL_STEP,8,26.746751999999997,105215.29949236379,0.0,false
SCHMVETT,5000,0,UNIF_SAR1_PH0_ATR0_SQP_IDENTITY,true,false,false,SMALL_STEP,140,443.104703,-14993.907842053886,0.0,false
SCHMVETT,5000,0,UNIF_SAR1_PH0_ATR0_SQP_SPECTRAL,true,false,false,SMALL_STEP,53,301.54123500000003,-14993.999994133372,0.0,false
SCHMVETT,5000,0,UNIF_SAR1_PH0_ATR0_SQP_RECIPROCAL,true,false,false,SMALL_STEP,260,788.03152,-14993.900538785458,0.0,false
SCHMVETT,5000,0,UNIF_SAR1_PH0_ATR0_SQP_EXPONENTIAL,true,false,false,SMALL_STEP,173,744.757874,-14993.89366710817,0.0,false
SCHMVETT,5000,0,UNIF_SAR1_PH0_ATR0_SQP_QUASI_NEWTON,true,false,false,SMALL_STEP,266,892.735633,-14993.99914919113,0.0,false
SCOND1LS,5002,0,UNIF_SAR1_PH0_ATR0_SQP_IDENTITY,true,false,false,MAX_IT,5000,20777.862779,220325.38648306156,0.0,false
SCOND1LS,5002,0,UNIF_SAR1_PH0_ATR0_SQP_SPECTRAL,true,false,false,MAX_IT,5000,18226.941628,4450.79332701328,0.0,false
SCOND1LS,5002,0,UNIF_SAR1_PH0_ATR0_SQP_RECIPROCAL,true,false,false,MAX_IT,5000,24349.690394,122855.30506334339,0.0,false
SCOND1LS,5002,0,UNIF_SAR1_PH0_ATR0_SQP_EXPONENTIAL,true,false,false,MAX_IT,5000,25939.993591,116913.06728307798,0.0,false
SCOND1LS,5002,0,UNIF_SAR1_PH0_ATR0_SQP_QUASI_NEWTON,true,false,false,MAX_IT,5000,24939.730279,27817.11438279061,0.0,false
SCOSINE,5000,0,UNIF_SAR1_PH0_ATR0_SQP_IDENTITY,true,false,false,SMALL_STEP,9,34.540574,2222.5104612251007,0.0,false
SCOSINE,5000,0,UNIF_SAR1_PH0_ATR0_SQP_SPECTRAL,true,false,false,SMALL_STEP,9,34.611779000000006,2222.5104612251007,0.0,false
SCOSINE,5000,0,UNIF_SAR1_PH0_ATR0_SQP_RECIPROCAL,true,false,false,SMALL_STEP,9,34.199611999999995,2222.5104612251007,0.0,false
SCOSINE,5000,0,UNIF_SAR1_PH0_ATR0_SQP_EXPONENTIAL,true,false,false,SMALL_STEP,9,37.513292,2222.5104612251007,0.0,false
SCOSINE,5000,0,UNIF_SAR1_PH0_ATR0_SQP_QUASI_NEWTON,true,false,false,SMALL_STEP,9,34.013574999999996,2222.5104612251007,0.0,false
SCURLY10,10000,0,UNIF_SAR1_PH0_ATR0_SQP_IDENTITY,true,false,false,SMALL_STEP,713,7105.641465,6.021609667705735e15,0.0,false
SCURLY10,10000,0,UNIF_SAR1_PH0_ATR0_SQP_SPECTRAL,true,false,false,SMALL_STEP,713,7007.61503,6.023188731152734e15,0.0,false
SCURLY10,10000,0,UNIF_SAR1_PH0_ATR0_SQP_RECIPROCAL,true,false,false,SMALL_STEP,715,7258.6055719999995,5.59954112431671e15,0.0,false
SCURLY10,10000,0,UNIF_SAR1_PH0_ATR0_SQP_EXPONENTIAL,true,false,false,SMALL_STEP,715,7375.946349000001,5.599533820603642e15,0.0,false
SCURLY10,10000,0,UNIF_SAR1_PH0_ATR0_SQP_QUASI_NEWTON,true,false,false,SMALL_STEP,737,7465.82366,5.407886277059259e15,0.0,false
SCURLY20,10000,0,UNIF_SAR1_PH0_ATR0_SQP_IDENTITY,true,false,false,SMALL_STEP,1009,9651.364471,2.662537224042641e17,0.0,false
SCURLY20,10000,0,UNIF_SAR1_PH0_ATR0_SQP_SPECTRAL,true,false,false,SMALL_STEP,1141,11194.491057000001,2.0668140842673738e17,0.0,false
SCURLY20,10000,0,UNIF_SAR1_PH0_ATR0_SQP_RECIPROCAL,true,false,false,SMALL_STEP,1041,10496.997974999998,2.7427916073982013e17,0.0,false
SCURLY20,10000,0,UNIF_SAR1_PH0_ATR0_SQP_EXPONENTIAL,true,false,false,SMALL_STEP,1189,12455.375606,1.7178065939068074e17,0.0,false
SCURLY20,10000,0,UNIF_SAR1_PH0_ATR0_SQP_QUASI_NEWTON,true,false,false,SMALL_STEP,1090,10948.02213,1.9163089187947747e17,0.0,false
SCURLY30,10000,0,UNIF_SAR1_PH0_ATR0_SQP_IDENTITY,true,false,false,SMALL_STEP,800,7886.954523,1.4121957393595638e18,0.0,false
SCURLY30,10000,0,UNIF_SAR1_PH0_ATR0_SQP_SPECTRAL,true,false,false,SMALL_STEP,800,7879.230486,1.4122069931752256e18,0.0,false
SCURLY30,10000,0,UNIF_SAR1_PH0_ATR0_SQP_RECIPROCAL,true,false,false,SMALL_STEP,967,9843.886825,1.2823907370470374e18,0.0,false
SCURLY30,10000,0,UNIF_SAR1_PH0_ATR0_SQP_EXPONENTIAL,true,false,false,SMALL_STEP,967,10562.84785,1.2823902311545672e18,0.0,false
SCURLY30,10000,0,UNIF_SAR1_PH0_ATR0_SQP_QUASI_NEWTON,true,false,false,SMALL_STEP,996,10274.334906,1.253286350430032e18,0.0,false
SENSORS,100,0,UNIF_SAR1_PH0_ATR0_SQP_IDENTITY,true,false,false,SMALL_STEP,95,51.060703,-2088.279764673467,0.0,false
SENSORS,100,0,UNIF_SAR1_PH0_ATR0_SQP_SPECTRAL,true,false,false,SMALL_STEP,129,62.284911,-2088.281245846544,0.0,false
SENSORS,100,0,UNIF_SAR1_PH0_ATR0_SQP_RECIPROCAL,true,false,false,SMALL_STEP,260,237.504593,-2068.029045973378,0.0,false
SENSORS,100,0,UNIF_SAR1_PH0_ATR0_SQP_EXPONENTIAL,true,false,false,SMALL_STEP,123,154.31261800000001,-2109.3569641408426,0.0,false
SENSORS,100,0,UNIF_SAR1_PH0_ATR0_SQP_QUASI_NEWTON,true,false,false,SMALL_STEP,49,39.962803,-2108.5312497394802,0.0,false
SIM2BQP,2,0,UNIF_SAR1_PH0_ATR0_SQP_IDENTITY,true,false,false,KKT_OK,6,0.16681300000000002,1.8749976613948944e-16,0.0,false
SIM2BQP,2,0,UNIF_SAR1_PH0_ATR0_SQP_SPECTRAL,true,false,false,KKT_OK,6,0.154351,1.874997661395145e-16,0.0,false
SIM2BQP,2,0,UNIF_SAR1_PH0_ATR0_SQP_RECIPROCAL,true,false,false,KKT_OK,6,0.15665500000000002,1.8749976613952497e-16,0.0,false
SIM2BQP,2,0,UNIF_SAR1_PH0_ATR0_SQP_EXPONENTIAL,true,false,false,KKT_OK,6,0.152983,1.8749976613947806e-16,0.0,false
SIM2BQP,2,0,UNIF_SAR1_PH0_ATR0_SQP_QUASI_NEWTON,true,false,false,KKT_OK,6,0.151853,1.8749976613946213e-16,0.0,false
SIMBQP,2,0,UNIF_SAR1_PH0_ATR0_SQP_IDENTITY,true,false,false,KKT_OK,40,0.9923779999999999,4.771750606937825e-9,0.0,false
SIMBQP,2,0,UNIF_SAR1_PH0_ATR0_SQP_SPECTRAL,true,false,false,KKT_OK,17,0.433492,1.0032085043404865e-14,0.0,false
SIMBQP,2,0,UNIF_SAR1_PH0_ATR0_SQP_RECIPROCAL,true,false,false,KKT_OK,40,1.115784,7.927309589684498e-9,0.0,false
SIMBQP,2,0,UNIF_SAR1_PH0_ATR0_SQP_EXPONENTIAL,true,false,false,KKT_OK,16,0.436125,2.3416535761085403e-15,0.0,false
SIMBQP,2,0,UNIF_SAR1_PH0_ATR0_SQP_QUASI_NEWTON,true,false,false,KKT_OK,16,0.424394,1.126557249737232e-15,0.0,false
SINEALI,1000,0,UNIF_SAR1_PH0_ATR0_SQP_IDENTITY,true,false,false,SMALL_STEP,17,9.449503,-99900.96153471753,0.0,false
SINEALI,1000,0,UNIF_SAR1_PH0_ATR0_SQP_SPECTRAL,true,false,false,SMALL_STEP,15,6.832502,-99900.96164776555,0.0,false
SINEALI,1000,0,UNIF_SAR1_PH0_ATR0_SQP_RECIPROCAL,true,false,false,SMALL_STEP,21,11.314668,-99900.96153472636,0.0,false
SINEALI,1000,0,UNIF_SAR1_PH0_ATR0_SQP_EXPONENTIAL,true,false,false,SMALL_STEP,25,14.082529,-99900.96161758908,0.0,false
SINEALI,1000,0,UNIF_SAR1_PH0_ATR0_SQP_QUASI_NEWTON,true,false,false,SMALL_STEP,21,11.462329,-99900.96164282152,0.0,false
SINEVAL,2,0,UNIF_SAR1_PH0_ATR0_SQP_IDENTITY,true,false,false,MAX_IT,5000,129.89847400000002,0.33970429291116383,0.0,false
SINEVAL,2,0,UNIF_SAR1_PH0_ATR0_SQP_SPECTRAL,true,false,false,SMALL_STEP,3683,96.472343,0.032259574141708235,0.0,false
SINEVAL,2,0,UNIF_SAR1_PH0_ATR0_SQP_RECIPROCAL,true,false,false,MAX_IT,5000,131.62939400000002,0.33471903917644363,0.0,false
SINEVAL,2,0,UNIF_SAR1_PH0_ATR0_SQP_EXPONENTIAL,true,false,false,MAX_IT,5000,135.514909,0.3037255555373008,0.0,false
SINEVAL,2,0,UNIF_SAR1_PH0_ATR0_SQP_QUASI_NEWTON,true,false,false,MAX_IT,5000,133.756668,0.10085328409767955,0.0,false
SINQUAD,5000,0,UNIF_SAR1_PH0_ATR0_SQP_IDENTITY,true,false,false,SMALL_STEP,124,362.644925,-6.7570137573148385e6,0.0,false
SINQUAD,5000,0,UNIF_SAR1_PH0_ATR0_SQP_SPECTRAL,true,false,false,MAX_IT,5000,16610.119617,-6.756920769662138e6,0.0,false
SINQUAD,5000,0,UNIF_SAR1_PH0_ATR0_SQP_RECIPROCAL,true,false,false,SMALL_STEP,109,364.08581000000004,-6.757013757182598e6,0.0,false
SINQUAD,5000,0,UNIF_SAR1_PH0_ATR0_SQP_EXPONENTIAL,true,false,false,SMALL_STEP,117,418.436499,-6.757013757041107e6,0.0,false
SINQUAD,5000,0,UNIF_SAR1_PH0_ATR0_SQP_QUASI_NEWTON,true,false,false,SMALL_STEP,105,345.96674,-6.757013757316504e6,0.0,false
SINQUAD2,5000,0,UNIF_SAR1_PH0_ATR0_SQP_IDENTITY,true,false,false,SMALL_STEP,21,206.293263,0.6324276411948466,0.0,false
SINQUAD2,5000,0,UNIF_SAR1_PH0_ATR0_SQP_SPECTRAL,true,false,false,SMALL_STEP,252,626.458854,0.2540633685893204,0.0,false
SINQUAD2,5000,0,UNIF_SAR1_PH0_ATR0_SQP_RECIPROCAL,true,false,false,SMALL_STEP,21,54.102883,0.6324276420640186,0.0,false
SINQUAD2,5000,0,UNIF_SAR1_PH0_ATR0_SQP_EXPONENTIAL,true,false,false,SMALL_STEP,149,571.369321,0.5894278887025723,0.0,false
SINQUAD2,5000,0,UNIF_SAR1_PH0_ATR0_SQP_QUASI_NEWTON,true,false,false,SMALL_STEP,926,2898.248207,0.25277367544344975,0.0,false
SISSER,2,0,UNIF_SAR1_PH0_ATR0_SQP_IDENTITY,true,false,false,KKT_OK,7,0.18892099999999998,3.3000669221398127e-7,0.0,false
SISSER,2,0,UNIF_SAR1_PH0_ATR0_SQP_SPECTRAL,true,false,false,KKT_OK,14,0.345792,9.569766100459138e-7,0.0,false
SISSER,2,0,UNIF_SAR1_PH0_ATR0_SQP_RECIPROCAL,true,false,false,KKT_OK,8,0.204026,5.930139836704539e-15,0.0,false
SISSER,2,0,UNIF_SAR1_PH0_ATR0_SQP_EXPONENTIAL,true,false,false,KKT_OK,12,0.313285,7.192462191024216e-7,0.0,false
SISSER,2,0,UNIF_SAR1_PH0_ATR0_SQP_QUASI_NEWTON,true,false,false,KKT_OK,14,0.34698999999999997,9.569765579914604e-7,0.0,false
SISSER2,2,0,UNIF_SAR1_PH0_ATR0_SQP_IDENTITY,true,false,false,KKT_OK,13,0.355806,1.4574641745902395e-6,0.0,false
SISSER2,2,0,UNIF_SAR1_PH0_ATR0_SQP_SPECTRAL,true,false,false,KKT_OK,14,0.349514,2.2907997289519583e-6,0.0,false
SISSER2,2,0,UNIF_SAR1_PH0_ATR0_SQP_RECIPROCAL,true,false,false,KKT_OK,9,0.23588,4.72409264979816e-19,0.0,false
SISSER2,2,0,UNIF_SAR1_PH0_ATR0_SQP_EXPONENTIAL,true,false,false,KKT_OK,14,0.372746,2.0105230102767213e-6,0.0,false
SISSER2,2,0,UNIF_SAR1_PH0_ATR0_SQP_QUASI_NEWTON,true,false,false,KKT_OK,14,0.35551499999999997,6.921779687424784e-7,0.0,false
SNAIL,2,0,UNIF_SAR1_PH0_ATR0_SQP_IDENTITY,true,false,false,KKT_OK,2158,56.983988,7.134901099618604e-8,0.0,false
SNAIL,2,0,UNIF_SAR1_PH0_ATR0_SQP_SPECTRAL,true,false,false,KKT_OK,360,8.745398,2.1681380071483176e-16,0.0,false
SNAIL,2,0,UNIF_SAR1_PH0_ATR0_SQP_RECIPROCAL,true,false,false,KKT_OK,2315,61.736886999999996,2.8525717739916164e-8,0.0,false
SNAIL,2,0,UNIF_SAR1_PH0_ATR0_SQP_EXPONENTIAL,true,false,false,KKT_OK,2067,57.606742000000004,4.829130209704221e-10,0.0,false
SNAIL,2,0,UNIF_SAR1_PH0_ATR0_SQP_QUASI_NEWTON,true,false,false,KKT_OK,934,26.680483000000002,1.887758519314252e-21,0.0,false
SPARSINE,5000,0,UNIF_SAR1_PH0_ATR0_SQP_IDENTITY,true,false,false,SMALL_STEP,28,76.43503799999999,0.12777661445027824,0.0,false
SPARSINE,5000,0,UNIF_SAR1_PH0_ATR0_SQP_SPECTRAL,true,false,false,SMALL_STEP,28,83.168279,8.888745895299774,0.0,false
SPARSINE,5000,0,UNIF_SAR1_PH0_ATR0_SQP_RECIPROCAL,true,false,false,SMALL_STEP,28,76.227042,0.12777981843066394,0.0,false
SPARSINE,5000,0,UNIF_SAR1_PH0_ATR0_SQP_EXPONENTIAL,true,false,false,SMALL_STEP,10,28.590345,0.001189769021681226,0.0,false
SPARSINE,5000,0,UNIF_SAR1_PH0_ATR0_SQP_QUASI_NEWTON,true,false,false,SMALL_STEP,17,48.132203999999994,9.630308382653303e-13,0.0,false
SPARSQUR,10000,0,UNIF_SAR1_PH0_ATR0_SQP_IDENTITY,true,false,false,KKT_OK,6,31.283262999999998,7.517404236778265e-27,0.0,false
SPARSQUR,10000,0,UNIF_SAR1_PH0_ATR0_SQP_SPECTRAL,true,false,false,KKT_OK,23,122.98630100000001,1.978271918062611e-5,0.0,false
SPARSQUR,10000,0,UNIF_SAR1_PH0_ATR0_SQP_RECIPROCAL,true,false,false,KKT_OK,6,30.92785,3.4435540033298044e-26,0.0,false
SPARSQUR,10000,0,UNIF_SAR1_PH0_ATR0_SQP_EXPONENTIAL,true,false,false,KKT_OK,185,1386.26209,4.164274092074215e-6,0.0,false
SPARSQUR,10000,0,UNIF_SAR1_PH0_ATR0_SQP_QUASI_NEWTON,true,false,false,KKT_OK,23,123.527754,9.6512551646606e-5,0.0,false
SPECAN,9,0,UNIF_SAR1_PH0_ATR0_SQP_IDENTITY,true,false,false,SMALL_STEP,2438,945.922501,0.34841417280516646,0.0,false
SPECAN,9,0,UNIF_SAR1_PH0_ATR0_SQP_SPECTRAL,true,false,false,SMALL_STEP,986,410.779332,0.05576966701484928,0.0,false
SPECAN,9,0,UNIF_SAR1_PH0_ATR0_SQP_RECIPROCAL,true,false,false,SMALL_STEP,1734,1235.577722,0.2112692011638093,0.0,false
SPECAN,9,0,UNIF_SAR1_PH0_ATR0_SQP_EXPONENTIAL,true,false,false,SMALL_STEP,2174,2239.677688,0.13181481476025367,0.0,false
SPECAN,9,0,UNIF_SAR1_PH0_ATR0_SQP_QUASI_NEWTON,true,false,false,SMALL_STEP,351,240.446337,0.04260052660592172,0.0,false
SPIN2LS,102,0,UNIF_SAR1_PH0_ATR0_SQP_IDENTITY,true,false,false,SMALL_STEP,2362,340.077589,0.4703751931215129,0.0,false
SPIN2LS,102,0,UNIF_SAR1_PH0_ATR0_SQP_SPECTRAL,true,false,false,SMALL_STEP,79,10.241088000000001,0.0022180233552062454,0.0,false
SPIN2LS,102,0,UNIF_SAR1_PH0_ATR0_SQP_RECIPROCAL,true,false,false,SMALL_STEP,2281,658.583368,0.4342165716516403,0.0,false
SPIN2LS,102,0,UNIF_SAR1_PH0_ATR0_SQP_EXPONENTIAL,true,false,false,SMALL_STEP,3563,982.036639,0.34276029208358944,0.0,false
SPIN2LS,102,0,UNIF_SAR1_PH0_ATR0_SQP_QUASI_NEWTON,true,false,false,SMALL_STEP,1294,256.18012600000003,0.005804687439066923,0.0,false
SPINLS,1327,0,UNIF_SAR1_PH0_ATR0_SQP_IDENTITY,true,false,false,SMALL_STEP,836,715.1677360000001,108.68047439367706,0.0,false
SPINLS,1327,0,UNIF_SAR1_PH0_ATR0_SQP_SPECTRAL,true,false,false,SMALL_STEP,2771,2506.6701980000003,80.46923077759558,0.0,false
SPINLS,1327,0,UNIF_SAR1_PH0_ATR0_SQP_RECIPROCAL,true,false,false,SMALL_STEP,548,712.125217,37.55917388358406,0.0,false
SPINLS,1327,0,UNIF_SAR1_PH0_ATR0_SQP_EXPONENTIAL,true,false,false,SMALL_STEP,514,577.773726,41.424460078129535,0.0,false
SPINLS,1327,0,UNIF_SAR1_PH0_ATR0_SQP_QUASI_NEWTON,true,false,false,SMALL_STEP,519,516.59045,31.099663870420407,0.0,false
SPMSRTLS,4999,0,UNIF_SAR1_PH0_ATR0_SQP_IDENTITY,true,false,false,SMALL_STEP,420,1670.995464,0.13013369014046733,0.0,false
SPMSRTLS,4999,0,UNIF_SAR1_PH0_ATR0_SQP_SPECTRAL,true,false,false,SMALL_STEP,127,328.353353,0.08387316260740378,0.0,false
SPMSRTLS,4999,0,UNIF_SAR1_PH0_ATR0_SQP_RECIPROCAL,true,false,false,SMALL_STEP,346,1316.991175,0.038648235600166045,0.0,false
SPMSRTLS,4999,0,UNIF_SAR1_PH0_ATR0_SQP_EXPONENTIAL,true,false,false,SMALL_STEP,434,1739.658977,0.12950340727115847,0.0,false
SPMSRTLS,4999,0,UNIF_SAR1_PH0_ATR0_SQP_QUASI_NEWTON,true,false,false,SMALL_STEP,235,828.0208319999999,0.0003593690638243938,0.0,false
SROSENBR,5000,0,UNIF_SAR1_PH0_ATR0_SQP_IDENTITY,true,false,false,SMALL_STEP,1358,3892.116403,16.011062363689152,0.0,false
SROSENBR,5000,0,UNIF_SAR1_PH0_ATR0_SQP_SPECTRAL,true,false,false,KKT_OK,130,361.797785,0.0019416179908343858,0.0,false
SROSENBR,5000,0,UNIF_SAR1_PH0_ATR0_SQP_RECIPROCAL,true,false,false,SMALL_STEP,1364,4127.380524,15.996483984505222,0.0,false
SROSENBR,5000,0,UNIF_SAR1_PH0_ATR0_SQP_EXPONENTIAL,true,false,false,SMALL_STEP,1254,4142.698896,8.766339270247666,0.0,false
SROSENBR,5000,0,UNIF_SAR1_PH0_ATR0_SQP_QUASI_NEWTON,true,false,false,SMALL_STEP,1437,4379.189149,6.5267806069808145,0.0,false
SSBRYBND,5000,0,UNIF_SAR1_PH0_ATR0_SQP_IDENTITY,true,false,false,SMALL_STEP,277,1119.935289,13396.026012568627,0.0,false
SSBRYBND,5000,0,UNIF_SAR1_PH0_ATR0_SQP_SPECTRAL,true,false,false,SMALL_STEP,295,1277.3476939999998,12817.949797431591,0.0,false
SSBRYBND,5000,0,UNIF_SAR1_PH0_ATR0_SQP_RECIPROCAL,true,false,false,SMALL_STEP,780,3109.0691779999997,2754.417648879026,0.0,false
SSBRYBND,5000,0,UNIF_SAR1_PH0_ATR0_SQP_EXPONENTIAL,true,false,false,SMALL_STEP,752,3190.1312470000003,2789.7510353748544,0.0,false
SSBRYBND,5000,0,UNIF_SAR1_PH0_ATR0_SQP_QUASI_NEWTON,true,false,false,SMALL_STEP,752,3197.368597,1052.5776039449738,0.0,false
SSC,5184,0,UNIF_SAR1_PH0_ATR0_SQP_IDENTITY,true,false,false,KKT_OK,224,814.461726,-2.0383953167797153,0.0,false
SSC,5184,0,UNIF_SAR1_PH0_ATR0_SQP_SPECTRAL,true,false,false,KKT_OK,8,22.870309,-2.0079852948700205,0.0,false
SSC,5184,0,UNIF_SAR1_PH0_ATR0_SQP_RECIPROCAL,true,false,false,SMALL_STEP,476,1694.662853,-2.051315744509065,0.0,false
SSC,5184,0,UNIF_SAR1_PH0_ATR0_SQP_EXPONENTIAL,true,false,false,SMALL_STEP,516,2034.938051,-2.0522182541091634,0.0,false
SSC,5184,0,UNIF_SAR1_PH0_ATR0_SQP_QUASI_NEWTON,true,false,false,KKT_OK,487,2055.609153,-2.0673952956352664,0.0,false
SSCOSINE,5000,0,UNIF_SAR1_PH0_ATR0_SQP_IDENTITY,true,false,false,SMALL_STEP,12,212.89039400000001,-947.433932393315,0.0,false
SSCOSINE,5000,0,UNIF_SAR1_PH0_ATR0_SQP_SPECTRAL,true,false,false,SMALL_STEP,12,40.558177,-947.1875989316845,0.0,false
SSCOSINE,5000,0,UNIF_SAR1_PH0_ATR0_SQP_RECIPROCAL,true,false,false,SMALL_STEP,12,39.44303,-947.4339283099871,0.0,false
SSCOSINE,5000,0,UNIF_SAR1_PH0_ATR0_SQP_EXPONENTIAL,true,false,false,SMALL_STEP,12,43.743678,-948.5343308294055,0.0,false
SSCOSINE,5000,0,UNIF_SAR1_PH0_ATR0_SQP_QUASI_NEWTON,true,false,false,SMALL_STEP,15,52.749743,-1520.8468856406819,0.0,false
SSI,3,0,UNIF_SAR1_PH0_ATR0_SQP_IDENTITY,true,false,false,SMALL_STEP,4374,111.407034,0.02593697215018418,0.0,false
SSI,3,0,UNIF_SAR1_PH0_ATR0_SQP_SPECTRAL,true,false,false,MAX_IT,5000,130.69239199999998,0.02607916817351937,0.0,false
SSI,3,0,UNIF_SAR1_PH0_ATR0_SQP_RECIPROCAL,true,false,false,SMALL_STEP,4228,115.215426,0.025956155849727325,0.0,false
SSI,3,0,UNIF_SAR1_PH0_ATR0_SQP_EXPONENTIAL,true,false,false,MAX_IT,5000,136.16133,0.02431727058232151,0.0,false
SSI,3,0,UNIF_SAR1_PH0_ATR0_SQP_QUASI_NEWTON,true,false,false,SMALL_STEP,3177,88.30577100000001,0.015468872608349293,0.0,false
STRATEC,10,0,UNIF_SAR1_PH0_ATR0_SQP_IDENTITY,true,false,false,SMALL_STEP,422,919.2942039999999,2643.1498190543157,0.0,false
STRATEC,10,0,UNIF_SAR1_PH0_ATR0_SQP_SPECTRAL,true,false,false,SMALL_STEP,659,1479.832815,2616.2054029116775,0.0,false
STRATEC,10,0,UNIF_SAR1_PH0_ATR0_SQP_RECIPROCAL,true,false,false,SMALL_STEP,465,2053.7509370000002,2636.823838089649,0.0,false
STRATEC,10,0,UNIF_SAR1_PH0_ATR0_SQP_EXPONENTIAL,true,false,false,SMALL_STEP,481,3175.663789,2632.823898347161,0.0,false
STRATEC,10,0,UNIF_SAR1_PH0_ATR0_SQP_QUASI_NEWTON,true,false,false,SMALL_STEP,64,239.614634,2478.5165817839243,0.0,false
STREG,4,0,UNIF_SAR1_PH0_ATR0_SQP_IDENTITY,true,false,false,MAX_IT,5000,143.149575,9.999990005002497e19,0.0,false
STREG,4,0,UNIF_SAR1_PH0_ATR0_SQP_SPECTRAL,true,false,false,MAX_IT,5000,145.41811299999998,9.999990005002497e19,0.0,false
STREG,4,0,UNIF_SAR1_PH0_ATR0_SQP_RECIPROCAL,true,false,false,MAX_IT,5000,145.553436,9.999990005002497e19,0.0,false
STREG,4,0,UNIF_SAR1_PH0_ATR0_SQP_EXPONENTIAL,true,false,false,MAX_IT,5000,154.10960400000002,9.999990005002497e19,0.0,false
STREG,4,0,UNIF_SAR1_PH0_ATR0_SQP_QUASI_NEWTON,true,false,false,MAX_IT,5000,144.949073,9.999990005002497e19,0.0,false
STRTCHDV,10,0,UNIF_SAR1_PH0_ATR0_SQP_IDENTITY,true,false,false,KKT_OK,8,0.31995199999999996,1.0931454523100939e-8,0.0,false
STRTCHDV,10,0,UNIF_SAR1_PH0_ATR0_SQP_SPECTRAL,true,false,false,KKT_OK,12,0.398391,4.629693838658633e-7,0.0,false
STRTCHDV,10,0,UNIF_SAR1_PH0_ATR0_SQP_RECIPROCAL,true,false,false,KKT_OK,8,0.25268300000000005,2.5064431224867834e-9,0.0,false
STRTCHDV,10,0,UNIF_SAR1_PH0_ATR0_SQP_EXPONENTIAL,true,false,false,KKT_OK,8,0.2622,1.6046138689387334e-10,0.0,false
STRTCHDV,10,0,UNIF_SAR1_PH0_ATR0_SQP_QUASI_NEWTON,true,false,false,KKT_OK,11,0.340581,1.0193277970413107e-6,0.0,false
STRTCHDVB,10,0,UNIF_SAR1_PH0_ATR0_SQP_IDENTITY,true,false,false,KKT_OK,8,0.26067799999999997,1.0931454523100939e-8,0.0,false
STRTCHDVB,10,0,UNIF_SAR1_PH0_ATR0_SQP_SPECTRAL,true,false,false,KKT_OK,12,0.36653199999999997,4.629693838658633e-7,0.0,false
STRTCHDVB,10,0,UNIF_SAR1_PH0_ATR0_SQP_RECIPROCAL,true,false,false,KKT_OK,8,0.24867,2.5064431224867834e-9,0.0,false
STRTCHDVB,10,0,UNIF_SAR1_PH0_ATR0_SQP_EXPONENTIAL,true,false,false,KKT_OK,8,0.256224,1.6046138689387334e-10,0.0,false
STRTCHDVB,10,0,UNIF_SAR1_PH0_ATR0_SQP_QUASI_NEWTON,true,false,false,KKT_OK,11,0.33890899999999996,1.0193277970413107e-6,0.0,false
TAME,2,1,UNIF_SAR1_PH0_ATR0_SQP_IDENTITY,true,false,false,KKT_OK,0,0.010296,0.0,1.0,false
TAME,2,1,UNIF_SAR1_PH0_ATR0_SQP_SPECTRAL,true,false,false,KKT_OK,0,0.006725999999999999,0.0,1.0,false
TAME,2,1,UNIF_SAR1_PH0_ATR0_SQP_RECIPROCAL,true,false,false,KKT_OK,0,0.005356,0.0,1.0,false
TAME,2,1,UNIF_SAR1_PH0_ATR0_SQP_EXPONENTIAL,true,false,false,KKT_OK,0,0.004988,0.0,1.0,false
TAME,2,1,UNIF_SAR1_PH0_ATR0_SQP_QUASI_NEWTON,true,false,false,KKT_OK,0,0.005096,0.0,1.0,false
TESTQUAD,10,0,UNIF_SAR1_PH0_ATR0_SQP_IDENTITY,true,false,false,SMALL_STEP,15,0.462096,1.9323275030475516e-6,0.0,false
TESTQUAD,10,0,UNIF_SAR1_PH0_ATR0_SQP_SPECTRAL,true,false,false,SMALL_STEP,21,0.65275,2.432813794206659,0.0,false
TESTQUAD,10,0,UNIF_SAR1_PH0_ATR0_SQP_RECIPROCAL,true,false,false,KKT_OK,10,0.318531,5.249846554339898e-9,0.0,false
TESTQUAD,10,0,UNIF_SAR1_PH0_ATR0_SQP_EXPONENTIAL,true,false,false,KKT_OK,11,0.32300999999999996,1.352991184562468e-9,0.0,false
TESTQUAD,10,0,UNIF_SAR1_PH0_ATR0_SQP_QUASI_NEWTON,true,false,false,KKT_OK,7,0.217329,1.4768453137224617e-32,0.0,false
THURBERLS,7,0,UNIF_SAR1_PH0_ATR0_SQP_IDENTITY,true,false,false,SMALL_STEP,347,9.798491,993028.7098617305,0.0,false
THURBERLS,7,0,UNIF_SAR1_PH0_ATR0_SQP_SPECTRAL,true,false,false,SMALL_STEP,344,13.528383999999999,993042.841615893,0.0,false
THURBERLS,7,0,UNIF_SAR1_PH0_ATR0_SQP_RECIPROCAL,true,false,false,SMALL_STEP,160,4.706125,993955.0623684031,0.0,false
THURBERLS,7,0,UNIF_SAR1_PH0_ATR0_SQP_EXPONENTIAL,true,false,false,SMALL_STEP,222,6.839760999999999,994205.5306003579,0.0,false
THURBERLS,7,0,UNIF_SAR1_PH0_ATR0_SQP_QUASI_NEWTON,true,false,false,MAX_IT,5000,165.546788,924205.6625419623,0.0,false
TOINTGOR,50,0,UNIF_SAR1_PH0_ATR0_SQP_IDENTITY,true,false,false,SMALL_STEP,1262,100.695616,1373.9058993229519,0.0,false
TOINTGOR,50,0,UNIF_SAR1_PH0_ATR0_SQP_SPECTRAL,true,false,false,SMALL_STEP,210,159.789301,1373.9055234371751,0.0,false
TOINTGOR,50,0,UNIF_SAR1_PH0_ATR0_SQP_RECIPROCAL,true,false,false,SMALL_STEP,1550,84.968464,1373.906183800823,0.0,false
TOINTGOR,50,0,UNIF_SAR1_PH0_ATR0_SQP_EXPONENTIAL,true,false,false,SMALL_STEP,1154,69.269033,1373.9058497263675,0.0,false
TOINTGOR,50,0,UNIF_SAR1_PH0_ATR0_SQP_QUASI_NEWTON,true,false,false,SMALL_STEP,570,32.274781000000004,1373.9054777058993,0.0,false
TOINTGSS,5000,0,UNIF_SAR1_PH0_ATR0_SQP_IDENTITY,true,false,false,KKT_OK,29,70.617569,10.002075291958095,0.0,false
TOINTGSS,5000,0,UNIF_SAR1_PH0_ATR0_SQP_SPECTRAL,true,false,false,KKT_OK,16,41.791697,10.002001150255353,0.0,false
TOINTGSS,5000,0,UNIF_SAR1_PH0_ATR0_SQP_RECIPROCAL,true,false,false,KKT_OK,29,245.841263,10.002075293803522,0.0,false
TOINTGSS,5000,0,UNIF_SAR1_PH0_ATR0_SQP_EXPONENTIAL,true,false,false,SMALL_STEP,25,72.757185,10.003705517211229,0.0,false
TOINTGSS,5000,0,UNIF_SAR1_PH0_ATR0_SQP_QUASI_NEWTON,true,false,false,KKT_OK,28,76.071456,10.002000849671525,0.0,false
TOINTPSP,50,0,UNIF_SAR1_PH0_ATR0_SQP_IDENTITY,true,false,false,SMALL_STEP,543,30.404729,225.56060760644925,0.0,false
TOINTPSP,50,0,UNIF_SAR1_PH0_ATR0_SQP_SPECTRAL,true,false,false,SMALL_STEP,162,7.346087000000001,225.56055799716648,0.0,false
TOINTPSP,50,0,UNIF_SAR1_PH0_ATR0_SQP_RECIPROCAL,true,false,false,SMALL_STEP,500,27.160778,225.5606150892978,0.0,false
TOINTPSP,50,0,UNIF_SAR1_PH0_ATR0_SQP_EXPONENTIAL,true,false,false,SMALL_STEP,607,34.868965,225.56060933442862,0.0,false
TOINTPSP,50,0,UNIF_SAR1_PH0_ATR0_SQP_QUASI_NEWTON,true,false,false,SMALL_STEP,195,9.810569,225.56043594552625,0.0,false
TOINTQOR,50,0,UNIF_SAR1_PH0_ATR0_SQP_IDENTITY,true,false,false,SMALL_STEP,517,27.601447,1175.4722905419574,0.0,false
TOINTQOR,50,0,UNIF_SAR1_PH0_ATR0_SQP_SPECTRAL,true,false,false,SMALL_STEP,62,2.9611,1175.4722241672437,0.0,false
TOINTQOR,50,0,UNIF_SAR1_PH0_ATR0_SQP_RECIPROCAL,true,false,false,SMALL_STEP,440,24.95169,1175.4723054915387,0.0,false
TOINTQOR,50,0,UNIF_SAR1_PH0_ATR0_SQP_EXPONENTIAL,true,false,false,SMALL_STEP,568,31.220313,1175.4722498516073,0.0,false
TOINTQOR,50,0,UNIF_SAR1_PH0_ATR0_SQP_QUASI_NEWTON,true,false,false,KKT_OK,100,6.770194,1175.47222250211,0.0,false
TORSION1,5476,0,UNIF_SAR1_PH0_ATR0_SQP_IDENTITY,true,false,false,SMALL_STEP,315,1254.115433,-0.42100267776930433,0.0,false
TORSION1,5476,0,UNIF_SAR1_PH0_ATR0_SQP_SPECTRAL,true,false,false,KKT_OK,59,196.79622799999999,-0.41962111308206007,0.0,false
TORSION1,5476,0,UNIF_SAR1_PH0_ATR0_SQP_RECIPROCAL,true,false,false,SMALL_STEP,267,1093.671896,-0.4200280143653652,0.0,false
TORSION1,5476,0,UNIF_SAR1_PH0_ATR0_SQP_EXPONENTIAL,true,false,false,SMALL_STEP,277,1276.944214,-0.41919030018373127,0.0,false
TORSION1,5476,0,UNIF_SAR1_PH0_ATR0_SQP_QUASI_NEWTON,true,false,false,MAX_IT,5000,35657.690656,17.04291558083326,0.0,false
TORSION2,5476,0,UNIF_SAR1_PH0_ATR0_SQP_IDENTITY,true,false,false,MAX_IT,5000,24740.607247,669.7588937474063,0.0,false
TORSION2,5476,0,UNIF_SAR1_PH0_ATR0_SQP_SPECTRAL,true,false,false,KKT_OK,8,28.072491000000003,-0.051497353250192134,0.0,false
TORSION2,5476,0,UNIF_SAR1_PH0_ATR0_SQP_RECIPROCAL,true,false,false,SMALL_STEP,1232,4800.70979,-0.4150541514577053,0.0,false
TORSION2,5476,0,UNIF_SAR1_PH0_ATR0_SQP_EXPONENTIAL,true,false,false,KKT_OK,1207,5212.810573,-0.4130187971525592,0.0,false
TORSION2,5476,0,UNIF_SAR1_PH0_ATR0_SQP_QUASI_NEWTON,true,false,false,MAX_IT,5000,35907.132901,13.16133574742644,0.0,false
TORSION3,5476,0,UNIF_SAR1_PH0_ATR0_SQP_IDENTITY,true,false,false,SMALL_STEP,58,207.069049,-1.212922105881887,0.0,false
TORSION3,5476,0,UNIF_SAR1_PH0_ATR0_SQP_SPECTRAL,true,false,false,KKT_OK,39,308.359513,-1.2159398681074645,0.0,false
TORSION3,5476,0,UNIF_SAR1_PH0_ATR0_SQP_RECIPROCAL,true,false,false,SMALL_STEP,61,204.222015,-1.212921723827747,0.0,false
TORSION3,5476,0,UNIF_SAR1_PH0_ATR0_SQP_EXPONENTIAL,true,false,false,SMALL_STEP,117,454.73783099999997,-1.2144017818311725,0.0,false
TORSION3,5476,0,UNIF_SAR1_PH0_ATR0_SQP_QUASI_NEWTON,true,false,false,MAX_IT,5000,36895.589342,12.062695639043463,0.0,false
TORSION4,5476,0,UNIF_SAR1_PH0_ATR0_SQP_IDENTITY,true,false,false,SMALL_STEP,912,3992.2925139999998,-1.215071763094007,0.0,false
TORSION4,5476,0,UNIF_SAR1_PH0_ATR0_SQP_SPECTRAL,true,false,false,KKT_OK,249,1017.3962720000001,-1.2086960659182389,0.0,false
TORSION4,5476,0,UNIF_SAR1_PH0_ATR0_SQP_RECIPROCAL,true,false,false,SMALL_STEP,782,3184.295013,-1.2148345642218346,0.0,false
TORSION4,5476,0,UNIF_SAR1_PH0_ATR0_SQP_EXPONENTIAL,true,false,false,SMALL_STEP,868,3791.945607,-1.2147441020675174,0.0,false
TORSION4,5476,0,UNIF_SAR1_PH0_ATR0_SQP_QUASI_NEWTON,true,false,false,MAX_IT,5000,37801.446712,27.837279119560993,0.0,false
TORSION5,5476,0,UNIF_SAR1_PH0_ATR0_SQP_IDENTITY,true,false,false,SMALL_STEP,32,111.027229,-2.8626339162212884,0.0,false
TORSION5,5476,0,UNIF_SAR1_PH0_ATR0_SQP_SPECTRAL,true,false,false,KKT_OK,28,102.32168899999999,-2.8633057174842507,0.0,false
TORSION5,5476,0,UNIF_SAR1_PH0_ATR0_SQP_RECIPROCAL,true,false,false,SMALL_STEP,38,141.788896,-2.8627307899729346,0.0,false
TORSION5,5476,0,UNIF_SAR1_PH0_ATR0_SQP_EXPONENTIAL,true,false,false,SMALL_STEP,30,118.672076,-2.8625955524008058,0.0,false
TORSION5,5476,0,UNIF_SAR1_PH0_ATR0_SQP_QUASI_NEWTON,true,false,false,KKT_OK,88,342.550592,-2.8633567838150884,0.0,false
TORSION6,5476,0,UNIF_SAR1_PH0_ATR0_SQP_IDENTITY,true,false,false,SMALL_STEP,399,1526.354526,-2.8627530950055955,0.0,false
TORSION6,5476,0,UNIF_SAR1_PH0_ATR0_SQP_SPECTRAL,true,false,false,KKT_OK,184,735.6487390000001,-2.863274280921778,0.0,false
TORSION6,5476,0,UNIF_SAR1_PH0_ATR0_SQP_RECIPROCAL,true,false,false,SMALL_STEP,371,1519.360842,-2.862682194873259,0.0,false
TORSION6,5476,0,UNIF_SAR1_PH0_ATR0_SQP_EXPONENTIAL,true,false,false,SMALL_STEP,395,1722.900086,-2.862276900324393,0.0,false
TORSION6,5476,0,UNIF_SAR1_PH0_ATR0_SQP_QUASI_NEWTON,true,false,false,MAX_IT,5000,40353.429898999995,18.691759073447702,0.0,false
TORSIONA,5476,0,UNIF_SAR1_PH0_ATR0_SQP_IDENTITY,true,false,false,SMALL_STEP,289,1094.671905,-0.4086578042387797,0.0,false
TORSIONA,5476,0,UNIF_SAR1_PH0_ATR0_SQP_SPECTRAL,true,false,false,KKT_OK,60,375.649332,-0.40770865304766163,0.0,false
TORSIONA,5476,0,UNIF_SAR1_PH0_ATR0_SQP_RECIPROCAL,true,false,false,SMALL_STEP,295,1041.574046,-0.4078112983435829,0.0,false
TORSIONA,5476,0,UNIF_SAR1_PH0_ATR0_SQP_EXPONENTIAL,true,false,false,SMALL_STEP,264,1221.418001,-0.40642440195894536,0.0,false
TORSIONA,5476,0,UNIF_SAR1_PH0_ATR0_SQP_QUASI_NEWTON,true,false,false,MAX_IT,5000,36284.847932,15.489544906676281,0.0,false
TORSIONB,5476,0,UNIF_SAR1_PH0_ATR0_SQP_IDENTITY,true,false,false,SMALL_STEP,1337,5261.027730000001,-0.40203887574757546,0.0,false
TORSIONB,5476,0,UNIF_SAR1_PH0_ATR0_SQP_SPECTRAL,true,false,false,KKT_OK,13,42.038405,-0.054810120998383935,0.0,false
TORSIONB,5476,0,UNIF_SAR1_PH0_ATR0_SQP_RECIPROCAL,true,false,false,KKT_OK,1173,4766.984085,-0.40024769101640134,0.0,false
TORSIONB,5476,0,UNIF_SAR1_PH0_ATR0_SQP_EXPONENTIAL,true,false,false,SMALL_STEP,1351,5758.871005999999,-0.40454039930595986,0.0,false
TORSIONB,5476,0,UNIF_SAR1_PH0_ATR0_SQP_QUASI_NEWTON,true,false,false,MAX_IT,5000,36326.371883,13.676847321676357,0.0,false
TORSIONC,5476,0,UNIF_SAR1_PH0_ATR0_SQP_IDENTITY,true,false,false,SMALL_STEP,76,276.52256400000005,-1.2006910796711079,0.0,false
TORSIONC,5476,0,UNIF_SAR1_PH0_ATR0_SQP_SPECTRAL,true,false,false,KKT_OK,39,136.030668,-1.2031755864538984,0.0,false
TORSIONC,5476,0,UNIF_SAR1_PH0_ATR0_SQP_RECIPROCAL,true,false,false,SMALL_STEP,90,344.336356,-1.2014119316796967,0.0,false
TORSIONC,5476,0,UNIF_SAR1_PH0_ATR0_SQP_EXPONENTIAL,true,false,false,SMALL_STEP,95,412.86408800000004,-1.2010644658377414,0.0,false
TORSIONC,5476,0,UNIF_SAR1_PH0_ATR0_SQP_QUASI_NEWTON,true,false,false,MAX_IT,5000,36943.485754,8.700628438403326,0.0,false
TORSIOND,5476,0,UNIF_SAR1_PH0_ATR0_SQP_IDENTITY,true,false,false,SMALL_STEP,865,3470.313204,-1.202523123684708,0.0,false
TORSIOND,5476,0,UNIF_SAR1_PH0_ATR0_SQP_SPECTRAL,true,false,false,KKT_OK,247,946.115787,-1.1974334522766483,0.0,false
TORSIOND,5476,0,UNIF_SAR1_PH0_ATR0_SQP_RECIPROCAL,true,false,false,SMALL_STEP,836,3406.603976,-1.202457603986168,0.0,false
TORSIOND,5476,0,UNIF_SAR1_PH0_ATR0_SQP_EXPONENTIAL,true,false,false,SMALL_STEP,851,3824.217521,-1.2018373114247964,0.0,false
TORSIOND,5476,0,UNIF_SAR1_PH0_ATR0_SQP_QUASI_NEWTON,true,false,false,MAX_IT,5000,37129.900291,9.18447810226653,0.0,false
TORSIONE,5476,0,UNIF_SAR1_PH0_ATR0_SQP_IDENTITY,true,false,false,SMALL_STEP,32,114.00980700000001,-2.8495036073461533,0.0,false
TORSIONE,5476,0,UNIF_SAR1_PH0_ATR0_SQP_SPECTRAL,true,false,false,KKT_OK,28,96.180911,-2.8501746184549854,0.0,false
TORSIONE,5476,0,UNIF_SAR1_PH0_ATR0_SQP_RECIPROCAL,true,false,false,SMALL_STEP,42,157.310573,-2.849658206454026,0.0,false
TORSIONE,5476,0,UNIF_SAR1_PH0_ATR0_SQP_EXPONENTIAL,true,false,false,SMALL_STEP,30,119.263981,-2.849465918211858,0.0,false
TORSIONE,5476,0,UNIF_SAR1_PH0_ATR0_SQP_QUASI_NEWTON,true,false,false,MAX_IT,5000,38727.413131,9.921615194073336,0.0,false
TORSIONF,5476,0,UNIF_SAR1_PH0_ATR0_SQP_IDENTITY,true,false,false,SMALL_STEP,396,1666.3392139999999,-2.8498664422604847,0.0,false
TORSIONF,5476,0,UNIF_SAR1_PH0_ATR0_SQP_SPECTRAL,true,false,false,KKT_OK,179,764.7577100000001,-2.8500456746608256,0.0,false
TORSIONF,5476,0,UNIF_SAR1_PH0_ATR0_SQP_RECIPROCAL,true,false,false,SMALL_STEP,363,1524.342593,-2.849594599258482,0.0,false
TORSIONF,5476,0,UNIF_SAR1_PH0_ATR0_SQP_EXPONENTIAL,true,false,false,SMALL_STEP,488,2128.913721,-2.849037189071837,0.0,false
TORSIONF,5476,0,UNIF_SAR1_PH0_ATR0_SQP_QUASI_NEWTON,true,false,false,MAX_IT,5000,40552.870425,60.617831177245556,0.0,false
TQUARTIC,5000,0,UNIF_SAR1_PH0_ATR0_SQP_IDENTITY,true,false,false,SMALL_STEP,449,1559.21485,0.3317978383233409,0.0,false
TQUARTIC,5000,0,UNIF_SAR1_PH0_ATR0_SQP_SPECTRAL,true,false,false,KKT_OK,15,39.299576,0.7943151050567885,0.0,false
TQUARTIC,5000,0,UNIF_SAR1_PH0_ATR0_SQP_RECIPROCAL,true,false,false,SMALL_STEP,62,177.416211,0.29046907076117656,0.0,false
TQUARTIC,5000,0,UNIF_SAR1_PH0_ATR0_SQP_EXPONENTIAL,true,false,false,SMALL_STEP,75,382.704095,0.0725854601158837,0.0,false
TQUARTIC,5000,0,UNIF_SAR1_PH0_ATR0_SQP_QUASI_NEWTON,true,false,false,SMALL_STEP,118,293.381496,0.3390214631887649,0.0,false
TRIDIA,10000,0,UNIF_SAR1_PH0_ATR0_SQP_IDENTITY,true,false,false,SMALL_STEP,16,94.001356,0.5584308583701556,0.0,false
TRIDIA,10000,0,UNIF_SAR1_PH0_ATR0_SQP_SPECTRAL,true,false,false,SMALL_STEP,1438,10737.578575000001,454.9336457546212,0.0,false
TRIDIA,10000,0,UNIF_SAR1_PH0_ATR0_SQP_RECIPROCAL,true,false,false,SMALL_STEP,22,133.275258,0.30172467896789373,0.0,false
TRIDIA,10000,0,UNIF_SAR1_PH0_ATR0_SQP_EXPONENTIAL,true,false,false,SMALL_STEP,18,123.85036500000001,18.90018280670571,0.0,false
TRIDIA,10000,0,UNIF_SAR1_PH0_ATR0_SQP_QUASI_NEWTON,true,false,false,SMALL_STEP,15,91.07889,0.9394178531856805,0.0,false
TRIGON1,10,0,UNIF_SAR1_PH0_ATR0_SQP_IDENTITY,true,false,false,SMALL_STEP,108,4.106749,7.331484431494797e-6,0.0,false
TRIGON1,10,0,UNIF_SAR1_PH0_ATR0_SQP_SPECTRAL,true,false,false,SMALL_STEP,72,2.7099469999999997,4.027116454813008e-5,0.0,false
TRIGON1,10,0,UNIF_SAR1_PH0_ATR0_SQP_RECIPROCAL,true,false,false,SMALL_STEP,111,6.022423,9.524587855763388e-6,0.0,false
TRIGON1,10,0,UNIF_SAR1_PH0_ATR0_SQP_EXPONENTIAL,true,false,false,SMALL_STEP,81,2.501554,1.9230577261375196e-6,0.0,false
TRIGON1,10,0,UNIF_SAR1_PH0_ATR0_SQP_QUASI_NEWTON,true,false,false,KKT_OK,20,0.607873,4.5851253068181734e-33,0.0,false
TRIGON1B,10,0,UNIF_SAR1_PH0_ATR0_SQP_IDENTITY,true,false,false,SMALL_STEP,357,11.099077000000001,1.657065350073598e-5,0.0,false
TRIGON1B,10,0,UNIF_SAR1_PH0_ATR0_SQP_SPECTRAL,true,false,false,KKT_OK,61,2.843381,9.482369541679736e-11,0.0,false
TRIGON1B,10,0,UNIF_SAR1_PH0_ATR0_SQP_RECIPROCAL,true,false,false,KKT_OK,49,1.752738,2.0123400745614405e-15,0.0,false
TRIGON1B,10,0,UNIF_SAR1_PH0_ATR0_SQP_EXPONENTIAL,true,false,false,KKT_OK,52,1.891529,1.996599342005401e-15,0.0,false
TRIGON1B,10,0,UNIF_SAR1_PH0_ATR0_SQP_QUASI_NEWTON,true,false,false,KKT_OK,9,0.315066,8.902069509223404e-17,0.0,false
TRIGON2,10,0,UNIF_SAR1_PH0_ATR0_SQP_IDENTITY,true,false,false,SMALL_STEP,170,5.24194,2.6992309657402633,0.0,false
TRIGON2,10,0,UNIF_SAR1_PH0_ATR0_SQP_SPECTRAL,true,false,false,SMALL_STEP,31,0.916335,2.6953596134677253,0.0,false
TRIGON2,10,0,UNIF_SAR1_PH0_ATR0_SQP_RECIPROCAL,true,false,false,SMALL_STEP,170,7.734487,2.699230974449883,0.0,false
TRIGON2,10,0,UNIF_SAR1_PH0_ATR0_SQP_EXPONENTIAL,true,false,false,SMALL_STEP,116,3.65576,2.69561735880802,0.0,false
TRIGON2,10,0,UNIF_SAR1_PH0_ATR0_SQP_QUASI_NEWTON,true,false,false,KKT_OK,20,0.633481,2.6950218209496586,0.0,false
TRIGON2B,10,0,UNIF_SAR1_PH0_ATR0_SQP_IDENTITY,true,false,false,SMALL_STEP,170,5.146454,2.6992309657402633,0.0,false
TRIGON2B,10,0,UNIF_SAR1_PH0_ATR0_SQP_SPECTRAL,true,false,false,SMALL_STEP,31,0.916581,2.6953596134677253,0.0,false
TRIGON2B,10,0,UNIF_SAR1_PH0_ATR0_SQP_RECIPROCAL,true,false,false,SMALL_STEP,170,5.194052999999999,2.699230974449883,0.0,false
TRIGON2B,10,0,UNIF_SAR1_PH0_ATR0_SQP_EXPONENTIAL,true,false,false,SMALL_STEP,116,3.608229,2.69561735880802,0.0,false
TRIGON2B,10,0,UNIF_SAR1_PH0_ATR0_SQP_QUASI_NEWTON,true,false,false,KKT_OK,20,0.625254,2.6950218209496586,0.0,false
TRY-B,2,1,UNIF_SAR1_PH0_ATR0_SQP_IDENTITY,true,false,false,KKT_OK,19,7.307869,2.0736384894073598e-8,2.297669066120278e-8,false
TRY-B,2,1,UNIF_SAR1_PH0_ATR0_SQP_SPECTRAL,true,false,false,KKT_OK,18,6.455918,1.33317492982351e-28,1.7763568394002505e-14,false
TRY-B,2,1,UNIF_SAR1_PH0_ATR0_SQP_RECIPROCAL,true,false,false,KKT_OK,36,7.587682999999999,3.496056015147352e-8,5.960398719029314e-8,false
TRY-B,2,1,UNIF_SAR1_PH0_ATR0_SQP_EXPONENTIAL,true,false,false,KKT_OK,35,6.969963,5.313502547839241e-9,5.9570159249844323e-8,false
TRY-B,2,1,UNIF_SAR1_PH0_ATR0_SQP_QUASI_NEWTON,true,false,false,KKT_OK,18,6.482358,0.0,0.0,false
VANDANMSLS,22,0,UNIF_SAR1_PH0_ATR0_SQP_IDENTITY,true,false,false,MAX_IT,5000,205.462505,12.127150862262058,0.0,false
VANDANMSLS,22,0,UNIF_SAR1_PH0_ATR0_SQP_SPECTRAL,true,false,false,MAX_IT,5000,195.942406,11.931820156064747,0.0,false
VANDANMSLS,22,0,UNIF_SAR1_PH0_ATR0_SQP_RECIPROCAL,true,false,false,MAX_IT,5000,208.03945099999999,12.102967954186568,0.0,false
VANDANMSLS,22,0,UNIF_SAR1_PH0_ATR0_SQP_EXPONENTIAL,true,false,false,MAX_IT,5000,225.000242,12.108482849563897,0.0,false
VANDANMSLS,22,0,UNIF_SAR1_PH0_ATR0_SQP_QUASI_NEWTON,true,false,false,MAX_IT,5000,246.35288699999998,12.074602552131081,0.0,false
VARDIM,200,0,UNIF_SAR1_PH0_ATR0_SQP_IDENTITY,true,false,false,SMALL_STEP,15,1.8882560000000002,22.167567954348968,0.0,false
VARDIM,200,0,UNIF_SAR1_PH0_ATR0_SQP_SPECTRAL,true,false,false,SMALL_STEP,15,1.891638,22.167567954345838,0.0,false
VARDIM,200,0,UNIF_SAR1_PH0_ATR0_SQP_RECIPROCAL,true,false,false,SMALL_STEP,15,1.8181289999999999,22.16756798285876,0.0,false
VARDIM,200,0,UNIF_SAR1_PH0_ATR0_SQP_EXPONENTIAL,true,false,false,SMALL_STEP,15,1.955384,22.16835711022922,0.0,false
VARDIM,200,0,UNIF_SAR1_PH0_ATR0_SQP_QUASI_NEWTON,true,false,false,SMALL_STEP,15,2.450424,22.21053413502076,0.0,false
VAREIGVL,5000,0,UNIF_SAR1_PH0_ATR0_SQP_IDENTITY,true,false,false,KKT_OK,10,25.053788,4.10336048757228e-14,0.0,false
VAREIGVL,5000,0,UNIF_SAR1_PH0_ATR0_SQP_SPECTRAL,true,false,false,SMALL_STEP,49,125.40764600000001,6.96030241270234e-5,0.0,false
VAREIGVL,5000,0,UNIF_SAR1_PH0_ATR0_SQP_RECIPROCAL,true,false,false,KKT_OK,10,28.767957,1.0579005239846914e-15,0.0,false
VAREIGVL,5000,0,UNIF_SAR1_PH0_ATR0_SQP_EXPONENTIAL,true,false,false,SMALL_STEP,741,3330.302797,0.027765941544352885,0.0,false
VAREIGVL,5000,0,UNIF_SAR1_PH0_ATR0_SQP_QUASI_NEWTON,true,false,false,SMALL_STEP,77,284.143898,0.00015855518019829569,0.0,false
VESUVIALS,8,0,UNIF_SAR1_PH0_ATR0_SQP_IDENTITY,true,false,false,SMALL_STEP,8,0.44532499999999997,3359.764801690275,0.0,false
VESUVIALS,8,0,UNIF_SAR1_PH0_ATR0_SQP_SPECTRAL,true,false,false,SMALL_STEP,8,0.42561699999999997,3359.764801690275,0.0,false
VESUVIALS,8,0,UNIF_SAR1_PH0_ATR0_SQP_RECIPROCAL,true,false,false,SMALL_STEP,8,0.426888,3359.764801690275,0.0,false
VESUVIALS,8,0,UNIF_SAR1_PH0_ATR0_SQP_EXPONENTIAL,true,false,false,SMALL_STEP,8,0.433163,3359.764801690275,0.0,false
VESUVIALS,8,0,UNIF_SAR1_PH0_ATR0_SQP_QUASI_NEWTON,true,false,false,SMALL_STEP,8,0.428756,3359.764801690275,0.0,false
VESUVIOLS,8,0,UNIF_SAR1_PH0_ATR0_SQP_IDENTITY,true,false,false,SMALL_STEP,8,0.499682,2401.968091615935,0.0,false
VESUVIOLS,8,0,UNIF_SAR1_PH0_ATR0_SQP_SPECTRAL,true,false,false,SMALL_STEP,8,0.477322,2401.968091615935,0.0,false
VESUVIOLS,8,0,UNIF_SAR1_PH0_ATR0_SQP_RECIPROCAL,true,false,false,SMALL_STEP,8,0.5203249999999999,2401.968091615935,0.0,false
VESUVIOLS,8,0,UNIF_SAR1_PH0_ATR0_SQP_EXPONENTIAL,true,false,false,SMALL_STEP,8,0.568943,2401.968091615935,0.0,false
VESUVIOLS,8,0,UNIF_SAR1_PH0_ATR0_SQP_QUASI_NEWTON,true,false,false,SMALL_STEP,8,0.5263260000000001,2401.968091615935,0.0,false
VESUVIOULS,8,0,UNIF_SAR1_PH0_ATR0_SQP_IDENTITY,true,false,false,SMALL_STEP,8,0.513535,1.1679170033811823,0.0,false
VESUVIOULS,8,0,UNIF_SAR1_PH0_ATR0_SQP_SPECTRAL,true,false,false,SMALL_STEP,8,0.49111200000000005,1.1679170033811823,0.0,false
VESUVIOULS,8,0,UNIF_SAR1_PH0_ATR0_SQP_RECIPROCAL,true,false,false,SMALL_STEP,8,0.534016,1.1679170033811823,0.0,false
VESUVIOULS,8,0,UNIF_SAR1_PH0_ATR0_SQP_EXPONENTIAL,true,false,false,SMALL_STEP,8,0.581155,1.1679170033811823,0.0,false
VESUVIOULS,8,0,UNIF_SAR1_PH0_ATR0_SQP_QUASI_NEWTON,true,false,false,SMALL_STEP,8,0.5364169999999999,1.1679170033811823,0.0,false
VIBRBEAM,8,0,UNIF_SAR1_PH0_ATR0_SQP_IDENTITY,true,false,false,SMALL_STEP,8,0.298068,6592.673225136961,0.0,false
VIBRBEAM,8,0,UNIF_SAR1_PH0_ATR0_SQP_SPECTRAL,true,false,false,SMALL_STEP,8,0.278652,6592.673225136961,0.0,false
VIBRBEAM,8,0,UNIF_SAR1_PH0_ATR0_SQP_RECIPROCAL,true,false,false,SMALL_STEP,8,0.274249,6592.673225136961,0.0,false
VIBRBEAM,8,0,UNIF_SAR1_PH0_ATR0_SQP_EXPONENTIAL,true,false,false,SMALL_STEP,8,0.274228,6592.673225136961,0.0,false
VIBRBEAM,8,0,UNIF_SAR1_PH0_ATR0_SQP_QUASI_NEWTON,true,false,false,SMALL_STEP,8,0.27213,6592.673225136961,0.0,false
WALL10,1461,0,UNIF_SAR1_PH0_ATR0_SQP_IDENTITY,true,false,false,SMALL_STEP,1280,1625.5000719999998,145.7206441796458,0.0,false
WALL10,1461,0,UNIF_SAR1_PH0_ATR0_SQP_SPECTRAL,true,false,false,SMALL_STEP,1102,1367.684138,207.1794191464299,0.0,false
WALL10,1461,0,UNIF_SAR1_PH0_ATR0_SQP_RECIPROCAL,true,false,false,SMALL_STEP,1073,1516.4531160000001,139.18263591439765,0.0,false
WALL10,1461,0,UNIF_SAR1_PH0_ATR0_SQP_EXPONENTIAL,true,false,false,SMALL_STEP,1099,1606.923119,155.83756110115652,0.0,false
WALL10,1461,0,UNIF_SAR1_PH0_ATR0_SQP_QUASI_NEWTON,true,false,false,SMALL_STEP,442,566.157781,2.6823284275734984,0.0,false
WALL100,149624,0,UNIF_SAR1_PH0_ATR0_SQP_IDENTITY,true,false,false,SMALL_STEP,984,470667.302339,15643.55145979944,0.0,false
WALL100,149624,0,UNIF_SAR1_PH0_ATR0_SQP_SPECTRAL,true,false,false,SMALL_STEP,717,322412.28805,43484.70712589786,0.0,false
WALL100,149624,0,UNIF_SAR1_PH0_ATR0_SQP_RECIPROCAL,true,false,false,SMALL_STEP,800,409785.488288,23111.00223539858,0.0,false
WALL100,149624,0,UNIF_SAR1_PH0_ATR0_SQP_EXPONENTIAL,true,false,false,SMALL_STEP,791,421389.527053,26230.47479199835,0.0,false
WALL100,149624,0,UNIF_SAR1_PH0_ATR0_SQP_QUASI_NEWTON,true,false,false,SMALL_STEP,262,133262.24947500002,-2151.764846842645,0.0,false
WALL20,5924,0,UNIF_SAR1_PH0_ATR0_SQP_IDENTITY,true,false,false,SMALL_STEP,784,4393.697739,1419.8853556763004,0.0,false
WALL20,5924,0,UNIF_SAR1_PH0_ATR0_SQP_SPECTRAL,true,false,false,SMALL_STEP,883,4362.631109,1327.6119568676393,0.0,false
WALL20,5924,0,UNIF_SAR1_PH0_ATR0_SQP_RECIPROCAL,true,false,false,SMALL_STEP,1074,6429.824171,1312.57113401475,0.0,false
WALL20,5924,0,UNIF_SAR1_PH0_ATR0_SQP_EXPONENTIAL,true,false,false,SMALL_STEP,1069,6971.2918979999995,1081.5980564742413,0.0,false
WALL20,5924,0,UNIF_SAR1_PH0_ATR0_SQP_QUASI_NEWTON,true,false,false,SMALL_STEP,445,2675.752329,0.33827939950576535,0.0,false
WALL50,37311,0,UNIF_SAR1_PH0_ATR0_SQP_IDENTITY,true,false,false,SMALL_STEP,873,67930.00946799999,7463.263250969749,0.0,false
WALL50,37311,0,UNIF_SAR1_PH0_ATR0_SQP_SPECTRAL,true,false,false,SMALL_STEP,925,62462.491887,7730.081453836227,0.0,false
WALL50,37311,0,UNIF_SAR1_PH0_ATR0_SQP_RECIPROCAL,true,false,false,SMALL_STEP,646,65848.545568,7416.59331728221,0.0,false
WALL50,37311,0,UNIF_SAR1_PH0_ATR0_SQP_EXPONENTIAL,true,false,false,SMALL_STEP,815,84208.494115,5123.361973938707,0.0,false
WALL50,37311,0,UNIF_SAR1_PH0_ATR0_SQP_QUASI_NEWTON,true,false,false,SMALL_STEP,236,21766.343238,-86.00036805803202,0.0,false
WATSON,12,0,UNIF_SAR1_PH0_ATR0_SQP_IDENTITY,true,false,false,SMALL_STEP,1017,33.474187,0.029745494865636643,0.0,false
WATSON,12,0,UNIF_SAR1_PH0_ATR0_SQP_SPECTRAL,true,false,false,SMALL_STEP,84,2.583274,0.010942193741256635,0.0,false
WATSON,12,0,UNIF_SAR1_PH0_ATR0_SQP_RECIPROCAL,true,false,false,SMALL_STEP,779,28.155523,0.019306863944508115,0.0,false
WATSON,12,0,UNIF_SAR1_PH0_ATR0_SQP_EXPONENTIAL,true,false,false,SMALL_STEP,1023,40.810103,0.013994946802140732,0.0,false
WATSON,12,0,UNIF_SAR1_PH0_ATR0_SQP_QUASI_NEWTON,true,false,false,SMALL_STEP,176,5.817044,0.002994444577031957,0.0,false
WAYSEA1,2,0,UNIF_SAR1_PH0_ATR0_SQP_IDENTITY,true,false,false,SMALL_STEP,799,21.666885,0.0012400797223421586,0.0,false
WAYSEA1,2,0,UNIF_SAR1_PH0_ATR0_SQP_SPECTRAL,true,false,false,SMALL_STEP,138,3.266416,2.7365780860762965e-10,0.0,false
WAYSEA1,2,0,UNIF_SAR1_PH0_ATR0_SQP_RECIPROCAL,true,false,false,SMALL_STEP,735,17.256477,0.0012406344822197706,0.0,false
WAYSEA1,2,0,UNIF_SAR1_PH0_ATR0_SQP_EXPONENTIAL,true,false,false,SMALL_STEP,1011,27.360383,0.000920847673791123,0.0,false
WAYSEA1,2,0,UNIF_SAR1_PH0_ATR0_SQP_QUASI_NEWTON,true,false,false,SMALL_STEP,147,3.486796,2.3935470066775957e-5,0.0,false
WAYSEA1B,2,0,UNIF_SAR1_PH0_ATR0_SQP_IDENTITY,true,false,false,SMALL_STEP,799,18.616992,0.0012400507986160254,0.0,false
WAYSEA1B,2,0,UNIF_SAR1_PH0_ATR0_SQP_SPECTRAL,true,false,false,SMALL_STEP,138,3.2918969999999996,2.7363203330413647e-10,0.0,false
WAYSEA1B,2,0,UNIF_SAR1_PH0_ATR0_SQP_RECIPROCAL,true,false,false,SMALL_STEP,716,20.209133,0.0014461401367585466,0.0,false
WAYSEA1B,2,0,UNIF_SAR1_PH0_ATR0_SQP_EXPONENTIAL,true,false,false,SMALL_STEP,1011,28.495491,0.0009208294562056803,0.0,false
WAYSEA1B,2,0,UNIF_SAR1_PH0_ATR0_SQP_QUASI_NEWTON,true,false,false,SMALL_STEP,118,2.842904,1.657574403720362e-5,0.0,false
WAYSEA2,2,0,UNIF_SAR1_PH0_ATR0_SQP_IDENTITY,true,false,false,SMALL_STEP,483,11.037877,6.435641157501534e-5,0.0,false
WAYSEA2,2,0,UNIF_SAR1_PH0_ATR0_SQP_SPECTRAL,true,false,false,SMALL_STEP,78,5.199269999999999,1.9072089398088795e-5,0.0,false
WAYSEA2,2,0,UNIF_SAR1_PH0_ATR0_SQP_RECIPROCAL,true,false,false,SMALL_STEP,544,12.586306,7.014816030780064e-5,0.0,false
WAYSEA2,2,0,UNIF_SAR1_PH0_ATR0_SQP_EXPONENTIAL,true,false,false,SMALL_STEP,366,8.696677,7.850468323128252e-5,0.0,false
WAYSEA2,2,0,UNIF_SAR1_PH0_ATR0_SQP_QUASI_NEWTON,true,false,false,KKT_OK,340,10.943513,5.440752739446147e-6,0.0,false
WAYSEA2B,2,0,UNIF_SAR1_PH0_ATR0_SQP_IDENTITY,true,false,false,SMALL_STEP,483,11.029059,6.435641157501534e-5,0.0,false
WAYSEA2B,2,0,UNIF_SAR1_PH0_ATR0_SQP_SPECTRAL,true,false,false,SMALL_STEP,78,1.856417,1.9072089398088795e-5,0.0,false
WAYSEA2B,2,0,UNIF_SAR1_PH0_ATR0_SQP_RECIPROCAL,true,false,false,SMALL_STEP,544,15.941692999999999,7.014816030780064e-5,0.0,false
WAYSEA2B,2,0,UNIF_SAR1_PH0_ATR0_SQP_EXPONENTIAL,true,false,false,SMALL_STEP,366,9.026537,7.850468323128252e-5,0.0,false
WAYSEA2B,2,0,UNIF_SAR1_PH0_ATR0_SQP_QUASI_NEWTON,true,false,false,KKT_OK,340,8.218759,5.440752739446147e-6,0.0,false
WEEDS,3,0,UNIF_SAR1_PH0_ATR0_SQP_IDENTITY,true,false,false,MAX_IT,5000,139.373239,1920.600076076931,0.0,false
WEEDS,3,0,UNIF_SAR1_PH0_ATR0_SQP_SPECTRAL,true,false,false,MAX_IT,5000,146.03650000000002,2131.6817534299175,0.0,false
WEEDS,3,0,UNIF_SAR1_PH0_ATR0_SQP_RECIPROCAL,true,false,false,MAX_IT,5000,161.385548,9213.600407337397,0.0,false
WEEDS,3,0,UNIF_SAR1_PH0_ATR0_SQP_EXPONENTIAL,true,false,false,MAX_IT,5000,148.90265,2388.804791400648,0.0,false
WEEDS,3,0,UNIF_SAR1_PH0_ATR0_SQP_QUASI_NEWTON,true,false,false,SMALL_STEP,345,8.992275,96.26239046711987,0.0,false
WOODS,4000,0,UNIF_SAR1_PH0_ATR0_SQP_IDENTITY,true,false,false,SMALL_STEP,104,197.760266,7876.989851460471,0.0,false
WOODS,4000,0,UNIF_SAR1_PH0_ATR0_SQP_SPECTRAL,true,false,false,SMALL_STEP,44,84.23011699999999,7876.873918787764,0.0,false
WOODS,4000,0,UNIF_SAR1_PH0_ATR0_SQP_RECIPROCAL,true,false,false,SMALL_STEP,117,225.26860100000002,7876.990196585709,0.0,false
WOODS,4000,0,UNIF_SAR1_PH0_ATR0_SQP_EXPONENTIAL,true,false,false,SMALL_STEP,96,209.01169,7876.9851999670955,0.0,false
WOODS,4000,0,UNIF_SAR1_PH0_ATR0_SQP_QUASI_NEWTON,true,false,false,SMALL_STEP,118,417.804535,7876.219664775028,0.0,false
YATP1CLS,123200,0,UNIF_SAR1_PH0_ATR0_SQP_IDENTITY,true,false,false,SMALL_STEP,1092,314515.17823,266.3872498432423,0.0,false
YATP1CLS,123200,0,UNIF_SAR1_PH0_ATR0_SQP_SPECTRAL,true,false,false,SMALL_STEP,1044,327598.085424,78.60128890794097,0.0,false
YATP1CLS,123200,0,UNIF_SAR1_PH0_ATR0_SQP_RECIPROCAL,true,false,false,SMALL_STEP,1020,320848.686299,260.39041126786174,0.0,false
YATP1CLS,123200,0,UNIF_SAR1_PH0_ATR0_SQP_EXPONENTIAL,true,false,false,SMALL_STEP,956,309454.401123,266.07690832482336,0.0,false
YATP1CLS,123200,0,UNIF_SAR1_PH0_ATR0_SQP_QUASI_NEWTON,true,false,false,SMALL_STEP,271,84236.792478,35.830859094219186,0.0,false
YATP1LS,123200,0,UNIF_SAR1_PH0_ATR0_SQP_IDENTITY,true,false,false,SMALL_STEP,1092,319613.92475899996,266.3872498432423,0.0,false
YATP1LS,123200,0,UNIF_SAR1_PH0_ATR0_SQP_SPECTRAL,true,false,false,SMALL_STEP,1044,324016.213188,78.60128890794097,0.0,false
YATP1LS,123200,0,UNIF_SAR1_PH0_ATR0_SQP_RECIPROCAL,true,false,false,SMALL_STEP,1020,319591.779414,260.39041126786174,0.0,false
YATP1LS,123200,0,UNIF_SAR1_PH0_ATR0_SQP_EXPONENTIAL,true,false,false,SMALL_STEP,956,315624.700372,266.07690832482336,0.0,false
YATP1LS,123200,0,UNIF_SAR1_PH0_ATR0_SQP_QUASI_NEWTON,true,false,false,SMALL_STEP,271,84147.31492,35.830859094219186,0.0,false
YATP2CLS,123200,0,UNIF_SAR1_PH0_ATR0_SQP_IDENTITY,true,false,false,SMALL_STEP,580,173825.04734299998,157.77055929010717,0.0,false
YATP2CLS,123200,0,UNIF_SAR1_PH0_ATR0_SQP_SPECTRAL,true,false,false,KKT_OK,30,9085.214983,2.4337570953285937e-21,0.0,false
YATP2CLS,123200,0,UNIF_SAR1_PH0_ATR0_SQP_RECIPROCAL,true,false,false,SMALL_STEP,135,43128.888812,115.00652627943033,0.0,false
YATP2CLS,123200,0,UNIF_SAR1_PH0_ATR0_SQP_EXPONENTIAL,true,false,false,SMALL_STEP,293,104469.913154,38.11153339925223,0.0,false
YATP2CLS,123200,0,UNIF_SAR1_PH0_ATR0_SQP_QUASI_NEWTON,true,false,false,SMALL_STEP,40,12246.587185999999,0.10841870935897455,0.0,false
YATP2LS,8,0,UNIF_SAR1_PH0_ATR0_SQP_IDENTITY,true,false,false,MAX_IT,5000,147.564535,113.23020977181291,0.0,false
YATP2LS,8,0,UNIF_SAR1_PH0_ATR0_SQP_SPECTRAL,true,false,false,MAX_IT,5000,537.48251,113.49744869490874,0.0,false
YATP2LS,8,0,UNIF_SAR1_PH0_ATR0_SQP_RECIPROCAL,true,false,false,MAX_IT,5000,150.63899,113.23829960103971,0.0,false
YATP2LS,8,0,UNIF_SAR1_PH0_ATR0_SQP_EXPONENTIAL,true,false,false,MAX_IT,5000,157.098731,113.25044542741841,0.0,false
YATP2LS,8,0,UNIF_SAR1_PH0_ATR0_SQP_QUASI_NEWTON,true,false,false,SMALL_STEP,223,6.349241999999999,2.967682393342138e-7,0.0,false
YFIT,3,0,UNIF_SAR1_PH0_ATR0_SQP_IDENTITY,true,false,false,MAX_IT,5000,144.37201299999998,151.26149640971244,0.0,false
YFIT,3,0,UNIF_SAR1_PH0_ATR0_SQP_SPECTRAL,true,false,false,MAX_IT,5000,151.222839,111.14531829817491,0.0,false
YFIT,3,0,UNIF_SAR1_PH0_ATR0_SQP_RECIPROCAL,true,false,false,MAX_IT,5000,151.454716,151.30103068335785,0.0,false
YFIT,3,0,UNIF_SAR1_PH0_ATR0_SQP_EXPONENTIAL,true,false,false,MAX_IT,5000,156.575212,145.33576565145654,0.0,false
YFIT,3,0,UNIF_SAR1_PH0_ATR0_SQP_QUASI_NEWTON,true,false,false,SMALL_STEP,996,31.177667,15.31580108167578,0.0,false
YFITU,3,0,UNIF_SAR1_PH0_ATR0_SQP_IDENTITY,true,false,false,MAX_IT,5000,141.959641,151.26149640971244,0.0,false
YFITU,3,0,UNIF_SAR1_PH0_ATR0_SQP_SPECTRAL,true,false,false,MAX_IT,5000,148.390253,111.14531829817491,0.0,false
YFITU,3,0,UNIF_SAR1_PH0_ATR0_SQP_RECIPROCAL,true,false,false,MAX_IT,5000,148.61052899999999,151.30103068335785,0.0,false
YFITU,3,0,UNIF_SAR1_PH0_ATR0_SQP_EXPONENTIAL,true,false,false,MAX_IT,5000,153.297833,145.33576565145654,0.0,false
YFITU,3,0,UNIF_SAR1_PH0_ATR0_SQP_QUASI_NEWTON,true,false,false,SMALL_STEP,996,31.395882,15.31580108167578,0.0,false
ZANGWIL2,2,0,UNIF_SAR1_PH0_ATR0_SQP_IDENTITY,true,false,false,KKT_OK,9,0.24531299999999998,-18.200000000091,0.0,false
ZANGWIL2,2,0,UNIF_SAR1_PH0_ATR0_SQP_SPECTRAL,true,false,false,KKT_OK,7,0.179584,-18.200000000091,0.0,false
ZANGWIL2,2,0,UNIF_SAR1_PH0_ATR0_SQP_RECIPROCAL,true,false,false,KKT_OK,9,0.227611,-18.200000000091,0.0,false
ZANGWIL2,2,0,UNIF_SAR1_PH0_ATR0_SQP_EXPONENTIAL,true,false,false,KKT_OK,12,0.318288,-18.199999739574782,0.0,false
ZANGWIL2,2,0,UNIF_SAR1_PH0_ATR0_SQP_QUASI_NEWTON,true,false,false,KKT_OK,7,0.177677,-18.200000000091002,0.0,false
