Problem,nvar,ncon,Variant,SAR,PH,ATR,Status,Iterations,Time_ms,f_final,h_norm,Is_Base
10FOLDTRLS,1000,0,SLP_SAR0_PH0_ATR0,false,false,false,MAX_IT,500,1516.36328,-23348.11988695225,0.0,false
10FOLDTRLS,1000,0,SLP_SAR0_PH1_ATR0,false,true,false,MAX_IT,500,1661.259668,-40377.37696191414,0.0,false
10FOLDTRLS,1000,0,SLP_SAR0_PH1_ATR1,false,true,true,MAX_IT,500,1499.796092,-35051.717534558564,0.0,false
10FOLDTRLS,1000,0,BASE_SLP,true,false,false,MAX_IT,500,1521.2096820000002,-41946.175987469054,0.0,true
10FOLDTRLS,1000,0,SLP_SAR1_PH1_ATR0,true,true,false,MAX_IT,500,1541.237497,-40377.37696191414,0.0,false
10FOLDTRLS,1000,0,SLP_SAR1_PH1_ATR1,true,true,true,MAX_IT,500,1664.445527,-35051.717534558564,0.0,false
3PK,30,0,SLP_SAR0_PH0_ATR0,false,false,false,MAX_IT,500,295.97083200000003,11190.62657778119,0.0,false
3PK,30,0,SLP_SAR0_PH1_ATR0,false,true,false,MAX_IT,500,285.863511,10835.279768315699,0.0,false
3PK,30,0,SLP_SAR0_PH1_ATR1,false,true,true,MAX_IT,500,298.65674199999995,11367.38814753985,0.0,false
3PK,30,0,BASE_SLP,true,false,false,MAX_IT,500,285.180783,10766.843359422834,0.0,true
3PK,30,0,SLP_SAR1_PH1_ATR0,true,true,false,MAX_IT,500,295.546558,10835.279768315699,0.0,false
3PK,30,0,SLP_SAR1_PH1_ATR1,true,true,true,MAX_IT,500,284.45275,11367.38814753985,0.0,false
AIRCRFTB,8,0,SLP_SAR0_PH0_ATR0,false,false,false,SMALL_STEP,34,18.620013,0.2758282130916199,0.0,false
AIRCRFTB,8,0,SLP_SAR0_PH1_ATR0,false,true,false,SMALL_STEP,35,18.934873,0.27396303261536553,0.0,false
AIRCRFTB,8,0,SLP_SAR0_PH1_ATR1,false,true,true,SMALL_STEP,122,65.4973,0.2797916993367239,0.0,false
AIRCRFTB,8,0,BASE_SLP,true,false,false,SMALL_STEP,33,17.648635,0.2730154246100949,0.0,true
AIRCRFTB,8,0,SLP_SAR1_PH1_ATR0,true,true,false,SMALL_STEP,35,18.737773999999998,0.27396303261536553,0.0,false
AIRCRFTB,8,0,SLP_SAR1_PH1_ATR1,true,true,true,SMALL_STEP,122,64.748447,0.2797916993367239,0.0,false
AKIVA,2,0,SLP_SAR0_PH0_ATR0,false,false,false,SMALL_STEP,196,100.584034,6.1705996110486225,0.0,false
AKIVA,2,0,SLP_SAR0_PH1_ATR0,false,true,false,SMALL_STEP,168,86.05167499999999,6.169222714921112,0.0,false
AKIVA,2,0,SLP_SAR0_PH1_ATR1,false,true,true,SMALL_STEP,20,10.365183,6.1814824044688415,0.0,false
AKIVA,2,0,BASE_SLP,true,false,false,SMALL_STEP,17,8.718319000000001,6.173297959368244,0.0,true
AKIVA,2,0,SLP_SAR1_PH1_ATR0,true,true,false,SMALL_STEP,168,86.65212,6.169222714921112,0.0,false
AKIVA,2,0,SLP_SAR1_PH1_ATR1,true,true,true,SMALL_STEP,20,10.425656,6.1814824044688415,0.0,false
ALJAZZAF,1000,1,SLP_SAR0_PH0_ATR0,false,false,false,MAX_IT,500,1826.16457,37542.701692799965,0.5987502876829695,false
ALJAZZAF,1000,1,SLP_SAR0_PH1_ATR0,false,true,false,MAX_IT,500,1930.350512,37481.3990365104,0.2646441335299565,false
ALJAZZAF,1000,1,SLP_SAR0_PH1_ATR1,false,true,true,MAX_IT,500,2140.640668,1.4624254355592648e7,4274.143487540859,false
ALJAZZAF,1000,1,BASE_SLP,true,false,false,MAX_IT,500,1722.954711,37524.15159857311,0.22940107180529545,true
ALJAZZAF,1000,1,SLP_SAR1_PH1_ATR0,true,true,false,MAX_IT,500,1995.280714,37481.3990365104,0.2646441335299565,false
ALJAZZAF,1000,1,SLP_SAR1_PH1_ATR1,true,true,true,MAX_IT,500,2148.068384,1.4624254355592648e7,4274.143487540859,false
ALLINIT,4,0,SLP_SAR0_PH0_ATR0,false,false,false,SMALL_STEP,37,19.840252,16.705968464889192,0.0,false
ALLINIT,4,0,SLP_SAR0_PH1_ATR0,false,true,false,SMALL_STEP,34,18.078162,16.705969021991937,0.0,false
ALLINIT,4,0,SLP_SAR0_PH1_ATR1,false,true,true,SMALL_STEP,262,137.17445,16.70596854904917,0.0,false
ALLINIT,4,0,BASE_SLP,true,false,false,SMALL_STEP,48,25.074797,16.70596890438466,0.0,true
ALLINIT,4,0,SLP_SAR1_PH1_ATR0,true,true,false,SMALL_STEP,34,17.748675,16.705969021991937,0.0,false
ALLINIT,4,0,SLP_SAR1_PH1_ATR1,true,true,true,SMALL_STEP,262,159.038213,16.70596854904917,0.0,false
ALLINITC,4,1,SLP_SAR0_PH0_ATR0,false,false,false,MAX_IT,500,300.962901,30.4963832119043,3.739886178522056e-11,false
ALLINITC,4,1,SLP_SAR0_PH1_ATR0,false,true,false,MAX_IT,500,278.07275599999997,30.49627226941902,1.008032546323534e-10,false
ALLINITC,4,1,SLP_SAR0_PH1_ATR1,false,true,true,SMALL_STEP,44,25.486228,30.496540733813692,1.5276668818842154e-13,false
ALLINITC,4,1,BASE_SLP,true,false,false,MAX_IT,500,324.272042,30.495188910811343,2.3888627742607582e-9,true
ALLINITC,4,1,SLP_SAR1_PH1_ATR0,true,true,false,MAX_IT,500,278.09402700000004,30.49627226941902,1.008032546323534e-10,false
ALLINITC,4,1,SLP_SAR1_PH1_ATR1,true,true,true,SMALL_STEP,44,24.185993,30.496540733813692,1.5276668818842154e-13,false
ALLINITU,4,0,SLP_SAR0_PH0_ATR0,false,false,false,KKT_OK,55,28.671885,5.744384927394543,0.0,false
ALLINITU,4,0,SLP_SAR0_PH1_ATR0,false,true,false,SMALL_STEP,36,18.754108,5.744384960478667,0.0,false
ALLINITU,4,0,SLP_SAR0_PH1_ATR1,false,true,true,MAX_IT,500,277.004215,7.182151661507351,0.0,false
ALLINITU,4,0,BASE_SLP,true,false,false,SMALL_STEP,54,28.312623,5.744384958053153,0.0,true
ALLINITU,4,0,SLP_SAR1_PH1_ATR0,true,true,false,SMALL_STEP,36,18.731155,5.744384960478667,0.0,false
ALLINITU,4,0,SLP_SAR1_PH1_ATR1,true,true,true,MAX_IT,500,256.6023,7.182151661507351,0.0,false
ALSOTAME,2,1,SLP_SAR0_PH0_ATR0,false,false,false,SMALL_STEP,8,5.612633,0.08208499862389566,3.7969627442180354e-14,false
ALSOTAME,2,1,SLP_SAR0_PH1_ATR0,false,true,false,SMALL_STEP,8,5.563732,0.08208499862389566,3.8191672047105385e-14,false
ALSOTAME,2,1,SLP_SAR0_PH1_ATR1,false,true,true,SMALL_STEP,8,5.560265,0.08208499862389566,3.7969627442180354e-14,false
ALSOTAME,2,1,BASE_SLP,true,false,false,SMALL_STEP,8,5.526993,0.08208499862389566,3.7969627442180354e-14,true
ALSOTAME,2,1,SLP_SAR1_PH1_ATR0,true,true,false,SMALL_STEP,8,5.518877,0.08208499862389566,3.8191672047105385e-14,false
ALSOTAME,2,1,SLP_SAR1_PH1_ATR1,true,true,true,SMALL_STEP,8,5.533315,0.08208499862389566,3.7969627442180354e-14,false
ARGLINA,200,0,SLP_SAR0_PH0_ATR0,false,false,false,KKT_OK,26,26.406722000000002,200.0000119209263,0.0,false
ARGLINA,200,0,SLP_SAR0_PH1_ATR0,false,true,false,KKT_OK,11,11.122353,200.00000000000364,0.0,false
ARGLINA,200,0,SLP_SAR0_PH1_ATR1,false,true,true,KKT_OK,11,11.137752,200.00000000000364,0.0,false
ARGLINA,200,0,BASE_SLP,true,false,false,KKT_OK,26,26.259536999999998,200.0000119209263,0.0,true
ARGLINA,200,0,SLP_SAR1_PH1_ATR0,true,true,false,KKT_OK,11,11.659839999999999,200.00000000000364,0.0,false
ARGLINA,200,0,SLP_SAR1_PH1_ATR1,true,true,true,KKT_OK,11,11.044597999999999,200.00000000000364,0.0,false
ARGLINB,200,0,SLP_SAR0_PH0_ATR0,false,false,false,SMALL_STEP,16,15.975794000000002,400.0000002684552,0.0,false
ARGLINB,200,0,SLP_SAR0_PH1_ATR0,false,true,false,SMALL_STEP,12,11.930568000000001,99.625468164794,0.0,false
ARGLINB,200,0,SLP_SAR0_PH1_ATR1,false,true,true,SMALL_STEP,18,17.752121,99.62546816482569,0.0,false
ARGLINB,200,0,BASE_SLP,true,false,false,SMALL_STEP,15,14.811302,400.0000002684552,0.0,true
ARGLINB,200,0,SLP_SAR1_PH1_ATR0,true,true,false,SMALL_STEP,12,12.167251,99.625468164794,0.0,false
ARGLINB,200,0,SLP_SAR1_PH1_ATR1,true,true,true,SMALL_STEP,18,18.10928,99.62546816482569,0.0,false
ARGLINC,200,0,SLP_SAR0_PH0_ATR0,false,false,false,SMALL_STEP,16,16.199102,400.00000026312296,0.0,false
ARGLINC,200,0,SLP_SAR0_PH1_ATR0,false,true,false,SMALL_STEP,12,11.982404,101.12547051442911,0.0,false
ARGLINC,200,0,SLP_SAR0_PH1_ATR1,false,true,true,SMALL_STEP,18,17.646323,101.12547051433489,0.0,false
ARGLINC,200,0,BASE_SLP,true,false,false,SMALL_STEP,15,14.766609,400.00000026312296,0.0,true
ARGLINC,200,0,SLP_SAR1_PH1_ATR0,true,true,false,SMALL_STEP,12,11.8844,101.12547051442911,0.0,false
ARGLINC,200,0,SLP_SAR1_PH1_ATR1,true,true,true,SMALL_STEP,18,17.572475,101.12547051433489,0.0,false
ARGTRIGLS,200,0,SLP_SAR0_PH0_ATR0,false,false,false,SMALL_STEP,13,13.5819,0.0377852302380086,0.0,false
ARGTRIGLS,200,0,SLP_SAR0_PH1_ATR0,false,true,false,SMALL_STEP,8,8.350622,0.036805795637481355,0.0,false
ARGTRIGLS,200,0,SLP_SAR0_PH1_ATR1,false,true,true,SMALL_STEP,162,163.043537,0.0109060695582697,0.0,false
ARGTRIGLS,200,0,BASE_SLP,true,false,false,SMALL_STEP,11,11.997111,0.031952286999398866,0.0,true
ARGTRIGLS,200,0,SLP_SAR1_PH1_ATR0,true,true,false,SMALL_STEP,8,8.192856,0.036805795637481355,0.0,false
ARGTRIGLS,200,0,SLP_SAR1_PH1_ATR1,true,true,true,SMALL_STEP,162,171.481993,0.0109060695582697,0.0,false
ARWHEAD,5000,0,SLP_SAR0_PH0_ATR0,false,false,false,KKT_OK,14,143.408288,0.0,0.0,false
ARWHEAD,5000,0,SLP_SAR0_PH1_ATR0,false,true,false,SMALL_STEP,24,225.747017,0.00010815735330216292,0.0,false
ARWHEAD,5000,0,SLP_SAR0_PH1_ATR1,false,true,true,SMALL_STEP,192,2039.657354,1.2037794128172408e-7,0.0,false
ARWHEAD,5000,0,BASE_SLP,true,false,false,SMALL_STEP,29,268.020722,2.2706097352220844e-5,0.0,true
ARWHEAD,5000,0,SLP_SAR1_PH1_ATR0,true,true,false,SMALL_STEP,24,224.421035,0.00010815735330216292,0.0,false
ARWHEAD,5000,0,SLP_SAR1_PH1_ATR1,true,true,true,SMALL_STEP,192,1801.230796,1.2037794128172408e-7,0.0,false
BA-L1LS,57,0,SLP_SAR0_PH0_ATR0,false,false,false,SMALL_STEP,37,24.869313000000002,0.958608756930999,0.0,false
BA-L1LS,57,0,SLP_SAR0_PH1_ATR0,false,true,false,SMALL_STEP,29,19.455652999999998,0.5394823886343119,0.0,false
BA-L1LS,57,0,SLP_SAR0_PH1_ATR1,false,true,true,SMALL_STEP,90,56.63811,0.5428055414847014,0.0,false
BA-L1LS,57,0,BASE_SLP,true,false,false,SMALL_STEP,32,20.311646,0.20145098377975793,0.0,true
BA-L1LS,57,0,SLP_SAR1_PH1_ATR0,true,true,false,SMALL_STEP,29,18.531913,0.5394823886343119,0.0,false
BA-L1LS,57,0,SLP_SAR1_PH1_ATR1,true,true,true,SMALL_STEP,90,58.079239,0.5428055414847014,0.0,false
BA-L1SPLS,57,0,SLP_SAR0_PH0_ATR0,false,false,false,SMALL_STEP,40,26.746738999999998,5.204627677894959,0.0,false
BA-L1SPLS,57,0,SLP_SAR0_PH1_ATR0,false,true,false,SMALL_STEP,38,25.990473,0.449790586191532,0.0,false
BA-L1SPLS,57,0,SLP_SAR0_PH1_ATR1,false,true,true,MAX_IT,500,331.292088,1362.7037795281678,0.0,false
BA-L1SPLS,57,0,BASE_SLP,true,false,false,SMALL_STEP,30,20.883488,0.26886861523735256,0.0,true
BA-L1SPLS,57,0,SLP_SAR1_PH1_ATR0,true,true,false,SMALL_STEP,38,38.451774,0.449790586191532,0.0,false
BA-L1SPLS,57,0,SLP_SAR1_PH1_ATR1,true,true,true,MAX_IT,500,319.055518,1362.7037795281678,0.0,false
BA-L21LS,34134,0,SLP_SAR0_PH0_ATR0,false,false,false,MAX_IT,500,53987.266305,7.805596810112387e6,0.0,false
BA-L21LS,34134,0,SLP_SAR0_PH1_ATR0,false,true,false,SMALL_STEP,333,39956.539369,6.129912948279938e6,0.0,false
BA-L21LS,34134,0,SLP_SAR0_PH1_ATR1,false,true,true,MAX_IT,500,51198.448937,1.8086434635266237e7,0.0,false
BA-L21LS,34134,0,BASE_SLP,true,false,false,SMALL_STEP,216,25551.808648000002,7.053391945079009e6,0.0,true
BA-L21LS,34134,0,SLP_SAR1_PH1_ATR0,true,true,false,SMALL_STEP,333,39326.273987,6.129912948279938e6,0.0,false
BA-L21LS,34134,0,SLP_SAR1_PH1_ATR1,true,true,true,MAX_IT,500,51938.042575,1.8086434635266237e7,0.0,false
BA-L49LS,23769,0,SLP_SAR0_PH0_ATR0,false,false,false,MAX_IT,500,41103.439522,5.449575293560958e6,0.0,false
BA-L49LS,23769,0,SLP_SAR0_PH1_ATR0,false,true,false,MAX_IT,500,45697.268074,4.0752439057365796e6,0.0,false
BA-L49LS,23769,0,SLP_SAR0_PH1_ATR1,false,true,true,MAX_IT,500,39807.415361,5.230723040639935e7,0.0,false
BA-L49LS,23769,0,BASE_SLP,true,false,false,MAX_IT,500,44239.414643000004,4.461299421101939e6,0.0,true
BA-L49LS,23769,0,SLP_SAR1_PH1_ATR0,true,true,false,MAX_IT,500,44576.838031,4.0752439057365796e6,0.0,false
BA-L49LS,23769,0,SLP_SAR1_PH1_ATR1,true,true,true,MAX_IT,500,40358.925004,5.230723040639935e7,0.0,false
BA-L73LS,33753,0,SLP_SAR0_PH0_ATR0,false,false,false,MAX_IT,500,57582.616229,3.5554443949117586e7,0.0,false
BA-L73LS,33753,0,SLP_SAR0_PH1_ATR0,false,true,false,MAX_IT,500,64222.71625099999,1.4025895567209056e7,0.0,false
BA-L73LS,33753,0,SLP_SAR0_PH1_ATR1,false,true,true,MAX_IT,500,55540.151213000005,1.4652839979631248e8,0.0,false
BA-L73LS,33753,0,BASE_SLP,true,false,false,MAX_IT,500,63529.014472999996,1.5267339087365555e7,0.0,true
BA-L73LS,33753,0,SLP_SAR1_PH1_ATR0,true,true,false,MAX_IT,500,63826.498778,1.4025895567209056e7,0.0,false
BA-L73LS,33753,0,SLP_SAR1_PH1_ATR1,true,true,true,MAX_IT,500,55755.837216,1.4652839979631248e8,0.0,false
BARD,3,0,SLP_SAR0_PH0_ATR0,false,false,false,MAX_IT,500,276.066752,0.00962023479061918,0.0,false
BARD,3,0,SLP_SAR0_PH1_ATR0,false,true,false,MAX_IT,500,272.307395,0.00956426455951521,0.0,false
BARD,3,0,SLP_SAR0_PH1_ATR1,false,true,true,SMALL_STEP,346,185.758635,0.009703742368518965,0.0,false
BARD,3,0,BASE_SLP,true,false,false,MAX_IT,500,265.94537,0.009479078249568399,0.0,true
BARD,3,0,SLP_SAR1_PH1_ATR0,true,true,false,MAX_IT,500,266.739809,0.00956426455951521,0.0,false
BARD,3,0,SLP_SAR1_PH1_ATR1,true,true,true,SMALL_STEP,346,184.480819,0.009703742368518965,0.0,false
BDEXP,5000,0,SLP_SAR0_PH0_ATR0,false,false,false,KKT_OK,8,84.31032400000001,0.09312906277024556,0.0,false
BDEXP,5000,0,SLP_SAR0_PH1_ATR0,false,true,false,KKT_OK,9,79.055244,1.1491809819256052e-5,0.0,false
BDEXP,5000,0,SLP_SAR0_PH1_ATR1,false,true,true,KKT_OK,8,70.879999,0.09312906277024556,0.0,false
BDEXP,5000,0,BASE_SLP,true,false,false,KKT_OK,9,94.292897,4.769265189323084e-8,0.0,true
BDEXP,5000,0,SLP_SAR1_PH1_ATR0,true,true,false,KKT_OK,9,79.020128,1.1491809819256052e-5,0.0,false
BDEXP,5000,0,SLP_SAR1_PH1_ATR1,true,true,true,KKT_OK,8,77.120367,0.09312906277024556,0.0,false
BDQRTIC,5000,0,SLP_SAR0_PH0_ATR0,false,false,false,SMALL_STEP,46,462.026124,20006.26952395739,0.0,false
BDQRTIC,5000,0,SLP_SAR0_PH1_ATR0,false,true,false,SMALL_STEP,27,264.58201399999996,20006.33886361994,0.0,false
BDQRTIC,5000,0,SLP_SAR0_PH1_ATR1,false,true,true,MAX_IT,500,5530.500906,20043.47180102314,0.0,false
BDQRTIC,5000,0,BASE_SLP,true,false,false,SMALL_STEP,32,310.733407,20006.266279604955,0.0,true
BDQRTIC,5000,0,SLP_SAR1_PH1_ATR0,true,true,false,SMALL_STEP,27,258.710047,20006.33886361994,0.0,false
BDQRTIC,5000,0,SLP_SAR1_PH1_ATR1,true,true,true,MAX_IT,500,5282.720009000001,20043.47180102314,0.0,false
BEALE,2,0,SLP_SAR0_PH0_ATR0,false,false,false,SMALL_STEP,373,203.988157,1.5362795946050856e-5,0.0,false
BEALE,2,0,SLP_SAR0_PH1_ATR0,false,true,false,SMALL_STEP,436,235.85378200000002,4.093332615748168e-6,0.0,false
BEALE,2,0,SLP_SAR0_PH1_ATR1,false,true,true,MAX_IT,500,271.768075,0.1323696142843303,0.0,false
BEALE,2,0,BASE_SLP,true,false,false,SMALL_STEP,342,184.20802899999998,2.3763202264241698e-5,0.0,true
BEALE,2,0,SLP_SAR1_PH1_ATR0,true,true,false,SMALL_STEP,436,234.169083,4.093332615748168e-6,0.0,false
BEALE,2,0,SLP_SAR1_PH1_ATR1,true,true,true,MAX_IT,500,269.536281,0.1323696142843303,0.0,false
BENNETT5LS,3,0,SLP_SAR0_PH0_ATR0,false,false,false,SMALL_STEP,19,10.069275000000001,0.6431744448973108,0.0,false
BENNETT5LS,3,0,SLP_SAR0_PH1_ATR0,false,true,false,SMALL_STEP,12,6.341928,0.6431709695524045,0.0,false
BENNETT5LS,3,0,SLP_SAR0_PH1_ATR1,false,true,true,SMALL_STEP,16,8.415816,0.6615430389080548,0.0,false
BENNETT5LS,3,0,BASE_SLP,true,false,false,SMALL_STEP,18,9.445055,0.6449844539061177,0.0,true
BENNETT5LS,3,0,SLP_SAR1_PH1_ATR0,true,true,false,SMALL_STEP,12,6.3134749999999995,0.6431709695524045,0.0,false
BENNETT5LS,3,0,SLP_SAR1_PH1_ATR1,true,true,true,SMALL_STEP,16,8.416336999999999,0.6615430389080548,0.0,false
BIGGS3,6,0,SLP_SAR0_PH0_ATR0,false,false,false,MAX_IT,500,269.446713,0.0003909627899604163,0.0,false
BIGGS3,6,0,SLP_SAR0_PH1_ATR0,false,true,false,MAX_IT,500,274.165409,2.6476134724415016e-5,0.0,false
BIGGS3,6,0,SLP_SAR0_PH1_ATR1,false,true,true,MAX_IT,500,374.903998,0.7982217571473522,0.0,false
BIGGS3,6,0,BASE_SLP,true,false,false,MAX_IT,500,261.152626,0.00019526291373968705,0.0,true
BIGGS3,6,0,SLP_SAR1_PH1_ATR0,true,true,false,MAX_IT,500,258.073143,2.6476134724415016e-5,0.0,false
BIGGS3,6,0,SLP_SAR1_PH1_ATR1,true,true,true,MAX_IT,500,263.850843,0.7982217571473522,0.0,false
BIGGS5,6,0,SLP_SAR0_PH0_ATR0,false,false,false,MAX_IT,500,278.774338,0.061909350619031626,0.0,false
BIGGS5,6,0,SLP_SAR0_PH1_ATR0,false,true,false,MAX_IT,500,262.00361,0.05649445432875109,0.0,false
BIGGS5,6,0,SLP_SAR0_PH1_ATR1,false,true,true,MAX_IT,500,265.13196500000004,0.7572208821803665,0.0,false
BIGGS5,6,0,BASE_SLP,true,false,false,MAX_IT,500,271.926171,0.057581394014110415,0.0,true
BIGGS5,6,0,SLP_SAR1_PH1_ATR0,true,true,false,MAX_IT,500,271.694357,0.05649445432875109,0.0,false
BIGGS5,6,0,SLP_SAR1_PH1_ATR1,true,true,true,MAX_IT,500,271.537723,0.7572208821803665,0.0,false
BIGGS6,6,0,SLP_SAR0_PH0_ATR0,false,false,false,MAX_IT,500,272.36030500000004,0.2150338931678946,0.0,false
BIGGS6,6,0,SLP_SAR0_PH1_ATR0,false,true,false,MAX_IT,500,273.69351400000005,0.23896738349171706,0.0,false
BIGGS6,6,0,SLP_SAR0_PH1_ATR1,false,true,true,MAX_IT,500,274.12345100000005,0.2913969350225838,0.0,false
BIGGS6,6,0,BASE_SLP,true,false,false,MAX_IT,500,272.12188799999996,0.21477773162823666,0.0,true
BIGGS6,6,0,SLP_SAR1_PH1_ATR0,true,true,false,MAX_IT,500,272.580097,0.23896738349171706,0.0,false
BIGGS6,6,0,SLP_SAR1_PH1_ATR1,true,true,true,MAX_IT,500,273.078732,0.2913969350225838,0.0,false
BIGGSB1,5000,0,SLP_SAR0_PH0_ATR0,false,false,false,MAX_IT,500,5079.702034,0.08585235595703236,0.0,false
BIGGSB1,5000,0,SLP_SAR0_PH1_ATR0,false,true,false,MAX_IT,500,5040.069501,0.05483481828033127,0.0,false
BIGGSB1,5000,0,SLP_SAR0_PH1_ATR1,false,true,true,MAX_IT,500,5045.347327,0.26883165259505815,0.0,false
BIGGSB1,5000,0,BASE_SLP,true,false,false,MAX_IT,500,4874.543088,0.09295799255371219,0.0,true
BIGGSB1,5000,0,SLP_SAR1_PH1_ATR0,true,true,false,MAX_IT,500,4936.659065,0.05483481828033127,0.0,false
BIGGSB1,5000,0,SLP_SAR1_PH1_ATR1,true,true,true,MAX_IT,500,4985.943423,0.26883165259505815,0.0,false
BLEACHNG,17,0,SLP_SAR0_PH0_ATR0,false,false,false,SMALL_STEP,13,2491.603302,18916.115293529645,0.0,false
BLEACHNG,17,0,SLP_SAR0_PH1_ATR0,false,true,false,SMALL_STEP,16,3070.911848,18916.044907069994,0.0,false
BLEACHNG,17,0,SLP_SAR0_PH1_ATR1,false,true,true,SMALL_STEP,70,18547.515443999997,18924.063199727905,0.0,false
BLEACHNG,17,0,BASE_SLP,true,false,false,SMALL_STEP,13,3256.1415899999997,18850.687289177644,0.0,true
BLEACHNG,17,0,SLP_SAR1_PH1_ATR0,true,true,false,SMALL_STEP,16,3071.343003,18916.044907069994,0.0,false
BLEACHNG,17,0,SLP_SAR1_PH1_ATR1,true,true,true,SMALL_STEP,70,18547.284605,18924.063199727905,0.0,false
BOX,10000,0,SLP_SAR0_PH0_ATR0,false,false,false,SMALL_STEP,44,883.491621,-1864.5378789422903,0.0,false
BOX,10000,0,SLP_SAR0_PH1_ATR0,false,true,false,SMALL_STEP,36,734.5000200000001,-1864.5379224236565,0.0,false
BOX,10000,0,SLP_SAR0_PH1_ATR1,false,true,true,SMALL_STEP,464,9906.998528,-1864.516441793071,0.0,false
BOX,10000,0,BASE_SLP,true,false,false,SMALL_STEP,39,796.740169,-1864.537892702864,0.0,true
BOX,10000,0,SLP_SAR1_PH1_ATR0,true,true,false,SMALL_STEP,36,748.076781,-1864.5379224236565,0.0,false
BOX,10000,0,SLP_SAR1_PH1_ATR1,true,true,true,SMALL_STEP,464,9805.948873,-1864.516441793071,0.0,false
BOX2,3,0,SLP_SAR0_PH0_ATR0,false,false,false,KKT_OK,378,193.535049,0.00010319489520166409,0.0,false
BOX2,3,0,SLP_SAR0_PH1_ATR0,false,true,false,KKT_OK,345,184.988048,8.491100898777625e-5,0.0,false
BOX2,3,0,SLP_SAR0_PH1_ATR1,false,true,true,MAX_IT,500,267.15113099999996,0.0010523280551994767,0.0,false
BOX2,3,0,BASE_SLP,true,false,false,KKT_OK,262,141.36034899999999,0.00010468459929965575,0.0,true
BOX2,3,0,SLP_SAR1_PH1_ATR0,true,true,false,KKT_OK,345,185.53833,8.491100898777625e-5,0.0,false
BOX2,3,0,SLP_SAR1_PH1_ATR1,true,true,true,MAX_IT,500,269.91432100000003,0.0010523280551994767,0.0,false
BOX3,3,0,SLP_SAR0_PH0_ATR0,false,false,false,KKT_OK,78,42.088705,6.460124122551893e-5,0.0,false
BOX3,3,0,SLP_SAR0_PH1_ATR0,false,true,false,KKT_OK,91,48.873052,5.6971605947695294e-5,0.0,false
BOX3,3,0,SLP_SAR0_PH1_ATR1,false,true,true,KKT_OK,166,89.094257,2.1452052201833366e-6,0.0,false
BOX3,3,0,BASE_SLP,true,false,false,KKT_OK,102,53.553074,5.696155557949452e-5,0.0,true
BOX3,3,0,SLP_SAR1_PH1_ATR0,true,true,false,KKT_OK,91,46.565296,5.6971605947695294e-5,0.0,false
BOX3,3,0,SLP_SAR1_PH1_ATR1,true,true,true,KKT_OK,166,84.806299,2.1452052201833366e-6,0.0,false
BOXBODLS,2,0,SLP_SAR0_PH0_ATR0,false,false,false,MAX_IT,500,255.21082,6116.625428051722,0.0,false
BOXBODLS,2,0,SLP_SAR0_PH1_ATR0,false,true,false,MAX_IT,500,253.18393,5541.821929048338,0.0,false
BOXBODLS,2,0,SLP_SAR0_PH1_ATR1,false,true,true,MAX_IT,500,260.31599,13646.702284301497,0.0,false
BOXBODLS,2,0,BASE_SLP,true,false,false,MAX_IT,500,266.761081,5606.267615729444,0.0,true
BOXBODLS,2,0,SLP_SAR1_PH1_ATR0,true,true,false,MAX_IT,500,268.077228,5541.821929048338,0.0,false
BOXBODLS,2,0,SLP_SAR1_PH1_ATR1,true,true,true,MAX_IT,500,268.036161,13646.702284301497,0.0,false
BOXPOWER,20000,0,SLP_SAR0_PH0_ATR0,false,false,false,SMALL_STEP,22,914.2219620000001,1.7164516448657575e-5,0.0,false
BOXPOWER,20000,0,SLP_SAR0_PH1_ATR0,false,true,false,KKT_OK,11,416.297076,2.519484830259008e-22,0.0,false
BOXPOWER,20000,0,SLP_SAR0_PH1_ATR1,false,true,true,SMALL_STEP,18,711.318381,0.1042575165120777,0.0,false
BOXPOWER,20000,0,BASE_SLP,true,false,false,SMALL_STEP,21,839.9344709999999,3.8620162010665035e-5,0.0,true
BOXPOWER,20000,0,SLP_SAR1_PH1_ATR0,true,true,false,KKT_OK,11,417.44823399999996,2.519484830259008e-22,0.0,false
BOXPOWER,20000,0,SLP_SAR1_PH1_ATR1,true,true,true,SMALL_STEP,18,723.6119749999999,0.1042575165120777,0.0,false
PHP1VAR,1,0,SLP_SAR0_PH0_ATR0,false,false,false,KKT_OK,5,2.618408,0.0,0.0,false
PHP1VAR,1,0,SLP_SAR0_PH1_ATR0,false,true,false,KKT_OK,5,2.6086,0.0,0.0,false
PHP1VAR,1,0,SLP_SAR0_PH1_ATR1,false,true,true,KKT_OK,5,2.6036,0.0,0.0,false
PHP1VAR,1,0,BASE_SLP,true,false,false,KKT_OK,5,2.636192,0.0,0.0,true
PHP1VAR,1,0,SLP_SAR1_PH1_ATR0,true,true,false,KKT_OK,5,2.627065,0.0,0.0,false
PHP1VAR,1,0,SLP_SAR1_PH1_ATR1,true,true,true,KKT_OK,5,2.6134790000000003,0.0,0.0,false
PHPGABIM,50,0,SLP_SAR0_PH0_ATR0,false,false,false,SMALL_STEP,8,5.3796740000000005,-1.2117437596709798e-5,0.0,false
PHPGABIM,50,0,SLP_SAR0_PH1_ATR0,false,true,false,SMALL_STEP,7,4.72112,-2.279675700113466e-5,0.0,false
PHPGABIM,50,0,SLP_SAR0_PH1_ATR1,false,true,true,SMALL_STEP,14,9.35717,-3.2180805648867274e-5,0.0,false
PHPGABIM,50,0,BASE_SLP,true,false,false,SMALL_STEP,8,5.474121,-1.2117437596709798e-5,0.0,true
PHPGABIM,50,0,SLP_SAR1_PH1_ATR0,true,true,false,SMALL_STEP,7,4.778748,-2.279675700113466e-5,0.0,false
PHPGABIM,50,0,SLP_SAR1_PH1_ATR1,true,true,true,SMALL_STEP,14,9.487023,-3.2180805648867274e-5,0.0,false
PHPGASIM,50,0,SLP_SAR0_PH0_ATR0,false,false,false,SMALL_STEP,8,5.031682,-1.4421141346366482e-5,0.0,false
PHPGASIM,50,0,SLP_SAR0_PH1_ATR0,false,true,false,SMALL_STEP,7,4.411299,-2.816725870345161e-5,0.0,false
PHPGASIM,50,0,SLP_SAR0_PH1_ATR1,false,true,true,SMALL_STEP,16,9.939231,-4.5064531411172276e-5,0.0,false
PHPGASIM,50,0,BASE_SLP,true,false,false,SMALL_STEP,8,5.028446,-1.4421141346366482e-5,0.0,true
PHPGASIM,50,0,SLP_SAR1_PH1_ATR0,true,true,false,SMALL_STEP,7,4.407542,-2.816725870345161e-5,0.0,false
PHPGASIM,50,0,SLP_SAR1_PH1_ATR1,true,true,true,SMALL_STEP,16,9.872326000000001,-4.5064531411172276e-5,0.0,false
PHPGAUSS,2003,0,SLP_SAR0_PH0_ATR0,false,false,false,SMALL_STEP,8,38.265629000000004,-0.00023990336199635045,0.0,false
PHPGAUSS,2003,0,SLP_SAR0_PH1_ATR0,false,true,false,SMALL_STEP,7,35.957322,-0.0006294738174676814,0.0,false
PHPGAUSS,2003,0,SLP_SAR0_PH1_ATR1,false,true,true,SMALL_STEP,26,102.654134,-0.010033049692021404,0.0,false
PHPGAUSS,2003,0,BASE_SLP,true,false,false,SMALL_STEP,8,31.393807000000002,-0.00023990336199635045,0.0,true
PHPGAUSS,2003,0,SLP_SAR1_PH1_ATR0,true,true,false,SMALL_STEP,7,28.242369999999998,-0.0006294738174676814,0.0,false
PHPGAUSS,2003,0,SLP_SAR1_PH1_ATR1,true,true,true,SMALL_STEP,26,102.56467599999999,-0.010033049692021404,0.0,false
BRANIN,2,0,SLP_SAR0_PH0_ATR0,false,false,false,KKT_OK,45,23.484091,0.39788753967328017,0.0,false
BRANIN,2,0,SLP_SAR0_PH1_ATR0,false,true,false,KKT_OK,33,17.189061,0.3978874985789499,0.0,false
BRANIN,2,0,SLP_SAR0_PH1_ATR1,false,true,true,KKT_OK,74,38.374192,0.3978875381132054,0.0,false
BRANIN,2,0,BASE_SLP,true,false,false,KKT_OK,57,29.552787000000002,0.397887366487354,0.0,true
BRANIN,2,0,SLP_SAR1_PH1_ATR0,true,true,false,KKT_OK,33,17.113559000000002,0.3978874985789499,0.0,false
BRANIN,2,0,SLP_SAR1_PH1_ATR1,true,true,true,KKT_OK,74,38.106049000000006,0.3978875381132054,0.0,false
BRATU1D,5003,0,SLP_SAR0_PH0_ATR0,false,false,false,MAX_IT,500,5460.646448,4.33710514098924e8,0.0,false
BRATU1D,5003,0,SLP_SAR0_PH1_ATR0,false,true,false,MAX_IT,500,5518.70357,5.157725271403786e8,0.0,false
BRATU1D,5003,0,SLP_SAR0_PH1_ATR1,false,true,true,MAX_IT,500,5511.3949729999995,4.662650796611512e8,0.0,false
BRATU1D,5003,0,BASE_SLP,true,false,false,MAX_IT,500,5756.288170000001,4.719637853539836e8,0.0,true
BRATU1D,5003,0,SLP_SAR1_PH1_ATR0,true,true,false,MAX_IT,500,5388.538004,5.157725271403786e8,0.0,false
BRATU1D,5003,0,SLP_SAR1_PH1_ATR1,true,true,true,MAX_IT,500,5402.805952,4.662650796611512e8,0.0,false
BRKMCC,2,0,SLP_SAR0_PH0_ATR0,false,false,false,SMALL_STEP,119,63.369196,0.1690439668799123,0.0,false
BRKMCC,2,0,SLP_SAR0_PH1_ATR0,false,true,false,SMALL_STEP,147,78.454624,0.16904280352457016,0.0,false
BRKMCC,2,0,SLP_SAR0_PH1_ATR1,false,true,true,MAX_IT,500,274.05697200000003,0.3101651688638632,0.0,false
BRKMCC,2,0,BASE_SLP,true,false,false,SMALL_STEP,87,47.530646000000004,0.16904283443283294,0.0,true
BRKMCC,2,0,SLP_SAR1_PH1_ATR0,true,true,false,SMALL_STEP,147,80.681849,0.16904280352457016,0.0,false
BRKMCC,2,0,SLP_SAR1_PH1_ATR1,true,true,true,MAX_IT,500,276.41297799999995,0.3101651688638632,0.0,false
BROWNAL,200,0,SLP_SAR0_PH0_ATR0,false,false,false,SMALL_STEP,28,29.896572,0.004564890150614005,0.0,false
BROWNAL,200,0,SLP_SAR0_PH1_ATR0,false,true,false,SMALL_STEP,11,11.489207,0.08039898911675351,0.0,false
BROWNAL,200,0,SLP_SAR0_PH1_ATR1,false,true,true,SMALL_STEP,18,18.362430999999997,2.3524056435413345e-6,0.0,false
BROWNAL,200,0,BASE_SLP,true,false,false,SMALL_STEP,28,29.184186,0.004564890150614005,0.0,true
BROWNAL,200,0,SLP_SAR1_PH1_ATR0,true,true,false,SMALL_STEP,11,11.547646,0.08039898911675351,0.0,false
BROWNAL,200,0,SLP_SAR1_PH1_ATR1,true,true,true,SMALL_STEP,18,18.302959,2.3524056435413345e-6,0.0,false
BROWNBS,2,0,SLP_SAR0_PH0_ATR0,false,false,false,MAX_IT,500,276.326296,9.990033096350625e11,0.0,false
BROWNBS,2,0,SLP_SAR0_PH1_ATR0,false,true,false,MAX_IT,500,273.193914,9.990033096350625e11,0.0,false
BROWNBS,2,0,SLP_SAR0_PH1_ATR1,false,true,true,MAX_IT,500,374.14690099999996,9.990033096350625e11,0.0,false
BROWNBS,2,0,BASE_SLP,true,false,false,MAX_IT,500,256.065046,9.990033096350625e11,0.0,true
BROWNBS,2,0,SLP_SAR1_PH1_ATR0,true,true,false,MAX_IT,500,256.070296,9.990033096350625e11,0.0,false
BROWNBS,2,0,SLP_SAR1_PH1_ATR1,true,true,true,MAX_IT,500,258.644311,9.990033096350625e11,0.0,false
BROWNDEN,4,0,SLP_SAR0_PH0_ATR0,false,false,false,SMALL_STEP,448,236.70681900000002,85822.2017893228,0.0,false
BROWNDEN,4,0,SLP_SAR0_PH1_ATR0,false,true,false,SMALL_STEP,279,145.88709699999998,85822.20292606163,0.0,false
BROWNDEN,4,0,SLP_SAR0_PH1_ATR1,false,true,true,MAX_IT,500,265.804373,288910.70220961096,0.0,false
BROWNDEN,4,0,BASE_SLP,true,false,false,SMALL_STEP,441,239.936263,85822.20260758091,0.0,true
BROWNDEN,4,0,SLP_SAR1_PH1_ATR0,true,true,false,SMALL_STEP,279,151.99453499999998,85822.20292606163,0.0,false
BROWNDEN,4,0,SLP_SAR1_PH1_ATR1,true,true,true,MAX_IT,500,272.29884599999997,288910.70220961096,0.0,false
BROYDN3DLS,5000,0,SLP_SAR0_PH0_ATR0,false,false,false,MAX_IT,500,5320.276494,0.5810453097323335,0.0,false
BROYDN3DLS,5000,0,SLP_SAR0_PH1_ATR0,false,true,false,SMALL_STEP,339,3629.697665,0.13160026846794848,0.0,false
BROYDN3DLS,5000,0,SLP_SAR0_PH1_ATR1,false,true,true,MAX_IT,500,5374.729901000001,0.33591109826838295,0.0,false
BROYDN3DLS,5000,0,BASE_SLP,true,false,false,MAX_IT,500,5414.6940460000005,0.4098707217905495,0.0,true
BROYDN3DLS,5000,0,SLP_SAR1_PH1_ATR0,true,true,false,SMALL_STEP,339,3662.135423,0.13160026846794848,0.0,false
BROYDN3DLS,5000,0,SLP_SAR1_PH1_ATR1,true,true,true,MAX_IT,500,5585.703662,0.33591109826838295,0.0,false
BROYDN7D,5000,0,SLP_SAR0_PH0_ATR0,false,false,false,MAX_IT,500,5379.305707,3023.2478221240976,0.0,false
BROYDN7D,5000,0,SLP_SAR0_PH1_ATR0,false,true,false,MAX_IT,500,5455.297066,3307.633289708591,0.0,false
BROYDN7D,5000,0,SLP_SAR0_PH1_ATR1,false,true,true,MAX_IT,500,5415.340107999999,3442.8225737830867,0.0,false
BROYDN7D,5000,0,BASE_SLP,true,false,false,MAX_IT,500,5460.551931,3425.926464654623,0.0,true
BROYDN7D,5000,0,SLP_SAR1_PH1_ATR0,true,true,false,MAX_IT,500,5516.891822,3307.633289708591,0.0,false
BROYDN7D,5000,0,SLP_SAR1_PH1_ATR1,true,true,true,MAX_IT,500,5500.298360000001,3442.8225737830867,0.0,false
BROYDNBDLS,5000,0,SLP_SAR0_PH0_ATR0,false,false,false,SMALL_STEP,430,4708.982423,0.23848903782485872,0.0,false
BROYDNBDLS,5000,0,SLP_SAR0_PH1_ATR0,false,true,false,MAX_IT,500,5553.528943,0.07722606250426774,0.0,false
BROYDNBDLS,5000,0,SLP_SAR0_PH1_ATR1,false,true,true,MAX_IT,500,5488.778959,0.25135849582327174,0.0,false
BROYDNBDLS,5000,0,BASE_SLP,true,false,false,SMALL_STEP,380,4216.572695,0.018929222641962094,0.0,true
BROYDNBDLS,5000,0,SLP_SAR1_PH1_ATR0,true,true,false,MAX_IT,500,5629.750115,0.07722606250426774,0.0,false
BROYDNBDLS,5000,0,SLP_SAR1_PH1_ATR1,true,true,true,MAX_IT,500,5220.9018719999995,0.25135849582327174,0.0,false
BRYBND,5000,0,SLP_SAR0_PH0_ATR0,false,false,false,SMALL_STEP,430,4689.800018,0.23848903782485872,0.0,false
BRYBND,5000,0,SLP_SAR0_PH1_ATR0,false,true,false,MAX_IT,500,5599.730794,0.07722606250426774,0.0,false
BRYBND,5000,0,SLP_SAR0_PH1_ATR1,false,true,true,MAX_IT,500,5456.837608,0.25135849582327174,0.0,false
BRYBND,5000,0,BASE_SLP,true,false,false,SMALL_STEP,380,4328.364592,0.018929222641962094,0.0,true
BRYBND,5000,0,SLP_SAR1_PH1_ATR0,true,true,false,MAX_IT,500,5271.207122,0.07722606250426774,0.0,false
BRYBND,5000,0,SLP_SAR1_PH1_ATR1,true,true,true,MAX_IT,500,5272.0966,0.25135849582327174,0.0,false
BT1,2,1,SLP_SAR0_PH0_ATR0,false,false,false,MAX_IT,500,279.660981,-0.9984130350468847,1.5307458007315228e-7,false
BT1,2,1,SLP_SAR0_PH1_ATR0,false,true,false,SMALL_STEP,206,124.558608,-0.9999768192801789,2.1900295543592356e-9,false
BT1,2,1,SLP_SAR0_PH1_ATR1,false,true,true,SMALL_STEP,117,73.334547,-0.9999981613834457,2.4881484322139896e-9,false
BT1,2,1,BASE_SLP,true,false,false,SMALL_STEP,277,163.999691,-0.9999906470351064,6.250115565309617e-10,true
BT1,2,1,SLP_SAR1_PH1_ATR0,true,true,false,SMALL_STEP,206,124.320632,-0.9999768192801789,2.1900295543592356e-9,false
BT1,2,1,SLP_SAR1_PH1_ATR1,true,true,true,SMALL_STEP,117,72.344331,-0.9999981613834457,2.4881484322139896e-9,false
BT13,5,1,SLP_SAR0_PH0_ATR0,false,false,false,MAX_IT,500,324.841473,13.199999999999534,1.0825923472871466,false
BT13,5,1,SLP_SAR0_PH1_ATR0,false,true,false,MAX_IT,500,327.227876,0.0,0.8638847208101041,false
BT13,5,1,SLP_SAR0_PH1_ATR1,false,true,true,MAX_IT,500,309.012291,190.85356445312453,0.001985706934647169,false
BT13,5,1,BASE_SLP,true,false,false,INFEASIBLE_STATIONARY,499,308.426893,0.0,0.10537164275484477,true
BT13,5,1,SLP_SAR1_PH1_ATR0,true,true,false,MAX_IT,500,320.584944,0.0,0.8638847208101041,false
BT13,5,1,SLP_SAR1_PH1_ATR1,true,true,true,MAX_IT,500,324.870928,190.85356445312453,0.001985706934647169,false
BT2,3,1,SLP_SAR0_PH0_ATR0,false,false,false,SMALL_STEP,59,41.307601999999996,0.03256820103048885,3.273409987514242e-9,false
BT2,3,1,SLP_SAR0_PH1_ATR0,false,true,false,SMALL_STEP,40,30.396718999999997,0.03256820041877434,2.2398660703970563e-9,false
BT2,3,1,SLP_SAR0_PH1_ATR1,false,true,true,MAX_IT,500,301.333406,0.04849175463884623,3.4740211756201234e-5,false
BT2,3,1,BASE_SLP,true,false,false,SMALL_STEP,51,36.266352000000005,0.03256820047144071,8.033715914734785e-10,true
BT2,3,1,SLP_SAR1_PH1_ATR0,true,true,false,SMALL_STEP,40,30.279269,0.03256820041877434,2.2398660703970563e-9,false
BT2,3,1,SLP_SAR1_PH1_ATR1,true,true,true,MAX_IT,500,303.785082,0.04849175463884623,3.4740211756201234e-5,false
BURKEHAN,1,1,SLP_SAR0_PH0_ATR0,false,false,false,STALLED_INFEASIBLE,26,28.541943,-2.4857599999994617e-5,1.0000000006179002,false
CAMEL6,2,0,SLP_SAR0_PH0_ATR0,false,false,false,KKT_OK,32,16.761209,-1.0316284417057648,0.0,false
CAMEL6,2,0,SLP_SAR0_PH1_ATR0,false,true,false,KKT_OK,22,11.663022,-1.0316284497683794,0.0,false
CAMEL6,2,0,SLP_SAR0_PH1_ATR1,false,true,true,KKT_OK,112,58.652255000000004,-1.0316284518989913,0.0,false
CAMEL6,2,0,BASE_SLP,true,false,false,SMALL_STEP,33,17.333092,-1.0316284395261603,0.0,true
CAMEL6,2,0,SLP_SAR1_PH1_ATR0,true,true,false,KKT_OK,22,11.655539,-1.0316284497683794,0.0,false
CAMEL6,2,0,SLP_SAR1_PH1_ATR1,true,true,true,KKT_OK,112,58.297098999999996,-1.0316284518989913,0.0,false
CANTILVR,5,1,SLP_SAR0_PH0_ATR0,false,false,false,MAX_IT,500,323.03833199999997,1.3194951030343578,0.10119336791889078,false
CANTILVR,5,1,SLP_SAR0_PH1_ATR0,false,true,false,MAX_IT,500,289.286694,1.233007537212287,0.3970073399328853,false
CANTILVR,5,1,SLP_SAR0_PH1_ATR1,false,true,true,MAX_IT,500,312.643147,1.3402576967725273,4.315664495602167e-6,false
CANTILVR,5,1,BASE_SLP,true,false,false,MAX_IT,500,325.88329500000003,1.3394232511182804,0.0013407572996261413,true
CANTILVR,5,1,SLP_SAR1_PH1_ATR0,true,true,false,MAX_IT,500,302.896226,1.233007537212287,0.3970073399328853,false
CANTILVR,5,1,SLP_SAR1_PH1_ATR1,true,true,true,MAX_IT,500,322.128537,1.3402576967725273,4.315664495602167e-6,false
CERI651ALS,7,0,SLP_SAR0_PH0_ATR0,false,false,false,SMALL_STEP,13,7.447641,9163.826188813995,0.0,false
CERI651ALS,7,0,SLP_SAR0_PH1_ATR0,false,true,false,SMALL_STEP,8,4.598179,9216.156983433453,0.0,false
CERI651ALS,7,0,SLP_SAR0_PH1_ATR1,false,true,true,SMALL_STEP,10,5.74552,9301.453176332423,0.0,false
CERI651ALS,7,0,BASE_SLP,true,false,false,SMALL_STEP,11,6.28994,9180.549803381899,0.0,true
CERI651ALS,7,0,SLP_SAR1_PH1_ATR0,true,true,false,SMALL_STEP,8,4.6069759999999995,9216.156983433453,0.0,false
CERI651ALS,7,0,SLP_SAR1_PH1_ATR1,true,true,true,SMALL_STEP,10,5.727265,9301.453176332423,0.0,false
CERI651BLS,7,0,SLP_SAR0_PH0_ATR0,false,false,false,SMALL_STEP,8,4.593581,448.97861698544864,0.0,false
CERI651BLS,7,0,SLP_SAR0_PH1_ATR0,false,true,false,SMALL_STEP,7,4.014455999999999,448.9169936751772,0.0,false
CERI651BLS,7,0,SLP_SAR0_PH1_ATR1,false,true,true,SMALL_STEP,10,5.718159,448.9265576671959,0.0,false
CERI651BLS,7,0,BASE_SLP,true,false,false,SMALL_STEP,8,4.590144,448.97861698544864,0.0,true
CERI651BLS,7,0,SLP_SAR1_PH1_ATR0,true,true,false,SMALL_STEP,7,3.9981440000000004,448.9169936751772,0.0,false
CERI651BLS,7,0,SLP_SAR1_PH1_ATR1,true,true,true,SMALL_STEP,10,5.71898,448.9265576671959,0.0,false
CERI651CLS,7,0,SLP_SAR0_PH0_ATR0,false,false,false,SMALL_STEP,8,4.631181,113.13867296616688,0.0,false
CERI651CLS,7,0,SLP_SAR0_PH1_ATR0,false,true,false,SMALL_STEP,7,4.0363359999999995,112.9372360294983,0.0,false
CERI651CLS,7,0,SLP_SAR0_PH1_ATR1,false,true,true,SMALL_STEP,10,5.734229,112.96847204347596,0.0,false
CERI651CLS,7,0,BASE_SLP,true,false,false,SMALL_STEP,8,4.610953,113.13867296616688,0.0,true
CERI651CLS,7,0,SLP_SAR1_PH1_ATR0,true,true,false,SMALL_STEP,7,4.032268999999999,112.9372360294983,0.0,false
CERI651CLS,7,0,SLP_SAR1_PH1_ATR1,true,true,true,SMALL_STEP,10,5.705726,112.96847204347596,0.0,false
CERI651DLS,7,0,SLP_SAR0_PH0_ATR0,false,false,false,SMALL_STEP,8,4.4231110000000005,28.568275148707087,0.0,false
CERI651DLS,7,0,SLP_SAR0_PH1_ATR0,false,true,false,SMALL_STEP,7,3.869283,27.885481107130882,0.0,false
CERI651DLS,7,0,SLP_SAR0_PH1_ATR1,false,true,true,SMALL_STEP,10,5.476344999999999,27.885613332311056,0.0,false
CERI651DLS,7,0,BASE_SLP,true,false,false,SMALL_STEP,8,4.396722,28.568275148707087,0.0,true
CERI651DLS,7,0,SLP_SAR1_PH1_ATR0,true,true,false,SMALL_STEP,7,3.838115,27.885481107130882,0.0,false
CERI651DLS,7,0,SLP_SAR1_PH1_ATR1,true,true,true,SMALL_STEP,10,5.44692,27.885613332311056,0.0,false
CERI651ELS,7,0,SLP_SAR0_PH0_ATR0,false,false,false,SMALL_STEP,8,4.389418,27.806710270391342,0.0,false
CERI651ELS,7,0,SLP_SAR0_PH1_ATR0,false,true,false,SMALL_STEP,7,3.855787,27.493252317906897,0.0,false
CERI651ELS,7,0,SLP_SAR0_PH1_ATR1,false,true,true,SMALL_STEP,10,5.458182,27.49458941457152,0.0,false
CERI651ELS,7,0,BASE_SLP,true,false,false,SMALL_STEP,8,4.351848,27.806710270391342,0.0,true
CERI651ELS,7,0,SLP_SAR1_PH1_ATR0,true,true,false,SMALL_STEP,7,3.819309,27.493252317906897,0.0,false
CERI651ELS,7,0,SLP_SAR1_PH1_ATR1,true,true,true,SMALL_STEP,10,5.416573,27.49458941457152,0.0,false
CHAINWOO,4000,0,SLP_SAR0_PH0_ATR0,false,false,false,SMALL_STEP,122,1045.916095,13.353147462078573,0.0,false
CHAINWOO,4000,0,SLP_SAR0_PH1_ATR0,false,true,false,SMALL_STEP,101,1476.153297,24.88314541517944,0.0,false
CHAINWOO,4000,0,SLP_SAR0_PH1_ATR1,false,true,true,MAX_IT,500,4504.838472,36.23353980806765,0.0,false
CHAINWOO,4000,0,BASE_SLP,true,false,false,SMALL_STEP,114,1006.1108999999999,13.617437252783352,0.0,true
CHAINWOO,4000,0,SLP_SAR1_PH1_ATR0,true,true,false,SMALL_STEP,101,884.648897,24.88314541517944,0.0,false
CHAINWOO,4000,0,SLP_SAR1_PH1_ATR1,true,true,true,MAX_IT,500,4460.679838,36.23353980806765,0.0,false
CHARDIS0,2000,0,SLP_SAR0_PH0_ATR0,false,false,false,SMALL_STEP,347,6005.864649,38.209925266244134,0.0,false
CHARDIS0,2000,0,SLP_SAR0_PH1_ATR0,false,true,false,SMALL_STEP,138,2835.199219,33.03278448860893,0.0,false
CHARDIS0,2000,0,SLP_SAR0_PH1_ATR1,false,true,true,MAX_IT,500,7812.401791,3494.1112380566537,0.0,false
CHARDIS0,2000,0,BASE_SLP,true,false,false,SMALL_STEP,50,883.867137,0.20067213834130365,0.0,true
CHARDIS0,2000,0,SLP_SAR1_PH1_ATR0,true,true,false,SMALL_STEP,138,2838.494326,33.03278448860893,0.0,false
CHARDIS0,2000,0,SLP_SAR1_PH1_ATR1,true,true,true,MAX_IT,500,7842.901205,3494.1112380566537,0.0,false
CHARDIS02,2000,0,SLP_SAR0_PH0_ATR0,false,false,false,MAX_IT,500,12032.456867,2.3229209846497495e6,0.0,false
CHARDIS02,2000,0,SLP_SAR0_PH1_ATR0,false,true,false,MAX_IT,500,15532.286202,1.9965737473095355e6,0.0,false
CHARDIS02,2000,0,SLP_SAR0_PH1_ATR1,false,true,true,MAX_IT,500,11465.073058,3.630897367487658e7,0.0,false
CHARDIS02,2000,0,BASE_SLP,true,false,false,MAX_IT,500,14937.762315,1.996549735307566e6,0.0,true
CHARDIS02,2000,0,SLP_SAR1_PH1_ATR0,true,true,false,MAX_IT,500,15546.354948,1.9965737473095355e6,0.0,false
CHARDIS02,2000,0,SLP_SAR1_PH1_ATR1,true,true,true,MAX_IT,500,11485.551463,3.630897367487658e7,0.0,false
CHEBYQAD,100,0,SLP_SAR0_PH0_ATR0,false,false,false,SMALL_STEP,19,25.596239,0.009726098654357473,0.0,false
CHEBYQAD,100,0,SLP_SAR0_PH1_ATR0,false,true,false,SMALL_STEP,15,21.00604,0.009732421311254702,0.0,false
CHEBYQAD,100,0,SLP_SAR0_PH1_ATR1,false,true,true,SMALL_STEP,68,88.35135700000001,0.0098137624563578,0.0,false
CHEBYQAD,100,0,BASE_SLP,true,false,false,SMALL_STEP,17,24.062345999999998,0.009814005944827866,0.0,true
CHEBYQAD,100,0,SLP_SAR1_PH1_ATR0,true,true,false,SMALL_STEP,15,20.818108,0.009732421311254702,0.0,false
CHEBYQAD,100,0,SLP_SAR1_PH1_ATR1,true,true,true,SMALL_STEP,68,88.432248,0.0098137624563578,0.0,false
CHENHARK,5000,0,SLP_SAR0_PH0_ATR0,false,false,false,SMALL_STEP,433,4722.8612840000005,-1.9528047023233026,0.0,false
CHENHARK,5000,0,SLP_SAR0_PH1_ATR0,false,true,false,SMALL_STEP,398,4047.163361,-1.977539383557163,0.0,false
CHENHARK,5000,0,SLP_SAR0_PH1_ATR1,false,true,true,MAX_IT,500,5066.040981,-1.6687761135783559,0.0,false
CHENHARK,5000,0,BASE_SLP,true,false,false,SMALL_STEP,331,3383.915615,-1.9752778535710083,0.0,true
CHENHARK,5000,0,SLP_SAR1_PH1_ATR0,true,true,false,SMALL_STEP,398,4078.270882,-1.977539383557163,0.0,false
CHENHARK,5000,0,SLP_SAR1_PH1_ATR1,true,true,true,MAX_IT,500,5180.5723769999995,-1.6687761135783559,0.0,false
CHNROSNB,50,0,SLP_SAR0_PH0_ATR0,false,false,false,MAX_IT,500,343.539121,9.216535539055545,0.0,false
CHNROSNB,50,0,SLP_SAR0_PH1_ATR0,false,true,false,MAX_IT,500,448.116566,29.37930498610963,0.0,false
CHNROSNB,50,0,SLP_SAR0_PH1_ATR1,false,true,true,MAX_IT,500,319.179969,43.60634355729823,0.0,false
CHNROSNB,50,0,BASE_SLP,true,false,false,MAX_IT,500,334.571081,11.75726474865516,0.0,true
CHNROSNB,50,0,SLP_SAR1_PH1_ATR0,true,true,false,MAX_IT,500,336.082814,29.37930498610963,0.0,false
CHNROSNB,50,0,SLP_SAR1_PH1_ATR1,true,true,true,MAX_IT,500,475.948514,43.60634355729823,0.0,false
CHNRSNBM,50,0,SLP_SAR0_PH0_ATR0,false,false,false,MAX_IT,500,345.11416299999996,0.3028375305517647,0.0,false
CHNRSNBM,50,0,SLP_SAR0_PH1_ATR0,false,true,false,MAX_IT,500,433.494516,33.726861468674485,0.0,false
CHNRSNBM,50,0,SLP_SAR0_PH1_ATR1,false,true,true,MAX_IT,500,325.108166,34.25667827587248,0.0,false
CHNRSNBM,50,0,BASE_SLP,true,false,false,MAX_IT,500,334.841139,0.18024366352093854,0.0,true
CHNRSNBM,50,0,SLP_SAR1_PH1_ATR0,true,true,false,MAX_IT,500,335.87238,33.726861468674485,0.0,false
CHNRSNBM,50,0,SLP_SAR1_PH1_ATR1,true,true,true,MAX_IT,500,471.87048599999997,34.25667827587248,0.0,false
CHWIRUT1LS,3,0,SLP_SAR0_PH0_ATR0,false,false,false,SMALL_STEP,11,5.8399,2665.235332906189,0.0,false
CHWIRUT1LS,3,0,SLP_SAR0_PH1_ATR0,false,true,false,SMALL_STEP,21,11.086328,2646.995069819877,0.0,false
CHWIRUT1LS,3,0,SLP_SAR0_PH1_ATR1,false,true,true,SMALL_STEP,70,36.690542,2636.7870525209737,0.0,false
CHWIRUT1LS,3,0,BASE_SLP,true,false,false,SMALL_STEP,14,7.41981,2650.4286641339063,0.0,true
CHWIRUT1LS,3,0,SLP_SAR1_PH1_ATR0,true,true,false,SMALL_STEP,21,11.122396,2646.995069819877,0.0,false
CHWIRUT1LS,3,0,SLP_SAR1_PH1_ATR1,true,true,true,SMALL_STEP,70,36.5612,2636.7870525209737,0.0,false
CHWIRUT2LS,3,0,SLP_SAR0_PH0_ATR0,false,false,false,SMALL_STEP,14,7.394482,556.492115120738,0.0,false
CHWIRUT2LS,3,0,SLP_SAR0_PH1_ATR0,false,true,false,SMALL_STEP,25,13.072669,553.0410057498171,0.0,false
CHWIRUT2LS,3,0,SLP_SAR0_PH1_ATR1,false,true,true,SMALL_STEP,66,34.539523,551.2012996841195,0.0,false
CHWIRUT2LS,3,0,BASE_SLP,true,false,false,SMALL_STEP,11,5.841443,569.9667340951347,0.0,true
CHWIRUT2LS,3,0,SLP_SAR1_PH1_ATR0,true,true,false,SMALL_STEP,25,13.009901000000001,553.0410057498171,0.0,false
CHWIRUT2LS,3,0,SLP_SAR1_PH1_ATR1,true,true,true,SMALL_STEP,66,34.41005,551.2012996841195,0.0,false
CLIFF,2,0,SLP_SAR0_PH0_ATR0,false,false,false,SMALL_STEP,19,9.831157,0.2010645265318612,0.0,false
CLIFF,2,0,SLP_SAR0_PH1_ATR0,false,true,false,SMALL_STEP,17,8.787241,0.20106459669867052,0.0,false
CLIFF,2,0,SLP_SAR0_PH1_ATR1,false,true,true,KKT_OK,22,11.312672,0.20105104422345318,0.0,false
CLIFF,2,0,BASE_SLP,true,false,false,SMALL_STEP,17,8.755762,0.20106459807077368,0.0,true
CLIFF,2,0,SLP_SAR1_PH1_ATR0,true,true,false,SMALL_STEP,17,8.800996999999999,0.20106459669867052,0.0,false
CLIFF,2,0,SLP_SAR1_PH1_ATR1,true,true,true,KKT_OK,22,11.8026,0.20105104422345318,0.0,false
CLPLATEA,5041,0,SLP_SAR0_PH0_ATR0,false,false,false,SMALL_STEP,40,386.11244500000004,-0.00036764023388878336,0.0,false
CLPLATEA,5041,0,SLP_SAR0_PH1_ATR0,false,true,false,SMALL_STEP,22,223.766733,-0.0003714616964918369,0.0,false
CLPLATEA,5041,0,SLP_SAR0_PH1_ATR1,false,true,true,SMALL_STEP,58,568.265764,-0.0012155997616341736,0.0,false
CLPLATEA,5041,0,BASE_SLP,true,false,false,SMALL_STEP,28,274.098409,-0.000489347309518663,0.0,true
CLPLATEA,5041,0,SLP_SAR1_PH1_ATR0,true,true,false,SMALL_STEP,22,230.292868,-0.0003714616964918369,0.0,false
CLPLATEA,5041,0,SLP_SAR1_PH1_ATR1,true,true,true,SMALL_STEP,58,573.635173,-0.0012155997616341736,0.0,false
CLPLATEB,5041,0,SLP_SAR0_PH0_ATR0,false,false,false,SMALL_STEP,16,159.106675,-5.521707473850957e-5,0.0,false
CLPLATEB,5041,0,SLP_SAR0_PH1_ATR0,false,true,false,SMALL_STEP,12,124.61491099999999,-6.214537000080766e-5,0.0,false
CLPLATEB,5041,0,SLP_SAR0_PH1_ATR1,false,true,true,SMALL_STEP,44,416.318672,-0.0001273622117039912,0.0,false
CLPLATEB,5041,0,BASE_SLP,true,false,false,SMALL_STEP,15,188.206889,-8.608641499573128e-5,0.0,true
CLPLATEB,5041,0,SLP_SAR1_PH1_ATR0,true,true,false,SMALL_STEP,12,112.034665,-6.214537000080766e-5,0.0,false
CLPLATEB,5041,0,SLP_SAR1_PH1_ATR1,true,true,true,SMALL_STEP,44,467.977375,-0.0001273622117039912,0.0,false
CLPLATEC,5041,0,SLP_SAR0_PH0_ATR0,false,false,false,SMALL_STEP,8,81.850171,0.0,0.0,false
CLPLATEC,5041,0,SLP_SAR0_PH1_ATR0,false,true,false,SMALL_STEP,7,69.67911000000001,-1.237562496906049e-7,0.0,false
CLPLATEC,5041,0,SLP_SAR0_PH1_ATR1,false,true,true,SMALL_STEP,10,104.522542,-8.628883923217288e-7,0.0,false
CLPLATEC,5041,0,BASE_SLP,true,false,false,SMALL_STEP,8,137.14332100000001,0.0,0.0,true
CLPLATEC,5041,0,SLP_SAR1_PH1_ATR0,true,true,false,SMALL_STEP,7,62.68404700000001,-1.237562496906049e-7,0.0,false
CLPLATEC,5041,0,SLP_SAR1_PH1_ATR1,true,true,true,SMALL_STEP,10,89.605338,-8.628883923217288e-7,0.0,false
CLUSTERLS,2,0,SLP_SAR0_PH0_ATR0,false,false,false,KKT_OK,10,5.749911,2.529870768724452e-7,0.0,false
CLUSTERLS,2,0,SLP_SAR0_PH1_ATR0,false,true,false,KKT_OK,9,5.1683520000000005,5.1933756359274016e-8,0.0,false
CLUSTERLS,2,0,SLP_SAR0_PH1_ATR1,false,true,true,KKT_OK,8,4.543311,5.8336912263369814e-8,0.0,false
CLUSTERLS,2,0,BASE_SLP,true,false,false,KKT_OK,10,5.640687,3.36474734390963e-7,0.0,true
CLUSTERLS,2,0,SLP_SAR1_PH1_ATR0,true,true,false,KKT_OK,9,5.072592,5.1933756359274016e-8,0.0,false
CLUSTERLS,2,0,SLP_SAR1_PH1_ATR1,true,true,true,KKT_OK,8,4.506753,5.8336912263369814e-8,0.0,false
COATING,134,0,SLP_SAR0_PH0_ATR0,false,false,false,MAX_IT,500,383.601955,12.187124948764719,0.0,false
COATING,134,0,SLP_SAR0_PH1_ATR0,false,true,false,MAX_IT,500,425.50764699999996,11.804675645891614,0.0,false
COATING,134,0,SLP_SAR0_PH1_ATR1,false,true,true,MAX_IT,500,560.661863,412.8599797161338,0.0,false
COATING,134,0,BASE_SLP,true,false,false,MAX_IT,500,400.230626,10.553598087308478,0.0,true
COATING,134,0,SLP_SAR1_PH1_ATR0,true,true,false,MAX_IT,500,428.832937,11.804675645891614,0.0,false
COATING,134,0,SLP_SAR1_PH1_ATR1,true,true,true,MAX_IT,500,395.83378000000005,412.8599797161338,0.0,false
COOLHANSLS,9,0,SLP_SAR0_PH0_ATR0,false,false,false,SMALL_STEP,59,32.430232000000004,0.06306633331677737,0.0,false
COOLHANSLS,9,0,SLP_SAR0_PH1_ATR0,false,true,false,SMALL_STEP,94,50.738389000000005,1.8663172616824864,0.0,false
COOLHANSLS,9,0,SLP_SAR0_PH1_ATR1,false,true,true,MAX_IT,500,263.463108,7741.675237273508,0.0,false
COOLHANSLS,9,0,BASE_SLP,true,false,false,SMALL_STEP,30,16.766579,0.44094180909644787,0.0,true
COOLHANSLS,9,0,SLP_SAR1_PH1_ATR0,true,true,false,SMALL_STEP,94,51.046005,1.8663172616824864,0.0,false
COOLHANSLS,9,0,SLP_SAR1_PH1_ATR1,true,true,true,MAX_IT,500,278.920033,7741.675237273508,0.0,false
COSINE,10000,0,SLP_SAR0_PH0_ATR0,false,false,false,SMALL_STEP,23,467.253092,-9998.983690908264,0.0,false
COSINE,10000,0,SLP_SAR0_PH1_ATR0,false,true,false,SMALL_STEP,15,271.850421,-9998.828486536322,0.0,false
COSINE,10000,0,SLP_SAR0_PH1_ATR1,false,true,true,SMALL_STEP,32,674.575152,-9998.981088280578,0.0,false
COSINE,10000,0,BASE_SLP,true,false,false,SMALL_STEP,21,416.200745,-9998.990200819666,0.0,true
COSINE,10000,0,SLP_SAR1_PH1_ATR0,true,true,false,SMALL_STEP,15,298.319116,-9998.828486536322,0.0,false
COSINE,10000,0,SLP_SAR1_PH1_ATR1,true,true,true,SMALL_STEP,32,699.5369430000001,-9998.981088280578,0.0,false
CRAGGLVY,5000,0,SLP_SAR0_PH0_ATR0,false,false,false,SMALL_STEP,97,1153.091785,1689.8226917905326,0.0,false
CRAGGLVY,5000,0,SLP_SAR0_PH1_ATR0,false,true,false,SMALL_STEP,185,1907.515907,1691.1739374885433,0.0,false
CRAGGLVY,5000,0,SLP_SAR0_PH1_ATR1,false,true,true,MAX_IT,500,5371.762981,1692.7076568924567,0.0,false
CRAGGLVY,5000,0,BASE_SLP,true,false,false,SMALL_STEP,137,1427.645401,1691.1698037725596,0.0,true
CRAGGLVY,5000,0,SLP_SAR1_PH1_ATR0,true,true,false,SMALL_STEP,185,1996.860341,1691.1739374885433,0.0,false
CRAGGLVY,5000,0,SLP_SAR1_PH1_ATR1,true,true,true,MAX_IT,500,5362.078741,1692.7076568924567,0.0,false
CUBE,2,0,SLP_SAR0_PH0_ATR0,false,false,false,MAX_IT,500,273.851868,0.04535128591256337,0.0,false
CUBE,2,0,SLP_SAR0_PH1_ATR0,false,true,false,MAX_IT,500,273.13859299999996,0.047687964652846616,0.0,false
CUBE,2,0,SLP_SAR0_PH1_ATR1,false,true,true,MAX_IT,500,271.458058,1.3648937265194496,0.0,false
CUBE,2,0,BASE_SLP,true,false,false,MAX_IT,500,271.684763,0.0465761312975511,0.0,true
CUBE,2,0,SLP_SAR1_PH1_ATR0,true,true,false,MAX_IT,500,272.037372,0.047687964652846616,0.0,false
CUBE,2,0,SLP_SAR1_PH1_ATR1,true,true,true,MAX_IT,500,271.23195599999997,1.3648937265194496,0.0,false
CURLY10,10000,0,SLP_SAR0_PH0_ATR0,false,false,false,SMALL_STEP,22,424.59914100000003,-1.0026657493815952e6,0.0,false
CURLY10,10000,0,SLP_SAR0_PH1_ATR0,false,true,false,SMALL_STEP,14,267.317432,-1.0026750443263034e6,0.0,false
CURLY10,10000,0,SLP_SAR0_PH1_ATR1,false,true,true,SMALL_STEP,106,2184.676077,-1.002837481763636e6,0.0,false
CURLY10,10000,0,BASE_SLP,true,false,false,SMALL_STEP,22,468.41209200000003,-1.0026657493815952e6,0.0,true
CURLY10,10000,0,SLP_SAR1_PH1_ATR0,true,true,false,SMALL_STEP,14,295.353988,-1.0026750443263034e6,0.0,false
CURLY10,10000,0,SLP_SAR1_PH1_ATR1,true,true,true,SMALL_STEP,106,2134.331482,-1.002837481763636e6,0.0,false
CURLY20,10000,0,SLP_SAR0_PH0_ATR0,false,false,false,SMALL_STEP,14,284.27689,-1.0020906298985225e6,0.0,false
CURLY20,10000,0,SLP_SAR0_PH1_ATR0,false,true,false,SMALL_STEP,13,260.260587,-1.0022128415680021e6,0.0,false
CURLY20,10000,0,SLP_SAR0_PH1_ATR1,false,true,true,SMALL_STEP,82,1706.852813,-1.0021585693083582e6,0.0,false
CURLY20,10000,0,BASE_SLP,true,false,false,SMALL_STEP,14,272.62185700000003,-1.0020906298985225e6,0.0,true
CURLY20,10000,0,SLP_SAR1_PH1_ATR0,true,true,false,SMALL_STEP,13,284.206089,-1.0022128415680021e6,0.0,false
CURLY20,10000,0,SLP_SAR1_PH1_ATR1,true,true,true,SMALL_STEP,82,1737.706832,-1.0021585693083582e6,0.0,false
CURLY30,10000,0,SLP_SAR0_PH0_ATR0,false,false,false,SMALL_STEP,16,365.720693,-1.0016147489903899e6,0.0,false
CURLY30,10000,0,SLP_SAR0_PH1_ATR0,false,true,false,SMALL_STEP,9,201.31611999999998,-1.0015574873324805e6,0.0,false
CURLY30,10000,0,SLP_SAR0_PH1_ATR1,false,true,true,SMALL_STEP,432,8937.772217,-1.0022149062417818e6,0.0,false
CURLY30,10000,0,BASE_SLP,true,false,false,SMALL_STEP,13,241.40614699999998,-1.0015942772458632e6,0.0,true
CURLY30,10000,0,SLP_SAR1_PH1_ATR0,true,true,false,SMALL_STEP,9,158.512774,-1.0015574873324805e6,0.0,false
CURLY30,10000,0,SLP_SAR1_PH1_ATR1,true,true,true,SMALL_STEP,432,9202.315283,-1.0022149062417818e6,0.0,false
CVXPHP1,100000,0,SLP_SAR0_PH0_ATR0,false,false,false,KKT_OK,6,1337.654138,2.2500225e8,0.0,false
CVXPHP1,100000,0,SLP_SAR0_PH1_ATR0,false,true,false,KKT_OK,6,1249.4421550000002,2.2500225e8,0.0,false
CVXPHP1,100000,0,SLP_SAR0_PH1_ATR1,false,true,true,KKT_OK,6,1236.1250109999999,2.2500225e8,0.0,false
CVXPHP1,100000,0,BASE_SLP,true,false,false,KKT_OK,6,1246.168003,2.2500225e8,0.0,true
CVXPHP1,100000,0,SLP_SAR1_PH1_ATR0,true,true,false,KKT_OK,6,1205.777842,2.2500225e8,0.0,false
CVXPHP1,100000,0,SLP_SAR1_PH1_ATR1,true,true,true,KKT_OK,6,1261.453036,2.2500225e8,0.0,false
CYCLIC3LS,100002,0,SLP_SAR0_PH0_ATR0,false,false,false,MAX_IT,500,113848.526596,1.6035627876256026e21,0.0,false
CYCLIC3LS,100002,0,SLP_SAR0_PH1_ATR0,false,true,false,MAX_IT,500,149010.209721,1.6035627876256026e21,0.0,false
CYCLIC3LS,100002,0,SLP_SAR0_PH1_ATR1,false,true,true,MAX_IT,500,151191.356245,1.6035627876256026e21,0.0,false
CYCLIC3LS,100002,0,BASE_SLP,true,false,false,MAX_IT,500,148700.616317,1.6035627876256026e21,0.0,true
CYCLIC3LS,100002,0,SLP_SAR1_PH1_ATR0,true,true,false,MAX_IT,500,149434.184437,1.6035627876256026e21,0.0,false
CYCLIC3LS,100002,0,SLP_SAR1_PH1_ATR1,true,true,true,MAX_IT,500,151862.662289,1.6035627876256026e21,0.0,false
CYCLOOCFLS,29996,0,SLP_SAR0_PH0_ATR0,false,false,false,MAX_IT,500,40282.533797,46916.57548420045,0.0,false
CYCLOOCFLS,29996,0,SLP_SAR0_PH1_ATR0,false,true,false,MAX_IT,500,32304.542603,46860.23883412968,0.0,false
CYCLOOCFLS,29996,0,SLP_SAR0_PH1_ATR1,false,true,true,MAX_IT,500,32826.607113,49967.001675208434,0.0,false
CYCLOOCFLS,29996,0,BASE_SLP,true,false,false,MAX_IT,500,32416.125383000002,46360.19042923405,0.0,true
CYCLOOCFLS,29996,0,SLP_SAR1_PH1_ATR0,true,true,false,MAX_IT,500,32789.641331,46860.23883412968,0.0,false
CYCLOOCFLS,29996,0,SLP_SAR1_PH1_ATR1,true,true,true,MAX_IT,500,32699.550847,49967.001675208434,0.0,false
CYCLOOCTLS,30000,0,SLP_SAR0_PH0_ATR0,false,false,false,MAX_IT,500,32326.776755,46802.693272876626,0.0,false
CYCLOOCTLS,30000,0,SLP_SAR0_PH1_ATR0,false,true,false,MAX_IT,500,32187.775017,46110.43381260986,0.0,false
CYCLOOCTLS,30000,0,SLP_SAR0_PH1_ATR1,false,true,true,MAX_IT,500,32869.292677,49928.168829446295,0.0,false
CYCLOOCTLS,30000,0,BASE_SLP,true,false,false,MAX_IT,500,31990.400583,46523.132786676906,0.0,true
CYCLOOCTLS,30000,0,SLP_SAR1_PH1_ATR0,true,true,false,MAX_IT,500,32006.521343000004,46110.43381260986,0.0,false
CYCLOOCTLS,30000,0,SLP_SAR1_PH1_ATR1,true,true,true,MAX_IT,500,32345.736883999998,49928.168829446295,0.0,false
DANIWOODLS,2,0,SLP_SAR0_PH0_ATR0,false,false,false,MAX_IT,500,278.687585,0.0559298753737962,0.0,false
DANIWOODLS,2,0,SLP_SAR0_PH1_ATR0,false,true,false,MAX_IT,500,286.704293,0.03547690011101909,0.0,false
DANIWOODLS,2,0,SLP_SAR0_PH1_ATR1,false,true,true,SMALL_STEP,422,232.492155,0.013992100507838355,0.0,false
DANIWOODLS,2,0,BASE_SLP,true,false,false,MAX_IT,500,281.522993,0.04658280023450516,0.0,true
DANIWOODLS,2,0,SLP_SAR1_PH1_ATR0,true,true,false,MAX_IT,500,288.09997999999996,0.03547690011101909,0.0,false
DANIWOODLS,2,0,SLP_SAR1_PH1_ATR1,true,true,true,SMALL_STEP,422,242.881091,0.013992100507838355,0.0,false
DANWOODLS,2,0,SLP_SAR0_PH0_ATR0,false,false,false,MAX_IT,500,256.866984,0.3358081297578107,0.0,false
DANWOODLS,2,0,SLP_SAR0_PH1_ATR0,false,true,false,MAX_IT,500,258.36074599999995,0.3204413993559675,0.0,false
DANWOODLS,2,0,SLP_SAR0_PH1_ATR1,false,true,true,MAX_IT,500,255.61853200000002,0.14458211974977314,0.0,false
DANWOODLS,2,0,BASE_SLP,true,false,false,MAX_IT,500,256.82185899999996,0.3440730739374005,0.0,true
DANWOODLS,2,0,SLP_SAR1_PH1_ATR0,true,true,false,MAX_IT,500,269.91287400000004,0.3204413993559675,0.0,false
DANWOODLS,2,0,SLP_SAR1_PH1_ATR1,true,true,true,MAX_IT,500,286.286947,0.14458211974977314,0.0,false
DECONVB,63,0,SLP_SAR0_PH0_ATR0,false,false,false,MAX_IT,500,338.177138,0.007719813934553843,0.0,false
DECONVB,63,0,SLP_SAR0_PH1_ATR0,false,true,false,MAX_IT,500,343.88487499999997,0.01297539336400974,0.0,false
DECONVB,63,0,SLP_SAR0_PH1_ATR1,false,true,true,MAX_IT,500,355.013118,0.0033995396741731327,0.0,false
DECONVB,63,0,BASE_SLP,true,false,false,SMALL_STEP,312,229.661272,0.013021509761059452,0.0,true
DECONVB,63,0,SLP_SAR1_PH1_ATR0,true,true,false,MAX_IT,500,517.9413470000001,0.01297539336400974,0.0,false
DECONVB,63,0,SLP_SAR1_PH1_ATR1,true,true,true,MAX_IT,500,326.416578,0.0033995396741731327,0.0,false
DECONVC,63,1,SLP_SAR0_PH0_ATR0,false,false,false,MAX_IT,500,371.96245700000003,0.008101513783258964,1.5600257727288458e-7,false
DECONVC,63,1,SLP_SAR0_PH1_ATR0,false,true,false,SMALL_STEP,379,286.592167,0.008708900973010303,9.943718112803701e-9,false
DECONVC,63,1,SLP_SAR0_PH1_ATR1,false,true,true,MAX_IT,500,388.687118,0.7940138104021683,1.2947342034608234e-7,false
DECONVC,63,1,BASE_SLP,true,false,false,MAX_IT,500,517.642551,0.00735076017106537,1.0212039755486124e-8,true
DECONVC,63,1,SLP_SAR1_PH1_ATR0,true,true,false,SMALL_STEP,379,266.894058,0.008708900973010303,9.943718112803701e-9,false
DECONVC,63,1,SLP_SAR1_PH1_ATR1,true,true,true,MAX_IT,500,372.70906599999995,0.7940138104021683,1.2947342034608234e-7,false
DECONVU,63,0,SLP_SAR0_PH0_ATR0,false,false,false,SMALL_STEP,343,236.174565,0.009824196729472507,0.0,false
DECONVU,63,0,SLP_SAR0_PH1_ATR0,false,true,false,MAX_IT,500,350.49661100000003,0.0159082604537334,0.0,false
DECONVU,63,0,SLP_SAR0_PH1_ATR1,false,true,true,MAX_IT,500,350.75228000000004,1.96810187893419,0.0,false
DECONVU,63,0,BASE_SLP,true,false,false,MAX_IT,500,363.316647,0.01127179513484457,0.0,true
DECONVU,63,0,SLP_SAR1_PH1_ATR0,true,true,false,MAX_IT,500,356.262906,0.0159082604537334,0.0,false
DECONVU,63,0,SLP_SAR1_PH1_ATR1,true,true,true,MAX_IT,500,357.944449,1.96810187893419,0.0,false
DEGDIAG,100001,0,SLP_SAR0_PH0_ATR0,false,false,false,KKT_OK,8,1590.914094,16666.58333417036,0.0,false
DEGDIAG,100001,0,SLP_SAR0_PH1_ATR0,false,true,false,KKT_OK,8,1596.58815,16666.58333417036,0.0,false
DEGDIAG,100001,0,SLP_SAR0_PH1_ATR1,false,true,true,KKT_OK,8,1623.715494,16666.58333417036,0.0,false
DEGDIAG,100001,0,BASE_SLP,true,false,false,KKT_OK,8,1652.2089799999999,16666.58333417036,0.0,true
DEGDIAG,100001,0,SLP_SAR1_PH1_ATR0,true,true,false,KKT_OK,8,1656.336516,16666.58333417036,0.0,false
DEGDIAG,100001,0,SLP_SAR1_PH1_ATR1,true,true,true,KKT_OK,8,1638.253765,16666.58333417036,0.0,false
DEGTRID,100001,0,SLP_SAR0_PH0_ATR0,false,false,false,SMALL_STEP,16,3401.165503,-99999.00000358182,0.0,false
DEGTRID,100001,0,SLP_SAR0_PH1_ATR0,false,true,false,SMALL_STEP,12,2552.082637,-99999.00002833048,0.0,false
DEGTRID,100001,0,SLP_SAR0_PH1_ATR1,false,true,true,KKT_OK,14,3046.815279,-99999.5,0.0,false
DEGTRID,100001,0,BASE_SLP,true,false,false,SMALL_STEP,16,3663.130974,-99999.00000358182,0.0,true
DEGTRID,100001,0,SLP_SAR1_PH1_ATR0,true,true,false,SMALL_STEP,12,2541.4805829999996,-99999.00002833048,0.0,false
DEGTRID,100001,0,SLP_SAR1_PH1_ATR1,true,true,true,KKT_OK,14,3025.5851740000003,-99999.5,0.0,false
DEGTRID2,100001,0,SLP_SAR0_PH0_ATR0,false,false,false,KKT_OK,8,1677.302595,-99999.5,0.0,false
DEGTRID2,100001,0,SLP_SAR0_PH1_ATR0,false,true,false,KKT_OK,8,1675.261153,-99999.5,0.0,false
DEGTRID2,100001,0,SLP_SAR0_PH1_ATR1,false,true,true,KKT_OK,8,1676.0757959999999,-99999.5,0.0,false
DEGTRID2,100001,0,BASE_SLP,true,false,false,KKT_OK,8,1679.686373,-99999.5,0.0,true
DEGTRID2,100001,0,SLP_SAR1_PH1_ATR0,true,true,false,KKT_OK,8,1682.963353,-99999.5,0.0,false
DEGTRID2,100001,0,SLP_SAR1_PH1_ATR1,true,true,true,KKT_OK,8,1617.304515,-99999.5,0.0,false
DEGTRIDL,100001,1,SLP_SAR0_PH0_ATR0,false,false,false,SMALL_STEP,94,25380.312101,0.5737071668118006,7.143229452388766e-8,false
DEGTRIDL,100001,1,SLP_SAR0_PH1_ATR0,false,true,false,SMALL_STEP,49,13611.665601,0.5705340387648903,2.604915705362032e-8,false
DEGTRIDL,100001,1,SLP_SAR0_PH1_ATR1,false,true,true,SMALL_STEP,142,38162.209967,0.5149254867719719,1.5784196838453113e-8,false
DEGTRIDL,100001,1,BASE_SLP,true,false,false,SMALL_STEP,45,12420.260551,0.5115391091239871,5.2280854534458854e-8,true
DEGTRIDL,100001,1,SLP_SAR1_PH1_ATR0,true,true,false,SMALL_STEP,49,13350.777298,0.5705340387648903,2.604915705362032e-8,false
DEGTRIDL,100001,1,SLP_SAR1_PH1_ATR1,true,true,true,SMALL_STEP,142,37913.730374,0.5149254867719719,1.5784196838453113e-8,false
DENSCHNA,2,0,SLP_SAR0_PH0_ATR0,false,false,false,KKT_OK,11,5.909158000000001,4.0059342843254506e-32,0.0,false
DENSCHNA,2,0,SLP_SAR0_PH1_ATR0,false,true,false,KKT_OK,11,5.853904,1.3805663961729927e-9,0.0,false
DENSCHNA,2,0,SLP_SAR0_PH1_ATR1,false,true,true,KKT_OK,115,59.731864,6.003095421093276e-7,0.0,false
DENSCHNA,2,0,BASE_SLP,true,false,false,KKT_OK,10,5.282965,4.0059342843254506e-32,0.0,true
DENSCHNA,2,0,SLP_SAR1_PH1_ATR0,true,true,false,KKT_OK,11,14.195086000000002,1.3805663961729927e-9,0.0,false
DENSCHNA,2,0,SLP_SAR1_PH1_ATR1,true,true,true,KKT_OK,115,60.10897,6.003095421093276e-7,0.0,false
DENSCHNB,2,0,SLP_SAR0_PH0_ATR0,false,false,false,KKT_OK,28,15.323711,4.469984582475338e-8,0.0,false
DENSCHNB,2,0,SLP_SAR0_PH1_ATR0,false,true,false,KKT_OK,20,10.514834,1.7842482132848293e-8,0.0,false
DENSCHNB,2,0,SLP_SAR0_PH1_ATR1,false,true,true,KKT_OK,26,13.604511,1.533196002018418e-7,0.0,false
DENSCHNB,2,0,BASE_SLP,true,false,false,KKT_OK,11,5.785706,4.930380657631324e-32,0.0,true
DENSCHNB,2,0,SLP_SAR1_PH1_ATR0,true,true,false,KKT_OK,20,10.465620999999999,1.7842482132848293e-8,0.0,false
DENSCHNB,2,0,SLP_SAR1_PH1_ATR1,true,true,true,KKT_OK,26,13.523238,1.533196002018418e-7,0.0,false
DENSCHNC,2,0,SLP_SAR0_PH0_ATR0,false,false,false,SMALL_STEP,149,77.942221,1.377795357197989e-7,0.0,false
DENSCHNC,2,0,SLP_SAR0_PH1_ATR0,false,true,false,KKT_OK,155,91.407891,8.996621755148132e-8,0.0,false
DENSCHNC,2,0,SLP_SAR0_PH1_ATR1,false,true,true,KKT_OK,138,71.447546,8.250469332738143e-9,0.0,false
DENSCHNC,2,0,BASE_SLP,true,false,false,KKT_OK,126,65.452708,2.849592371696636e-8,0.0,true
DENSCHNC,2,0,SLP_SAR1_PH1_ATR0,true,true,false,KKT_OK,155,90.206141,8.996621755148132e-8,0.0,false
DENSCHNC,2,0,SLP_SAR1_PH1_ATR1,true,true,true,KKT_OK,138,71.387263,8.250469332738143e-9,0.0,false
DENSCHND,3,0,SLP_SAR0_PH0_ATR0,false,false,false,KKT_OK,371,195.04321299999998,4.8858700564379205e-5,0.0,false
DENSCHND,3,0,SLP_SAR0_PH1_ATR0,false,true,false,KKT_OK,358,198.763882,4.377633715348546e-5,0.0,false
DENSCHND,3,0,SLP_SAR0_PH1_ATR1,false,true,true,MAX_IT,500,270.995466,631748.937929108,0.0,false
DENSCHND,3,0,BASE_SLP,true,false,false,KKT_OK,276,144.976781,6.324368452548246e-8,0.0,true
DENSCHND,3,0,SLP_SAR1_PH1_ATR0,true,true,false,KKT_OK,358,188.37284000000002,4.377633715348546e-5,0.0,false
DENSCHND,3,0,SLP_SAR1_PH1_ATR1,true,true,true,MAX_IT,500,274.725412,631748.937929108,0.0,false
DENSCHNE,3,0,SLP_SAR0_PH0_ATR0,false,false,false,KKT_OK,104,54.894584,9.860761315262648e-32,0.0,false
DENSCHNE,3,0,SLP_SAR0_PH1_ATR0,false,true,false,KKT_OK,120,70.081058,1.423083115814184e-8,0.0,false
DENSCHNE,3,0,SLP_SAR0_PH1_ATR1,false,true,true,MAX_IT,500,274.596862,0.9620147185931925,0.0,false
DENSCHNE,3,0,BASE_SLP,true,false,false,KKT_OK,57,29.772813,1.7877028420518312e-7,0.0,true
DENSCHNE,3,0,SLP_SAR1_PH1_ATR0,true,true,false,KKT_OK,120,62.315982999999996,1.423083115814184e-8,0.0,false
DENSCHNE,3,0,SLP_SAR1_PH1_ATR1,true,true,true,MAX_IT,500,272.34132700000004,0.9620147185931925,0.0,false
DENSCHNF,2,0,SLP_SAR0_PH0_ATR0,false,false,false,KKT_OK,12,6.579352999999999,3.1554436208840472e-30,0.0,false
DENSCHNF,2,0,SLP_SAR0_PH1_ATR0,false,true,false,KKT_OK,15,8.018087,3.602928609404144e-13,0.0,false
DENSCHNF,2,0,SLP_SAR0_PH1_ATR1,false,true,true,SMALL_STEP,108,56.378203,4.0142179291373316e-9,0.0,false
DENSCHNF,2,0,BASE_SLP,true,false,false,KKT_OK,12,7.511999,3.1554436208840472e-30,0.0,true
DENSCHNF,2,0,SLP_SAR1_PH1_ATR0,true,true,false,KKT_OK,15,7.960178999999999,3.602928609404144e-13,0.0,false
DENSCHNF,2,0,SLP_SAR1_PH1_ATR1,true,true,true,SMALL_STEP,108,55.927828999999996,4.0142179291373316e-9,0.0,false
DEVGLA1,4,0,SLP_SAR0_PH0_ATR0,false,false,false,MAX_IT,500,271.94079700000003,23626.778361775818,0.0,false
DEVGLA1,4,0,SLP_SAR0_PH1_ATR0,false,true,false,MAX_IT,500,275.715036,22696.087345073774,0.0,false
DEVGLA1,4,0,SLP_SAR0_PH1_ATR1,false,true,true,MAX_IT,500,275.497268,70147.56968920014,0.0,false
DEVGLA1,4,0,BASE_SLP,true,false,false,MAX_IT,500,263.775263,22665.60201206085,0.0,true
DEVGLA1,4,0,SLP_SAR1_PH1_ATR0,true,true,false,MAX_IT,500,271.461238,22696.087345073774,0.0,false
DEVGLA1,4,0,SLP_SAR1_PH1_ATR1,true,true,true,MAX_IT,500,273.161643,70147.56968920014,0.0,false
DEVGLA1B,4,0,SLP_SAR0_PH0_ATR0,false,false,false,MAX_IT,500,270.445026,23626.778361775818,0.0,false
DEVGLA1B,4,0,SLP_SAR0_PH1_ATR0,false,true,false,MAX_IT,500,273.496801,22696.087345073774,0.0,false
DEVGLA1B,4,0,SLP_SAR0_PH1_ATR1,false,true,true,MAX_IT,500,276.096009,70147.56968920014,0.0,false
DEVGLA1B,4,0,BASE_SLP,true,false,false,MAX_IT,500,264.009271,22665.60201206085,0.0,true
DEVGLA1B,4,0,SLP_SAR1_PH1_ATR0,true,true,false,MAX_IT,500,274.549202,22696.087345073774,0.0,false
DEVGLA1B,4,0,SLP_SAR1_PH1_ATR1,true,true,true,MAX_IT,500,273.921917,70147.56968920014,0.0,false
DEVGLA2,5,0,SLP_SAR0_PH0_ATR0,false,false,false,MAX_IT,500,271.267686,1843.5810548376867,0.0,false
DEVGLA2,5,0,SLP_SAR0_PH1_ATR0,false,true,false,MAX_IT,500,280.53681600000004,1687.555130848037,0.0,false
DEVGLA2,5,0,SLP_SAR0_PH1_ATR1,false,true,true,MAX_IT,500,279.29814600000003,2546.3565461373646,0.0,false
DEVGLA2,5,0,BASE_SLP,true,false,false,MAX_IT,500,278.920449,1759.825036644421,0.0,true
DEVGLA2,5,0,SLP_SAR1_PH1_ATR0,true,true,false,MAX_IT,500,264.900681,1687.555130848037,0.0,false
DEVGLA2,5,0,SLP_SAR1_PH1_ATR1,true,true,true,MAX_IT,500,279.889774,2546.3565461373646,0.0,false
DEVGLA2B,5,0,SLP_SAR0_PH0_ATR0,false,false,false,MAX_IT,500,272.16810200000003,10695.68943720804,0.0,false
DEVGLA2B,5,0,SLP_SAR0_PH1_ATR0,false,true,false,MAX_IT,500,275.822857,10686.879982434204,0.0,false
DEVGLA2B,5,0,SLP_SAR0_PH1_ATR1,false,true,true,MAX_IT,500,277.058382,11149.868534355257,0.0,false
DEVGLA2B,5,0,BASE_SLP,true,false,false,MAX_IT,500,279.748399,10696.012854513709,0.0,true
DEVGLA2B,5,0,SLP_SAR1_PH1_ATR0,true,true,false,MAX_IT,500,266.649727,10686.879982434204,0.0,false
DEVGLA2B,5,0,SLP_SAR1_PH1_ATR1,true,true,true,MAX_IT,500,273.33599,11149.868534355257,0.0,false
DGOSPEC,3,0,SLP_SAR0_PH0_ATR0,false,false,false,MAX_IT,500,269.79578799999996,-989.5973647515609,0.0,false
DGOSPEC,3,0,SLP_SAR0_PH1_ATR0,false,true,false,MAX_IT,500,272.052254,-989.8049883875894,0.0,false
DGOSPEC,3,0,SLP_SAR0_PH1_ATR1,false,true,true,SMALL_STEP,14,8.836931,-990.32870238604,0.0,false
DGOSPEC,3,0,BASE_SLP,true,false,false,MAX_IT,500,272.918597,-990.5719439326765,0.0,true
DGOSPEC,3,0,SLP_SAR1_PH1_ATR0,true,true,false,MAX_IT,500,268.649302,-989.8049883875894,0.0,false
DGOSPEC,3,0,SLP_SAR1_PH1_ATR1,true,true,true,SMALL_STEP,14,9.000568000000001,-990.32870238604,0.0,false
DIAGIQB,10,0,SLP_SAR0_PH0_ATR0,false,false,false,MAX_IT,500,282.521473,-2.5198036125e6,0.0,false
DIAGIQB,10,0,SLP_SAR0_PH1_ATR0,false,true,false,MAX_IT,500,279.739733,-2.5198036125e6,0.0,false
DIAGIQB,10,0,SLP_SAR0_PH1_ATR1,false,true,true,MAX_IT,500,277.391485,-2.5198036125e6,0.0,false
DIAGIQB,10,0,BASE_SLP,true,false,false,MAX_IT,500,276.22532,-2.5198036125e6,0.0,true
DIAGIQB,10,0,SLP_SAR1_PH1_ATR0,true,true,false,MAX_IT,500,284.28204,-2.5198036125e6,0.0,false
DIAGIQB,10,0,SLP_SAR1_PH1_ATR1,true,true,true,MAX_IT,500,283.313206,-2.5198036125e6,0.0,false
DIAGIQE,1000,0,SLP_SAR0_PH0_ATR0,false,false,false,MAX_IT,500,1274.400808,-1.55000641825e10,0.0,false
DIAGIQE,1000,0,SLP_SAR0_PH1_ATR0,false,true,false,MAX_IT,500,1275.4474280000002,-1.55000641825e10,0.0,false
DIAGIQE,1000,0,SLP_SAR0_PH1_ATR1,false,true,true,MAX_IT,500,1281.942703,-1.55000641825e10,0.0,false
DIAGIQE,1000,0,BASE_SLP,true,false,false,MAX_IT,500,1312.905523,-1.55000641825e10,0.0,true
DIAGIQE,1000,0,SLP_SAR1_PH1_ATR0,true,true,false,MAX_IT,500,1861.359957,-1.55000641825e10,0.0,false
DIAGIQE,1000,0,SLP_SAR1_PH1_ATR1,true,true,true,MAX_IT,500,1305.441383,-1.55000641825e10,0.0,false
DIAGIQT,1000,0,SLP_SAR0_PH0_ATR0,false,false,false,MAX_IT,500,1235.1242399999999,-8.608615872537502e9,0.0,false
DIAGIQT,1000,0,SLP_SAR0_PH1_ATR0,false,true,false,MAX_IT,500,1285.087568,-8.608615872537502e9,0.0,false
DIAGIQT,1000,0,SLP_SAR0_PH1_ATR1,false,true,true,MAX_IT,500,1285.9684069999998,-8.608615872537502e9,0.0,false
DIAGIQT,1000,0,BASE_SLP,true,false,false,MAX_IT,500,1298.212699,-8.608615872537502e9,0.0,true
DIAGIQT,1000,0,SLP_SAR1_PH1_ATR0,true,true,false,MAX_IT,500,1279.7324859999999,-8.608615872537502e9,0.0,false
DIAGIQT,1000,0,SLP_SAR1_PH1_ATR1,true,true,true,MAX_IT,500,1453.246214,-8.608615872537502e9,0.0,false
DIAGNQB,1000,0,SLP_SAR0_PH0_ATR0,false,false,false,MAX_IT,500,1297.9294969999999,-8.277156380744272e10,0.0,false
DIAGNQB,1000,0,SLP_SAR0_PH1_ATR0,false,true,false,MAX_IT,500,1303.397237,-8.277156380744272e10,0.0,false
DIAGNQB,1000,0,SLP_SAR0_PH1_ATR1,false,true,true,MAX_IT,500,1330.3858850000001,-8.277156380744272e10,0.0,false
DIAGNQB,1000,0,BASE_SLP,true,false,false,MAX_IT,500,1253.868613,-8.277156380744272e10,0.0,true
DIAGNQB,1000,0,SLP_SAR1_PH1_ATR0,true,true,false,MAX_IT,500,1264.601414,-8.277156380744272e10,0.0,false
DIAGNQB,1000,0,SLP_SAR1_PH1_ATR1,true,true,true,MAX_IT,500,1342.251327,-8.277156380744272e10,0.0,false
DIAGNQE,1000,0,SLP_SAR0_PH0_ATR0,false,false,false,MAX_IT,500,1269.467558,-6.21871895625e10,0.0,false
DIAGNQE,1000,0,SLP_SAR0_PH1_ATR0,false,true,false,MAX_IT,500,1272.848419,-6.21871895625e10,0.0,false
DIAGNQE,1000,0,SLP_SAR0_PH1_ATR1,false,true,true,MAX_IT,500,1365.8717940000001,-6.21871895625e10,0.0,false
DIAGNQE,1000,0,BASE_SLP,true,false,false,MAX_IT,500,1291.6714840000002,-6.21871895625e10,0.0,true
DIAGNQE,1000,0,SLP_SAR1_PH1_ATR0,true,true,false,MAX_IT,500,1274.522935,-6.21871895625e10,0.0,false
DIAGNQE,1000,0,SLP_SAR1_PH1_ATR1,true,true,true,MAX_IT,500,1269.9296920000002,-6.21871895625e10,0.0,false
DIAGNQT,1000,0,SLP_SAR0_PH0_ATR0,false,false,false,MAX_IT,500,1265.575055,-4.14787099187675e10,0.0,false
DIAGNQT,1000,0,SLP_SAR0_PH1_ATR0,false,true,false,MAX_IT,500,1257.439869,-4.14787099187675e10,0.0,false
DIAGNQT,1000,0,SLP_SAR0_PH1_ATR1,false,true,true,MAX_IT,500,1268.078804,-4.14787099187675e10,0.0,false
DIAGNQT,1000,0,BASE_SLP,true,false,false,MAX_IT,500,1275.238523,-4.14787099187675e10,0.0,true
DIAGNQT,1000,0,SLP_SAR1_PH1_ATR0,true,true,false,MAX_IT,500,1277.232307,-4.14787099187675e10,0.0,false
DIAGNQT,1000,0,SLP_SAR1_PH1_ATR1,true,true,true,MAX_IT,500,1276.971939,-4.14787099187675e10,0.0,false
DIAGPQB,1000,0,SLP_SAR0_PH0_ATR0,false,false,false,MAX_IT,500,1345.538123,-16.987643847427467,0.0,false
DIAGPQB,1000,0,SLP_SAR0_PH1_ATR0,false,true,false,MAX_IT,500,1281.500947,-26.16026524224884,0.0,false
DIAGPQB,1000,0,SLP_SAR0_PH1_ATR1,false,true,true,MAX_IT,500,1290.773273,-7.547709922412899,0.0,false
DIAGPQB,1000,0,BASE_SLP,true,false,false,MAX_IT,500,1293.196391,-28.472534240036047,0.0,true
DIAGPQB,1000,0,SLP_SAR1_PH1_ATR0,true,true,false,MAX_IT,500,1287.244173,-26.16026524224884,0.0,false
DIAGPQB,1000,0,SLP_SAR1_PH1_ATR1,true,true,true,MAX_IT,500,1383.779304,-7.547709922412899,0.0,false
DIAGPQE,1000,0,SLP_SAR0_PH0_ATR0,false,false,false,SMALL_STEP,304,782.860516,-2.445234742709663,0.0,false
DIAGPQE,1000,0,SLP_SAR0_PH1_ATR0,false,true,false,SMALL_STEP,126,281.913549,-2.5583035207637908,0.0,false
DIAGPQE,1000,0,SLP_SAR0_PH1_ATR1,false,true,true,MAX_IT,500,1297.8227140000001,-2.37298582056455,0.0,false
DIAGPQE,1000,0,BASE_SLP,true,false,false,SMALL_STEP,140,326.394366,-2.564552129867237,0.0,true
DIAGPQE,1000,0,SLP_SAR1_PH1_ATR0,true,true,false,SMALL_STEP,126,289.329868,-2.5583035207637908,0.0,false
DIAGPQE,1000,0,SLP_SAR1_PH1_ATR1,true,true,true,MAX_IT,500,1308.38209,-2.37298582056455,0.0,false
DIAGPQT,1000,0,SLP_SAR0_PH0_ATR0,false,false,false,SMALL_STEP,127,321.16623500000003,-1.3430589091974747,0.0,false
DIAGPQT,1000,0,SLP_SAR0_PH1_ATR0,false,true,false,SMALL_STEP,49,109.625508,-1.3818583346155542,0.0,false
DIAGPQT,1000,0,SLP_SAR0_PH1_ATR1,false,true,true,SMALL_STEP,248,614.5515790000001,-1.441114347795843,0.0,false
DIAGPQT,1000,0,BASE_SLP,true,false,false,SMALL_STEP,50,112.661795,-1.2044789719470548,0.0,true
DIAGPQT,1000,0,SLP_SAR1_PH1_ATR0,true,true,false,SMALL_STEP,49,107.65590999999999,-1.3818583346155542,0.0,false
DIAGPQT,1000,0,SLP_SAR1_PH1_ATR1,true,true,true,SMALL_STEP,248,614.088752,-1.441114347795843,0.0,false
DIAMON2DLS,66,0,SLP_SAR0_PH0_ATR0,false,false,false,MAX_IT,500,1042.63546,9390.984853541371,0.0,false
DIAMON2DLS,66,0,SLP_SAR0_PH1_ATR0,false,true,false,MAX_IT,500,1298.370406,8965.121106516503,0.0,false
DIAMON2DLS,66,0,SLP_SAR0_PH1_ATR1,false,true,true,MAX_IT,500,1007.210283,10440.683890253415,0.0,false
DIAMON2DLS,66,0,BASE_SLP,true,false,false,MAX_IT,500,1246.557165,9571.610889396368,0.0,true
DIAMON2DLS,66,0,SLP_SAR1_PH1_ATR0,true,true,false,MAX_IT,500,1284.414718,8965.121106516503,0.0,false
DIAMON2DLS,66,0,SLP_SAR1_PH1_ATR1,true,true,true,MAX_IT,500,977.729998,10440.683890253415,0.0,false
DIAMON3DLS,99,0,SLP_SAR0_PH0_ATR0,false,false,false,MAX_IT,500,1432.5895019999998,1955.6009251371997,0.0,false
DIAMON3DLS,99,0,SLP_SAR0_PH1_ATR0,false,true,false,MAX_IT,500,1675.054261,5418.102596798559,0.0,false
DIAMON3DLS,99,0,SLP_SAR0_PH1_ATR1,false,true,true,MAX_IT,500,1244.6778439999998,10462.743250161217,0.0,false
DIAMON3DLS,99,0,BASE_SLP,true,false,false,MAX_IT,500,1375.209645,6325.005595903796,0.0,true
DIAMON3DLS,99,0,SLP_SAR1_PH1_ATR0,true,true,false,MAX_IT,500,1657.8994229999998,5418.102596798559,0.0,false
DIAMON3DLS,99,0,SLP_SAR1_PH1_ATR1,true,true,true,MAX_IT,500,1244.069254,10462.743250161217,0.0,false
DIXMAANA1,3,0,SLP_SAR0_PH0_ATR0,false,false,false,KKT_OK,28,15.319882999999999,1.0000000465661287,0.0,false
DIXMAANA1,3,0,SLP_SAR0_PH1_ATR0,false,true,false,KKT_OK,11,6.057495,1.0000000000000007,0.0,false
DIXMAANA1,3,0,SLP_SAR0_PH1_ATR1,false,true,true,KKT_OK,10,5.5409370000000004,1.0,0.0,false
DIXMAANA1,3,0,BASE_SLP,true,false,false,KKT_OK,28,15.170152,1.0000000465661287,0.0,true
DIXMAANA1,3,0,SLP_SAR1_PH1_ATR0,true,true,false,KKT_OK,11,6.003884,1.0000000000000007,0.0,false
DIXMAANA1,3,0,SLP_SAR1_PH1_ATR1,true,true,true,KKT_OK,10,5.476807,1.0,0.0,false
DIXMAANB,3000,0,SLP_SAR0_PH0_ATR0,false,false,false,KKT_OK,28,186.91906899999998,1.0000456348061977,0.0,false
DIXMAANB,3000,0,SLP_SAR0_PH1_ATR0,false,true,false,KKT_OK,12,85.319625,1.0,0.0,false
DIXMAANB,3000,0,SLP_SAR0_PH1_ATR1,false,true,true,MAX_IT,500,3443.843557,1.0,0.0,false
DIXMAANB,3000,0,BASE_SLP,true,false,false,KKT_OK,15,87.958927,1.0,0.0,true
DIXMAANB,3000,0,SLP_SAR1_PH1_ATR0,true,true,false,KKT_OK,12,84.86358,1.0,0.0,false
DIXMAANB,3000,0,SLP_SAR1_PH1_ATR1,true,true,true,MAX_IT,500,3454.659412,1.0,0.0,false
DIXMAANC,3000,0,SLP_SAR0_PH0_ATR0,false,false,false,KKT_OK,28,162.32106900000002,1.000046566128814,0.0,false
DIXMAANC,3000,0,SLP_SAR0_PH1_ATR0,false,true,false,MAX_IT,500,3444.314126,1.0009941151482673,0.0,false
DIXMAANC,3000,0,SLP_SAR0_PH1_ATR1,false,true,true,MAX_IT,500,3484.406524,1.0,0.0,false
DIXMAANC,3000,0,BASE_SLP,true,false,false,KKT_OK,15,98.07258900000001,1.0,0.0,true
DIXMAANC,3000,0,SLP_SAR1_PH1_ATR0,true,true,false,MAX_IT,500,3456.106932,1.0009941151482673,0.0,false
DIXMAANC,3000,0,SLP_SAR1_PH1_ATR1,true,true,true,MAX_IT,500,3606.9485409999998,1.0,0.0,false
DIXMAAND,3000,0,SLP_SAR0_PH0_ATR0,false,false,false,KKT_OK,28,222.169649,1.0000485777856651,0.0,false
DIXMAAND,3000,0,SLP_SAR0_PH1_ATR0,false,true,false,KKT_OK,14,79.681685,1.0000000002381804,0.0,false
DIXMAAND,3000,0,SLP_SAR0_PH1_ATR1,false,true,true,MAX_IT,500,3387.068069,1.0,0.0,false
DIXMAAND,3000,0,BASE_SLP,true,false,false,KKT_OK,15,84.737904,1.0,0.0,true
DIXMAAND,3000,0,SLP_SAR1_PH1_ATR0,true,true,false,KKT_OK,14,88.561806,1.0000000002381804,0.0,false
DIXMAAND,3000,0,SLP_SAR1_PH1_ATR1,true,true,true,MAX_IT,500,3397.841616,1.0,0.0,false
DIXMAANE1,3000,0,SLP_SAR0_PH0_ATR0,false,false,false,KKT_OK,26,145.79513799999998,1.0000906797746818,0.0,false
DIXMAANE1,3000,0,SLP_SAR0_PH1_ATR0,false,true,false,MAX_IT,500,3342.0302070000002,1.0000000013156307,0.0,false
DIXMAANE1,3000,0,SLP_SAR0_PH1_ATR1,false,true,true,KKT_OK,12,93.243455,1.0,0.0,false
DIXMAANE1,3000,0,BASE_SLP,true,false,false,KKT_OK,15,85.191564,1.0,0.0,true
DIXMAANE1,3000,0,SLP_SAR1_PH1_ATR0,true,true,false,MAX_IT,500,3368.001376,1.0000000013156307,0.0,false
DIXMAANE1,3000,0,SLP_SAR1_PH1_ATR1,true,true,true,KKT_OK,12,66.382497,1.0,0.0,false
DIXMAANF,3000,0,SLP_SAR0_PH0_ATR0,false,false,false,KKT_OK,26,165.05020100000002,1.0000900582727497,0.0,false
DIXMAANF,3000,0,SLP_SAR0_PH1_ATR0,false,true,false,MAX_IT,500,3386.1659959999997,1.0005760931506162,0.0,false
DIXMAANF,3000,0,SLP_SAR0_PH1_ATR1,false,true,true,KKT_OK,12,69.660847,1.0,0.0,false
DIXMAANF,3000,0,BASE_SLP,true,false,false,KKT_OK,15,98.982513,1.0,0.0,true
DIXMAANF,3000,0,SLP_SAR1_PH1_ATR0,true,true,false,MAX_IT,500,3387.2557460000003,1.0005760931506162,0.0,false
DIXMAANF,3000,0,SLP_SAR1_PH1_ATR1,true,true,true,KKT_OK,12,78.72859,1.0,0.0,false
DIXMAANG,3000,0,SLP_SAR0_PH0_ATR0,false,false,false,KKT_OK,26,177.441538,1.0000906797760143,0.0,false
DIXMAANG,3000,0,SLP_SAR0_PH1_ATR0,false,true,false,KKT_OK,14,80.011723,1.000000000073387,0.0,false
DIXMAANG,3000,0,SLP_SAR0_PH1_ATR1,false,true,true,KKT_OK,12,84.422464,1.0,0.0,false
DIXMAANG,3000,0,BASE_SLP,true,false,false,KKT_OK,15,85.299376,1.0,0.0,true
DIXMAANG,3000,0,SLP_SAR1_PH1_ATR0,true,true,false,KKT_OK,14,80.566401,1.000000000073387,0.0,false
DIXMAANG,3000,0,SLP_SAR1_PH1_ATR1,true,true,true,KKT_OK,12,84.2444,1.0,0.0,false
DIXMAANH,3000,0,SLP_SAR0_PH0_ATR0,false,false,false,KKT_OK,28,239.26177,1.0000230055552466,0.0,false
DIXMAANH,3000,0,SLP_SAR0_PH1_ATR0,false,true,false,MAX_IT,500,3404.697251,1.018148138294317,0.0,false
DIXMAANH,3000,0,SLP_SAR0_PH1_ATR1,false,true,true,KKT_OK,12,76.805919,1.0,0.0,false
DIXMAANH,3000,0,BASE_SLP,true,false,false,KKT_OK,15,85.866789,1.0,0.0,true
DIXMAANH,3000,0,SLP_SAR1_PH1_ATR0,true,true,false,MAX_IT,500,3472.2124980000003,1.018148138294317,0.0,false
DIXMAANH,3000,0,SLP_SAR1_PH1_ATR1,true,true,true,KKT_OK,12,70.414168,1.0,0.0,false
DIXMAANI1,3000,0,SLP_SAR0_PH0_ATR0,false,false,false,KKT_OK,26,179.29360599999998,1.000059910811899,0.0,false
DIXMAANI1,3000,0,SLP_SAR0_PH1_ATR0,false,true,false,KKT_OK,12,69.057307,1.0,0.0,false
DIXMAANI1,3000,0,SLP_SAR0_PH1_ATR1,false,true,true,KKT_OK,12,66.956292,1.0,0.0,false
DIXMAANI1,3000,0,BASE_SLP,true,false,false,KKT_OK,14,85.945145,1.0,0.0,true
DIXMAANI1,3000,0,SLP_SAR1_PH1_ATR0,true,true,false,KKT_OK,12,72.297545,1.0,0.0,false
DIXMAANI1,3000,0,SLP_SAR1_PH1_ATR1,true,true,true,KKT_OK,12,73.505748,1.0,0.0,false
DIXMAANJ,3000,0,SLP_SAR0_PH0_ATR0,false,false,false,KKT_OK,26,182.11840700000002,1.000059772631821,0.0,false
DIXMAANJ,3000,0,SLP_SAR0_PH1_ATR0,false,true,false,MAX_IT,500,3428.923151,1.0008566694401086,0.0,false
DIXMAANJ,3000,0,SLP_SAR0_PH1_ATR1,false,true,true,KKT_OK,12,77.455635,1.0,0.0,false
DIXMAANJ,3000,0,BASE_SLP,true,false,false,KKT_OK,14,81.5214,1.0,0.0,true
DIXMAANJ,3000,0,SLP_SAR1_PH1_ATR0,true,true,false,MAX_IT,500,3345.048492,1.0008566694401086,0.0,false
DIXMAANJ,3000,0,SLP_SAR1_PH1_ATR1,true,true,true,KKT_OK,12,73.35834200000001,1.0,0.0,false
DIXMAANK,3000,0,SLP_SAR0_PH0_ATR0,false,false,false,KKT_OK,26,173.68939,1.0000599108132315,0.0,false
DIXMAANK,3000,0,SLP_SAR0_PH1_ATR0,false,true,false,MAX_IT,500,3346.273756,1.0076407178442925,0.0,false
DIXMAANK,3000,0,SLP_SAR0_PH1_ATR1,false,true,true,KKT_OK,12,69.704128,1.0,0.0,false
DIXMAANK,3000,0,BASE_SLP,true,false,false,KKT_OK,14,82.915671,1.0,0.0,true
DIXMAANK,3000,0,SLP_SAR1_PH1_ATR0,true,true,false,MAX_IT,500,3561.555072,1.0076407178442925,0.0,false
DIXMAANK,3000,0,SLP_SAR1_PH1_ATR1,true,true,true,KKT_OK,12,68.24981500000001,1.0,0.0,false
DIXMAANL,3000,0,SLP_SAR0_PH0_ATR0,false,false,false,KKT_OK,26,146.138651,1.0000602092850783,0.0,false
DIXMAANL,3000,0,SLP_SAR0_PH1_ATR0,false,true,false,MAX_IT,500,3301.894328,1.0315896042797923,0.0,false
DIXMAANL,3000,0,SLP_SAR0_PH1_ATR1,false,true,true,KKT_OK,12,68.553943,1.0,0.0,false
DIXMAANL,3000,0,BASE_SLP,true,false,false,KKT_OK,14,80.355446,1.0,0.0,true
DIXMAANL,3000,0,SLP_SAR1_PH1_ATR0,true,true,false,MAX_IT,500,3286.564947,1.0315896042797923,0.0,false
DIXMAANL,3000,0,SLP_SAR1_PH1_ATR1,true,true,true,KKT_OK,12,69.151894,1.0,0.0,false
DIXMAANM1,3000,0,SLP_SAR0_PH0_ATR0,false,false,false,KKT_OK,26,197.98339,1.000059910811899,0.0,false
DIXMAANM1,3000,0,SLP_SAR0_PH1_ATR0,false,true,false,KKT_OK,13,73.95589,1.0000004335859995,0.0,false
DIXMAANM1,3000,0,SLP_SAR0_PH1_ATR1,false,true,true,KKT_OK,12,101.370926,1.0,0.0,false
DIXMAANM1,3000,0,BASE_SLP,true,false,false,KKT_OK,26,146.791654,1.000059910811899,0.0,true
DIXMAANM1,3000,0,SLP_SAR1_PH1_ATR0,true,true,false,KKT_OK,13,74.38432300000001,1.0000004335859995,0.0,false
DIXMAANM1,3000,0,SLP_SAR1_PH1_ATR1,true,true,true,KKT_OK,12,68.780067,1.0,0.0,false
DIXMAANN,3000,0,SLP_SAR0_PH0_ATR0,false,false,false,KKT_OK,26,178.492916,1.000059772631488,0.0,false
DIXMAANN,3000,0,SLP_SAR0_PH1_ATR0,false,true,false,KKT_OK,12,69.31185300000001,1.0,0.0,false
DIXMAANN,3000,0,SLP_SAR0_PH1_ATR1,false,true,true,KKT_OK,12,69.650437,1.0,0.0,false
DIXMAANN,3000,0,BASE_SLP,true,false,false,KKT_OK,14,93.021648,1.000000664,0.0,true
DIXMAANN,3000,0,SLP_SAR1_PH1_ATR0,true,true,false,KKT_OK,12,70.652203,1.0,0.0,false
DIXMAANN,3000,0,SLP_SAR1_PH1_ATR1,true,true,true,KKT_OK,12,73.263894,1.0,0.0,false
DIXMAANO,3000,0,SLP_SAR0_PH0_ATR0,false,false,false,KKT_OK,26,171.935906,1.0000599108125652,0.0,false
DIXMAANO,3000,0,SLP_SAR0_PH1_ATR0,false,true,false,MAX_IT,500,3505.275674,1.0010386734998524,0.0,false
DIXMAANO,3000,0,SLP_SAR0_PH1_ATR1,false,true,true,KKT_OK,12,71.43657300000001,1.0,0.0,false
DIXMAANO,3000,0,BASE_SLP,true,false,false,KKT_OK,14,83.437569,1.0000003893333334,0.0,true
DIXMAANO,3000,0,SLP_SAR1_PH1_ATR0,true,true,false,MAX_IT,500,3456.750841,1.0010386734998524,0.0,false
DIXMAANO,3000,0,SLP_SAR1_PH1_ATR1,true,true,true,KKT_OK,12,72.752066,1.0,0.0,false
DIXMAANP,3000,0,SLP_SAR0_PH0_ATR0,false,false,false,KKT_OK,26,176.970485,1.0000602092836925,0.0,false
DIXMAANP,3000,0,SLP_SAR0_PH1_ATR0,false,true,false,MAX_IT,500,3598.615727,1.0000004844260995,0.0,false
DIXMAANP,3000,0,SLP_SAR0_PH1_ATR1,false,true,true,KKT_OK,12,68.82707500000001,1.0,0.0,false
DIXMAANP,3000,0,BASE_SLP,true,false,false,KKT_OK,14,79.919089,1.000000328462222,0.0,true
DIXMAANP,3000,0,SLP_SAR1_PH1_ATR0,true,true,false,MAX_IT,500,3345.546487,1.0000004844260995,0.0,false
DIXMAANP,3000,0,SLP_SAR1_PH1_ATR1,true,true,true,KKT_OK,12,106.936009,1.0,0.0,false
DIXON3DQ,10000,0,SLP_SAR0_PH0_ATR0,false,false,false,MAX_IT,500,9937.507407,0.8182101440429715,0.0,false
DIXON3DQ,10000,0,SLP_SAR0_PH1_ATR0,false,true,false,MAX_IT,500,9994.598128,0.6829831279478907,0.0,false
DIXON3DQ,10000,0,SLP_SAR0_PH1_ATR1,false,true,true,MAX_IT,500,10167.599705,1.8323474890697518,0.0,false
DIXON3DQ,10000,0,BASE_SLP,true,false,false,MAX_IT,500,10119.382006,0.6398861694335993,0.0,true
DIXON3DQ,10000,0,SLP_SAR1_PH1_ATR0,true,true,false,MAX_IT,500,10146.192286,0.6829831279478907,0.0,false
DIXON3DQ,10000,0,SLP_SAR1_PH1_ATR1,true,true,true,MAX_IT,500,10653.57573,1.8323474890697518,0.0,false
DJTL,2,0,SLP_SAR0_PH0_ATR0,false,false,false,MAX_IT,500,257.95346600000005,-8939.498142876386,0.0,false
DJTL,2,0,SLP_SAR0_PH1_ATR0,false,true,false,MAX_IT,500,257.813965,-8930.24797555398,0.0,false
DJTL,2,0,SLP_SAR0_PH1_ATR1,false,true,true,MAX_IT,500,271.211757,-8924.307290339239,0.0,false
DJTL,2,0,BASE_SLP,true,false,false,MAX_IT,500,271.04739900000004,-8944.246932372544,0.0,true
DJTL,2,0,SLP_SAR1_PH1_ATR0,true,true,false,MAX_IT,500,271.29786900000005,-8930.24797555398,0.0,false
DJTL,2,0,SLP_SAR1_PH1_ATR1,true,true,true,MAX_IT,500,272.03741399999996,-8924.307290339239,0.0,false
DMN15102LS,66,0,SLP_SAR0_PH0_ATR0,false,false,false,MAX_IT,500,1068.79908,9390.984853541371,0.0,false
DMN15102LS,66,0,SLP_SAR0_PH1_ATR0,false,true,false,MAX_IT,500,1277.310627,8965.121106516503,0.0,false
DMN15102LS,66,0,SLP_SAR0_PH1_ATR1,false,true,true,MAX_IT,500,984.530215,10440.683890253415,0.0,false
DMN15102LS,66,0,BASE_SLP,true,false,false,MAX_IT,500,1233.594702,9571.610889396368,0.0,true
DMN15102LS,66,0,SLP_SAR1_PH1_ATR0,true,true,false,MAX_IT,500,1411.694231,8965.121106516503,0.0,false
DMN15102LS,66,0,SLP_SAR1_PH1_ATR1,true,true,true,MAX_IT,500,969.8027519999999,10440.683890253415,0.0,false
DMN15103LS,99,0,SLP_SAR0_PH0_ATR0,false,false,false,MAX_IT,500,1317.828429,1955.6009251371997,0.0,false
DMN15103LS,99,0,SLP_SAR0_PH1_ATR0,false,true,false,MAX_IT,500,1625.5030749999999,5418.102596798559,0.0,false
DMN15103LS,99,0,SLP_SAR0_PH1_ATR1,false,true,true,MAX_IT,500,1209.790397,10462.743250161217,0.0,false
DMN15103LS,99,0,BASE_SLP,true,false,false,MAX_IT,500,1403.861909,6325.005595903796,0.0,true
DMN15103LS,99,0,SLP_SAR1_PH1_ATR0,true,true,false,MAX_IT,500,1623.4272270000001,5418.102596798559,0.0,false
DMN15103LS,99,0,SLP_SAR1_PH1_ATR1,true,true,true,MAX_IT,500,1210.47562,10462.743250161217,0.0,false
DMN15332LS,66,0,SLP_SAR0_PH0_ATR0,false,false,false,MAX_IT,500,1053.093926,1288.507322736082,0.0,false
DMN15332LS,66,0,SLP_SAR0_PH1_ATR0,false,true,false,MAX_IT,500,1281.224121,1226.4200498282225,0.0,false
DMN15332LS,66,0,SLP_SAR0_PH1_ATR1,false,true,true,MAX_IT,500,977.734779,1618.8525436101054,0.0,false
DMN15332LS,66,0,BASE_SLP,true,false,false,MAX_IT,500,1251.679433,1058.4741132578192,0.0,true
DMN15332LS,66,0,SLP_SAR1_PH1_ATR0,true,true,false,MAX_IT,500,1268.3774999999998,1226.4200498282225,0.0,false
DMN15332LS,66,0,SLP_SAR1_PH1_ATR1,true,true,true,MAX_IT,500,980.1517990000001,1618.8525436101054,0.0,false
DMN15333LS,99,0,SLP_SAR0_PH0_ATR0,false,false,false,MAX_IT,500,1432.987945,743.0426715715116,0.0,false
DMN15333LS,99,0,SLP_SAR0_PH1_ATR0,false,true,false,MAX_IT,500,1640.575746,539.4024722864892,0.0,false
DMN15333LS,99,0,SLP_SAR0_PH1_ATR1,false,true,true,MAX_IT,500,1204.4356579999999,1245.2589005439736,0.0,false
DMN15333LS,99,0,BASE_SLP,true,false,false,MAX_IT,500,1565.374045,502.0993827953608,0.0,true
DMN15333LS,99,0,SLP_SAR1_PH1_ATR0,true,true,false,MAX_IT,500,1645.09239,539.4024722864892,0.0,false
DMN15333LS,99,0,SLP_SAR1_PH1_ATR1,true,true,true,MAX_IT,500,1200.491586,1245.2589005439736,0.0,false
DMN37143LS,99,0,SLP_SAR0_PH0_ATR0,false,false,false,MAX_IT,500,1297.0936310000002,354.6822358843759,0.0,false
DMN37143LS,99,0,SLP_SAR0_PH1_ATR0,false,true,false,MAX_IT,500,1494.452044,351.49631264288854,0.0,false
DMN37143LS,99,0,SLP_SAR0_PH1_ATR1,false,true,true,MAX_IT,500,1296.913994,356.68890742345576,0.0,false
DMN37143LS,99,0,BASE_SLP,true,false,false,MAX_IT,500,1429.523649,341.5884390682122,0.0,true
DMN37143LS,99,0,SLP_SAR1_PH1_ATR0,true,true,false,MAX_IT,500,1493.765633,351.49631264288854,0.0,false
DMN37143LS,99,0,SLP_SAR1_PH1_ATR1,true,true,true,MAX_IT,500,1165.9084879999998,356.68890742345576,0.0,false
DQDRTIC,5000,0,SLP_SAR0_PH0_ATR0,false,false,false,SMALL_STEP,35,411.352435,3.058364835015653e-5,0.0,false
DQDRTIC,5000,0,SLP_SAR0_PH1_ATR0,false,true,false,MAX_IT,500,5437.2007619999995,251149.50000000003,0.0,false
DQDRTIC,5000,0,SLP_SAR0_PH1_ATR1,false,true,true,KKT_OK,32,316.13384,1.1766741265779117e-8,0.0,false
DQDRTIC,5000,0,BASE_SLP,true,false,false,SMALL_STEP,35,391.57556,3.058364835015653e-5,0.0,true
DQDRTIC,5000,0,SLP_SAR1_PH1_ATR0,true,true,false,MAX_IT,500,5442.680531999999,251149.50000000003,0.0,false
DQDRTIC,5000,0,SLP_SAR1_PH1_ATR1,true,true,true,KKT_OK,32,302.79217200000005,1.1766741265779117e-8,0.0,false
DQRTIC,5000,0,SLP_SAR0_PH0_ATR0,false,false,false,MAX_IT,500,5387.304741,3.694664795928783e17,0.0,false
DQRTIC,5000,0,SLP_SAR0_PH1_ATR0,false,true,false,MAX_IT,500,5315.233009,3.694664795928783e17,0.0,false
DQRTIC,5000,0,SLP_SAR0_PH1_ATR1,false,true,true,MAX_IT,500,5334.8720570000005,3.694664795928783e17,0.0,false
DQRTIC,5000,0,BASE_SLP,true,false,false,MAX_IT,500,5380.335314,3.694664795928783e17,0.0,true
DQRTIC,5000,0,SLP_SAR1_PH1_ATR0,true,true,false,MAX_IT,500,5446.296674,3.694664795928783e17,0.0,false
DQRTIC,5000,0,SLP_SAR1_PH1_ATR1,true,true,true,MAX_IT,500,5553.834023,3.694664795928783e17,0.0,false
DRCAV1LQ,4489,0,SLP_SAR0_PH0_ATR0,false,false,false,SMALL_STEP,13,162.88108400000002,0.061624286759087835,0.0,false
DRCAV1LQ,4489,0,SLP_SAR0_PH1_ATR0,false,true,false,SMALL_STEP,12,97.72646399999999,0.04806782442939486,0.0,false
DRCAV1LQ,4489,0,SLP_SAR0_PH1_ATR1,false,true,true,SMALL_STEP,20,194.738607,0.05880146528166574,0.0,false
DRCAV1LQ,4489,0,BASE_SLP,true,false,false,SMALL_STEP,12,96.435574,0.05914936673091665,0.0,true
DRCAV1LQ,4489,0,SLP_SAR1_PH1_ATR0,true,true,false,SMALL_STEP,12,117.920494,0.04806782442939486,0.0,false
DRCAV1LQ,4489,0,SLP_SAR1_PH1_ATR1,true,true,true,SMALL_STEP,20,162.736804,0.05880146528166574,0.0,false
DRCAV2LQ,4489,0,SLP_SAR0_PH0_ATR0,false,false,false,SMALL_STEP,13,104.03722499999999,0.061596008317822526,0.0,false
DRCAV2LQ,4489,0,SLP_SAR0_PH1_ATR0,false,true,false,SMALL_STEP,12,107.776921,0.047996328874166674,0.0,false
DRCAV2LQ,4489,0,SLP_SAR0_PH1_ATR1,false,true,true,SMALL_STEP,20,222.59381,0.058810778317655646,0.0,false
DRCAV2LQ,4489,0,BASE_SLP,true,false,false,SMALL_STEP,12,100.019378,0.059096259451004766,0.0,true
DRCAV2LQ,4489,0,SLP_SAR1_PH1_ATR0,true,true,false,SMALL_STEP,12,152.544569,0.047996328874166674,0.0,false
DRCAV2LQ,4489,0,SLP_SAR1_PH1_ATR1,true,true,true,SMALL_STEP,20,164.207458,0.058810778317655646,0.0,false
DRCAV3LQ,4489,0,SLP_SAR0_PH0_ATR0,false,false,false,SMALL_STEP,13,156.73738400000002,0.06182860286727754,0.0,false
DRCAV3LQ,4489,0,SLP_SAR0_PH1_ATR0,false,true,false,SMALL_STEP,11,89.260232,0.05518438338603613,0.0,false
DRCAV3LQ,4489,0,SLP_SAR0_PH1_ATR1,false,true,true,SMALL_STEP,20,195.307861,0.0605611357932344,0.0,false
DRCAV3LQ,4489,0,BASE_SLP,true,false,false,SMALL_STEP,12,96.66580499999999,0.05955382548386997,0.0,true
DRCAV3LQ,4489,0,SLP_SAR1_PH1_ATR0,true,true,false,SMALL_STEP,11,107.28304499999999,0.05518438338603613,0.0,false
DRCAV3LQ,4489,0,SLP_SAR1_PH1_ATR1,true,true,true,SMALL_STEP,20,163.069636,0.0605611357932344,0.0,false
DUAL1,85,1,SLP_SAR0_PH0_ATR0,false,false,false,KKT_OK,0,0.050434,0.0,1.0,false
DUAL1,85,1,SLP_SAR0_PH1_ATR0,false,true,false,KKT_OK,0,0.045044,0.0,1.0,false
DUAL1,85,1,SLP_SAR0_PH1_ATR1,false,true,true,KKT_OK,0,0.047438999999999995,0.0,1.0,false
DUAL1,85,1,BASE_SLP,true,false,false,KKT_OK,0,0.045044,0.0,1.0,true
DUAL1,85,1,SLP_SAR1_PH1_ATR0,true,true,false,KKT_OK,0,0.046786999999999995,0.0,1.0,false
DUAL1,85,1,SLP_SAR1_PH1_ATR1,true,true,true,KKT_OK,0,0.044794,0.0,1.0,false
DUAL2,96,1,SLP_SAR0_PH0_ATR0,false,false,false,KKT_OK,0,0.061425,0.0,1.0,false
DUAL2,96,1,SLP_SAR0_PH1_ATR0,false,true,false,KKT_OK,0,0.056837,0.0,1.0,false
DUAL2,96,1,SLP_SAR0_PH1_ATR1,false,true,true,KKT_OK,0,0.0584,0.0,1.0,false
DUAL2,96,1,BASE_SLP,true,false,false,KKT_OK,0,0.057006999999999995,0.0,1.0,true
DUAL2,96,1,SLP_SAR1_PH1_ATR0,true,true,false,KKT_OK,0,0.056697000000000004,0.0,1.0,false
DUAL2,96,1,SLP_SAR1_PH1_ATR1,true,true,true,KKT_OK,0,0.055424,0.0,1.0,false
DUAL3,111,1,SLP_SAR0_PH0_ATR0,false,false,false,KKT_OK,0,0.084759,0.0,1.0,false
DUAL3,111,1,SLP_SAR0_PH1_ATR0,false,true,false,KKT_OK,0,0.07485,0.0,1.0,false
DUAL3,111,1,SLP_SAR0_PH1_ATR1,false,true,true,KKT_OK,0,0.07467,0.0,1.0,false
DUAL3,111,1,BASE_SLP,true,false,false,KKT_OK,0,0.074399,0.0,1.0,true
DUAL3,111,1,SLP_SAR1_PH1_ATR0,true,true,false,KKT_OK,0,0.072426,0.0,1.0,false
DUAL3,111,1,SLP_SAR1_PH1_ATR1,true,true,true,KKT_OK,0,0.074209,0.0,1.0,false
DUAL4,75,1,SLP_SAR0_PH0_ATR0,false,false,false,KKT_OK,0,0.040846,0.0,1.0,false
DUAL4,75,1,SLP_SAR0_PH1_ATR0,false,true,false,KKT_OK,0,0.038532000000000004,0.0,1.0,false
DUAL4,75,1,SLP_SAR0_PH1_ATR1,false,true,true,KKT_OK,0,0.035978,0.0,1.0,false
DUAL4,75,1,BASE_SLP,true,false,false,KKT_OK,0,0.034355,0.0,1.0,true
DUAL4,75,1,SLP_SAR1_PH1_ATR0,true,true,false,KKT_OK,0,0.036458000000000004,0.0,1.0,false
DUAL4,75,1,SLP_SAR1_PH1_ATR1,true,true,true,KKT_OK,0,0.036860000000000004,0.0,1.0,false
ECKERLE4LS,3,0,SLP_SAR0_PH0_ATR0,false,false,false,KKT_OK,9,5.0659,0.6996962541495202,0.0,false
ECKERLE4LS,3,0,SLP_SAR0_PH1_ATR0,false,true,false,KKT_OK,7,3.953316,0.6996975466597085,0.0,false
ECKERLE4LS,3,0,SLP_SAR0_PH1_ATR1,false,true,true,KKT_OK,8,4.5197270000000005,0.6996960623956795,0.0,false
ECKERLE4LS,3,0,BASE_SLP,true,false,false,KKT_OK,9,5.053948,0.6996962541495202,0.0,true
ECKERLE4LS,3,0,SLP_SAR1_PH1_ATR0,true,true,false,KKT_OK,7,3.9321770000000003,0.6996975466597085,0.0,false
ECKERLE4LS,3,0,SLP_SAR1_PH1_ATR1,true,true,true,KKT_OK,8,4.499218999999999,0.6996960623956795,0.0,false
EDENSCH,2000,0,SLP_SAR0_PH0_ATR0,false,false,false,MAX_IT,500,2239.086292,12006.953295159194,0.0,false
EDENSCH,2000,0,SLP_SAR0_PH1_ATR0,false,true,false,MAX_IT,500,2332.72645,12006.694993919804,0.0,false
EDENSCH,2000,0,SLP_SAR0_PH1_ATR1,false,true,true,MAX_IT,500,2278.704662,12003.324477568247,0.0,false
EDENSCH,2000,0,BASE_SLP,true,false,false,MAX_IT,500,2352.806127,12003.630981795637,0.0,true
EDENSCH,2000,0,SLP_SAR1_PH1_ATR0,true,true,false,MAX_IT,500,2280.8046860000004,12006.694993919804,0.0,false
EDENSCH,2000,0,SLP_SAR1_PH1_ATR1,true,true,true,MAX_IT,500,2230.251627,12003.324477568247,0.0,false
EG1,3,0,SLP_SAR0_PH0_ATR0,false,false,false,KKT_OK,50,27.862776999999998,-1.4293066296367474,0.0,false
EG1,3,0,SLP_SAR0_PH1_ATR0,false,true,false,KKT_OK,49,26.559486,-1.4293066867848918,0.0,false
EG1,3,0,SLP_SAR0_PH1_ATR1,false,true,true,MAX_IT,500,275.043947,-1.4123470893736598,0.0,false
EG1,3,0,BASE_SLP,true,false,false,KKT_OK,64,35.350985,-1.4293066329401205,0.0,true
EG1,3,0,SLP_SAR1_PH1_ATR0,true,true,false,KKT_OK,49,27.146825999999997,-1.4293066867848918,0.0,false
EG1,3,0,SLP_SAR1_PH1_ATR1,true,true,true,MAX_IT,500,275.0506,-1.4123470893736598,0.0,false
EG2,1000,0,SLP_SAR0_PH0_ATR0,false,false,false,MAX_IT,500,1272.71701,-998.9172332311872,0.0,false
EG2,1000,0,SLP_SAR0_PH1_ATR0,false,true,false,MAX_IT,500,1375.6880010000002,-998.9400581832834,0.0,false
EG2,1000,0,SLP_SAR0_PH1_ATR1,false,true,true,SMALL_STEP,14,31.274379,-998.8957116398617,0.0,false
EG2,1000,0,BASE_SLP,true,false,false,SMALL_STEP,397,1027.866896,-998.9308199120488,0.0,true
EG2,1000,0,SLP_SAR1_PH1_ATR0,true,true,false,MAX_IT,500,1266.401336,-998.9400581832834,0.0,false
EG2,1000,0,SLP_SAR1_PH1_ATR1,true,true,true,SMALL_STEP,14,35.683247,-998.8957116398617,0.0,false
EGGCRATE,2,0,SLP_SAR0_PH0_ATR0,false,false,false,SMALL_STEP,28,15.584175,9.48819735412611,0.0,false
EGGCRATE,2,0,SLP_SAR0_PH1_ATR0,false,true,false,KKT_OK,16,8.950848,9.488197339109222,0.0,false
EGGCRATE,2,0,SLP_SAR0_PH1_ATR1,false,true,true,SMALL_STEP,94,52.421184000000004,9.48819733990389,0.0,false
EGGCRATE,2,0,BASE_SLP,true,false,false,SMALL_STEP,24,13.303021,9.488197408566538,0.0,true
EGGCRATE,2,0,SLP_SAR1_PH1_ATR0,true,true,false,KKT_OK,16,8.882541000000002,9.488197339109222,0.0,false
EGGCRATE,2,0,SLP_SAR1_PH1_ATR1,true,true,true,SMALL_STEP,94,51.625944,9.48819733990389,0.0,false
EGGCRATEB,2,0,SLP_SAR0_PH0_ATR0,false,false,false,SMALL_STEP,28,15.472165,9.48819735412611,0.0,false
EGGCRATEB,2,0,SLP_SAR0_PH1_ATR0,false,true,false,KKT_OK,16,8.863805000000001,9.488197339109222,0.0,false
EGGCRATEB,2,0,SLP_SAR0_PH1_ATR1,false,true,true,SMALL_STEP,94,51.555872,9.48819733990389,0.0,false
EGGCRATEB,2,0,BASE_SLP,true,false,false,SMALL_STEP,24,13.137611,9.488197408566538,0.0,true
EGGCRATEB,2,0,SLP_SAR1_PH1_ATR0,true,true,false,KKT_OK,16,8.792551,9.488197339109222,0.0,false
EGGCRATEB,2,0,SLP_SAR1_PH1_ATR1,true,true,true,SMALL_STEP,94,51.606769,9.48819733990389,0.0,false
EIGENALS,2550,0,SLP_SAR0_PH0_ATR0,false,false,false,MAX_IT,500,3665.857669,2027.3103502072881,0.0,false
EIGENALS,2550,0,SLP_SAR0_PH1_ATR0,false,true,false,MAX_IT,500,3745.4202680000003,1270.0733647210202,0.0,false
EIGENALS,2550,0,SLP_SAR0_PH1_ATR1,false,true,true,MAX_IT,500,3439.727512,4529.708172826747,0.0,false
EIGENALS,2550,0,BASE_SLP,true,false,false,MAX_IT,500,3678.906709,1602.85071844447,0.0,true
EIGENALS,2550,0,SLP_SAR1_PH1_ATR0,true,true,false,MAX_IT,500,3888.484597,1270.0733647210202,0.0,false
EIGENALS,2550,0,SLP_SAR1_PH1_ATR1,true,true,true,MAX_IT,500,3576.014946,4529.708172826747,0.0,false
EIGENBLS,2550,0,SLP_SAR0_PH0_ATR0,false,false,false,MAX_IT,500,3657.5870250000003,13.663250372408262,0.0,false
EIGENBLS,2550,0,SLP_SAR0_PH1_ATR0,false,true,false,MAX_IT,500,3815.842859,8.854461308749446,0.0,false
EIGENBLS,2550,0,SLP_SAR0_PH1_ATR1,false,true,true,MAX_IT,500,3432.5924200000004,25.38055806978546,0.0,false
EIGENBLS,2550,0,BASE_SLP,true,false,false,MAX_IT,500,3839.551702,8.570721211115735,0.0,true
EIGENBLS,2550,0,SLP_SAR1_PH1_ATR0,true,true,false,MAX_IT,500,3764.651081,8.854461308749446,0.0,false
EIGENBLS,2550,0,SLP_SAR1_PH1_ATR1,true,true,true,MAX_IT,500,3508.061835,25.38055806978546,0.0,false
EIGENCLS,2652,0,SLP_SAR0_PH0_ATR0,false,false,false,MAX_IT,500,3968.116479,761.5276748108006,0.0,false
EIGENCLS,2652,0,SLP_SAR0_PH1_ATR0,false,true,false,MAX_IT,500,3922.567935,330.1313589531143,0.0,false
EIGENCLS,2652,0,SLP_SAR0_PH1_ATR1,false,true,true,MAX_IT,500,3588.320773,6734.601971692168,0.0,false
EIGENCLS,2652,0,BASE_SLP,true,false,false,MAX_IT,500,3952.868269,293.88245508607645,0.0,true
EIGENCLS,2652,0,SLP_SAR1_PH1_ATR0,true,true,false,MAX_IT,500,3983.5539209999997,330.1313589531143,0.0,false
EIGENCLS,2652,0,SLP_SAR1_PH1_ATR1,true,true,true,MAX_IT,500,3653.877602,6734.601971692168,0.0,false
ELATVIDU,2,0,SLP_SAR0_PH0_ATR0,false,false,false,KKT_OK,61,32.971339,99.02055811238891,0.0,false
ELATVIDU,2,0,SLP_SAR0_PH1_ATR0,false,true,false,SMALL_STEP,72,38.575275999999995,99.02055847057909,0.0,false
ELATVIDU,2,0,SLP_SAR0_PH1_ATR1,false,true,true,KKT_OK,388,205.442689,99.02055811169231,0.0,false
ELATVIDU,2,0,BASE_SLP,true,false,false,SMALL_STEP,75,39.600176,99.02055853961761,0.0,true
ELATVIDU,2,0,SLP_SAR1_PH1_ATR0,true,true,false,SMALL_STEP,72,39.157315999999994,99.02055847057909,0.0,false
ELATVIDU,2,0,SLP_SAR1_PH1_ATR1,true,true,true,KKT_OK,388,212.14404000000002,99.02055811169231,0.0,false
ELATVIDUB,2,0,SLP_SAR0_PH0_ATR0,false,false,false,KKT_OK,61,33.812525,99.02055811238891,0.0,false
ELATVIDUB,2,0,SLP_SAR0_PH1_ATR0,false,true,false,SMALL_STEP,72,40.002619,99.02055847057909,0.0,false
ELATVIDUB,2,0,SLP_SAR0_PH1_ATR1,false,true,true,KKT_OK,388,217.826585,99.02055811169231,0.0,false
ELATVIDUB,2,0,BASE_SLP,true,false,false,SMALL_STEP,75,137.15256300000001,99.02055853961761,0.0,true
ELATVIDUB,2,0,SLP_SAR1_PH1_ATR0,true,true,false,SMALL_STEP,72,37.277195,99.02055847057909,0.0,false
ELATVIDUB,2,0,SLP_SAR1_PH1_ATR1,true,true,true,KKT_OK,388,199.129052,99.02055811169231,0.0,false
ENGVAL1,5000,0,SLP_SAR0_PH0_ATR0,false,false,false,SMALL_STEP,28,274.221699,5548.952256751988,0.0,false
ENGVAL1,5000,0,SLP_SAR0_PH1_ATR0,false,true,false,SMALL_STEP,15,132.879138,5549.152869068288,0.0,false
ENGVAL1,5000,0,SLP_SAR0_PH1_ATR1,false,true,true,SMALL_STEP,136,1394.3340269999999,5548.8479809540295,0.0,false
ENGVAL1,5000,0,BASE_SLP,true,false,false,SMALL_STEP,22,204.84924600000002,5548.788882058369,0.0,true
ENGVAL1,5000,0,SLP_SAR1_PH1_ATR0,true,true,false,SMALL_STEP,15,132.224461,5549.152869068288,0.0,false
ENGVAL1,5000,0,SLP_SAR1_PH1_ATR1,true,true,true,SMALL_STEP,136,1455.5156279999999,5548.8479809540295,0.0,false
ENGVAL2,3,0,SLP_SAR0_PH0_ATR0,false,false,false,MAX_IT,500,259.312522,0.8979983956745304,0.0,false
ENGVAL2,3,0,SLP_SAR0_PH1_ATR0,false,true,false,MAX_IT,500,257.641812,0.8203097214993209,0.0,false
ENGVAL2,3,0,SLP_SAR0_PH1_ATR1,false,true,true,MAX_IT,500,270.499145,2.2453065002830024,0.0,false
ENGVAL2,3,0,BASE_SLP,true,false,false,MAX_IT,500,271.498908,0.43188499701544913,0.0,true
ENGVAL2,3,0,SLP_SAR1_PH1_ATR0,true,true,false,MAX_IT,500,275.219127,0.8203097214993209,0.0,false
ENGVAL2,3,0,SLP_SAR1_PH1_ATR1,true,true,true,MAX_IT,500,274.35974699999997,2.2453065002830024,0.0,false
ENSOLS,9,0,SLP_SAR0_PH0_ATR0,false,false,false,MAX_IT,500,290.126319,788.7299194630782,0.0,false
ENSOLS,9,0,SLP_SAR0_PH1_ATR0,false,true,false,MAX_IT,500,294.93718,788.5404162768141,0.0,false
ENSOLS,9,0,SLP_SAR0_PH1_ATR1,false,true,true,MAX_IT,500,295.459158,865.4890180319288,0.0,false
ENSOLS,9,0,BASE_SLP,true,false,false,MAX_IT,500,429.99577999999997,788.5428847544695,0.0,true
ENSOLS,9,0,SLP_SAR1_PH1_ATR0,true,true,false,MAX_IT,500,282.931352,788.5404162768141,0.0,false
ENSOLS,9,0,SLP_SAR1_PH1_ATR1,true,true,true,MAX_IT,500,276.562853,865.4890180319288,0.0,false
ERRINROS,50,0,SLP_SAR0_PH0_ATR0,false,false,false,MAX_IT,500,329.39915199999996,40.84533412785486,0.0,false
ERRINROS,50,0,SLP_SAR0_PH1_ATR0,false,true,false,MAX_IT,500,331.19239,40.80344056393301,0.0,false
ERRINROS,50,0,SLP_SAR0_PH1_ATR1,false,true,true,MAX_IT,500,337.325087,55.75112667076281,0.0,false
ERRINROS,50,0,BASE_SLP,true,false,false,MAX_IT,500,339.2057,40.82141913101735,0.0,true
ERRINROS,50,0,SLP_SAR1_PH1_ATR0,true,true,false,MAX_IT,500,305.551131,40.80344056393301,0.0,false
ERRINROS,50,0,SLP_SAR1_PH1_ATR1,true,true,true,MAX_IT,500,317.08237,55.75112667076281,0.0,false
ERRINRSM,50,0,SLP_SAR0_PH0_ATR0,false,false,false,SMALL_STEP,295,182.174944,38.850121188530814,0.0,false
ERRINRSM,50,0,SLP_SAR0_PH1_ATR0,false,true,false,MAX_IT,500,331.875489,38.83585284513741,0.0,false
ERRINRSM,50,0,SLP_SAR0_PH1_ATR1,false,true,true,MAX_IT,500,332.292351,60.81280404400004,0.0,false
ERRINRSM,50,0,BASE_SLP,true,false,false,MAX_IT,500,337.07286400000004,38.83551002183385,0.0,true
ERRINRSM,50,0,SLP_SAR1_PH1_ATR0,true,true,false,MAX_IT,500,336.699075,38.83585284513741,0.0,false
ERRINRSM,50,0,SLP_SAR1_PH1_ATR1,true,true,true,MAX_IT,500,305.317283,60.81280404400004,0.0,false
EXP2,2,0,SLP_SAR0_PH0_ATR0,false,false,false,KKT_OK,50,25.660144,1.0913275131228206e-6,0.0,false
EXP2,2,0,SLP_SAR0_PH1_ATR0,false,true,false,KKT_OK,61,31.279058999999997,3.5359504573517236e-7,0.0,false
EXP2,2,0,SLP_SAR0_PH1_ATR1,false,true,true,KKT_OK,24,12.355032999999999,6.428588255832797e-8,0.0,false
EXP2,2,0,BASE_SLP,true,false,false,KKT_OK,84,42.913552,1.6630191101613586e-6,0.0,true
EXP2,2,0,SLP_SAR1_PH1_ATR0,true,true,false,KKT_OK,61,32.430955999999995,3.5359504573517236e-7,0.0,false
EXP2,2,0,SLP_SAR1_PH1_ATR1,true,true,true,KKT_OK,24,12.859858000000001,6.428588255832797e-8,0.0,false
EXP2B,2,0,SLP_SAR0_PH0_ATR0,false,false,false,KKT_OK,50,27.273274999999998,1.0913275131228206e-6,0.0,false
EXP2B,2,0,SLP_SAR0_PH1_ATR0,false,true,false,KKT_OK,61,33.080393,3.5359504573517236e-7,0.0,false
EXP2B,2,0,SLP_SAR0_PH1_ATR1,false,true,true,KKT_OK,24,13.10103,6.428588255832797e-8,0.0,false
EXP2B,2,0,BASE_SLP,true,false,false,KKT_OK,84,45.502492,1.6630191101613586e-6,0.0,true
EXP2B,2,0,SLP_SAR1_PH1_ATR0,true,true,false,KKT_OK,61,33.080774,3.5359504573517236e-7,0.0,false
EXP2B,2,0,SLP_SAR1_PH1_ATR1,true,true,true,KKT_OK,24,13.141796000000001,6.428588255832797e-8,0.0,false
EXPFIT,2,0,SLP_SAR0_PH0_ATR0,false,false,false,KKT_OK,39,21.318721999999998,0.24051060076922756,0.0,false
EXPFIT,2,0,SLP_SAR0_PH1_ATR0,false,true,false,KKT_OK,40,21.770167999999998,0.24051059414568274,0.0,false
EXPFIT,2,0,SLP_SAR0_PH1_ATR1,false,true,true,SMALL_STEP,410,222.27242999999999,0.24051087065934282,0.0,false
EXPFIT,2,0,BASE_SLP,true,false,false,KKT_OK,22,12.083864,0.24051059419648563,0.0,true
EXPFIT,2,0,SLP_SAR1_PH1_ATR0,true,true,false,KKT_OK,40,21.818939999999998,0.24051059414568274,0.0,false
EXPFIT,2,0,SLP_SAR1_PH1_ATR1,true,true,true,SMALL_STEP,410,223.37338300000002,0.24051087065934282,0.0,false
EXPLIN,1200,0,SLP_SAR0_PH0_ATR0,false,false,false,SMALL_STEP,299,843.3740769999999,-7.192548399947149e7,0.0,false
EXPLIN,1200,0,SLP_SAR0_PH1_ATR0,false,true,false,SMALL_STEP,227,637.217264,-7.192548399946937e7,0.0,false
EXPLIN,1200,0,SLP_SAR0_PH1_ATR1,false,true,true,MAX_IT,500,1483.766018,-7.191135219082917e7,0.0,false
EXPLIN,1200,0,BASE_SLP,true,false,false,SMALL_STEP,407,1162.654472,-7.192429387734582e7,0.0,true
EXPLIN,1200,0,SLP_SAR1_PH1_ATR0,true,true,false,SMALL_STEP,227,712.702305,-7.192548399946937e7,0.0,false
EXPLIN,1200,0,SLP_SAR1_PH1_ATR1,true,true,true,MAX_IT,500,1490.989537,-7.191135219082917e7,0.0,false
EXPLIN2,1200,0,SLP_SAR0_PH0_ATR0,false,false,false,SMALL_STEP,178,535.441414,-7.199883367968115e7,0.0,false
EXPLIN2,1200,0,SLP_SAR0_PH1_ATR0,false,true,false,SMALL_STEP,131,350.81448,-7.19988336798369e7,0.0,false
EXPLIN2,1200,0,SLP_SAR0_PH1_ATR1,false,true,true,MAX_IT,500,1495.462156,-7.199599781161445e7,0.0,false
EXPLIN2,1200,0,BASE_SLP,true,false,false,SMALL_STEP,149,411.15353,-7.199883367977317e7,0.0,true
EXPLIN2,1200,0,SLP_SAR1_PH1_ATR0,true,true,false,SMALL_STEP,131,362.07426,-7.19988336798369e7,0.0,false
EXPLIN2,1200,0,SLP_SAR1_PH1_ATR1,true,true,true,MAX_IT,500,1484.390136,-7.199599781161445e7,0.0,false
EXPQUAD,1200,0,SLP_SAR0_PH0_ATR0,false,false,false,MAX_IT,500,1476.301887,-2.5474330355688176e9,0.0,false
EXPQUAD,1200,0,SLP_SAR0_PH1_ATR0,false,true,false,MAX_IT,500,1475.308446,-2.5474330355688176e9,0.0,false
EXPQUAD,1200,0,SLP_SAR0_PH1_ATR1,false,true,true,MAX_IT,500,1484.3052969999999,-2.5474330355688176e9,0.0,false
EXPQUAD,1200,0,BASE_SLP,true,false,false,MAX_IT,500,1580.988423,-2.5474330355688176e9,0.0,true
EXPQUAD,1200,0,SLP_SAR1_PH1_ATR0,true,true,false,MAX_IT,500,1476.054993,-2.5474330355688176e9,0.0,false
EXPQUAD,1200,0,SLP_SAR1_PH1_ATR1,true,true,true,MAX_IT,500,1487.107875,-2.5474330355688176e9,0.0,false
EXTRASIM,2,1,SLP_SAR0_PH0_ATR0,false,false,false,KKT_OK,0,0.00545,1.0,2.0,false
EXTRASIM,2,1,SLP_SAR0_PH1_ATR0,false,true,false,KKT_OK,0,0.001713,1.0,2.0,false
EXTRASIM,2,1,SLP_SAR0_PH1_ATR1,false,true,true,KKT_OK,0,0.001984,1.0,2.0,false
EXTRASIM,2,1,BASE_SLP,true,false,false,KKT_OK,0,0.001764,1.0,2.0,true
EXTRASIM,2,1,SLP_SAR1_PH1_ATR0,true,true,false,KKT_OK,0,0.002044,1.0,2.0,false
EXTRASIM,2,1,SLP_SAR1_PH1_ATR1,true,true,true,KKT_OK,0,0.001593,1.0,2.0,false
EXTROSNB,1000,0,SLP_SAR0_PH0_ATR0,false,false,false,SMALL_STEP,16,41.349201,0.9999904727100004,0.0,false
EXTROSNB,1000,0,SLP_SAR0_PH1_ATR0,false,true,false,SMALL_STEP,103,259.034184,0.6584040121876651,0.0,false
EXTROSNB,1000,0,SLP_SAR0_PH1_ATR1,false,true,true,SMALL_STEP,128,290.473091,0.3051747650713175,0.0,false
EXTROSNB,1000,0,BASE_SLP,true,false,false,SMALL_STEP,15,36.927158,0.9999915146164844,0.0,true
EXTROSNB,1000,0,SLP_SAR1_PH1_ATR0,true,true,false,SMALL_STEP,103,243.60375100000002,0.6584040121876651,0.0,false
EXTROSNB,1000,0,SLP_SAR1_PH1_ATR1,true,true,true,SMALL_STEP,128,288.396481,0.3051747650713175,0.0,false
FBRAIN2LS,4,0,SLP_SAR0_PH0_ATR0,false,false,false,SMALL_STEP,41,34.369517,0.41195963110677547,0.0,false
FBRAIN2LS,4,0,SLP_SAR0_PH1_ATR0,false,true,false,SMALL_STEP,14,11.952068,0.41223707592547665,0.0,false
FBRAIN2LS,4,0,SLP_SAR0_PH1_ATR1,false,true,true,SMALL_STEP,92,74.515604,0.4116478753854588,0.0,false
FBRAIN2LS,4,0,BASE_SLP,true,false,false,SMALL_STEP,29,24.1046,0.41156948014438877,0.0,true
FBRAIN2LS,4,0,SLP_SAR1_PH1_ATR0,true,true,false,SMALL_STEP,14,11.827063,0.41223707592547665,0.0,false
FBRAIN2LS,4,0,SLP_SAR1_PH1_ATR1,true,true,true,SMALL_STEP,92,74.007583,0.4116478753854588,0.0,false
FBRAIN3LS,6,0,SLP_SAR0_PH0_ATR0,false,false,false,SMALL_STEP,31,30.902223,0.3935454458260835,0.0,false
FBRAIN3LS,6,0,SLP_SAR0_PH1_ATR0,false,true,false,SMALL_STEP,21,21.662626,0.392682151487324,0.0,false
FBRAIN3LS,6,0,SLP_SAR0_PH1_ATR1,false,true,true,SMALL_STEP,88,85.56269599999999,0.391225380953075,0.0,false
FBRAIN3LS,6,0,BASE_SLP,true,false,false,SMALL_STEP,46,46.647325,0.3916146534562653,0.0,true
FBRAIN3LS,6,0,SLP_SAR1_PH1_ATR0,true,true,false,SMALL_STEP,21,21.554653,0.392682151487324,0.0,false
FBRAIN3LS,6,0,SLP_SAR1_PH1_ATR1,true,true,true,SMALL_STEP,88,85.459232,0.391225380953075,0.0,false
FBRAINLS,2,0,SLP_SAR0_PH0_ATR0,false,false,false,MAX_IT,500,362.994379,0.670521123484642,0.0,false
FBRAINLS,2,0,SLP_SAR0_PH1_ATR0,false,true,false,MAX_IT,500,374.07772900000003,0.6370964194984816,0.0,false
FBRAINLS,2,0,SLP_SAR0_PH1_ATR1,false,true,true,MAX_IT,500,350.44345999999996,0.7476245212934535,0.0,false
FBRAINLS,2,0,BASE_SLP,true,false,false,MAX_IT,500,370.615524,0.6167907981436693,0.0,true
FBRAINLS,2,0,SLP_SAR1_PH1_ATR0,true,true,false,MAX_IT,500,359.00541699999997,0.6370964194984816,0.0,false
FBRAINLS,2,0,SLP_SAR1_PH1_ATR1,true,true,true,MAX_IT,500,335.025461,0.7476245212934535,0.0,false
FLETBV3M,5000,0,SLP_SAR0_PH0_ATR0,false,false,false,KKT_OK,219,2428.209254,-221047.64507167015,0.0,false
FLETBV3M,5000,0,SLP_SAR0_PH1_ATR0,false,true,false,KKT_OK,135,1477.0544029999999,-221047.64501512612,0.0,false
FLETBV3M,5000,0,SLP_SAR0_PH1_ATR1,false,true,true,KKT_OK,192,2154.267978,-221047.645068193,0.0,false
FLETBV3M,5000,0,BASE_SLP,true,false,false,KKT_OK,223,2391.525149,-221047.6450700291,0.0,true
FLETBV3M,5000,0,SLP_SAR1_PH1_ATR0,true,true,false,KKT_OK,135,1438.821838,-221047.64501512612,0.0,false
FLETBV3M,5000,0,SLP_SAR1_PH1_ATR1,true,true,true,KKT_OK,192,2100.516635,-221047.645068193,0.0,false
FLETCBV2,5000,0,SLP_SAR0_PH0_ATR0,false,false,false,KKT_OK,0,0.37390999999999996,-0.5002681698025423,0.0,false
FLETCBV2,5000,0,SLP_SAR0_PH1_ATR0,false,true,false,KKT_OK,0,0.368611,-0.5002681698025423,0.0,false
FLETCBV2,5000,0,SLP_SAR0_PH1_ATR1,false,true,true,KKT_OK,0,0.36290999999999995,-0.5002681698025423,0.0,false
FLETCBV2,5000,0,BASE_SLP,true,false,false,KKT_OK,0,0.36319,-0.5002681698025423,0.0,true
FLETCBV2,5000,0,SLP_SAR1_PH1_ATR0,true,true,false,KKT_OK,0,0.353101,-0.5002681698025423,0.0,false
FLETCBV2,5000,0,SLP_SAR1_PH1_ATR1,true,true,true,KKT_OK,0,0.354985,-0.5002681698025423,0.0,false
FLETCBV3,5000,0,SLP_SAR0_PH0_ATR0,false,false,false,MAX_IT,500,5475.84638,-1.2439671051984648e6,0.0,false
FLETCBV3,5000,0,SLP_SAR0_PH1_ATR0,false,true,false,MAX_IT,500,5569.666106,-1.2439671051984648e6,0.0,false
FLETCBV3,5000,0,SLP_SAR0_PH1_ATR1,false,true,true,MAX_IT,500,5487.706507000001,-1.2439671051984648e6,0.0,false
FLETCBV3,5000,0,BASE_SLP,true,false,false,MAX_IT,500,5546.5859279999995,-1.2439671051984648e6,0.0,true
FLETCBV3,5000,0,SLP_SAR1_PH1_ATR0,true,true,false,MAX_IT,500,5596.49666,-1.2439671051984648e6,0.0,false
FLETCBV3,5000,0,SLP_SAR1_PH1_ATR1,true,true,true,MAX_IT,500,5581.692588,-1.2439671051984648e6,0.0,false
FLETCHBV,5000,0,SLP_SAR0_PH0_ATR0,false,false,false,MAX_IT,500,5520.839676,-1.2454284372339834e14,0.0,false
FLETCHBV,5000,0,SLP_SAR0_PH1_ATR0,false,true,false,MAX_IT,500,5527.610594999999,-1.2454284372339834e14,0.0,false
FLETCHBV,5000,0,SLP_SAR0_PH1_ATR1,false,true,true,MAX_IT,500,5467.407992,-1.2454284372339834e14,0.0,false
FLETCHBV,5000,0,BASE_SLP,true,false,false,MAX_IT,500,5499.197032,-1.2454284372339834e14,0.0,true
FLETCHBV,5000,0,SLP_SAR1_PH1_ATR0,true,true,false,MAX_IT,500,5582.329673,-1.2454284372339834e14,0.0,false
FLETCHBV,5000,0,SLP_SAR1_PH1_ATR1,true,true,true,MAX_IT,500,5504.3950239999995,-1.2454284372339834e14,0.0,false
FLETCHCR,1000,0,SLP_SAR0_PH0_ATR0,false,false,false,SMALL_STEP,16,41.734997,988.8954381786826,0.0,false
FLETCHCR,1000,0,SLP_SAR0_PH1_ATR0,false,true,false,SMALL_STEP,9,22.903156,988.8991518100247,0.0,false
FLETCHCR,1000,0,SLP_SAR0_PH1_ATR1,false,true,true,MAX_IT,500,1329.339356,988.7611410502903,0.0,false
FLETCHCR,1000,0,BASE_SLP,true,false,false,SMALL_STEP,17,41.065703,988.8956708607253,0.0,true
FLETCHCR,1000,0,SLP_SAR1_PH1_ATR0,true,true,false,SMALL_STEP,9,22.509619,988.8991518100247,0.0,false
FLETCHCR,1000,0,SLP_SAR1_PH1_ATR1,true,true,true,MAX_IT,500,1277.868235,988.7611410502903,0.0,false
FMINSRF2,5625,0,SLP_SAR0_PH0_ATR0,false,false,false,MAX_IT,500,6150.230007,24.583468564743868,0.0,false
FMINSRF2,5625,0,SLP_SAR0_PH1_ATR0,false,true,false,MAX_IT,500,6141.386382000001,14.607877488455504,0.0,false
FMINSRF2,5625,0,SLP_SAR0_PH1_ATR1,false,true,true,MAX_IT,500,6120.210891,26.444920760242272,0.0,false
FMINSRF2,5625,0,BASE_SLP,true,false,false,MAX_IT,500,6124.232141,20.28378042748847,0.0,true
FMINSRF2,5625,0,SLP_SAR1_PH1_ATR0,true,true,false,MAX_IT,500,6153.8256870000005,14.607877488455504,0.0,false
FMINSRF2,5625,0,SLP_SAR1_PH1_ATR1,true,true,true,MAX_IT,500,6184.77885,26.444920760242272,0.0,false
FMINSURF,5625,0,SLP_SAR0_PH0_ATR0,false,false,false,MAX_IT,500,6268.085779,25.773123944875124,0.0,false
FMINSURF,5625,0,SLP_SAR0_PH1_ATR0,false,true,false,MAX_IT,500,6155.39383,18.26567108303475,0.0,false
FMINSURF,5625,0,SLP_SAR0_PH1_ATR1,false,true,true,MAX_IT,500,6297.9008380000005,27.02441705265023,0.0,false
FMINSURF,5625,0,BASE_SLP,true,false,false,MAX_IT,500,6283.710647999999,20.778999732061674,0.0,true
FMINSURF,5625,0,SLP_SAR1_PH1_ATR0,true,true,false,MAX_IT,500,6288.465231,18.26567108303475,0.0,false
FMINSURF,5625,0,SLP_SAR1_PH1_ATR1,true,true,true,MAX_IT,500,6236.538093,27.02441705265023,0.0,false
FREUROTH,5000,0,SLP_SAR0_PH0_ATR0,false,false,false,MAX_IT,500,5432.7801500000005,608423.7744076523,0.0,false
FREUROTH,5000,0,SLP_SAR0_PH1_ATR0,false,true,false,MAX_IT,500,5674.310301,608376.8095096805,0.0,false
FREUROTH,5000,0,SLP_SAR0_PH1_ATR1,false,true,true,SMALL_STEP,176,1865.6697410000002,608216.1445042413,0.0,false
FREUROTH,5000,0,BASE_SLP,true,false,false,MAX_IT,500,5499.174635,608350.5093872561,0.0,true
FREUROTH,5000,0,SLP_SAR1_PH1_ATR0,true,true,false,MAX_IT,500,5536.856455,608376.8095096805,0.0,false
FREUROTH,5000,0,SLP_SAR1_PH1_ATR1,true,true,true,SMALL_STEP,176,1955.474264,608216.1445042413,0.0,false
GAUSS1LS,8,0,SLP_SAR0_PH0_ATR0,false,false,false,SMALL_STEP,8,4.792396,7369.21746502077,0.0,false
GAUSS1LS,8,0,SLP_SAR0_PH1_ATR0,false,true,false,SMALL_STEP,7,4.171203,7369.09836241494,0.0,false
GAUSS1LS,8,0,SLP_SAR0_PH1_ATR1,false,true,true,SMALL_STEP,10,6.305631,7369.254815844857,0.0,false
GAUSS1LS,8,0,BASE_SLP,true,false,false,SMALL_STEP,8,4.751278999999999,7369.21746502077,0.0,true
GAUSS1LS,8,0,SLP_SAR1_PH1_ATR0,true,true,false,SMALL_STEP,7,4.147809,7369.09836241494,0.0,false
GAUSS1LS,8,0,SLP_SAR1_PH1_ATR1,true,true,true,SMALL_STEP,10,5.8649949999999995,7369.254815844857,0.0,false
GAUSS2LS,8,0,SLP_SAR0_PH0_ATR0,false,false,false,SMALL_STEP,10,5.527082,9071.34583926604,0.0,false
GAUSS2LS,8,0,SLP_SAR0_PH1_ATR0,false,true,false,SMALL_STEP,8,4.421481,9071.232632498917,0.0,false
GAUSS2LS,8,0,SLP_SAR0_PH1_ATR1,false,true,true,SMALL_STEP,10,5.45655,9072.248268474923,0.0,false
GAUSS2LS,8,0,BASE_SLP,true,false,false,SMALL_STEP,10,5.480835,9071.34583926604,0.0,true
GAUSS2LS,8,0,SLP_SAR1_PH1_ATR0,true,true,false,SMALL_STEP,8,4.384232,9071.232632498917,0.0,false
GAUSS2LS,8,0,SLP_SAR1_PH1_ATR1,true,true,true,SMALL_STEP,10,5.463423000000001,9072.248268474923,0.0,false
GAUSS3LS,8,0,SLP_SAR0_PH0_ATR0,false,false,false,SMALL_STEP,8,4.426870999999999,18900.41570928593,0.0,false
GAUSS3LS,8,0,SLP_SAR0_PH1_ATR0,false,true,false,SMALL_STEP,7,3.855832,18898.785490813134,0.0,false
GAUSS3LS,8,0,SLP_SAR0_PH1_ATR1,false,true,true,SMALL_STEP,10,5.457822,18899.217078857542,0.0,false
GAUSS3LS,8,0,BASE_SLP,true,false,false,SMALL_STEP,8,4.357301,18900.41570928593,0.0,true
GAUSS3LS,8,0,SLP_SAR1_PH1_ATR0,true,true,false,SMALL_STEP,7,3.843399,18898.785490813134,0.0,false
GAUSS3LS,8,0,SLP_SAR1_PH1_ATR1,true,true,true,SMALL_STEP,10,5.418689,18899.217078857542,0.0,false
GAUSSIAN,3,0,SLP_SAR0_PH0_ATR0,false,false,false,KKT_OK,11,5.839877,1.427449209586602e-7,0.0,false
GAUSSIAN,3,0,SLP_SAR0_PH1_ATR0,false,true,false,KKT_OK,5,2.667456,3.036982998422002e-7,0.0,false
GAUSSIAN,3,0,SLP_SAR0_PH1_ATR1,false,true,true,KKT_OK,6,3.1806769999999998,1.4804607869549594e-8,0.0,false
GAUSSIAN,3,0,BASE_SLP,true,false,false,KKT_OK,10,5.266203,3.036983018292843e-7,0.0,true
GAUSSIAN,3,0,SLP_SAR1_PH1_ATR0,true,true,false,KKT_OK,5,2.6572980000000004,3.036982998422002e-7,0.0,false
GAUSSIAN,3,0,SLP_SAR1_PH1_ATR1,true,true,true,KKT_OK,6,3.1780519999999997,1.4804607869549594e-8,0.0,false
GBRAINLS,2,0,SLP_SAR0_PH0_ATR0,false,false,false,MAX_IT,500,354.963615,33.04483049100532,0.0,false
GBRAINLS,2,0,SLP_SAR0_PH1_ATR0,false,true,false,MAX_IT,500,369.47367199999997,32.88452336970242,0.0,false
GBRAINLS,2,0,SLP_SAR0_PH1_ATR1,false,true,true,MAX_IT,500,347.687678,34.27594516677155,0.0,false
GBRAINLS,2,0,BASE_SLP,true,false,false,MAX_IT,500,365.714872,32.789310460700726,0.0,true
GBRAINLS,2,0,SLP_SAR1_PH1_ATR0,true,true,false,MAX_IT,500,369.768755,32.88452336970242,0.0,false
GBRAINLS,2,0,SLP_SAR1_PH1_ATR1,true,true,true,MAX_IT,500,348.848942,34.27594516677155,0.0,false
GENHUMPS,5000,0,SLP_SAR0_PH0_ATR0,false,false,false,MAX_IT,500,5585.461275,7.04630977687734e6,0.0,false
GENHUMPS,5000,0,SLP_SAR0_PH1_ATR0,false,true,false,MAX_IT,500,5561.015652,7.046299124612972e6,0.0,false
GENHUMPS,5000,0,SLP_SAR0_PH1_ATR1,false,true,true,MAX_IT,500,5592.831156,7.045680051465976e6,0.0,false
GENHUMPS,5000,0,BASE_SLP,true,false,false,MAX_IT,500,5547.808363,7.046308123752286e6,0.0,true
GENHUMPS,5000,0,SLP_SAR1_PH1_ATR0,true,true,false,MAX_IT,500,5609.925451,7.046299124612972e6,0.0,false
GENHUMPS,5000,0,SLP_SAR1_PH1_ATR1,true,true,true,MAX_IT,500,5614.276243,7.045680051465976e6,0.0,false
GENROSE,500,0,SLP_SAR0_PH0_ATR0,false,false,false,MAX_IT,500,778.4037139999999,305.7167140162925,0.0,false
GENROSE,500,0,SLP_SAR0_PH1_ATR0,false,true,false,SMALL_STEP,476,728.18205,305.3305251489125,0.0,false
GENROSE,500,0,SLP_SAR0_PH1_ATR1,false,true,true,MAX_IT,500,762.0200080000001,306.1959989356425,0.0,false
GENROSE,500,0,BASE_SLP,true,false,false,SMALL_STEP,212,326.82162,305.6616786846008,0.0,true
GENROSE,500,0,SLP_SAR1_PH1_ATR0,true,true,false,SMALL_STEP,476,721.2442249999999,305.3305251489125,0.0,false
GENROSE,500,0,SLP_SAR1_PH1_ATR1,true,true,true,MAX_IT,500,748.507609,306.1959989356425,0.0,false
GENROSEB,500,0,SLP_SAR0_PH0_ATR0,false,false,false,SMALL_STEP,215,343.693902,1593.9449317331791,0.0,false
GENROSEB,500,0,SLP_SAR0_PH1_ATR0,false,true,false,KKT_OK,148,209.531428,1593.944931730418,0.0,false
GENROSEB,500,0,SLP_SAR0_PH1_ATR1,false,true,true,MAX_IT,500,745.159578,2223.8237699372553,0.0,false
GENROSEB,500,0,BASE_SLP,true,false,false,SMALL_STEP,156,221.109464,1593.944931732784,0.0,true
GENROSEB,500,0,SLP_SAR1_PH1_ATR0,true,true,false,KKT_OK,148,237.244084,1593.944931730418,0.0,false
GENROSEB,500,0,SLP_SAR1_PH1_ATR1,true,true,true,MAX_IT,500,764.464336,2223.8237699372553,0.0,false
GILBERT,5000,1,SLP_SAR0_PH0_ATR0,false,false,false,MAX_IT,500,7800.516599,1080.0131588498766,2499.6447534214967,false
GILBERT,5000,1,SLP_SAR0_PH1_ATR0,false,true,false,MAX_IT,500,9378.943018,1660.1609008555142,1139.6554644736145,false
GILBERT,5000,1,SLP_SAR0_PH1_ATR1,false,true,true,MAX_IT,500,11053.114481,2483.1240885060074,0.8471151031002382,false
GILBERT,5000,1,BASE_SLP,true,false,false,MAX_IT,500,8942.288209,2447.7814154873518,9.349018135122169,true
GILBERT,5000,1,SLP_SAR1_PH1_ATR0,true,true,false,MAX_IT,500,9447.917901,1660.1609008555142,1139.6554644736145,false
GILBERT,5000,1,SLP_SAR1_PH1_ATR1,true,true,true,MAX_IT,500,10949.176656000001,2483.1240885060074,0.8471151031002382,false
GROWTHLS,3,0,SLP_SAR0_PH0_ATR0,false,false,false,MAX_IT,500,276.01733299999995,226.631720066957,0.0,false
GROWTHLS,3,0,SLP_SAR0_PH1_ATR0,false,true,false,MAX_IT,500,274.35251700000003,134.6244808786094,0.0,false
GROWTHLS,3,0,SLP_SAR0_PH1_ATR1,false,true,true,MAX_IT,500,273.39276,1412.8062428770904,0.0,false
GROWTHLS,3,0,BASE_SLP,true,false,false,MAX_IT,500,273.06653,252.64671430027954,0.0,true
GROWTHLS,3,0,SLP_SAR1_PH1_ATR0,true,true,false,MAX_IT,500,273.59539900000004,134.6244808786094,0.0,false
GROWTHLS,3,0,SLP_SAR1_PH1_ATR1,true,true,true,MAX_IT,500,275.378337,1412.8062428770904,0.0,false
GULF,3,0,SLP_SAR0_PH0_ATR0,false,false,false,MAX_IT,500,274.135191,6.520059223533698,0.0,false
GULF,3,0,SLP_SAR0_PH1_ATR0,false,true,false,MAX_IT,500,275.39723399999997,6.486587564874023,0.0,false
GULF,3,0,SLP_SAR0_PH1_ATR1,false,true,true,MAX_IT,500,280.004298,6.661549882733457,0.0,false
GULF,3,0,BASE_SLP,true,false,false,MAX_IT,500,281.434285,6.544105499785041,0.0,true
GULF,3,0,SLP_SAR1_PH1_ATR0,true,true,false,MAX_IT,500,283.12438899999995,6.486587564874023,0.0,false
GULF,3,0,SLP_SAR1_PH1_ATR1,true,true,true,MAX_IT,500,281.91717900000003,6.661549882733457,0.0,false
HADAMALS,400,0,SLP_SAR0_PH0_ATR0,false,false,false,SMALL_STEP,148,256.041951,7311.843150115619,0.0,false
HADAMALS,400,0,SLP_SAR0_PH1_ATR0,false,true,false,KKT_OK,151,188.58855599999998,7311.843149959159,0.0,false
HADAMALS,400,0,SLP_SAR0_PH1_ATR1,false,true,true,MAX_IT,500,705.2424940000001,5074.445431046296,0.0,false
HADAMALS,400,0,BASE_SLP,true,false,false,SMALL_STEP,138,176.879707,7311.8431501156165,0.0,true
HADAMALS,400,0,SLP_SAR1_PH1_ATR0,true,true,false,KKT_OK,151,200.77391699999998,7311.843149959159,0.0,false
HADAMALS,400,0,SLP_SAR1_PH1_ATR1,true,true,true,MAX_IT,500,794.155703,5074.445431046296,0.0,false
HAHN1LS,7,0,SLP_SAR0_PH0_ATR0,false,false,false,SMALL_STEP,8,5.223679,3.097556527433772e6,0.0,false
HAHN1LS,7,0,SLP_SAR0_PH1_ATR0,false,true,false,SMALL_STEP,13,7.693562999999999,3.097556527433772e6,0.0,false
HAHN1LS,7,0,SLP_SAR0_PH1_ATR1,false,true,true,SMALL_STEP,18,10.572483,3.097556527433772e6,0.0,false
HAHN1LS,7,0,BASE_SLP,true,false,false,SMALL_STEP,8,4.740244000000001,3.097556527433772e6,0.0,true
HAHN1LS,7,0,SLP_SAR1_PH1_ATR0,true,true,false,SMALL_STEP,13,14.700761,3.097556527433772e6,0.0,false
HAHN1LS,7,0,SLP_SAR1_PH1_ATR1,true,true,true,SMALL_STEP,18,9.872380999999999,3.097556527433772e6,0.0,false
HAIRY,2,0,SLP_SAR0_PH0_ATR0,false,false,false,SMALL_STEP,383,209.458626,20.000017274951666,0.0,false
HAIRY,2,0,SLP_SAR0_PH1_ATR0,false,true,false,SMALL_STEP,421,229.751656,20.000005714535234,0.0,false
HAIRY,2,0,SLP_SAR0_PH1_ATR1,false,true,true,MAX_IT,500,271.78905199999997,420.400400208223,0.0,false
HAIRY,2,0,BASE_SLP,true,false,false,SMALL_STEP,98,53.296113,20.000002975761454,0.0,true
HAIRY,2,0,SLP_SAR1_PH1_ATR0,true,true,false,SMALL_STEP,421,228.320416,20.000005714535234,0.0,false
HAIRY,2,0,SLP_SAR1_PH1_ATR1,true,true,true,MAX_IT,500,272.48862099999997,420.400400208223,0.0,false
HARKERP2,1000,0,SLP_SAR0_PH0_ATR0,false,false,false,MAX_IT,500,1873.047851,2.4493698239446875e13,0.0,false
HARKERP2,1000,0,SLP_SAR0_PH1_ATR0,false,true,false,MAX_IT,500,1873.251025,2.4493698239446875e13,0.0,false
HARKERP2,1000,0,SLP_SAR0_PH1_ATR1,false,true,true,MAX_IT,500,1882.071751,2.4493698239446875e13,0.0,false
HARKERP2,1000,0,BASE_SLP,true,false,false,MAX_IT,500,1830.228,2.4493698239446875e13,0.0,true
HARKERP2,1000,0,SLP_SAR1_PH1_ATR0,true,true,false,MAX_IT,500,1877.933901,2.4493698239446875e13,0.0,false
HARKERP2,1000,0,SLP_SAR1_PH1_ATR1,true,true,true,MAX_IT,500,1920.588557,2.4493698239446875e13,0.0,false
HART6,6,0,SLP_SAR0_PH0_ATR0,false,false,false,SMALL_STEP,61,34.444482,-3.3228860068908177,0.0,false
HART6,6,0,SLP_SAR0_PH1_ATR0,false,true,false,SMALL_STEP,32,18.012951,-3.322886729147134,0.0,false
HART6,6,0,SLP_SAR0_PH1_ATR1,false,true,true,SMALL_STEP,476,269.00327200000004,-3.3228865402675307,0.0,false
HART6,6,0,BASE_SLP,true,false,false,SMALL_STEP,38,21.919835,-3.3228864132678924,0.0,true
HART6,6,0,SLP_SAR1_PH1_ATR0,true,true,false,SMALL_STEP,32,18.483712,-3.322886729147134,0.0,false
HART6,6,0,SLP_SAR1_PH1_ATR1,true,true,true,SMALL_STEP,476,332.468523,-3.3228865402675307,0.0,false
HATFLDA,4,0,SLP_SAR0_PH0_ATR0,false,false,false,SMALL_STEP,10,6.248708000000001,0.6757364465949148,0.0,false
HATFLDA,4,0,SLP_SAR0_PH1_ATR0,false,true,false,SMALL_STEP,15,8.729953,0.6780146945403855,0.0,false
HATFLDA,4,0,SLP_SAR0_PH1_ATR1,false,true,true,SMALL_STEP,420,233.725079,0.2966138760437276,0.0,false
HATFLDA,4,0,BASE_SLP,true,false,false,SMALL_STEP,10,5.624049,0.6757364465949148,0.0,true
HATFLDA,4,0,SLP_SAR1_PH1_ATR0,true,true,false,SMALL_STEP,15,8.341996,0.6780146945403855,0.0,false
HATFLDA,4,0,SLP_SAR1_PH1_ATR1,true,true,true,SMALL_STEP,420,231.93057,0.2966138760437276,0.0,false
HATFLDB,4,0,SLP_SAR0_PH0_ATR0,false,false,false,SMALL_STEP,10,5.900186,0.6757364465949148,0.0,false
HATFLDB,4,0,SLP_SAR0_PH1_ATR0,false,true,false,SMALL_STEP,15,7.935636,0.6780146945403855,0.0,false
HATFLDB,4,0,SLP_SAR0_PH1_ATR1,false,true,true,SMALL_STEP,420,218.844742,0.2966138760437276,0.0,false
HATFLDB,4,0,BASE_SLP,true,false,false,SMALL_STEP,10,5.29362,0.6757364465949148,0.0,true
HATFLDB,4,0,SLP_SAR1_PH1_ATR0,true,true,false,SMALL_STEP,15,7.871266,0.6780146945403855,0.0,false
HATFLDB,4,0,SLP_SAR1_PH1_ATR1,true,true,true,SMALL_STEP,420,216.574582,0.2966138760437276,0.0,false
HATFLDC,25,0,SLP_SAR0_PH0_ATR0,false,false,false,KKT_OK,6,3.439739,0.0,0.0,false
HATFLDC,25,0,SLP_SAR0_PH1_ATR0,false,true,false,KKT_OK,5,2.840027,0.0,0.0,false
HATFLDC,25,0,SLP_SAR0_PH1_ATR1,false,true,true,KKT_OK,5,2.842191,0.0,0.0,false
HATFLDC,25,0,BASE_SLP,true,false,false,KKT_OK,6,3.403652,0.0,0.0,true
HATFLDC,25,0,SLP_SAR1_PH1_ATR0,true,true,false,KKT_OK,5,2.8483319999999996,0.0,0.0,false
HATFLDC,25,0,SLP_SAR1_PH1_ATR1,true,true,true,KKT_OK,5,2.861577,0.0,0.0,false
HATFLDD,3,0,SLP_SAR0_PH0_ATR0,false,false,false,SMALL_STEP,325,178.176048,0.000660164077356976,0.0,false
HATFLDD,3,0,SLP_SAR0_PH1_ATR0,false,true,false,SMALL_STEP,177,96.956519,2.1653470852725653e-6,0.0,false
HATFLDD,3,0,SLP_SAR0_PH1_ATR1,false,true,true,MAX_IT,500,276.16693399999997,0.02453988716578229,0.0,false
HATFLDD,3,0,BASE_SLP,true,false,false,KKT_OK,151,83.66382399999999,3.342843063661048e-6,0.0,true
HATFLDD,3,0,SLP_SAR1_PH1_ATR0,true,true,false,SMALL_STEP,177,98.343766,2.1653470852725653e-6,0.0,false
HATFLDD,3,0,SLP_SAR1_PH1_ATR1,true,true,true,MAX_IT,500,276.461205,0.02453988716578229,0.0,false
HATFLDE,3,0,SLP_SAR0_PH0_ATR0,false,false,false,SMALL_STEP,230,127.090763,9.722625570501067e-5,0.0,false
HATFLDE,3,0,SLP_SAR0_PH1_ATR0,false,true,false,SMALL_STEP,312,172.025123,0.00013813663221517845,0.0,false
HATFLDE,3,0,SLP_SAR0_PH1_ATR1,false,true,true,MAX_IT,500,275.500176,1.6468191843385693,0.0,false
HATFLDE,3,0,BASE_SLP,true,false,false,MAX_IT,500,275.734796,0.0028565041159004756,0.0,true
HATFLDE,3,0,SLP_SAR1_PH1_ATR0,true,true,false,SMALL_STEP,312,374.10418,0.00013813663221517845,0.0,false
HATFLDE,3,0,SLP_SAR1_PH1_ATR1,true,true,true,MAX_IT,500,259.465037,1.6468191843385693,0.0,false
HATFLDFL,3,0,SLP_SAR0_PH0_ATR0,false,false,false,SMALL_STEP,19,9.918318000000001,6.725149940480192e-5,0.0,false
HATFLDFL,3,0,SLP_SAR0_PH1_ATR0,false,true,false,KKT_OK,21,10.961782,6.673516346453628e-5,0.0,false
HATFLDFL,3,0,SLP_SAR0_PH1_ATR1,false,true,true,KKT_OK,84,43.262952,6.675102651603192e-5,0.0,false
HATFLDFL,3,0,BASE_SLP,true,false,false,SMALL_STEP,37,19.056455,7.09477995772774e-5,0.0,true
HATFLDFL,3,0,SLP_SAR1_PH1_ATR0,true,true,false,KKT_OK,21,10.881511,6.673516346453628e-5,0.0,false
HATFLDFL,3,0,SLP_SAR1_PH1_ATR1,true,true,true,KKT_OK,84,43.264124,6.675102651603192e-5,0.0,false
HATFLDFLS,3,0,SLP_SAR0_PH0_ATR0,false,false,false,KKT_OK,284,152.06857300000001,0.00012733507789876997,0.0,false
HATFLDFLS,3,0,SLP_SAR0_PH1_ATR0,false,true,false,SMALL_STEP,357,189.652844,2.925358119511112e-5,0.0,false
HATFLDFLS,3,0,SLP_SAR0_PH1_ATR1,false,true,true,KKT_OK,60,32.170004,0.0023080234515517493,0.0,false
HATFLDFLS,3,0,BASE_SLP,true,false,false,SMALL_STEP,339,182.245216,2.8300257964640856e-5,0.0,true
HATFLDFLS,3,0,SLP_SAR1_PH1_ATR0,true,true,false,SMALL_STEP,357,197.703655,2.925358119511112e-5,0.0,false
HATFLDFLS,3,0,SLP_SAR1_PH1_ATR1,true,true,true,KKT_OK,60,33.24698,0.0023080234515517493,0.0,false
HATFLDGLS,25,0,SLP_SAR0_PH0_ATR0,false,false,false,MAX_IT,500,294.293278,0.0008174177924636692,0.0,false
HATFLDGLS,25,0,SLP_SAR0_PH1_ATR0,false,true,false,MAX_IT,500,298.057836,0.0012452113115760232,0.0,false
HATFLDGLS,25,0,SLP_SAR0_PH1_ATR1,false,true,true,MAX_IT,500,301.176685,0.32339106943412926,0.0,false
HATFLDGLS,25,0,BASE_SLP,true,false,false,MAX_IT,500,304.574727,0.0003520830806630279,0.0,true
HATFLDGLS,25,0,SLP_SAR1_PH1_ATR0,true,true,false,MAX_IT,500,305.905979,0.0012452113115760232,0.0,false
HATFLDGLS,25,0,SLP_SAR1_PH1_ATR1,true,true,true,MAX_IT,500,305.240272,0.32339106943412926,0.0,false
HEART6LS,6,0,SLP_SAR0_PH0_ATR0,false,false,false,MAX_IT,500,276.32851800000003,4.733749264405589,0.0,false
HEART6LS,6,0,SLP_SAR0_PH1_ATR0,false,true,false,MAX_IT,500,271.43727099999995,4.269845073478856,0.0,false
HEART6LS,6,0,SLP_SAR0_PH1_ATR1,false,true,true,MAX_IT,500,276.549602,470.73873693522114,0.0,false
HEART6LS,6,0,BASE_SLP,true,false,false,MAX_IT,500,281.860314,21.16979711566886,0.0,true
HEART6LS,6,0,SLP_SAR1_PH1_ATR0,true,true,false,MAX_IT,500,282.373826,4.269845073478856,0.0,false
HEART6LS,6,0,SLP_SAR1_PH1_ATR1,true,true,true,MAX_IT,500,263.65938,470.73873693522114,0.0,false
HEART8LS,8,0,SLP_SAR0_PH0_ATR0,false,false,false,MAX_IT,500,272.816294,1.953921999214056,0.0,false
HEART8LS,8,0,SLP_SAR0_PH1_ATR0,false,true,false,MAX_IT,500,272.063333,1.4918737763041692,0.0,false
HEART8LS,8,0,SLP_SAR0_PH1_ATR1,false,true,true,MAX_IT,500,276.87714600000004,49.29191108333503,0.0,false
HEART8LS,8,0,BASE_SLP,true,false,false,MAX_IT,500,278.431806,1.3358322725264142,0.0,true
HEART8LS,8,0,SLP_SAR1_PH1_ATR0,true,true,false,MAX_IT,500,280.357972,1.4918737763041692,0.0,false
HEART8LS,8,0,SLP_SAR1_PH1_ATR1,true,true,true,MAX_IT,500,279.278121,49.29191108333503,0.0,false
HELIX,3,0,SLP_SAR0_PH0_ATR0,false,false,false,MAX_IT,500,267.88214700000003,0.22263666366873272,0.0,false
HELIX,3,0,SLP_SAR0_PH1_ATR0,false,true,false,MAX_IT,500,265.02158199999997,0.10674287107172889,0.0,false
HELIX,3,0,SLP_SAR0_PH1_ATR1,false,true,true,MAX_IT,500,266.93263,3.0331020225518786,0.0,false
HELIX,3,0,BASE_SLP,true,false,false,MAX_IT,500,274.927336,0.13327374859388377,0.0,true
HELIX,3,0,SLP_SAR1_PH1_ATR0,true,true,false,MAX_IT,500,276.318039,0.10674287107172889,0.0,false
HELIX,3,0,SLP_SAR1_PH1_ATR1,true,true,true,MAX_IT,500,276.59006899999997,3.0331020225518786,0.0,false
HIELOW,3,0,SLP_SAR0_PH0_ATR0,false,false,false,MAX_IT,500,391.286424,882.3365885135524,0.0,false
HIELOW,3,0,SLP_SAR0_PH1_ATR0,false,true,false,MAX_IT,500,405.615299,881.3621570989624,0.0,false
HIELOW,3,0,SLP_SAR0_PH1_ATR1,false,true,true,MAX_IT,500,379.07379099999997,911.9203129720487,0.0,false
HIELOW,3,0,BASE_SLP,true,false,false,MAX_IT,500,411.343884,879.1880451499786,0.0,true
HIELOW,3,0,SLP_SAR1_PH1_ATR0,true,true,false,MAX_IT,500,416.86082200000004,881.3621570989624,0.0,false
HIELOW,3,0,SLP_SAR1_PH1_ATR1,true,true,true,MAX_IT,500,382.687075,911.9203129720487,0.0,false
HILBERTA,2,0,SLP_SAR0_PH0_ATR0,false,false,false,KKT_OK,27,15.156805,6.953875223802792e-8,0.0,false
HILBERTA,2,0,SLP_SAR0_PH1_ATR0,false,true,false,KKT_OK,11,6.098677,3.595069229533112e-33,0.0,false
HILBERTA,2,0,SLP_SAR0_PH1_ATR1,false,true,true,KKT_OK,71,38.983731,2.1908109034474592e-6,0.0,false
HILBERTA,2,0,BASE_SLP,true,false,false,KKT_OK,27,14.788285,6.953875223802792e-8,0.0,true
HILBERTA,2,0,SLP_SAR1_PH1_ATR0,true,true,false,KKT_OK,11,6.08404,3.595069229533112e-33,0.0,false
HILBERTA,2,0,SLP_SAR1_PH1_ATR1,true,true,true,KKT_OK,71,38.758449,2.1908109034474592e-6,0.0,false
HILBERTB,10,0,SLP_SAR0_PH0_ATR0,false,false,false,KKT_OK,33,17.859595,5.27945477804738e-8,0.0,false
HILBERTB,10,0,SLP_SAR0_PH1_ATR0,false,true,false,KKT_OK,12,6.5305349999999995,1.7468250549259163e-31,0.0,false
HILBERTB,10,0,SLP_SAR0_PH1_ATR1,false,true,true,KKT_OK,80,42.888591,1.7041635654096553e-9,0.0,false
HILBERTB,10,0,BASE_SLP,true,false,false,KKT_OK,33,17.683615,5.27945477804738e-8,0.0,true
HILBERTB,10,0,SLP_SAR1_PH1_ATR0,true,true,false,KKT_OK,12,6.501792,1.7468250549259163e-31,0.0,false
HILBERTB,10,0,SLP_SAR1_PH1_ATR1,true,true,true,KKT_OK,80,42.740434,1.7041635654096553e-9,0.0,false
HIMMELBB,2,0,SLP_SAR0_PH0_ATR0,false,false,false,KKT_OK,11,5.752509,8.957653334042975e-34,0.0,false
HIMMELBB,2,0,SLP_SAR0_PH1_ATR0,false,true,false,KKT_OK,11,5.736059,1.1996996667599245e-7,0.0,false
HIMMELBB,2,0,SLP_SAR0_PH1_ATR1,false,true,true,KKT_OK,14,7.281722,1.1705722993725185e-5,0.0,false
HIMMELBB,2,0,BASE_SLP,true,false,false,KKT_OK,10,5.224982000000001,4.807131171290895e-65,0.0,true
HIMMELBB,2,0,SLP_SAR1_PH1_ATR0,true,true,false,KKT_OK,11,5.725429,1.1996996667599245e-7,0.0,false
HIMMELBB,2,0,SLP_SAR1_PH1_ATR1,true,true,true,KKT_OK,14,7.2807699999999995,1.1705722993725185e-5,0.0,false
HIMMELBCLS,2,0,SLP_SAR0_PH0_ATR0,false,false,false,SMALL_STEP,34,17.605328,1.035084052637378e-9,0.0,false
HIMMELBCLS,2,0,SLP_SAR0_PH1_ATR0,false,true,false,SMALL_STEP,15,7.782459,6.913771344651337e-18,0.0,false
HIMMELBCLS,2,0,SLP_SAR0_PH1_ATR1,false,true,true,SMALL_STEP,62,31.904157,2.876604135917892e-9,0.0,false
HIMMELBCLS,2,0,BASE_SLP,true,false,false,SMALL_STEP,34,17.489742999999997,1.035084052637378e-9,0.0,true
HIMMELBCLS,2,0,SLP_SAR1_PH1_ATR0,true,true,false,SMALL_STEP,15,7.761991,6.913771344651337e-18,0.0,false
HIMMELBCLS,2,0,SLP_SAR1_PH1_ATR1,true,true,true,SMALL_STEP,62,31.842221,2.876604135917892e-9,0.0,false
HIMMELBF,4,0,SLP_SAR0_PH0_ATR0,false,false,false,MAX_IT,500,261.324063,1322.343709688015,0.0,false
HIMMELBF,4,0,SLP_SAR0_PH1_ATR0,false,true,false,MAX_IT,500,266.865678,1302.2394613564347,0.0,false
HIMMELBF,4,0,SLP_SAR0_PH1_ATR1,false,true,true,MAX_IT,500,273.3568,4617.419134161829,0.0,false
HIMMELBF,4,0,BASE_SLP,true,false,false,MAX_IT,500,274.417676,1316.7952970598712,0.0,true
HIMMELBF,4,0,SLP_SAR1_PH1_ATR0,true,true,false,MAX_IT,500,276.58129599999995,1302.2394613564347,0.0,false
HIMMELBF,4,0,SLP_SAR1_PH1_ATR1,true,true,true,MAX_IT,500,275.881486,4617.419134161829,0.0,false
HIMMELBG,2,0,SLP_SAR0_PH0_ATR0,false,false,false,KKT_OK,26,14.205584,1.1919764858701426e-8,0.0,false
HIMMELBG,2,0,SLP_SAR0_PH1_ATR0,false,true,false,KKT_OK,14,7.7339590000000005,9.844844720518303e-12,0.0,false
HIMMELBG,2,0,SLP_SAR0_PH1_ATR1,false,true,true,KKT_OK,30,16.483649,8.904756742997725e-8,0.0,false
HIMMELBG,2,0,BASE_SLP,true,false,false,KKT_OK,26,14.204783,1.1919764858701426e-8,0.0,true
HIMMELBG,2,0,SLP_SAR1_PH1_ATR0,true,true,false,KKT_OK,14,7.698933,9.844844720518303e-12,0.0,false
HIMMELBG,2,0,SLP_SAR1_PH1_ATR1,true,true,true,KKT_OK,30,16.36646,8.904756742997725e-8,0.0,false
HIMMELBH,2,0,SLP_SAR0_PH0_ATR0,false,false,false,KKT_OK,11,6.085533,-1.0000000000000002,0.0,false
HIMMELBH,2,0,SLP_SAR0_PH1_ATR0,false,true,false,KKT_OK,11,6.043985,-0.9999999966996538,0.0,false
HIMMELBH,2,0,SLP_SAR0_PH1_ATR1,false,true,true,MAX_IT,500,270.845108,-0.997037376985209,0.0,false
HIMMELBH,2,0,BASE_SLP,true,false,false,KKT_OK,11,6.1109,-1.0000000000000002,0.0,true
HIMMELBH,2,0,SLP_SAR1_PH1_ATR0,true,true,false,KKT_OK,11,6.084,-0.9999999966996538,0.0,false
HIMMELBH,2,0,SLP_SAR1_PH1_ATR1,true,true,true,MAX_IT,500,272.05568400000004,-0.997037376985209,0.0,false
HIMMELP1,2,0,SLP_SAR0_PH0_ATR0,false,false,false,KKT_OK,78,42.551,-62.053933634021746,0.0,false
HIMMELP1,2,0,SLP_SAR0_PH1_ATR0,false,true,false,KKT_OK,69,37.823167999999995,-62.053935031179094,0.0,false
HIMMELP1,2,0,SLP_SAR0_PH1_ATR1,false,true,true,KKT_OK,120,65.51826700000001,-62.053931739567474,0.0,false
HIMMELP1,2,0,BASE_SLP,true,false,false,KKT_OK,75,41.055170000000004,-62.053934670932904,0.0,true
HIMMELP1,2,0,SLP_SAR1_PH1_ATR0,true,true,false,KKT_OK,69,37.815253,-62.053935031179094,0.0,false
HIMMELP1,2,0,SLP_SAR1_PH1_ATR1,true,true,true,KKT_OK,120,65.505622,-62.053931739567474,0.0,false
HIMMELP2,2,1,SLP_SAR0_PH0_ATR0,false,false,false,SMALL_STEP,127,73.44636799999999,-8.198044055778269,1.6427748050773516e-10,false
HIMMELP2,2,1,SLP_SAR0_PH1_ATR0,false,true,false,SMALL_STEP,114,65.18677600000001,-8.198044055690673,4.973799150320701e-10,false
HIMMELP2,2,1,SLP_SAR0_PH1_ATR1,false,true,true,SMALL_STEP,110,63.029397,-8.198044055805155,4.204139258945361e-10,false
HIMMELP2,2,1,BASE_SLP,true,false,false,SMALL_STEP,127,72.160712,-8.198044055778269,1.6427748050773516e-10,true
HIMMELP2,2,1,SLP_SAR1_PH1_ATR0,true,true,false,SMALL_STEP,114,65.032748,-8.198044055690673,4.973799150320701e-10,false
HIMMELP2,2,1,SLP_SAR1_PH1_ATR1,true,true,true,SMALL_STEP,110,62.869809,-8.198044055805155,4.204139258945361e-10,false
HOLMES,180,0,SLP_SAR0_PH0_ATR0,false,false,false,SMALL_STEP,338,505.29543499999994,1248.1503519056018,0.0,false
HOLMES,180,0,SLP_SAR0_PH1_ATR0,false,true,false,SMALL_STEP,309,498.53521,1248.1503648724631,0.0,false
HOLMES,180,0,SLP_SAR0_PH1_ATR1,false,true,true,MAX_IT,500,879.167453,1248.3255046518882,0.0,false
HOLMES,180,0,BASE_SLP,true,false,false,SMALL_STEP,332,506.43035000000003,1248.150353530665,0.0,true
HOLMES,180,0,SLP_SAR1_PH1_ATR0,true,true,false,SMALL_STEP,309,495.488818,1248.1503648724631,0.0,false
HOLMES,180,0,SLP_SAR1_PH1_ATR1,true,true,true,MAX_IT,500,700.999425,1248.3255046518882,0.0,false
HONG,4,1,SLP_SAR0_PH0_ATR0,false,false,false,SMALL_STEP,31,19.566019999999998,22.57108974599071,1.6653345369377348e-16,false
HONG,4,1,SLP_SAR0_PH1_ATR0,false,true,false,SMALL_STEP,20,12.850708000000001,22.571087431712694,1.1102230246251565e-16,false
HONG,4,1,SLP_SAR0_PH1_ATR1,false,true,true,SMALL_STEP,190,114.893653,22.571087408123002,0.0,false
HONG,4,1,BASE_SLP,true,false,false,SMALL_STEP,31,19.399979000000002,22.571087565290128,1.6653345369377348e-16,true
HONG,4,1,SLP_SAR1_PH1_ATR0,true,true,false,SMALL_STEP,20,12.660272,22.571087431712694,1.1102230246251565e-16,false
HONG,4,1,SLP_SAR1_PH1_ATR1,true,true,true,SMALL_STEP,190,112.985731,22.571087408123002,0.0,false
HS1,2,0,SLP_SAR0_PH0_ATR0,false,false,false,MAX_IT,500,269.127105,3.607193223724644,0.0,false
HS1,2,0,SLP_SAR0_PH1_ATR0,false,true,false,MAX_IT,500,271.012594,4.018872110382576,0.0,false
HS1,2,0,SLP_SAR0_PH1_ATR1,false,true,true,MAX_IT,500,272.363734,5.125773540380557,0.0,false
HS1,2,0,BASE_SLP,true,false,false,MAX_IT,500,274.688647,3.8078077221289437,0.0,true
HS1,2,0,SLP_SAR1_PH1_ATR0,true,true,false,MAX_IT,500,275.782705,4.018872110382576,0.0,false
HS1,2,0,SLP_SAR1_PH1_ATR1,true,true,true,MAX_IT,500,273.043427,5.125773540380557,0.0,false
HS10,2,1,SLP_SAR0_PH0_ATR0,false,false,false,MAX_IT,500,320.867699,-1.2845879813175918,0.6509383773022996,false
HS10,2,1,SLP_SAR0_PH1_ATR0,false,true,false,MAX_IT,500,283.566167,-1.291225369080665,1.3287369165030398,false
HS10,2,1,SLP_SAR0_PH1_ATR1,false,true,true,SMALL_STEP,163,149.786898,-1.0000000074990614,1.7521136541631677e-8,false
HS10,2,1,BASE_SLP,true,false,false,MAX_IT,500,289.52002300000004,-1.0672061946987783,0.13899163118896696,true
HS10,2,1,SLP_SAR1_PH1_ATR0,true,true,false,MAX_IT,500,282.49654400000003,-1.291225369080665,1.3287369165030398,false
HS10,2,1,SLP_SAR1_PH1_ATR1,true,true,true,SMALL_STEP,163,150.822687,-1.0000000074990614,1.7521136541631677e-8,false
HS105,8,1,SLP_SAR0_PH0_ATR0,false,false,false,STALLED_INFEASIBLE,52,60.380178,4137.095395941873,0.0020000000000000018,false
HS105,8,1,SLP_SAR0_PH1_ATR0,false,true,false,MAX_IT,500,585.050058,1833.8173573807608,0.0020000000000000018,false
HS105,8,1,SLP_SAR0_PH1_ATR1,false,true,true,MAX_IT,500,594.433325,1786.5295472168298,0.0020000000000000018,false
HS105,8,1,BASE_SLP,true,false,false,STALLED_INFEASIBLE,52,61.479456,4137.095395941873,0.0020000000000000018,true
HS105,8,1,SLP_SAR1_PH1_ATR0,true,true,false,MAX_IT,500,594.97555,1833.8173573807608,0.0020000000000000018,false
HS105,8,1,SLP_SAR1_PH1_ATR1,true,true,true,MAX_IT,500,853.8801990000001,1786.5295472168298,0.0020000000000000018,false
HS11,2,1,SLP_SAR0_PH0_ATR0,false,false,false,SMALL_STEP,31,19.784869,-8.49846422344789,1.0248157877867925e-10,false
HS11,2,1,SLP_SAR0_PH1_ATR0,false,true,false,SMALL_STEP,58,51.249735,-8.498464223795642,2.7094015919715275e-10,false
HS11,2,1,SLP_SAR0_PH1_ATR1,false,true,true,SMALL_STEP,70,58.05751,-8.49846422345937,1.3050160951877388e-10,false
HS11,2,1,BASE_SLP,true,false,false,SMALL_STEP,31,19.612227,-8.49846422344789,1.0248157877867925e-10,true
HS11,2,1,SLP_SAR1_PH1_ATR0,true,true,false,SMALL_STEP,58,51.219688999999995,-8.498464223795642,2.7094015919715275e-10,false
HS11,2,1,SLP_SAR1_PH1_ATR1,true,true,true,SMALL_STEP,70,57.932877,-8.49846422345937,1.3050160951877388e-10,false
HS110,10,0,SLP_SAR0_PH0_ATR0,false,false,false,KKT_OK,21,11.098386999999999,-45.77847550783548,0.0,false
HS110,10,0,SLP_SAR0_PH1_ATR0,false,true,false,KKT_OK,11,5.847457,-45.778475531866434,0.0,false
HS110,10,0,SLP_SAR0_PH1_ATR1,false,true,true,KKT_OK,14,7.410143,-45.778475518367436,0.0,false
HS110,10,0,BASE_SLP,true,false,false,KKT_OK,20,10.474439,-45.77847536908432,0.0,true
HS110,10,0,SLP_SAR1_PH1_ATR0,true,true,false,KKT_OK,11,5.817,-45.778475531866434,0.0,false
HS110,10,0,SLP_SAR1_PH1_ATR1,true,true,true,KKT_OK,14,7.392440000000001,-45.778475518367436,0.0,false
HS12,2,1,SLP_SAR0_PH0_ATR0,false,false,false,SMALL_STEP,37,22.894882,18.499786595958714,6.31316859900366e-10,false
HS13,2,1,SLP_SAR0_PH0_ATR0,false,false,false,SMALL_STEP,25,14.205565,1.000128315010779,2.640587812289798e-13,false
HS13,2,1,SLP_SAR0_PH1_ATR0,false,true,false,SMALL_STEP,25,14.189565,1.000128315010779,2.640587812289798e-13,false
HS13,2,1,SLP_SAR0_PH1_ATR1,false,true,true,SMALL_STEP,25,14.178995,1.000128315010779,2.640587812289798e-13,false
HS13,2,1,BASE_SLP,true,false,false,SMALL_STEP,25,14.10698,1.000128315010779,2.640587812289798e-13,true
HS13,2,1,SLP_SAR1_PH1_ATR0,true,true,false,SMALL_STEP,25,14.142797,1.000128315010779,2.640587812289798e-13,false
HS13,2,1,SLP_SAR1_PH1_ATR1,true,true,true,SMALL_STEP,25,14.131666,1.000128315010779,2.640587812289798e-13,false
HS2,2,0,SLP_SAR0_PH0_ATR0,false,false,false,MAX_IT,500,258.53644999999995,5.017150375880317,0.0,false
HS2,2,0,SLP_SAR0_PH1_ATR0,false,true,false,KKT_OK,495,252.92196900000002,4.9412293179951705,0.0,false
HS2,2,0,SLP_SAR0_PH1_ATR1,false,true,true,MAX_IT,500,255.832136,6.04910396217957,0.0,false
HS2,2,0,BASE_SLP,true,false,false,MAX_IT,500,256.344316,5.266855621337922,0.0,true
HS2,2,0,SLP_SAR1_PH1_ATR0,true,true,false,KKT_OK,495,262.845277,4.9412293179951705,0.0,false
HS2,2,0,SLP_SAR1_PH1_ATR1,true,true,true,MAX_IT,500,273.17123799999996,6.04910396217957,0.0,false
HS21,2,1,SLP_SAR0_PH0_ATR0,false,false,false,SMALL_STEP,19,19.273902999999997,0.04000000000000625,0.0,false
HS21,2,1,SLP_SAR0_PH1_ATR0,false,true,false,SMALL_STEP,23,23.629697,0.04000000000000625,0.0,false
HS21,2,1,SLP_SAR0_PH1_ATR1,false,true,true,SMALL_STEP,19,19.219140999999997,0.04000000000000625,0.0,false
HS21,2,1,BASE_SLP,true,false,false,SMALL_STEP,20,20.295685000000002,0.04000000000000625,0.0,true
HS21,2,1,SLP_SAR1_PH1_ATR0,true,true,false,SMALL_STEP,23,23.691012,0.04000000000000625,0.0,false
HS21,2,1,SLP_SAR1_PH1_ATR1,true,true,true,SMALL_STEP,19,19.236984,0.04000000000000625,0.0,false
HS21MOD,7,1,SLP_SAR0_PH0_ATR0,false,false,false,SMALL_STEP,35,29.274044,4.040000000000006,0.0,false
HS21MOD,7,1,SLP_SAR0_PH1_ATR0,false,true,false,SMALL_STEP,56,44.07847,4.040000000524917,0.0,false
HS21MOD,7,1,SLP_SAR0_PH1_ATR1,false,true,true,SMALL_STEP,37,30.435509,4.040000000000006,0.0,false
HS21MOD,7,1,BASE_SLP,true,false,false,MAX_IT,500,308.056397,4.048892296333438,0.0,true
HS21MOD,7,1,SLP_SAR1_PH1_ATR0,true,true,false,SMALL_STEP,56,44.009751,4.040000000524917,0.0,false
HS21MOD,7,1,SLP_SAR1_PH1_ATR1,true,true,true,SMALL_STEP,37,30.715553999999997,4.040000000000006,0.0,false
HS25,3,0,SLP_SAR0_PH0_ATR0,false,false,false,KKT_OK,0,0.014718,32.834999999663594,0.0,false
HS25,3,0,SLP_SAR0_PH1_ATR0,false,true,false,KKT_OK,0,0.013645000000000001,32.834999999663594,0.0,false
HS25,3,0,SLP_SAR0_PH1_ATR1,false,true,true,KKT_OK,0,0.012242999999999999,32.834999999663594,0.0,false
HS25,3,0,BASE_SLP,true,false,false,KKT_OK,0,0.01062,32.834999999663594,0.0,true
HS25,3,0,SLP_SAR1_PH1_ATR0,true,true,false,KKT_OK,0,0.012253,32.834999999663594,0.0,false
HS25,3,0,SLP_SAR1_PH1_ATR1,true,true,true,KKT_OK,0,0.012213,32.834999999663594,0.0,false
HS26,3,1,SLP_SAR0_PH0_ATR0,false,false,false,KKT_OK,44,26.328319,1.1255500401882733e-5,7.83861289654908e-6,false
HS26,3,1,SLP_SAR0_PH1_ATR0,false,true,false,KKT_OK,54,31.840058,5.511473596401963e-6,3.8536878812500674e-6,false
HS26,3,1,SLP_SAR0_PH1_ATR1,false,true,true,MAX_IT,500,492.171412,0.940982430896617,7.066560469670691e-5,false
HS26,3,1,BASE_SLP,true,false,false,KKT_OK,60,33.161221,4.914760421040413e-6,7.620798286422925e-6,true
HS26,3,1,SLP_SAR1_PH1_ATR0,true,true,false,KKT_OK,54,29.758972,5.511473596401963e-6,3.8536878812500674e-6,false
HS26,3,1,SLP_SAR1_PH1_ATR1,true,true,true,MAX_IT,500,274.972601,0.940982430896617,7.066560469670691e-5,false
HS27,3,1,SLP_SAR0_PH0_ATR0,false,false,false,SMALL_STEP,90,56.758859,0.040000035965931005,6.24999912839245e-10,false
HS27,3,1,SLP_SAR0_PH1_ATR0,false,true,false,SMALL_STEP,96,63.730259999999994,0.04000001598106759,2.4999999184480674e-9,false
HS27,3,1,SLP_SAR0_PH1_ATR1,false,true,true,MAX_IT,500,431.37545500000004,0.28305960863921603,0.457135299169571,false
HS27,3,1,BASE_SLP,true,false,false,SMALL_STEP,67,45.027986999999996,0.04000000017588713,6.250000159420723e-10,true
HS27,3,1,SLP_SAR1_PH1_ATR0,true,true,false,SMALL_STEP,96,66.533288,0.04000001598106759,2.4999999184480674e-9,false
HS27,3,1,SLP_SAR1_PH1_ATR1,true,true,true,MAX_IT,500,447.71293099999997,0.28305960863921603,0.457135299169571,false
HS28,3,1,SLP_SAR0_PH0_ATR0,false,false,false,KKT_OK,12,7.087058,0.0,0.0,false
HS28,3,1,SLP_SAR0_PH1_ATR0,false,true,false,KKT_OK,13,7.669709,0.0,0.0,false
HS28,3,1,SLP_SAR0_PH1_ATR1,false,true,true,KKT_OK,12,7.064746,0.0,0.0,false
HS28,3,1,BASE_SLP,true,false,false,KKT_OK,12,7.057082,0.0,0.0,true
HS28,3,1,SLP_SAR1_PH1_ATR0,true,true,false,KKT_OK,13,7.66484,0.0,0.0,false
HS28,3,1,SLP_SAR1_PH1_ATR1,true,true,true,KKT_OK,12,7.081386999999999,0.0,0.0,false
HS29,3,1,SLP_SAR0_PH0_ATR0,false,false,false,SMALL_STEP,58,36.628333,-22.62741700177582,5.907466515964188e-9,false
HS29,3,1,SLP_SAR0_PH1_ATR0,false,true,false,SMALL_STEP,34,22.361824,-22.627416998892777,3.6468712494297506e-9,false
HS29,3,1,SLP_SAR0_PH1_ATR1,false,true,true,MAX_IT,500,294.87980899999997,-21.988652984976046,7.599707893746199e-5,false
HS29,3,1,BASE_SLP,true,false,false,SMALL_STEP,39,25.614965,-22.62741699903762,3.9644625360324426e-9,true
HS29,3,1,SLP_SAR1_PH1_ATR0,true,true,false,SMALL_STEP,34,22.349431,-22.627416998892777,3.6468712494297506e-9,false
HS29,3,1,SLP_SAR1_PH1_ATR1,true,true,true,MAX_IT,500,295.470345,-21.988652984976046,7.599707893746199e-5,false
HS3,2,0,SLP_SAR0_PH0_ATR0,false,false,false,KKT_OK,7,4.010137,0.00030250000000000003,0.0,false
HS3,2,0,SLP_SAR0_PH1_ATR0,false,true,false,KKT_OK,7,3.9813829999999997,0.00030250000000000003,0.0,false
HS3,2,0,SLP_SAR0_PH1_ATR1,false,true,true,KKT_OK,7,3.9850299999999996,0.00030250000000000003,0.0,false
HS3,2,0,BASE_SLP,true,false,false,KKT_OK,7,4.149469,0.00030250000000000003,0.0,true
HS3,2,0,SLP_SAR1_PH1_ATR0,true,true,false,KKT_OK,7,3.91004,0.00030250000000000003,0.0,false
HS3,2,0,SLP_SAR1_PH1_ATR1,true,true,true,KKT_OK,7,3.911452,0.00030250000000000003,0.0,false
HS30,3,1,SLP_SAR0_PH0_ATR0,false,false,false,KKT_OK,28,17.80303,1.0000000575443952,4.940215275475755e-8,false
HS30,3,1,SLP_SAR0_PH1_ATR0,false,true,false,KKT_OK,27,17.086648,1.0000000198180345,1.6697210048410204e-8,false
HS30,3,1,SLP_SAR0_PH1_ATR1,false,true,true,KKT_OK,69,61.167331999999995,1.0000000574336823,5.735254043807668e-8,false
HS30,3,1,BASE_SLP,true,false,false,KKT_OK,28,17.575975,1.0000000575443952,4.940215275475755e-8,true
HS30,3,1,SLP_SAR1_PH1_ATR0,true,true,false,KKT_OK,27,17.031355,1.0000000198180345,1.6697210048410204e-8,false
HS30,3,1,SLP_SAR1_PH1_ATR1,true,true,true,KKT_OK,69,303.83959300000004,1.0000000574336823,5.735254043807668e-8,false
HS31,3,1,SLP_SAR0_PH0_ATR0,false,false,false,SMALL_STEP,35,19.664855,6.000000004267722,1.9850732169146568e-10,false
HS31,3,1,SLP_SAR0_PH1_ATR0,false,true,false,SMALL_STEP,28,15.708969,6.000000001340264,3.333690989926197e-9,false
HS31,3,1,SLP_SAR0_PH1_ATR1,false,true,true,SMALL_STEP,180,100.671258,6.00000000289847,2.9960411929152997e-10,false
HS31,3,1,BASE_SLP,true,false,false,SMALL_STEP,36,19.923309,6.000000000704861,5.2060356026117915e-11,true
HS31,3,1,SLP_SAR1_PH1_ATR0,true,true,false,SMALL_STEP,28,15.470262,6.000000001340264,3.333690989926197e-9,false
HS31,3,1,SLP_SAR1_PH1_ATR1,true,true,true,SMALL_STEP,180,100.237466,6.00000000289847,2.9960411929152997e-10,false
HS35,3,1,SLP_SAR0_PH0_ATR0,false,false,false,SMALL_STEP,37,21.013169,0.11111111281081998,1.1102230246251565e-16,false
HS35,3,1,SLP_SAR0_PH1_ATR0,false,true,false,SMALL_STEP,24,13.808311,0.11111111115679972,1.1102230246251565e-16,false
HS35,3,1,SLP_SAR0_PH1_ATR1,false,true,true,SMALL_STEP,32,18.235629,0.11111111130012419,1.1102230246251565e-16,false
HS35,3,1,BASE_SLP,true,false,false,SMALL_STEP,26,14.834162,0.11111111667752227,1.1102230246251565e-16,true
HS35,3,1,SLP_SAR1_PH1_ATR0,true,true,false,SMALL_STEP,24,13.747968,0.11111111115679972,1.1102230246251565e-16,false
HS35,3,1,SLP_SAR1_PH1_ATR1,true,true,true,SMALL_STEP,32,18.140161,0.11111111130012419,1.1102230246251565e-16,false
HS35I,3,1,SLP_SAR0_PH0_ATR0,false,false,false,SMALL_STEP,37,20.932959,0.11111111281081998,1.1102230246251565e-16,false
HS35I,3,1,SLP_SAR0_PH1_ATR0,false,true,false,SMALL_STEP,24,13.818751,0.11111111115679972,1.1102230246251565e-16,false
HS35I,3,1,SLP_SAR0_PH1_ATR1,false,true,true,SMALL_STEP,32,18.190354999999997,0.11111111130012419,1.1102230246251565e-16,false
HS35I,3,1,BASE_SLP,true,false,false,SMALL_STEP,26,14.838079,0.11111111667752227,1.1102230246251565e-16,true
HS35I,3,1,SLP_SAR1_PH1_ATR0,true,true,false,SMALL_STEP,24,13.768476999999999,0.11111111115679972,1.1102230246251565e-16,false
HS35I,3,1,SLP_SAR1_PH1_ATR1,true,true,true,SMALL_STEP,32,18.161431,0.11111111130012419,1.1102230246251565e-16,false
HS35MOD,3,1,SLP_SAR0_PH0_ATR0,false,false,false,KKT_OK,20,12.124158,0.2500000019073487,0.0,false
HS35MOD,3,1,SLP_SAR0_PH1_ATR0,false,true,false,KKT_OK,11,7.1624289999999995,0.25,0.0,false
HS35MOD,3,1,SLP_SAR0_PH1_ATR1,false,true,true,KKT_OK,13,8.265284,0.2500000005883376,0.0,false
HS35MOD,3,1,BASE_SLP,true,false,false,KKT_OK,20,12.099561999999999,0.2500000019073487,0.0,true
HS35MOD,3,1,SLP_SAR1_PH1_ATR0,true,true,false,KKT_OK,11,7.154033,0.25,0.0,false
HS35MOD,3,1,SLP_SAR1_PH1_ATR1,true,true,true,KKT_OK,13,8.277035999999999,0.2500000005883376,0.0,false
HS36,3,1,SLP_SAR0_PH0_ATR0,false,false,false,SMALL_STEP,17,15.044074,-3300.0000000000005,3.552713678800501e-15,false
HS36,3,1,SLP_SAR0_PH1_ATR0,false,true,false,SMALL_STEP,17,14.983801,-3300.0000000000005,3.552713678800501e-15,false
HS36,3,1,SLP_SAR0_PH1_ATR1,false,true,true,SMALL_STEP,17,14.933267,-3300.0000000000005,3.552713678800501e-15,false
HS36,3,1,BASE_SLP,true,false,false,SMALL_STEP,17,14.943425,-3300.0000000000005,3.552713678800501e-15,true
HS36,3,1,SLP_SAR1_PH1_ATR0,true,true,false,SMALL_STEP,17,14.958935,-3300.0000000000005,3.552713678800501e-15,false
HS36,3,1,SLP_SAR1_PH1_ATR1,true,true,true,SMALL_STEP,17,14.978141,-3300.0000000000005,3.552713678800501e-15,false
HS38,4,0,SLP_SAR0_PH0_ATR0,false,false,false,SMALL_STEP,116,66.080811,7.8769843194548415,0.0,false
HS38,4,0,SLP_SAR0_PH1_ATR0,false,true,false,SMALL_STEP,90,50.607142,7.87702885101455,0.0,false
HS38,4,0,SLP_SAR0_PH1_ATR1,false,true,true,MAX_IT,500,456.576826,7.883735699319625,0.0,false
HS38,4,0,BASE_SLP,true,false,false,SMALL_STEP,104,54.299996,7.87698985109891,0.0,true
HS38,4,0,SLP_SAR1_PH1_ATR0,true,true,false,SMALL_STEP,90,46.861621,7.87702885101455,0.0,false
HS38,4,0,SLP_SAR1_PH1_ATR1,true,true,true,MAX_IT,500,258.493801,7.883735699319625,0.0,false
HS3MOD,2,0,SLP_SAR0_PH0_ATR0,false,false,false,KKT_OK,35,18.053138,5.960464477539063e-8,0.0,false
HS3MOD,2,0,SLP_SAR0_PH1_ATR0,false,true,false,KKT_OK,19,9.808983,0.0,0.0,false
HS3MOD,2,0,SLP_SAR0_PH1_ATR1,false,true,true,KKT_OK,20,10.349305,0.0,0.0,false
HS3MOD,2,0,BASE_SLP,true,false,false,KKT_OK,35,17.94223,5.960464477539063e-8,0.0,true
HS3MOD,2,0,SLP_SAR1_PH1_ATR0,true,true,false,KKT_OK,19,9.766985,0.0,0.0,false
HS3MOD,2,0,SLP_SAR1_PH1_ATR1,true,true,true,KKT_OK,20,10.323357,0.0,0.0,false
HS4,2,0,SLP_SAR0_PH0_ATR0,false,false,false,KKT_OK,5,2.664909,2.66666666664,0.0,false
HS4,2,0,SLP_SAR0_PH1_ATR0,false,true,false,KKT_OK,5,2.61731,2.66666666664,0.0,false
HS4,2,0,SLP_SAR0_PH1_ATR1,false,true,true,KKT_OK,5,2.6356740000000003,2.66666666664,0.0,false
HS4,2,0,BASE_SLP,true,false,false,KKT_OK,5,2.608543,2.66666666664,0.0,true
HS4,2,0,SLP_SAR1_PH1_ATR0,true,true,false,KKT_OK,5,2.611399,2.66666666664,0.0,false
HS4,2,0,SLP_SAR1_PH1_ATR1,true,true,true,KKT_OK,5,2.6812400000000003,2.66666666664,0.0,false
HS41,4,1,SLP_SAR0_PH0_ATR0,false,false,false,SMALL_STEP,29,18.352148,1.9259259260474537,0.0,false
HS41,4,1,SLP_SAR0_PH1_ATR0,false,true,false,SMALL_STEP,28,17.709404000000003,1.9259259260801318,2.220446049250313e-16,false
HS41,4,1,SLP_SAR0_PH1_ATR1,false,true,true,MAX_IT,500,295.884411,1.9259273875429483,0.0,false
HS41,4,1,BASE_SLP,true,false,false,SMALL_STEP,29,18.634656,1.9259259259272505,0.0,true
HS41,4,1,SLP_SAR1_PH1_ATR0,true,true,false,SMALL_STEP,28,17.922633,1.9259259260801318,2.220446049250313e-16,false
HS41,4,1,SLP_SAR1_PH1_ATR1,true,true,true,MAX_IT,500,299.322788,1.9259273875429483,0.0,false
HS45,5,0,SLP_SAR0_PH0_ATR0,false,false,false,KKT_OK,9,5.150392,1.000000000004,0.0,false
HS45,5,0,SLP_SAR0_PH1_ATR0,false,true,false,KKT_OK,9,5.117942,1.000000000004,0.0,false
HS45,5,0,SLP_SAR0_PH1_ATR1,false,true,true,KKT_OK,9,5.078869,1.000000000004,0.0,false
HS45,5,0,BASE_SLP,true,false,false,KKT_OK,9,5.103013,1.000000000004,0.0,true
HS45,5,0,SLP_SAR1_PH1_ATR0,true,true,false,KKT_OK,9,5.067877,1.000000000004,0.0,false
HS45,5,0,SLP_SAR1_PH1_ATR1,true,true,true,KKT_OK,9,5.087104,1.000000000004,0.0,false
HS5,2,0,SLP_SAR0_PH0_ATR0,false,false,false,KKT_OK,28,15.513613000000001,-1.9132229439285218,0.0,false
HS5,2,0,SLP_SAR0_PH1_ATR0,false,true,false,KKT_OK,14,7.799822,-1.9132229390535698,0.0,false
HS5,2,0,SLP_SAR0_PH1_ATR1,false,true,true,KKT_OK,38,20.941333999999998,-1.9132229471448694,0.0,false
HS5,2,0,BASE_SLP,true,false,false,KKT_OK,18,9.933798000000001,-1.9132229469548494,0.0,true
HS5,2,0,SLP_SAR1_PH1_ATR0,true,true,false,KKT_OK,14,7.715404,-1.9132229390535698,0.0,false
HS5,2,0,SLP_SAR1_PH1_ATR1,true,true,true,KKT_OK,38,20.811390999999997,-1.9132229471448694,0.0,false
HS54,6,1,SLP_SAR0_PH0_ATR0,false,false,false,KKT_OK,8,7.04522,-1.4177467561409504e-88,0.0,false
HS54,6,1,SLP_SAR0_PH1_ATR0,false,true,false,KKT_OK,8,6.998623,-1.416813073600159e-88,0.0,false
HS54,6,1,SLP_SAR0_PH1_ATR1,false,true,true,KKT_OK,11,10.418875,-1.4169778256834712e-88,0.0,false
HS54,6,1,BASE_SLP,true,false,false,KKT_OK,8,6.9350130000000005,-1.4177467561409504e-88,0.0,true
HS54,6,1,SLP_SAR1_PH1_ATR0,true,true,false,KKT_OK,8,6.9571950000000005,-1.416813073600159e-88,0.0,false
HS54,6,1,SLP_SAR1_PH1_ATR1,true,true,true,KKT_OK,11,10.366528,-1.4169778256834712e-88,0.0,false
HS57,2,1,SLP_SAR0_PH0_ATR0,false,false,false,SMALL_STEP,35,20.927359,0.02845966942084026,3.4074965071795305e-11,false
HS57,2,1,SLP_SAR0_PH1_ATR0,false,true,false,SMALL_STEP,28,17.441563,0.028459669483042332,9.301437398079315e-11,false
HS57,2,1,SLP_SAR0_PH1_ATR1,false,true,true,SMALL_STEP,32,20.697789,0.02845966943449299,1.362921997483113e-10,false
HS57,2,1,BASE_SLP,true,false,false,SMALL_STEP,34,20.383900999999998,0.02845966942153468,3.407085724660419e-11,true
HS57,2,1,SLP_SAR1_PH1_ATR0,true,true,false,SMALL_STEP,28,17.682634,0.028459669483042332,9.301437398079315e-11,false
HS57,2,1,SLP_SAR1_PH1_ATR1,true,true,true,SMALL_STEP,32,20.610125,0.02845966943449299,1.362921997483113e-10,false
HS6,2,1,SLP_SAR0_PH0_ATR0,false,false,false,KKT_OK,28,16.830168,6.235207514145373e-8,2.380654202660537e-6,false
HS6,2,1,SLP_SAR0_PH1_ATR0,false,true,false,KKT_OK,21,12.82503,1.7769311136713282e-9,1.7831891518937937e-8,false
HS6,2,1,SLP_SAR0_PH1_ATR1,false,true,true,KKT_OK,25,15.109236999999998,8.240329628606098e-12,1.1852620440677697e-7,false
HS6,2,1,BASE_SLP,true,false,false,KKT_OK,24,14.475199,6.235207514145373e-8,2.380654202660537e-6,true
HS6,2,1,SLP_SAR1_PH1_ATR0,true,true,false,KKT_OK,21,12.751112000000001,1.7769311136713282e-9,1.7831891518937937e-8,false
HS6,2,1,SLP_SAR1_PH1_ATR1,true,true,true,KKT_OK,25,15.316203,8.240329628606098e-12,1.1852620440677697e-7,false
HS60,3,1,SLP_SAR0_PH0_ATR0,false,false,false,SMALL_STEP,40,23.74286,0.032568200494971576,3.273664450631486e-9,false
HS60,3,1,SLP_SAR0_PH1_ATR0,false,true,false,SMALL_STEP,25,15.216387,0.03256820044999968,2.3064683496443195e-10,false
HS60,3,1,SLP_SAR0_PH1_ATR1,false,true,true,MAX_IT,500,276.64730799999995,0.1534940490222643,2.704630956396059e-5,false
HS60,3,1,BASE_SLP,true,false,false,SMALL_STEP,37,21.540987,0.0325682004949716,3.2736686694789796e-9,true
HS60,3,1,SLP_SAR1_PH1_ATR0,true,true,false,SMALL_STEP,25,14.847436,0.03256820044999968,2.3064683496443195e-10,false
HS60,3,1,SLP_SAR1_PH1_ATR1,true,true,true,MAX_IT,500,275.290127,0.1534940490222643,2.704630956396059e-5,false
HS62,3,1,SLP_SAR0_PH0_ATR0,false,false,false,SMALL_STEP,95,53.073339999999995,-26272.51315465659,7.632783294297951e-17,false
HS62,3,1,SLP_SAR0_PH1_ATR0,false,true,false,SMALL_STEP,63,35.153181,-26272.484062276257,2.0816681711721685e-16,false
HS62,3,1,SLP_SAR0_PH1_ATR1,false,true,true,MAX_IT,500,276.244373,-26260.013752560888,2.0816681711721685e-17,false
HS62,3,1,BASE_SLP,true,false,false,SMALL_STEP,82,46.355102,-26272.51407514024,5.134781488891349e-16,true
HS62,3,1,SLP_SAR1_PH1_ATR0,true,true,false,SMALL_STEP,63,35.653368,-26272.484062276257,2.0816681711721685e-16,false
HS62,3,1,SLP_SAR1_PH1_ATR1,true,true,true,MAX_IT,500,285.771569,-26260.013752560888,2.0816681711721685e-17,false
HS64,3,1,SLP_SAR0_PH0_ATR0,false,false,false,SMALL_STEP,326,288.304403,6299.842427921489,2.786659791809143e-14,false
HS64,3,1,SLP_SAR0_PH1_ATR0,false,true,false,MAX_IT,500,561.250552,6120.324247825173,0.6576538496347707,false
HS64,3,1,SLP_SAR0_PH1_ATR1,false,true,true,MAX_IT,500,505.713781,7994.686499180888,8.694768699357702e-6,false
HS64,3,1,BASE_SLP,true,false,false,SMALL_STEP,307,290.504011,6299.842427921857,1.9539925233402755e-14,true
HS64,3,1,SLP_SAR1_PH1_ATR0,true,true,false,MAX_IT,500,567.9049309999999,6120.324247825173,0.6576538496347707,false
HS64,3,1,SLP_SAR1_PH1_ATR1,true,true,true,MAX_IT,500,509.739348,7994.686499180888,8.694768699357702e-6,false
HS65,3,1,SLP_SAR0_PH0_ATR0,false,false,false,SMALL_STEP,11,9.012583,151.9972389862583,0.0,false
HS65,3,1,SLP_SAR0_PH1_ATR0,false,true,false,SMALL_STEP,38,38.354364000000004,151.9972389862583,0.0,false
HS65,3,1,SLP_SAR0_PH1_ATR1,false,true,true,SMALL_STEP,11,8.842203999999999,151.9972389862583,0.0,false
HS65,3,1,BASE_SLP,true,false,false,SMALL_STEP,11,8.739281,151.9972389862583,0.0,true
HS65,3,1,SLP_SAR1_PH1_ATR0,true,true,false,SMALL_STEP,38,38.285255,151.9972389862583,0.0,false
HS65,3,1,SLP_SAR1_PH1_ATR1,true,true,true,SMALL_STEP,11,8.723352,151.9972389862583,0.0,false
HS7,2,1,SLP_SAR0_PH0_ATR0,false,false,false,SMALL_STEP,53,32.628885000000004,-1.7320508078185783,1.2500005475146736e-9,false
HS7,2,1,SLP_SAR0_PH1_ATR0,false,true,false,SMALL_STEP,31,24.155512,-1.7320508077878214,1.1088698848027434e-9,false
HS7,2,1,SLP_SAR0_PH1_ATR1,false,true,true,SMALL_STEP,36,27.923928,-1.7320508078626025,1.1561200885523704e-9,false
HS7,2,1,BASE_SLP,true,false,false,SMALL_STEP,48,29.828252,-1.7320508078185783,1.2500005475146736e-9,true
HS7,2,1,SLP_SAR1_PH1_ATR0,true,true,false,SMALL_STEP,31,24.150543,-1.7320508077878214,1.1088698848027434e-9,false
HS7,2,1,SLP_SAR1_PH1_ATR1,true,true,true,SMALL_STEP,36,27.876668,-1.7320508078626025,1.1561200885523704e-9,false
HS70,4,1,SLP_SAR0_PH0_ATR0,false,false,false,SMALL_STEP,20,21.604055,5.000220879268806,1.99999e-5,false
HS70,4,1,SLP_SAR0_PH1_ATR0,false,true,false,SMALL_STEP,46,49.668807,5.000220879268806,1.99999e-5,false
HS70,4,1,SLP_SAR0_PH1_ATR1,false,true,true,SMALL_STEP,21,22.738519,5.000220879268806,1.99999e-5,false
HS70,4,1,BASE_SLP,true,false,false,SMALL_STEP,20,21.637498,5.000220879268806,1.99999e-5,true
HS70,4,1,SLP_SAR1_PH1_ATR0,true,true,false,SMALL_STEP,46,49.584689000000004,5.000220879268806,1.99999e-5,false
HS70,4,1,SLP_SAR1_PH1_ATR1,true,true,true,SMALL_STEP,21,22.727377999999998,5.000220879268806,1.99999e-5,false
HS88,2,1,SLP_SAR0_PH0_ATR0,false,false,false,MAX_IT,500,487.354421,1.2021341215955486,0.00028936805133176677,false
HS88,2,1,SLP_SAR0_PH1_ATR0,false,true,false,SMALL_STEP,202,234.834501,1.325458495999993,4.089200279790304e-5,false
HS88,2,1,SLP_SAR0_PH1_ATR1,false,true,true,MAX_IT,500,560.737393,1.3366496513337813,3.245215205544462e-5,false
HS88,2,1,BASE_SLP,true,false,false,MAX_IT,500,515.212806,1.3476849319401976,1.5038133803871643e-5,true
HS88,2,1,SLP_SAR1_PH1_ATR0,true,true,false,SMALL_STEP,202,224.02088700000002,1.325458495999993,4.089200279790304e-5,false
HS88,2,1,SLP_SAR1_PH1_ATR1,true,true,true,MAX_IT,500,528.473602,1.3366496513337813,3.245215205544462e-5,false
HS89,3,1,SLP_SAR0_PH0_ATR0,false,false,false,MAX_IT,500,551.419541,0.26947719221714583,0.09425084991163943,false
HS89,3,1,SLP_SAR0_PH1_ATR0,false,true,false,MAX_IT,500,584.2136260000001,1.2952350040712481,8.328894714523944e-5,false
HS89,3,1,SLP_SAR0_PH1_ATR1,false,true,true,MAX_IT,500,855.065828,1.0109372091151159,0.0016675348178779906,false
HS89,3,1,BASE_SLP,true,false,false,MAX_IT,500,535.3420629999999,1.3445316000357075,2.0027958414287918e-5,true
HS89,3,1,SLP_SAR1_PH1_ATR0,true,true,false,MAX_IT,500,545.464063,1.2952350040712481,8.328894714523944e-5,false
HS89,3,1,SLP_SAR1_PH1_ATR1,true,true,true,MAX_IT,500,579.130761,1.0109372091151159,0.0016675348178779906,false
HS9,2,1,SLP_SAR0_PH0_ATR0,false,false,false,SMALL_STEP,36,21.16821,-0.4999999999988263,1.7763568394002505e-15,false
HS9,2,1,SLP_SAR0_PH1_ATR0,false,true,false,SMALL_STEP,17,9.884335,-0.5,0.0,false
HS9,2,1,SLP_SAR0_PH1_ATR1,false,true,true,SMALL_STEP,17,9.882983,-0.5,0.0,false
HS9,2,1,BASE_SLP,true,false,false,SMALL_STEP,36,20.937067,-0.4999999999988263,1.7763568394002505e-15,true
HS9,2,1,SLP_SAR1_PH1_ATR0,true,true,false,SMALL_STEP,17,9.855851000000001,-0.5,0.0,false
HS9,2,1,SLP_SAR1_PH1_ATR1,true,true,true,SMALL_STEP,17,9.873554,-0.5,0.0,false
HS90,4,1,SLP_SAR0_PH0_ATR0,false,false,false,MAX_IT,500,494.407498,0.828177439273083,0.005031339276775875,false
HS90,4,1,SLP_SAR0_PH1_ATR0,false,true,false,SMALL_STEP,365,402.600934,1.3165815530531253,5.237135651782141e-5,false
HS90,4,1,SLP_SAR0_PH1_ATR1,false,true,true,MAX_IT,500,564.475926,1.012453768780975,0.0016102729310797236,false
HS90,4,1,BASE_SLP,true,false,false,MAX_IT,500,526.444417,1.1026547604981667,0.0007227031531081194,true
HS90,4,1,SLP_SAR1_PH1_ATR0,true,true,false,SMALL_STEP,365,417.804147,1.3165815530531253,5.237135651782141e-5,false
HS90,4,1,SLP_SAR1_PH1_ATR1,true,true,true,MAX_IT,500,596.5150590000001,1.012453768780975,0.0016102729310797236,false
HS91,5,1,SLP_SAR0_PH0_ATR0,false,false,false,MAX_IT,500,509.207799,1.2263163620859552,0.00022345098065262918,false
HS91,5,1,SLP_SAR0_PH1_ATR0,false,true,false,MAX_IT,500,585.518643,1.3627016014912978,2.715082797033041e-8,false
HS91,5,1,SLP_SAR0_PH1_ATR1,false,true,true,MAX_IT,500,586.331105,0.25379814054954825,0.08227293462835901,false
HS91,5,1,BASE_SLP,true,false,false,MAX_IT,500,537.31508,1.1211812936910412,0.0006224837006418734,true
HS91,5,1,SLP_SAR1_PH1_ATR0,true,true,false,MAX_IT,500,604.221779,1.3627016014912978,2.715082797033041e-8,false
HS91,5,1,SLP_SAR1_PH1_ATR1,true,true,true,MAX_IT,500,932.166369,0.25379814054954825,0.08227293462835901,false
HS92,6,1,SLP_SAR0_PH0_ATR0,false,false,false,MAX_IT,500,489.28265799999997,1.1730289215821,0.0004065542956326012,false
HS92,6,1,SLP_SAR0_PH1_ATR0,false,true,false,SMALL_STEP,75,86.457571,1.3626459412119216,1.4054957810048503e-8,false
HS92,6,1,SLP_SAR0_PH1_ATR1,false,true,true,MAX_IT,500,598.242607,1.1656137254407706,0.003310337169178252,false
HS92,6,1,BASE_SLP,true,false,false,MAX_IT,500,494.425256,1.2500448943602387,0.0001678633024636762,true
HS92,6,1,SLP_SAR1_PH1_ATR0,true,true,false,SMALL_STEP,75,89.328516,1.3626459412119216,1.4054957810048503e-8,false
HS92,6,1,SLP_SAR1_PH1_ATR1,true,true,true,MAX_IT,500,622.4529319999999,1.1656137254407706,0.003310337169178252,false
HUBFIT,2,1,SLP_SAR0_PH0_ATR0,false,false,false,SMALL_STEP,29,17.520882,0.016893493939541347,5.551115123125783e-17,false
HUBFIT,2,1,SLP_SAR0_PH1_ATR0,false,true,false,SMALL_STEP,13,8.244365,0.01689349393939394,2.7755575615628914e-17,false
HUBFIT,2,1,SLP_SAR0_PH1_ATR1,false,true,true,SMALL_STEP,16,9.819293,0.016893493939393944,0.0,false
HUBFIT,2,1,BASE_SLP,true,false,false,SMALL_STEP,25,15.242967,0.016893493955446245,5.551115123125783e-17,true
HUBFIT,2,1,SLP_SAR1_PH1_ATR0,true,true,false,SMALL_STEP,13,8.196475,0.01689349393939394,2.7755575615628914e-17,false
HUBFIT,2,1,SLP_SAR1_PH1_ATR1,true,true,true,SMALL_STEP,16,9.856482999999999,0.016893493939393944,0.0,false
HUMPS,2,0,SLP_SAR0_PH0_ATR0,false,false,false,MAX_IT,500,263.06556800000004,1027.6458469448162,0.0,false
HUMPS,2,0,SLP_SAR0_PH1_ATR0,false,true,false,MAX_IT,500,262.225104,1104.2022850571434,0.0,false
HUMPS,2,0,SLP_SAR0_PH1_ATR1,false,true,true,MAX_IT,500,265.102781,1584.3483419986678,0.0,false
HUMPS,2,0,BASE_SLP,true,false,false,MAX_IT,500,265.16089,1301.365232069441,0.0,true
HUMPS,2,0,SLP_SAR1_PH1_ATR0,true,true,false,MAX_IT,500,261.476202,1104.2022850571434,0.0,false
HUMPS,2,0,SLP_SAR1_PH1_ATR1,true,true,true,MAX_IT,500,264.75010100000003,1584.3483419986678,0.0,false
HYDC20LS,99,0,SLP_SAR0_PH0_ATR0,false,false,false,MAX_IT,500,408.565866,5.986761344083713,0.0,false
HYDC20LS,99,0,SLP_SAR0_PH1_ATR0,false,true,false,MAX_IT,500,356.27964899999995,4.073838409702233,0.0,false
HYDC20LS,99,0,SLP_SAR0_PH1_ATR1,false,true,true,MAX_IT,500,388.75498699999997,235.28114228222213,0.0,false
HYDC20LS,99,0,BASE_SLP,true,false,false,MAX_IT,500,399.920552,4.854990501044217,0.0,true
HYDC20LS,99,0,SLP_SAR1_PH1_ATR0,true,true,false,MAX_IT,500,555.128334,4.073838409702233,0.0,false
HYDC20LS,99,0,SLP_SAR1_PH1_ATR1,true,true,true,MAX_IT,500,370.358898,235.28114228222213,0.0,false
HYDCAR6LS,29,0,SLP_SAR0_PH0_ATR0,false,false,false,MAX_IT,500,318.123275,1.7590002367582904,0.0,false
HYDCAR6LS,29,0,SLP_SAR0_PH1_ATR0,false,true,false,SMALL_STEP,332,200.024056,2.065748722980785,0.0,false
HYDCAR6LS,29,0,SLP_SAR0_PH1_ATR1,false,true,true,MAX_IT,500,296.674861,63.552171218323586,0.0,false
HYDCAR6LS,29,0,BASE_SLP,true,false,false,SMALL_STEP,430,264.12723700000004,1.9344927728721448,0.0,true
HYDCAR6LS,29,0,SLP_SAR1_PH1_ATR0,true,true,false,SMALL_STEP,332,206.091775,2.065748722980785,0.0,false
HYDCAR6LS,29,0,SLP_SAR1_PH1_ATR1,true,true,true,MAX_IT,500,313.047723,63.552171218323586,0.0,false
INDEF,5000,0,SLP_SAR0_PH0_ATR0,false,false,false,MAX_IT,500,5495.8879449999995,-2.4828967126204628e6,0.0,false
INDEF,5000,0,SLP_SAR0_PH1_ATR0,false,true,false,MAX_IT,500,5503.045897,-2.4828967126204628e6,0.0,false
INDEF,5000,0,SLP_SAR0_PH1_ATR1,false,true,true,MAX_IT,500,5604.539884,-2.4828967126204628e6,0.0,false
INDEF,5000,0,BASE_SLP,true,false,false,MAX_IT,500,5517.206308999999,-2.4828967126204628e6,0.0,true
INDEF,5000,0,SLP_SAR1_PH1_ATR0,true,true,false,MAX_IT,500,5485.013748,-2.4828967126204628e6,0.0,false
INDEF,5000,0,SLP_SAR1_PH1_ATR1,true,true,true,MAX_IT,500,5439.707936999999,-2.4828967126204628e6,0.0,false
INDEFM,100000,0,SLP_SAR0_PH0_ATR0,false,false,false,MAX_IT,500,141522.86985800002,-1.0016850043123266e7,0.0,false
INDEFM,100000,0,SLP_SAR0_PH1_ATR0,false,true,false,MAX_IT,500,150711.241629,-1.0030554532484999e7,0.0,false
INDEFM,100000,0,SLP_SAR0_PH1_ATR1,false,true,true,MAX_IT,500,154171.678188,-5.708830634462959e6,0.0,false
INDEFM,100000,0,BASE_SLP,true,false,false,MAX_IT,500,150600.62955699998,-1.0033207408380356e7,0.0,true
INDEFM,100000,0,SLP_SAR1_PH1_ATR0,true,true,false,MAX_IT,500,151760.02401,-1.0030554532484999e7,0.0,false
INDEFM,100000,0,SLP_SAR1_PH1_ATR1,true,true,true,MAX_IT,500,154091.163335,-5.708830634462959e6,0.0,false
INTEQNELS,502,0,SLP_SAR0_PH0_ATR0,false,false,false,SMALL_STEP,73,188.44949699999998,3.0846204508018656e-5,0.0,false
INTEQNELS,502,0,SLP_SAR0_PH1_ATR0,false,true,false,KKT_OK,21,51.629718,3.6339631059879574e-6,0.0,false
INTEQNELS,502,0,SLP_SAR0_PH1_ATR1,false,true,true,SMALL_STEP,74,174.758261,2.799170859706099e-5,0.0,false
INTEQNELS,502,0,BASE_SLP,true,false,false,KKT_OK,26,70.734072,1.150044260038405e-5,0.0,true
INTEQNELS,502,0,SLP_SAR1_PH1_ATR0,true,true,false,KKT_OK,21,55.238994,3.6339631059879574e-6,0.0,false
INTEQNELS,502,0,SLP_SAR1_PH1_ATR1,true,true,true,SMALL_STEP,74,177.258418,2.799170859706099e-5,0.0,false
JENSMP,2,0,SLP_SAR0_PH0_ATR0,false,false,false,SMALL_STEP,74,40.409574,124.36219806221791,0.0,false
JENSMP,2,0,SLP_SAR0_PH1_ATR0,false,true,false,SMALL_STEP,57,30.108623,124.36218235617524,0.0,false
JENSMP,2,0,SLP_SAR0_PH1_ATR1,false,true,true,SMALL_STEP,172,90.215532,124.3624463259086,0.0,false
JENSMP,2,0,BASE_SLP,true,false,false,SMALL_STEP,54,28.984847000000002,124.3623590322262,0.0,true
JENSMP,2,0,SLP_SAR1_PH1_ATR0,true,true,false,SMALL_STEP,57,29.878342,124.36218235617524,0.0,false
JENSMP,2,0,SLP_SAR1_PH1_ATR1,true,true,true,SMALL_STEP,172,89.98874699999999,124.3624463259086,0.0,false
JIMACK,3549,0,SLP_SAR0_PH0_ATR0,false,false,false,SMALL_STEP,118,2823.422513,1.0277400989370862,0.0,false
JIMACK,3549,0,SLP_SAR0_PH1_ATR0,false,true,false,SMALL_STEP,96,2612.279367,1.027247850453095,0.0,false
JIMACK,3549,0,SLP_SAR0_PH1_ATR1,false,true,true,SMALL_STEP,238,5305.783931,1.0343853785896477,0.0,false
JIMACK,3549,0,BASE_SLP,true,false,false,SMALL_STEP,66,1677.406542,1.0337471500015303,0.0,true
JIMACK,3549,0,SLP_SAR1_PH1_ATR0,true,true,false,SMALL_STEP,96,2597.293478,1.027247850453095,0.0,false
JIMACK,3549,0,SLP_SAR1_PH1_ATR1,true,true,true,SMALL_STEP,238,5251.185875,1.0343853785896477,0.0,false
JNLBRNG1,16,0,SLP_SAR0_PH0_ATR0,false,false,false,KKT_OK,16,8.991415000000002,-0.22473494921374482,0.0,false
JNLBRNG1,16,0,SLP_SAR0_PH1_ATR0,false,true,false,KKT_OK,10,5.6193040000000005,-0.22473500539529462,0.0,false
JNLBRNG1,16,0,SLP_SAR0_PH1_ATR1,false,true,true,MAX_IT,500,280.22656,-0.22470770605532564,0.0,false
JNLBRNG1,16,0,BASE_SLP,true,false,false,KKT_OK,16,9.845447,-0.2247350052496777,0.0,true
JNLBRNG1,16,0,SLP_SAR1_PH1_ATR0,true,true,false,KKT_OK,10,6.057315,-0.22473500539529462,0.0,false
JNLBRNG1,16,0,SLP_SAR1_PH1_ATR1,true,true,true,MAX_IT,500,293.219538,-0.22470770605532564,0.0,false
JNLBRNG2,10000,0,SLP_SAR0_PH0_ATR0,false,false,false,MAX_IT,500,11074.395220999999,-2.633423474941512,0.0,false
JNLBRNG2,10000,0,SLP_SAR0_PH1_ATR0,false,true,false,MAX_IT,500,11147.154875,-3.5648373705036893,0.0,false
JNLBRNG2,10000,0,SLP_SAR0_PH1_ATR1,false,true,true,MAX_IT,500,10939.260494999999,6.70824585384615,0.0,false
JNLBRNG2,10000,0,BASE_SLP,true,false,false,MAX_IT,500,11268.132659,-3.3899846570916807,0.0,true
JNLBRNG2,10000,0,SLP_SAR1_PH1_ATR0,true,true,false,MAX_IT,500,11231.494104,-3.5648373705036893,0.0,false
JNLBRNG2,10000,0,SLP_SAR1_PH1_ATR1,true,true,true,MAX_IT,500,11794.648556,6.70824585384615,0.0,false
JNLBRNGA,10000,0,SLP_SAR0_PH0_ATR0,false,false,false,MAX_IT,500,11065.93938,-0.19030569960029223,0.0,false
JNLBRNGA,10000,0,SLP_SAR0_PH1_ATR0,false,true,false,MAX_IT,500,11181.267094,-0.23485901362446526,0.0,false
JNLBRNGA,10000,0,SLP_SAR0_PH1_ATR1,false,true,true,MAX_IT,500,10958.549202,-0.1212437404416708,0.0,false
JNLBRNGA,10000,0,BASE_SLP,true,false,false,MAX_IT,500,10977.982724,-0.21586411342788783,0.0,true
JNLBRNGA,10000,0,SLP_SAR1_PH1_ATR0,true,true,false,MAX_IT,500,11170.445459,-0.23485901362446526,0.0,false
JNLBRNGA,10000,0,SLP_SAR1_PH1_ATR1,true,true,true,MAX_IT,500,10982.089554,-0.1212437404416708,0.0,false
JNLBRNGB,10000,0,SLP_SAR0_PH0_ATR0,false,false,false,MAX_IT,500,10897.562666,-1.7614126471587324,0.0,false
JNLBRNGB,10000,0,SLP_SAR0_PH1_ATR0,false,true,false,MAX_IT,500,11243.620385,-2.9231005124580745,0.0,false
JNLBRNGB,10000,0,SLP_SAR0_PH1_ATR1,false,true,true,MAX_IT,500,11026.674402999999,-0.8976750639202948,0.0,false
JNLBRNGB,10000,0,BASE_SLP,true,false,false,MAX_IT,500,11046.774652,-3.0085195470827295,0.0,true
JNLBRNGB,10000,0,SLP_SAR1_PH1_ATR0,true,true,false,MAX_IT,500,11130.781778999999,-2.9231005124580745,0.0,false
JNLBRNGB,10000,0,SLP_SAR1_PH1_ATR1,true,true,true,MAX_IT,500,10903.575354,-0.8976750639202948,0.0,false
JUDGE,2,0,SLP_SAR0_PH0_ATR0,false,false,false,SMALL_STEP,140,77.95774499999999,16.081730516478228,0.0,false
JUDGE,2,0,SLP_SAR0_PH1_ATR0,false,true,false,SMALL_STEP,167,92.317916,16.081730300745523,0.0,false
JUDGE,2,0,SLP_SAR0_PH1_ATR1,false,true,true,MAX_IT,500,276.087044,38.15069898463047,0.0,false
JUDGE,2,0,BASE_SLP,true,false,false,SMALL_STEP,139,76.449597,16.081731407930683,0.0,true
JUDGE,2,0,SLP_SAR1_PH1_ATR0,true,true,false,SMALL_STEP,167,91.568901,16.081730300745523,0.0,false
JUDGE,2,0,SLP_SAR1_PH1_ATR1,true,true,true,MAX_IT,500,273.706798,38.15069898463047,0.0,false
JUDGEB,2,0,SLP_SAR0_PH0_ATR0,false,false,false,SMALL_STEP,140,76.768865,16.081730516478228,0.0,false
JUDGEB,2,0,SLP_SAR0_PH1_ATR0,false,true,false,SMALL_STEP,167,91.995702,16.081730300745523,0.0,false
JUDGEB,2,0,SLP_SAR0_PH1_ATR1,false,true,true,MAX_IT,500,273.043172,38.15069898463047,0.0,false
JUDGEB,2,0,BASE_SLP,true,false,false,SMALL_STEP,139,75.97026699999999,16.081731407930683,0.0,true
JUDGEB,2,0,SLP_SAR1_PH1_ATR0,true,true,false,SMALL_STEP,167,91.523506,16.081730300745523,0.0,false
JUDGEB,2,0,SLP_SAR1_PH1_ATR1,true,true,true,MAX_IT,500,273.75884499999995,38.15069898463047,0.0,false
KIRBY2LS,5,0,SLP_SAR0_PH0_ATR0,false,false,false,SMALL_STEP,8,4.377823,18252.116128714937,0.0,false
KIRBY2LS,5,0,SLP_SAR0_PH1_ATR0,false,true,false,SMALL_STEP,13,6.985405,17921.308456776453,0.0,false
KIRBY2LS,5,0,SLP_SAR0_PH1_ATR1,false,true,true,SMALL_STEP,21,11.146672,16586.371153696688,0.0,false
KIRBY2LS,5,0,BASE_SLP,true,false,false,SMALL_STEP,8,4.298043,18252.116128714937,0.0,true
KIRBY2LS,5,0,SLP_SAR1_PH1_ATR0,true,true,false,SMALL_STEP,13,6.889665,17921.308456776453,0.0,false
KIRBY2LS,5,0,SLP_SAR1_PH1_ATR1,true,true,true,SMALL_STEP,21,11.062403999999999,16586.371153696688,0.0,false
KOEBHELB,3,0,SLP_SAR0_PH0_ATR0,false,false,false,SMALL_STEP,58,30.566025,112.30453257903376,0.0,false
KOEBHELB,3,0,SLP_SAR0_PH1_ATR0,false,true,false,SMALL_STEP,109,57.215581,112.29525458539291,0.0,false
KOEBHELB,3,0,SLP_SAR0_PH1_ATR1,false,true,true,SMALL_STEP,172,89.77761,112.26555556794023,0.0,false
KOEBHELB,3,0,BASE_SLP,true,false,false,SMALL_STEP,13,6.9056750000000005,112.32259245001808,0.0,true
KOEBHELB,3,0,SLP_SAR1_PH1_ATR0,true,true,false,SMALL_STEP,109,57.04997,112.29525458539291,0.0,false
KOEBHELB,3,0,SLP_SAR1_PH1_ATR1,true,true,true,SMALL_STEP,172,89.802387,112.26555556794023,0.0,false
KOWOSB,4,0,SLP_SAR0_PH0_ATR0,false,false,false,KKT_OK,60,33.164789999999996,0.00044310601114235377,0.0,false
KOWOSB,4,0,SLP_SAR0_PH1_ATR0,false,true,false,KKT_OK,187,101.715446,0.00044876705092586675,0.0,false
KOWOSB,4,0,SLP_SAR0_PH1_ATR1,false,true,true,MAX_IT,500,273.35725,0.0004766423987031776,0.0,false
KOWOSB,4,0,BASE_SLP,true,false,false,KKT_OK,143,78.705438,0.00044264363927905786,0.0,true
KOWOSB,4,0,SLP_SAR1_PH1_ATR0,true,true,false,KKT_OK,187,102.779021,0.00044876705092586675,0.0,false
KOWOSB,4,0,SLP_SAR1_PH1_ATR1,true,true,true,MAX_IT,500,277.237991,0.0004766423987031776,0.0,false
KSSLS,1000,0,SLP_SAR0_PH0_ATR0,false,false,false,MAX_IT,500,3493.026023,5.654998640075622e14,0.0,false
KSSLS,1000,0,SLP_SAR0_PH1_ATR0,false,true,false,MAX_IT,500,3366.3451370000002,5.654998640075622e14,0.0,false
KSSLS,1000,0,SLP_SAR0_PH1_ATR1,false,true,true,MAX_IT,500,3450.345753,5.654998640075622e14,0.0,false
KSSLS,1000,0,BASE_SLP,true,false,false,MAX_IT,500,3519.202811,5.654998640075622e14,0.0,true
KSSLS,1000,0,SLP_SAR1_PH1_ATR0,true,true,false,MAX_IT,500,3441.378799,5.654998640075622e14,0.0,false
KSSLS,1000,0,SLP_SAR1_PH1_ATR1,true,true,true,MAX_IT,500,3556.10579,5.654998640075622e14,0.0,false
LANCZOS1LS,6,0,SLP_SAR0_PH0_ATR0,false,false,false,MAX_IT,500,291.64826300000004,0.00461306805867516,0.0,false
LANCZOS1LS,6,0,SLP_SAR0_PH1_ATR0,false,true,false,MAX_IT,500,282.298775,0.0021375653580768925,0.0,false
LANCZOS1LS,6,0,SLP_SAR0_PH1_ATR1,false,true,true,MAX_IT,500,280.598867,0.03560005402626132,0.0,false
LANCZOS1LS,6,0,BASE_SLP,true,false,false,MAX_IT,500,439.529788,0.0034436837797437053,0.0,true
LANCZOS1LS,6,0,SLP_SAR1_PH1_ATR0,true,true,false,MAX_IT,500,262.395841,0.0021375653580768925,0.0,false
LANCZOS1LS,6,0,SLP_SAR1_PH1_ATR1,true,true,true,MAX_IT,500,261.440198,0.03560005402626132,0.0,false
LANCZOS2LS,6,0,SLP_SAR0_PH0_ATR0,false,false,false,MAX_IT,500,268.776809,0.004613020354097715,0.0,false
LANCZOS2LS,6,0,SLP_SAR0_PH1_ATR0,false,true,false,MAX_IT,500,272.086226,0.0021642611635016252,0.0,false
LANCZOS2LS,6,0,SLP_SAR0_PH1_ATR1,false,true,true,MAX_IT,500,277.21687000000003,0.035600183311795756,0.0,false
LANCZOS2LS,6,0,BASE_SLP,true,false,false,MAX_IT,500,279.045911,0.003652090735989924,0.0,true
LANCZOS2LS,6,0,SLP_SAR1_PH1_ATR0,true,true,false,MAX_IT,500,279.684639,0.0021642611635016252,0.0,false
LANCZOS2LS,6,0,SLP_SAR1_PH1_ATR1,true,true,true,MAX_IT,500,275.886144,0.035600183311795756,0.0,false
LANCZOS3LS,6,0,SLP_SAR0_PH0_ATR0,false,false,false,MAX_IT,500,275.263404,0.004511323234584585,0.0,false
LANCZOS3LS,6,0,SLP_SAR0_PH1_ATR0,false,true,false,MAX_IT,500,270.19590900000003,0.0021523534253963263,0.0,false
LANCZOS3LS,6,0,SLP_SAR0_PH1_ATR1,false,true,true,MAX_IT,500,276.867082,0.035599258657883416,0.0,false
LANCZOS3LS,6,0,BASE_SLP,true,false,false,MAX_IT,500,280.800931,0.0033789752009886135,0.0,true
LANCZOS3LS,6,0,SLP_SAR1_PH1_ATR0,true,true,false,MAX_IT,500,281.705137,0.0021523534253963263,0.0,false
LANCZOS3LS,6,0,SLP_SAR1_PH1_ATR1,true,true,true,MAX_IT,500,282.11265099999997,0.035599258657883416,0.0,false
LCH,3000,1,SLP_SAR0_PH0_ATR0,false,false,false,MAX_IT,500,5432.944136,475939.7333598998,121.30916528299151,false
LCH,3000,1,SLP_SAR0_PH1_ATR0,false,true,false,MAX_IT,500,6528.06389,4.927868741954325e6,62.798618556498546,false
LCH,3000,1,SLP_SAR0_PH1_ATR1,false,true,true,MAX_IT,500,6337.203108,2.0717187037851143e8,2.621760934612553,false
LCH,3000,1,BASE_SLP,true,false,false,MAX_IT,500,6262.4762519999995,5.7515816506208e6,0.451523197479517,true
LCH,3000,1,SLP_SAR1_PH1_ATR0,true,true,false,MAX_IT,500,6373.801463000001,4.927868741954325e6,62.798618556498546,false
LCH,3000,1,SLP_SAR1_PH1_ATR1,true,true,true,MAX_IT,500,6498.9183840000005,2.0717187037851143e8,2.621760934612553,false
LEVYMONT,100,0,SLP_SAR0_PH0_ATR0,false,false,false,SMALL_STEP,13,10.360256,154.91090312791422,0.0,false
LEVYMONT,100,0,SLP_SAR0_PH1_ATR0,false,true,false,SMALL_STEP,8,6.421351,154.91115506274738,0.0,false
LEVYMONT,100,0,SLP_SAR0_PH1_ATR1,false,true,true,SMALL_STEP,21,16.707658,154.8856742858877,0.0,false
LEVYMONT,100,0,BASE_SLP,true,false,false,SMALL_STEP,11,8.886172,154.9109322706931,0.0,true
LEVYMONT,100,0,SLP_SAR1_PH1_ATR0,true,true,false,SMALL_STEP,8,6.36283,154.91115506274738,0.0,false
LEVYMONT,100,0,SLP_SAR1_PH1_ATR1,true,true,true,SMALL_STEP,21,16.986601,154.8856742858877,0.0,false
LEVYMONT10,10,0,SLP_SAR0_PH0_ATR0,false,false,false,MAX_IT,500,276.20713,163.7181542120436,0.0,false
LEVYMONT10,10,0,SLP_SAR0_PH1_ATR0,false,true,false,SMALL_STEP,347,196.234578,163.70246860489124,0.0,false
LEVYMONT10,10,0,SLP_SAR0_PH1_ATR1,false,true,true,SMALL_STEP,66,37.94044,163.70092215983283,0.0,false
LEVYMONT10,10,0,BASE_SLP,true,false,false,SMALL_STEP,280,156.946942,163.74417456250183,0.0,true
LEVYMONT10,10,0,SLP_SAR1_PH1_ATR0,true,true,false,SMALL_STEP,347,193.958901,163.70246860489124,0.0,false
LEVYMONT10,10,0,SLP_SAR1_PH1_ATR1,true,true,true,SMALL_STEP,66,37.291313,163.70092215983283,0.0,false
LEVYMONT5,2,0,SLP_SAR0_PH0_ATR0,false,false,false,SMALL_STEP,25,14.940593999999999,12.487063854389493,0.0,false
LEVYMONT5,2,0,SLP_SAR0_PH1_ATR0,false,true,false,SMALL_STEP,23,13.061391,12.487063753459605,0.0,false
LEVYMONT5,2,0,SLP_SAR0_PH1_ATR1,false,true,true,SMALL_STEP,370,204.493403,12.487063743772064,0.0,false
LEVYMONT5,2,0,BASE_SLP,true,false,false,SMALL_STEP,29,16.076344,12.487063769458517,0.0,true
LEVYMONT5,2,0,SLP_SAR1_PH1_ATR0,true,true,false,SMALL_STEP,23,12.594766,12.487063753459605,0.0,false
LEVYMONT5,2,0,SLP_SAR1_PH1_ATR1,true,true,true,SMALL_STEP,370,201.98487,12.487063743772064,0.0,false
LEVYMONT6,3,0,SLP_SAR0_PH0_ATR0,false,false,false,SMALL_STEP,52,28.723888,12.502860393379475,0.0,false
LEVYMONT6,3,0,SLP_SAR0_PH1_ATR0,false,true,false,SMALL_STEP,27,14.743965,12.502860310937523,0.0,false
LEVYMONT6,3,0,SLP_SAR0_PH1_ATR1,false,true,true,MAX_IT,500,273.81106700000004,12.504295031943867,0.0,false
LEVYMONT6,3,0,BASE_SLP,true,false,false,SMALL_STEP,28,15.750252999999999,12.502860230979518,0.0,true
LEVYMONT6,3,0,SLP_SAR1_PH1_ATR0,true,true,false,SMALL_STEP,27,14.956192999999999,12.502860310937523,0.0,false
LEVYMONT6,3,0,SLP_SAR1_PH1_ATR1,true,true,true,MAX_IT,500,274.125607,12.504295031943867,0.0,false
LEVYMONT7,4,0,SLP_SAR0_PH0_ATR0,false,false,false,SMALL_STEP,67,37.579723,12.510759522089453,0.0,false
LEVYMONT7,4,0,SLP_SAR0_PH1_ATR0,false,true,false,SMALL_STEP,43,23.818391000000002,12.510759098043632,0.0,false
LEVYMONT7,4,0,SLP_SAR0_PH1_ATR1,false,true,true,MAX_IT,500,275.954386,12.529229408712377,0.0,false
LEVYMONT7,4,0,BASE_SLP,true,false,false,SMALL_STEP,54,32.065374,12.510760499168496,0.0,true
LEVYMONT7,4,0,SLP_SAR1_PH1_ATR0,true,true,false,SMALL_STEP,43,22.83725,12.510759098043632,0.0,false
LEVYMONT7,4,0,SLP_SAR1_PH1_ATR1,true,true,true,MAX_IT,500,261.27093299999996,12.529229408712377,0.0,false
LEVYMONT8,5,0,SLP_SAR0_PH0_ATR0,false,false,false,SMALL_STEP,430,225.800926,173.50059665962996,0.0,false
LEVYMONT8,5,0,SLP_SAR0_PH1_ATR0,false,true,false,SMALL_STEP,130,69.057335,173.50068198276819,0.0,false
LEVYMONT8,5,0,SLP_SAR0_PH1_ATR1,false,true,true,SMALL_STEP,88,46.663205,173.49564197040118,0.0,false
LEVYMONT8,5,0,BASE_SLP,true,false,false,SMALL_STEP,323,169.398589,173.5157199812559,0.0,true
LEVYMONT8,5,0,SLP_SAR1_PH1_ATR0,true,true,false,SMALL_STEP,130,71.201024,173.50068198276819,0.0,false
LEVYMONT8,5,0,SLP_SAR1_PH1_ATR1,true,true,true,SMALL_STEP,88,48.117773,173.49564197040118,0.0,false
LEVYMONT9,8,0,SLP_SAR0_PH0_ATR0,false,false,false,MAX_IT,500,279.744803,166.16028418281167,0.0,false
LEVYMONT9,8,0,SLP_SAR0_PH1_ATR0,false,true,false,SMALL_STEP,209,116.80518400000001,166.15354422822094,0.0,false
LEVYMONT9,8,0,SLP_SAR0_PH1_ATR1,false,true,true,SMALL_STEP,72,40.151706000000004,166.14960207467783,0.0,false
LEVYMONT9,8,0,BASE_SLP,true,false,false,SMALL_STEP,274,153.11408500000002,166.18479088998905,0.0,true
LEVYMONT9,8,0,SLP_SAR1_PH1_ATR0,true,true,false,SMALL_STEP,209,116.731196,166.15354422822094,0.0,false
LEVYMONT9,8,0,SLP_SAR1_PH1_ATR1,true,true,true,SMALL_STEP,72,40.293811999999996,166.14960207467783,0.0,false
LIARWHD,5000,0,SLP_SAR0_PH0_ATR0,false,false,false,MAX_IT,500,5536.981175,2783.3645424619317,0.0,false
LIARWHD,5000,0,SLP_SAR0_PH1_ATR0,false,true,false,MAX_IT,500,5443.312642000001,2077.4605671529216,0.0,false
LIARWHD,5000,0,SLP_SAR0_PH1_ATR1,false,true,true,MAX_IT,500,5593.2588860000005,7762.4101499980325,0.0,false
LIARWHD,5000,0,BASE_SLP,true,false,false,MAX_IT,500,5563.294151,2057.3926892504096,0.0,true
LIARWHD,5000,0,SLP_SAR1_PH1_ATR0,true,true,false,MAX_IT,500,5575.349892,2077.4605671529216,0.0,false
LIARWHD,5000,0,SLP_SAR1_PH1_ATR1,true,true,true,MAX_IT,500,5587.472757,7762.4101499980325,0.0,false
LINVERSE,1999,0,SLP_SAR0_PH0_ATR0,false,false,false,MAX_IT,500,2306.692712,681.0173739897091,0.0,false
LINVERSE,1999,0,SLP_SAR0_PH1_ATR0,false,true,false,SMALL_STEP,368,1689.468184,681.0018375046764,0.0,false
LINVERSE,1999,0,SLP_SAR0_PH1_ATR1,false,true,true,MAX_IT,500,2286.051548,682.4780273705335,0.0,false
LINVERSE,1999,0,BASE_SLP,true,false,false,SMALL_STEP,260,1217.105743,681.0058134170289,0.0,true
LINVERSE,1999,0,SLP_SAR1_PH1_ATR0,true,true,false,SMALL_STEP,368,1722.271263,681.0018375046764,0.0,false
LINVERSE,1999,0,SLP_SAR1_PH1_ATR1,true,true,true,MAX_IT,500,2353.781583,682.4780273705335,0.0,false
LMINSURF,5625,0,SLP_SAR0_PH0_ATR0,false,false,false,MAX_IT,500,6308.322277,27.81998670914788,0.0,false
LMINSURF,5625,0,SLP_SAR0_PH1_ATR0,false,true,false,MAX_IT,500,6267.068257,26.97519113026228,0.0,false
LMINSURF,5625,0,SLP_SAR0_PH1_ATR1,false,true,true,MAX_IT,500,6169.821731,28.30980621454049,0.0,false
LMINSURF,5625,0,BASE_SLP,true,false,false,MAX_IT,500,6333.593475,26.861829451413872,0.0,true
LMINSURF,5625,0,SLP_SAR1_PH1_ATR0,true,true,false,MAX_IT,500,6247.140978,26.97519113026228,0.0,false
LMINSURF,5625,0,SLP_SAR1_PH1_ATR1,true,true,true,MAX_IT,500,6240.388963,28.30980621454049,0.0,false
LOGHAIRY,2,0,SLP_SAR0_PH0_ATR0,false,false,false,KKT_OK,240,134.679949,6.206790254312016,0.0,false
LOGHAIRY,2,0,SLP_SAR0_PH1_ATR0,false,true,false,KKT_OK,13,7.771931,6.551043627839529,0.0,false
LOGHAIRY,2,0,SLP_SAR0_PH1_ATR1,false,true,true,MAX_IT,500,275.59630000000004,6.552213283023284,0.0,false
LOGHAIRY,2,0,BASE_SLP,true,false,false,KKT_OK,15,8.758935000000001,6.547842403848733,0.0,true
LOGHAIRY,2,0,SLP_SAR1_PH1_ATR0,true,true,false,KKT_OK,13,7.861638000000001,6.551043627839529,0.0,false
LOGHAIRY,2,0,SLP_SAR1_PH1_ATR1,true,true,true,MAX_IT,500,275.987654,6.552213283023284,0.0,false
LOGROS,2,0,SLP_SAR0_PH0_ATR0,false,false,false,SMALL_STEP,22,11.610172,0.1361929884080362,0.0,false
LOGROS,2,0,SLP_SAR0_PH1_ATR0,false,true,false,SMALL_STEP,22,11.531404,0.13607174674077263,0.0,false
LOGROS,2,0,SLP_SAR0_PH1_ATR1,false,true,true,SMALL_STEP,30,15.683253,0.17462757600103868,0.0,false
LOGROS,2,0,BASE_SLP,true,false,false,SMALL_STEP,21,11.037772,0.1361860943165024,0.0,true
LOGROS,2,0,SLP_SAR1_PH1_ATR0,true,true,false,SMALL_STEP,22,11.432009,0.13607174674077263,0.0,false
LOGROS,2,0,SLP_SAR1_PH1_ATR1,true,true,true,SMALL_STEP,30,15.473751,0.17462757600103868,0.0,false
LRA9A,123,0,SLP_SAR0_PH0_ATR0,false,false,false,MAX_IT,500,1813.606473,0.38745586991631425,0.0,false
LRA9A,123,0,SLP_SAR0_PH1_ATR0,false,true,false,MAX_IT,500,1473.3937210000001,0.3861846674246952,0.0,false
LRA9A,123,0,SLP_SAR0_PH1_ATR1,false,true,true,MAX_IT,500,1210.2264890000001,0.39106531386045934,0.0,false
LRA9A,123,0,BASE_SLP,true,false,false,MAX_IT,500,1377.079618,0.3856463396460738,0.0,true
LRA9A,123,0,SLP_SAR1_PH1_ATR0,true,true,false,MAX_IT,500,1411.872701,0.3861846674246952,0.0,false
LRA9A,123,0,SLP_SAR1_PH1_ATR1,true,true,true,MAX_IT,500,1201.397399,0.39106531386045934,0.0,false
LRIJCNN1,22,0,SLP_SAR0_PH0_ATR0,false,false,false,MAX_IT,500,1457.383619,0.2758984998803621,0.0,false
LRIJCNN1,22,0,SLP_SAR0_PH1_ATR0,false,true,false,KKT_OK,211,743.736671,0.27391769103062835,0.0,false
LRIJCNN1,22,0,SLP_SAR0_PH1_ATR1,false,true,true,MAX_IT,500,1299.7328109999999,0.2983115896676075,0.0,false
LRIJCNN1,22,0,BASE_SLP,true,false,false,KKT_OK,258,868.026019,0.27388023009189416,0.0,true
LRIJCNN1,22,0,SLP_SAR1_PH1_ATR0,true,true,false,KKT_OK,211,730.588429,0.27391769103062835,0.0,false
LRIJCNN1,22,0,SLP_SAR1_PH1_ATR1,true,true,true,MAX_IT,500,1267.3153379999999,0.2983115896676075,0.0,false
LRW1A,300,0,SLP_SAR0_PH0_ATR0,false,false,false,MAX_IT,500,669.104254,0.2852275500221091,0.0,false
LRW1A,300,0,SLP_SAR0_PH1_ATR0,false,true,false,KKT_OK,271,376.354636,0.28478257635075177,0.0,false
LRW1A,300,0,SLP_SAR0_PH1_ATR1,false,true,true,KKT_OK,463,706.1615049999999,0.2846857039368564,0.0,false
LRW1A,300,0,BASE_SLP,true,false,false,KKT_OK,378,508.76497099999995,0.2847220803792839,0.0,true
LRW1A,300,0,SLP_SAR1_PH1_ATR0,true,true,false,KKT_OK,271,373.845933,0.28478257635075177,0.0,false
LRW1A,300,0,SLP_SAR1_PH1_ATR1,true,true,true,KKT_OK,463,615.8886329999999,0.2846857039368564,0.0,false
LRW8A,300,0,SLP_SAR0_PH0_ATR0,false,false,false,MAX_IT,500,1997.07852,2.457965230471776,0.0,false
LRW8A,300,0,SLP_SAR0_PH1_ATR0,false,true,false,MAX_IT,500,2278.955234,2.442235063263076,0.0,false
LRW8A,300,0,SLP_SAR0_PH1_ATR1,false,true,true,MAX_IT,500,1913.968197,2.539586095088736,0.0,false
LRW8A,300,0,BASE_SLP,true,false,false,MAX_IT,500,2262.3794519999997,2.4433396478985863,0.0,true
LRW8A,300,0,SLP_SAR1_PH1_ATR0,true,true,false,MAX_IT,500,2277.398755,2.442235063263076,0.0,false
LRW8A,300,0,SLP_SAR1_PH1_ATR1,true,true,true,MAX_IT,500,1805.3090490000002,2.539586095088736,0.0,false
LSC1LS,3,0,SLP_SAR0_PH0_ATR0,false,false,false,MAX_IT,500,263.488803,1662.171950435339,0.0,false
LSC1LS,3,0,SLP_SAR0_PH1_ATR0,false,true,false,MAX_IT,500,274.633626,1621.1404785708546,0.0,false
LSC1LS,3,0,SLP_SAR0_PH1_ATR1,false,true,true,MAX_IT,500,273.642733,2092.144749726299,0.0,false
LSC1LS,3,0,BASE_SLP,true,false,false,MAX_IT,500,273.50963499999995,1637.2063023642418,0.0,true
LSC1LS,3,0,SLP_SAR1_PH1_ATR0,true,true,false,MAX_IT,500,274.916387,1621.1404785708546,0.0,false
LSC1LS,3,0,SLP_SAR1_PH1_ATR1,true,true,true,MAX_IT,500,274.73494700000003,2092.144749726299,0.0,false
LSC2LS,3,0,SLP_SAR0_PH0_ATR0,false,false,false,MAX_IT,500,267.453013,17.73625953365407,0.0,false
LSC2LS,3,0,SLP_SAR0_PH1_ATR0,false,true,false,MAX_IT,500,265.459879,20.10635049896356,0.0,false
LSC2LS,3,0,SLP_SAR0_PH1_ATR1,false,true,true,MAX_IT,500,270.739279,41.733312905845075,0.0,false
LSC2LS,3,0,BASE_SLP,true,false,false,MAX_IT,500,273.705173,19.467161759005897,0.0,true
LSC2LS,3,0,SLP_SAR1_PH1_ATR0,true,true,false,MAX_IT,500,274.651793,20.10635049896356,0.0,false
LSC2LS,3,0,SLP_SAR1_PH1_ATR1,true,true,true,MAX_IT,500,275.595278,41.733312905845075,0.0,false
LSQFIT,2,1,SLP_SAR0_PH0_ATR0,false,false,false,SMALL_STEP,29,18.557188,0.03378698787908269,5.551115123125783e-17,false
LSQFIT,2,1,SLP_SAR0_PH1_ATR0,false,true,false,SMALL_STEP,13,8.693821,0.03378698787878788,2.7755575615628914e-17,false
LSQFIT,2,1,SLP_SAR0_PH1_ATR1,false,true,true,SMALL_STEP,16,10.459611,0.03378698787878789,0.0,false
LSQFIT,2,1,BASE_SLP,true,false,false,SMALL_STEP,25,16.221492,0.03378698791089249,5.551115123125783e-17,true
LSQFIT,2,1,SLP_SAR1_PH1_ATR0,true,true,false,SMALL_STEP,13,8.695103,0.03378698787878788,2.7755575615628914e-17,false
LSQFIT,2,1,SLP_SAR1_PH1_ATR1,true,true,true,SMALL_STEP,16,10.51235,0.03378698787878789,0.0,false
LUKSAN11LS,100,0,SLP_SAR0_PH0_ATR0,false,false,false,MAX_IT,500,375.90279599999997,388.5167846794285,0.0,false
LUKSAN11LS,100,0,SLP_SAR0_PH1_ATR0,false,true,false,MAX_IT,500,393.778825,383.686500832757,0.0,false
LUKSAN11LS,100,0,SLP_SAR0_PH1_ATR1,false,true,true,MAX_IT,500,391.017494,389.5336823996091,0.0,false
LUKSAN11LS,100,0,BASE_SLP,true,false,false,MAX_IT,500,360.512203,388.83147736789743,0.0,true
LUKSAN11LS,100,0,SLP_SAR1_PH1_ATR0,true,true,false,MAX_IT,500,381.646902,383.686500832757,0.0,false
LUKSAN11LS,100,0,SLP_SAR1_PH1_ATR1,true,true,true,MAX_IT,500,394.10308,389.5336823996091,0.0,false
LUKSAN12LS,98,0,SLP_SAR0_PH0_ATR0,false,false,false,MAX_IT,500,395.70903200000004,4355.342917316824,0.0,false
LUKSAN12LS,98,0,SLP_SAR0_PH1_ATR0,false,true,false,MAX_IT,500,364.628831,4345.663119854776,0.0,false
LUKSAN12LS,98,0,SLP_SAR0_PH1_ATR1,false,true,true,MAX_IT,500,385.92816000000005,4961.489577943638,0.0,false
LUKSAN12LS,98,0,BASE_SLP,true,false,false,MAX_IT,500,391.568877,4355.460469164922,0.0,true
LUKSAN12LS,98,0,SLP_SAR1_PH1_ATR0,true,true,false,MAX_IT,500,537.78729,4345.663119854776,0.0,false
LUKSAN12LS,98,0,SLP_SAR1_PH1_ATR1,true,true,true,MAX_IT,500,370.072035,4961.489577943638,0.0,false
LUKSAN13LS,98,0,SLP_SAR0_PH0_ATR0,false,false,false,MAX_IT,500,384.965977,25272.226418621376,0.0,false
LUKSAN13LS,98,0,SLP_SAR0_PH1_ATR0,false,true,false,MAX_IT,500,400.738416,25280.191053651022,0.0,false
LUKSAN13LS,98,0,SLP_SAR0_PH1_ATR1,false,true,true,MAX_IT,500,395.718032,25751.83323935612,0.0,false
LUKSAN13LS,98,0,BASE_SLP,true,false,false,MAX_IT,500,364.828396,25247.953751836718,0.0,true
LUKSAN13LS,98,0,SLP_SAR1_PH1_ATR0,true,true,false,MAX_IT,500,383.476139,25280.191053651022,0.0,false
LUKSAN13LS,98,0,SLP_SAR1_PH1_ATR1,true,true,true,MAX_IT,500,391.442536,25751.83323935612,0.0,false
LUKSAN14LS,98,0,SLP_SAR0_PH0_ATR0,false,false,false,MAX_IT,500,390.75287199999997,125.71612877642633,0.0,false
LUKSAN14LS,98,0,SLP_SAR0_PH1_ATR0,false,true,false,SMALL_STEP,238,185.42206099999999,125.51369124845178,0.0,false
LUKSAN14LS,98,0,SLP_SAR0_PH1_ATR1,false,true,true,MAX_IT,500,508.30626599999994,131.7504134845478,0.0,false
LUKSAN14LS,98,0,BASE_SLP,true,false,false,MAX_IT,500,377.384192,125.5418467128212,0.0,true
LUKSAN14LS,98,0,SLP_SAR1_PH1_ATR0,true,true,false,SMALL_STEP,238,183.906348,125.51369124845178,0.0,false
LUKSAN14LS,98,0,SLP_SAR1_PH1_ATR1,true,true,true,MAX_IT,500,389.29303,131.7504134845478,0.0,false
LUKSAN15LS,100,0,SLP_SAR0_PH0_ATR0,false,false,false,SMALL_STEP,22,16.699993,3.569703085605998,0.0,false
LUKSAN15LS,100,0,SLP_SAR0_PH1_ATR0,false,true,false,SMALL_STEP,16,11.990898999999999,3.569697090561452,0.0,false
LUKSAN15LS,100,0,SLP_SAR0_PH1_ATR1,false,true,true,SMALL_STEP,94,69.700787,3.572189549166523,0.0,false
LUKSAN15LS,100,0,BASE_SLP,true,false,false,SMALL_STEP,19,14.404831999999999,3.570289468023643,0.0,true
LUKSAN15LS,100,0,SLP_SAR1_PH1_ATR0,true,true,false,SMALL_STEP,16,11.873028000000001,3.569697090561452,0.0,false
LUKSAN15LS,100,0,SLP_SAR1_PH1_ATR1,true,true,true,SMALL_STEP,94,69.72099399999999,3.572189549166523,0.0,false
LUKSAN16LS,100,0,SLP_SAR0_PH0_ATR0,false,false,false,SMALL_STEP,154,120.383056,3.8138726759634287,0.0,false
LUKSAN16LS,100,0,SLP_SAR0_PH1_ATR0,false,true,false,SMALL_STEP,130,103.674968,3.5780545439442197,0.0,false
LUKSAN16LS,100,0,SLP_SAR0_PH1_ATR1,false,true,true,MAX_IT,500,519.9812539999999,1951.219892926288,0.0,false
LUKSAN16LS,100,0,BASE_SLP,true,false,false,SMALL_STEP,127,96.794714,4.186051730815624,0.0,true
LUKSAN16LS,100,0,SLP_SAR1_PH1_ATR0,true,true,false,SMALL_STEP,130,100.93715999999999,3.5780545439442197,0.0,false
LUKSAN16LS,100,0,SLP_SAR1_PH1_ATR1,true,true,true,MAX_IT,500,389.548682,1951.219892926288,0.0,false
LUKSAN17LS,100,0,SLP_SAR0_PH0_ATR0,false,false,false,MAX_IT,500,412.184518,0.6194715410503682,0.0,false
LUKSAN17LS,100,0,SLP_SAR0_PH1_ATR0,false,true,false,SMALL_STEP,486,522.1122700000001,0.5775390818127036,0.0,false
LUKSAN17LS,100,0,SLP_SAR0_PH1_ATR1,false,true,true,MAX_IT,500,398.938174,43.685575093230526,0.0,false
LUKSAN17LS,100,0,BASE_SLP,true,false,false,SMALL_STEP,476,385.633761,0.8635430427556356,0.0,true
LUKSAN17LS,100,0,SLP_SAR1_PH1_ATR0,true,true,false,SMALL_STEP,486,403.150724,0.5775390818127036,0.0,false
LUKSAN17LS,100,0,SLP_SAR1_PH1_ATR1,true,true,true,MAX_IT,500,578.552762,43.685575093230526,0.0,false
LUKSAN21LS,100,0,SLP_SAR0_PH0_ATR0,false,false,false,MAX_IT,500,397.066125,96.50895692198203,0.0,false
LUKSAN21LS,100,0,SLP_SAR0_PH1_ATR0,false,true,false,MAX_IT,500,348.595795,95.17223591998228,0.0,false
LUKSAN21LS,100,0,SLP_SAR0_PH1_ATR1,false,true,true,MAX_IT,500,386.92084900000003,97.87357607242382,0.0,false
LUKSAN21LS,100,0,BASE_SLP,true,false,false,MAX_IT,500,392.86382399999997,95.49892053467768,0.0,true
LUKSAN21LS,100,0,SLP_SAR1_PH1_ATR0,true,true,false,MAX_IT,500,390.793723,95.17223591998228,0.0,false
LUKSAN21LS,100,0,SLP_SAR1_PH1_ATR1,true,true,true,MAX_IT,500,361.796035,97.87357607242382,0.0,false
LUKSAN22LC,100,0,SLP_SAR0_PH0_ATR0,false,false,false,MAX_IT,500,397.799692,874.8332218732706,0.0,false
LUKSAN22LC,100,0,SLP_SAR0_PH1_ATR0,false,true,false,MAX_IT,500,373.45401,874.5355625004065,0.0,false
LUKSAN22LC,100,0,SLP_SAR0_PH1_ATR1,false,true,true,MAX_IT,500,388.721279,880.159074325006,0.0,false
LUKSAN22LC,100,0,BASE_SLP,true,false,false,MAX_IT,500,393.555983,875.0224681919315,0.0,true
LUKSAN22LC,100,0,SLP_SAR1_PH1_ATR0,true,true,false,MAX_IT,500,551.584129,874.5355625004065,0.0,false
LUKSAN22LC,100,0,SLP_SAR1_PH1_ATR1,true,true,true,MAX_IT,500,367.755159,880.159074325006,0.0,false
LUKSAN22LS,100,0,SLP_SAR0_PH0_ATR0,false,false,false,MAX_IT,500,394.281418,870.0773448299857,0.0,false
LUKSAN22LS,100,0,SLP_SAR0_PH1_ATR0,false,true,false,MAX_IT,500,371.57043899999996,869.3295368275715,0.0,false
LUKSAN22LS,100,0,SLP_SAR0_PH1_ATR1,false,true,true,MAX_IT,500,388.360478,875.026211516734,0.0,false
LUKSAN22LS,100,0,BASE_SLP,true,false,false,MAX_IT,500,395.36846599999996,870.0839711071699,0.0,true
LUKSAN22LS,100,0,SLP_SAR1_PH1_ATR0,true,true,false,MAX_IT,500,559.694854,869.3295368275715,0.0,false
LUKSAN22LS,100,0,SLP_SAR1_PH1_ATR1,true,true,true,MAX_IT,500,364.045112,875.026211516734,0.0,false
MANCINO,100,0,SLP_SAR0_PH0_ATR0,false,false,false,MAX_IT,500,756.919547,8412.081436082204,0.0,false
MANCINO,100,0,SLP_SAR0_PH1_ATR0,false,true,false,SMALL_STEP,343,552.529708,6.719396757355123,0.0,false
MANCINO,100,0,SLP_SAR0_PH1_ATR1,false,true,true,MAX_IT,500,681.426039,205198.13964101745,0.0,false
MANCINO,100,0,BASE_SLP,true,false,false,SMALL_STEP,320,507.75788099999994,0.8650324877972797,0.0,true
MANCINO,100,0,SLP_SAR1_PH1_ATR0,true,true,false,SMALL_STEP,343,548.610794,6.719396757355123,0.0,false
MANCINO,100,0,SLP_SAR1_PH1_ATR1,true,true,true,MAX_IT,500,730.147172,205198.13964101745,0.0,false
MARATOS,2,1,SLP_SAR0_PH0_ATR0,false,false,false,MAX_IT,500,324.566289,-1.182126492770465,0.4130490214623532,false
MARATOS,2,1,SLP_SAR0_PH1_ATR0,false,true,false,MAX_IT,500,285.913425,-1.1095936742700176,0.41609904538195075,false
MARATOS,2,1,SLP_SAR0_PH1_ATR1,false,true,true,SMALL_STEP,56,32.167694,-1.00000000319999,1.0000000085441865e-8,false
MARATOS,2,1,BASE_SLP,true,false,false,MAX_IT,500,302.75237,-1.3861721276221208,1.0191322427828946,true
MARATOS,2,1,SLP_SAR1_PH1_ATR0,true,true,false,MAX_IT,500,303.19095200000004,-1.1095936742700176,0.41609904538195075,false
MARATOS,2,1,SLP_SAR1_PH1_ATR1,true,true,true,SMALL_STEP,56,34.152156000000005,-1.00000000319999,1.0000000085441865e-8,false
MARATOSB,2,0,SLP_SAR0_PH0_ATR0,false,false,false,SMALL_STEP,10,5.554219,1.0,0.0,false
MARATOSB,2,0,SLP_SAR0_PH1_ATR0,false,true,false,SMALL_STEP,8,4.414816999999999,1.0,0.0,false
MARATOSB,2,0,SLP_SAR0_PH1_ATR1,false,true,true,SMALL_STEP,12,6.570339,1.0,0.0,false
MARATOSB,2,0,BASE_SLP,true,false,false,SMALL_STEP,9,4.978171,1.0,0.0,true
MARATOSB,2,0,SLP_SAR1_PH1_ATR0,true,true,false,SMALL_STEP,8,4.393658,1.0,0.0,false
MARATOSB,2,0,SLP_SAR1_PH1_ATR1,true,true,true,SMALL_STEP,12,6.612377,1.0,0.0,false
MAXLIKA,8,0,SLP_SAR0_PH0_ATR0,false,false,false,MAX_IT,500,284.093545,1164.0400555969131,0.0,false
MAXLIKA,8,0,SLP_SAR0_PH1_ATR0,false,true,false,MAX_IT,500,284.89840100000004,1159.4208843110744,0.0,false
MAXLIKA,8,0,SLP_SAR0_PH1_ATR1,false,true,true,MAX_IT,500,288.53371,1241.855352770362,0.0,false
MAXLIKA,8,0,BASE_SLP,true,false,false,MAX_IT,500,289.80071200000003,1159.9027556158549,0.0,true
MAXLIKA,8,0,SLP_SAR1_PH1_ATR0,true,true,false,MAX_IT,500,291.629662,1159.4208843110744,0.0,false
MAXLIKA,8,0,SLP_SAR1_PH1_ATR1,true,true,true,MAX_IT,500,288.13710100000003,1241.855352770362,0.0,false
MCCORMCK,5000,0,SLP_SAR0_PH0_ATR0,false,false,false,MAX_IT,500,5735.989594000001,-4566.081074929087,0.0,false
MCCORMCK,5000,0,SLP_SAR0_PH1_ATR0,false,true,false,MAX_IT,500,5486.150632,-4566.318787521309,0.0,false
MCCORMCK,5000,0,SLP_SAR0_PH1_ATR1,false,true,true,MAX_IT,500,5564.519273,-4566.560847214405,0.0,false
MCCORMCK,5000,0,BASE_SLP,true,false,false,MAX_IT,500,5683.506678,-4566.262323709669,0.0,true
MCCORMCK,5000,0,SLP_SAR1_PH1_ATR0,true,true,false,MAX_IT,500,5503.927468999999,-4566.318787521309,0.0,false
MCCORMCK,5000,0,SLP_SAR1_PH1_ATR1,true,true,true,MAX_IT,500,6093.09062,-4566.560847214405,0.0,false
MDHOLE,2,0,SLP_SAR0_PH0_ATR0,false,false,false,MAX_IT,500,276.522188,6.628165950148007,0.0,false
MDHOLE,2,0,SLP_SAR0_PH1_ATR0,false,true,false,MAX_IT,500,273.722842,6.830523150668913,0.0,false
MDHOLE,2,0,SLP_SAR0_PH1_ATR1,false,true,true,MAX_IT,500,272.62046899999996,8.985936692793711,0.0,false
MDHOLE,2,0,BASE_SLP,true,false,false,MAX_IT,500,271.864877,7.050782785608269,0.0,true
MDHOLE,2,0,SLP_SAR1_PH1_ATR0,true,true,false,MAX_IT,500,272.877432,6.830523150668913,0.0,false
MDHOLE,2,0,SLP_SAR1_PH1_ATR1,true,true,true,MAX_IT,500,272.767627,8.985936692793711,0.0,false
METHANB8LS,31,0,SLP_SAR0_PH0_ATR0,false,false,false,SMALL_STEP,43,26.944447,0.06658668964462822,0.0,false
METHANB8LS,31,0,SLP_SAR0_PH1_ATR0,false,true,false,SMALL_STEP,24,15.071315,0.11595789751513093,0.0,false
METHANB8LS,31,0,SLP_SAR0_PH1_ATR1,false,true,true,SMALL_STEP,112,70.010334,0.0300772893721936,0.0,false
METHANB8LS,31,0,BASE_SLP,true,false,false,SMALL_STEP,30,18.946395000000003,0.14628810876954226,0.0,true
METHANB8LS,31,0,SLP_SAR1_PH1_ATR0,true,true,false,SMALL_STEP,24,15.113254,0.11595789751513093,0.0,false
METHANB8LS,31,0,SLP_SAR1_PH1_ATR1,true,true,true,SMALL_STEP,112,253.313624,0.0300772893721936,0.0,false
METHANL8LS,31,0,SLP_SAR0_PH0_ATR0,false,false,false,MAX_IT,500,315.037764,6.060048426569656,0.0,false
METHANL8LS,31,0,SLP_SAR0_PH1_ATR0,false,true,false,SMALL_STEP,318,198.738351,5.182102041722228,0.0,false
METHANL8LS,31,0,SLP_SAR0_PH1_ATR1,false,true,true,MAX_IT,500,312.13234,98.90151014990478,0.0,false
METHANL8LS,31,0,BASE_SLP,true,false,false,SMALL_STEP,350,217.883108,5.084110142709399,0.0,true
METHANL8LS,31,0,SLP_SAR1_PH1_ATR0,true,true,false,SMALL_STEP,318,198.402294,5.182102041722228,0.0,false
METHANL8LS,31,0,SLP_SAR1_PH1_ATR1,true,true,true,MAX_IT,500,287.744578,98.90151014990478,0.0,false
MEXHAT,2,0,SLP_SAR0_PH0_ATR0,false,false,false,SMALL_STEP,13,6.869712,0.24742564482185933,0.0,false
MEXHAT,2,0,SLP_SAR0_PH1_ATR0,false,true,false,SMALL_STEP,12,6.260563,0.23780037219091996,0.0,false
MEXHAT,2,0,SLP_SAR0_PH1_ATR1,false,true,true,SMALL_STEP,12,6.267225000000001,0.23712009931729855,0.0,false
MEXHAT,2,0,BASE_SLP,true,false,false,SMALL_STEP,13,6.743486,0.2557835902733667,0.0,true
MEXHAT,2,0,SLP_SAR1_PH1_ATR0,true,true,false,SMALL_STEP,12,6.52703,0.23780037219091996,0.0,false
MEXHAT,2,0,SLP_SAR1_PH1_ATR1,true,true,true,SMALL_STEP,12,6.5508049999999995,0.23712009931729855,0.0,false
MEYER3,3,0,SLP_SAR0_PH0_ATR0,false,false,false,SMALL_STEP,19,10.428890999999998,7.01839760827547e6,0.0,false
MEYER3,3,0,SLP_SAR0_PH1_ATR0,false,true,false,SMALL_STEP,10,5.444896,7.018091683744164e6,0.0,false
MEYER3,3,0,SLP_SAR0_PH1_ATR1,false,true,true,SMALL_STEP,12,6.590770999999999,7.018233616141991e6,0.0,false
MEYER3,3,0,BASE_SLP,true,false,false,SMALL_STEP,15,8.211442,7.0182421509287665e6,0.0,true
MEYER3,3,0,SLP_SAR1_PH1_ATR0,true,true,false,SMALL_STEP,10,5.475334,7.018091683744164e6,0.0,false
MEYER3,3,0,SLP_SAR1_PH1_ATR1,true,true,true,SMALL_STEP,12,6.513926,7.018233616141991e6,0.0,false
MGH09LS,4,0,SLP_SAR0_PH0_ATR0,false,false,false,KKT_OK,32,17.733396,0.010991690722610544,0.0,false
MGH09LS,4,0,SLP_SAR0_PH1_ATR0,false,true,false,KKT_OK,35,19.488499,0.010976467887760119,0.0,false
MGH09LS,4,0,SLP_SAR0_PH1_ATR1,false,true,true,KKT_OK,34,18.920666999999998,0.011051066298549697,0.0,false
MGH09LS,4,0,BASE_SLP,true,false,false,KKT_OK,32,17.664417,0.010991690722610544,0.0,true
MGH09LS,4,0,SLP_SAR1_PH1_ATR0,true,true,false,KKT_OK,35,19.380798000000002,0.010976467887760119,0.0,false
MGH09LS,4,0,SLP_SAR1_PH1_ATR1,true,true,true,KKT_OK,34,18.891562,0.011051066298549697,0.0,false
MGH10LS,3,0,SLP_SAR0_PH0_ATR0,false,false,false,SMALL_STEP,31,17.171796,1.3668652391677635e9,0.0,false
MGH10LS,3,0,SLP_SAR0_PH1_ATR0,false,true,false,SMALL_STEP,15,8.292974999999998,1.3668644620852487e9,0.0,false
MGH10LS,3,0,SLP_SAR0_PH1_ATR1,false,true,true,SMALL_STEP,18,9.975543,1.3668644627905464e9,0.0,false
MGH10LS,3,0,BASE_SLP,true,false,false,SMALL_STEP,31,16.942206000000002,1.3668652391677635e9,0.0,true
MGH10LS,3,0,SLP_SAR1_PH1_ATR0,true,true,false,SMALL_STEP,15,8.240647000000001,1.3668644620852487e9,0.0,false
MGH10LS,3,0,SLP_SAR1_PH1_ATR1,true,true,true,SMALL_STEP,18,9.868834,1.3668644627905464e9,0.0,false
MGH10SLS,3,0,SLP_SAR0_PH0_ATR0,false,false,false,MAX_IT,500,270.192749,1.3953202845712416e9,0.0,false
MGH10SLS,3,0,SLP_SAR0_PH1_ATR0,false,true,false,MAX_IT,500,275.77358000000004,1.3951646116073613e9,0.0,false
MGH10SLS,3,0,SLP_SAR0_PH1_ATR1,false,true,true,MAX_IT,500,273.66919299999995,1.395684215405093e9,0.0,false
MGH10SLS,3,0,BASE_SLP,true,false,false,MAX_IT,500,275.132432,1.3953203750251741e9,0.0,true
MGH10SLS,3,0,SLP_SAR1_PH1_ATR0,true,true,false,MAX_IT,500,275.257537,1.3951646116073613e9,0.0,false
MGH10SLS,3,0,SLP_SAR1_PH1_ATR1,true,true,true,MAX_IT,500,276.159514,1.395684215405093e9,0.0,false
MGH17LS,5,0,SLP_SAR0_PH0_ATR0,false,false,false,SMALL_STEP,26,15.457659,24790.944855481615,0.0,false
MGH17LS,5,0,SLP_SAR0_PH1_ATR0,false,true,false,SMALL_STEP,27,14.707315,24790.318723942666,0.0,false
MGH17LS,5,0,SLP_SAR0_PH1_ATR1,false,true,true,SMALL_STEP,26,14.012355000000001,24737.164840893798,0.0,false
MGH17LS,5,0,BASE_SLP,true,false,false,SMALL_STEP,26,14.096703,24790.926732365562,0.0,true
MGH17LS,5,0,SLP_SAR1_PH1_ATR0,true,true,false,SMALL_STEP,27,14.561212000000001,24790.318723942666,0.0,false
MGH17LS,5,0,SLP_SAR1_PH1_ATR1,true,true,true,SMALL_STEP,26,14.045377,24737.164840893798,0.0,false
MGH17SLS,5,0,SLP_SAR0_PH0_ATR0,false,false,false,KKT_OK,112,62.027075,1.1060313707602716,0.0,false
MGH17SLS,5,0,SLP_SAR0_PH1_ATR0,false,true,false,SMALL_STEP,77,41.553421,1.1060315175583286,0.0,false
MGH17SLS,5,0,SLP_SAR0_PH1_ATR1,false,true,true,SMALL_STEP,122,66.004136,1.1060314220426708,0.0,false
MGH17SLS,5,0,BASE_SLP,true,false,false,SMALL_STEP,76,40.850296,1.106031418238361,0.0,true
MGH17SLS,5,0,SLP_SAR1_PH1_ATR0,true,true,false,SMALL_STEP,77,41.428146999999996,1.1060315175583286,0.0,false
MGH17SLS,5,0,SLP_SAR1_PH1_ATR1,true,true,true,SMALL_STEP,122,67.666666,1.1060314220426708,0.0,false
MINSURF,64,0,SLP_SAR0_PH0_ATR0,false,false,false,KKT_OK,77,55.165868,1.000003843282608,0.0,false
MINSURF,64,0,SLP_SAR0_PH1_ATR0,false,true,false,KKT_OK,40,28.479101,1.0000004658886863,0.0,false
MINSURF,64,0,SLP_SAR0_PH1_ATR1,false,true,true,MAX_IT,500,515.205777,1.0267591863904761,0.0,false
MINSURF,64,0,BASE_SLP,true,false,false,KKT_OK,58,38.191863,1.0000038051357774,0.0,true
MINSURF,64,0,SLP_SAR1_PH1_ATR0,true,true,false,KKT_OK,40,25.843951,1.0000004658886863,0.0,false
MINSURF,64,0,SLP_SAR1_PH1_ATR1,true,true,true,MAX_IT,500,334.444838,1.0267591863904761,0.0,false
MINSURFO,5306,0,SLP_SAR0_PH0_ATR0,false,false,false,MAX_IT,500,6205.767223999999,2.5277554267818694,0.0,false
MINSURFO,5306,0,SLP_SAR0_PH1_ATR0,false,true,false,MAX_IT,500,6050.999079,2.5146880438791457,0.0,false
MINSURFO,5306,0,SLP_SAR0_PH1_ATR1,false,true,true,MAX_IT,500,6049.361086,2.5397460756567,0.0,false
MINSURFO,5306,0,BASE_SLP,true,false,false,SMALL_STEP,256,3043.698773,2.521860287451139,0.0,true
MINSURFO,5306,0,SLP_SAR1_PH1_ATR0,true,true,false,MAX_IT,500,6093.391207,2.5146880438791457,0.0,false
MINSURFO,5306,0,SLP_SAR1_PH1_ATR1,true,true,true,MAX_IT,500,5896.869936,2.5397460756567,0.0,false
MISRA1ALS,2,0,SLP_SAR0_PH0_ATR0,false,false,false,SMALL_STEP,10,5.366622,28.38260888690872,0.0,false
MISRA1ALS,2,0,SLP_SAR0_PH1_ATR0,false,true,false,SMALL_STEP,10,5.386068,20.90689977876635,0.0,false
MISRA1ALS,2,0,SLP_SAR0_PH1_ATR1,false,true,true,SMALL_STEP,14,7.436976,19.649999614630513,0.0,false
MISRA1ALS,2,0,BASE_SLP,true,false,false,SMALL_STEP,10,5.314895,28.38260888690872,0.0,true
MISRA1ALS,2,0,SLP_SAR1_PH1_ATR0,true,true,false,SMALL_STEP,10,5.3870000000000005,20.90689977876635,0.0,false
MISRA1ALS,2,0,SLP_SAR1_PH1_ATR1,true,true,true,SMALL_STEP,14,7.389958,19.649999614630513,0.0,false
MISRA1BLS,2,0,SLP_SAR0_PH0_ATR0,false,false,false,SMALL_STEP,10,5.66992,14.519585194326154,0.0,false
MISRA1BLS,2,0,SLP_SAR0_PH1_ATR0,false,true,false,SMALL_STEP,10,5.537631999999999,18.432015612939516,0.0,false
MISRA1BLS,2,0,SLP_SAR0_PH1_ATR1,false,true,true,SMALL_STEP,14,7.8267549999999995,7.576531813242964,0.0,false
MISRA1BLS,2,0,BASE_SLP,true,false,false,SMALL_STEP,10,5.585171,14.519585194326154,0.0,true
MISRA1BLS,2,0,SLP_SAR1_PH1_ATR0,true,true,false,SMALL_STEP,10,5.556647,18.432015612939516,0.0,false
MISRA1BLS,2,0,SLP_SAR1_PH1_ATR1,true,true,true,SMALL_STEP,14,7.783104,7.576531813242964,0.0,false
MISRA1CLS,2,0,SLP_SAR0_PH0_ATR0,false,false,false,SMALL_STEP,10,5.571004,13.432783548990976,0.0,false
MISRA1CLS,2,0,SLP_SAR0_PH1_ATR0,false,true,false,SMALL_STEP,11,6.23652,9.317908251209865,0.0,false
MISRA1CLS,2,0,SLP_SAR0_PH1_ATR1,false,true,true,SMALL_STEP,16,8.813532,5.066752710437638,0.0,false
MISRA1CLS,2,0,BASE_SLP,true,false,false,SMALL_STEP,10,5.580261,13.432783548990976,0.0,true
MISRA1CLS,2,0,SLP_SAR1_PH1_ATR0,true,true,false,SMALL_STEP,11,6.074877,9.317908251209865,0.0,false
MISRA1CLS,2,0,SLP_SAR1_PH1_ATR1,true,true,true,SMALL_STEP,16,8.872021,5.066752710437638,0.0,false
MISRA1DLS,2,0,SLP_SAR0_PH0_ATR0,false,false,false,SMALL_STEP,10,5.612642,62.24179585320659,0.0,false
MISRA1DLS,2,0,SLP_SAR0_PH1_ATR0,false,true,false,SMALL_STEP,12,6.660724,1.110406096474146,0.0,false
MISRA1DLS,2,0,SLP_SAR0_PH1_ATR1,false,true,true,SMALL_STEP,16,8.879615000000001,3.988465045874756,0.0,false
MISRA1DLS,2,0,BASE_SLP,true,false,false,SMALL_STEP,10,5.562378,62.24179585320659,0.0,true
MISRA1DLS,2,0,SLP_SAR1_PH1_ATR0,true,true,false,SMALL_STEP,12,6.719072000000001,1.110406096474146,0.0,false
MISRA1DLS,2,0,SLP_SAR1_PH1_ATR1,true,true,true,SMALL_STEP,16,8.868374,3.988465045874756,0.0,false
MODBEALE,20000,0,SLP_SAR0_PH0_ATR0,false,false,false,MAX_IT,500,22635.511591,5821.07578357376,0.0,false
MODBEALE,20000,0,SLP_SAR0_PH1_ATR0,false,true,false,MAX_IT,500,24620.004727,5556.355350416374,0.0,false
MODBEALE,20000,0,SLP_SAR0_PH1_ATR1,false,true,true,MAX_IT,500,24810.530456,13161.865364622776,0.0,false
MODBEALE,20000,0,BASE_SLP,true,false,false,MAX_IT,500,24464.883665999998,4959.3787691595735,0.0,true
MODBEALE,20000,0,SLP_SAR1_PH1_ATR0,true,true,false,MAX_IT,500,25032.049812,5556.355350416374,0.0,false
MODBEALE,20000,0,SLP_SAR1_PH1_ATR1,true,true,true,MAX_IT,500,24955.084156,13161.865364622776,0.0,false
MOREBV,5000,0,SLP_SAR0_PH0_ATR0,false,false,false,KKT_OK,0,0.221354,1.0395423971692418e-11,0.0,false
MOREBV,5000,0,SLP_SAR0_PH1_ATR0,false,true,false,KKT_OK,0,0.202209,1.0395423971692418e-11,0.0,false
MOREBV,5000,0,SLP_SAR0_PH1_ATR1,false,true,true,KKT_OK,0,0.207849,1.0395423971692418e-11,0.0,false
MOREBV,5000,0,BASE_SLP,true,false,false,KKT_OK,0,0.201828,1.0395423971692418e-11,0.0,true
MOREBV,5000,0,SLP_SAR1_PH1_ATR0,true,true,false,KKT_OK,0,0.20252,1.0395423971692418e-11,0.0,false
MOREBV,5000,0,SLP_SAR1_PH1_ATR1,true,true,true,KKT_OK,0,0.201067,1.0395423971692418e-11,0.0,false
MSQRTALS,1024,0,SLP_SAR0_PH0_ATR0,false,false,false,MAX_IT,500,1394.159311,0.43105222564380424,0.0,false
MSQRTALS,1024,0,SLP_SAR0_PH1_ATR0,false,true,false,MAX_IT,500,1571.580232,0.13056389586830378,0.0,false
MSQRTALS,1024,0,SLP_SAR0_PH1_ATR1,false,true,true,MAX_IT,500,1488.2285669999999,2.3517931482596057,0.0,false
MSQRTALS,1024,0,BASE_SLP,true,false,false,MAX_IT,500,1528.9116000000001,0.16152525341473448,0.0,true
MSQRTALS,1024,0,SLP_SAR1_PH1_ATR0,true,true,false,MAX_IT,500,1527.46805,0.13056389586830378,0.0,false
MSQRTALS,1024,0,SLP_SAR1_PH1_ATR1,true,true,true,MAX_IT,500,1471.294234,2.3517931482596057,0.0,false
MSQRTBLS,1024,0,SLP_SAR0_PH0_ATR0,false,false,false,MAX_IT,500,1461.142089,0.36148149928428336,0.0,false
MSQRTBLS,1024,0,SLP_SAR0_PH1_ATR0,false,true,false,MAX_IT,500,1507.95874,0.11637017170371539,0.0,false
MSQRTBLS,1024,0,SLP_SAR0_PH1_ATR1,false,true,true,MAX_IT,500,1443.8367,1.860469644175322,0.0,false
MSQRTBLS,1024,0,BASE_SLP,true,false,false,MAX_IT,500,1496.10793,0.1357318134848567,0.0,true
MSQRTBLS,1024,0,SLP_SAR1_PH1_ATR0,true,true,false,MAX_IT,500,1580.1607689999998,0.11637017170371539,0.0,false
MSQRTBLS,1024,0,SLP_SAR1_PH1_ATR1,true,true,true,MAX_IT,500,1434.0615910000001,1.860469644175322,0.0,false
MUONSINELS,1,0,SLP_SAR0_PH0_ATR0,false,false,false,SMALL_STEP,19,10.577748999999999,43874.11692260679,0.0,false
MUONSINELS,1,0,SLP_SAR0_PH1_ATR0,false,true,false,SMALL_STEP,12,6.725852,43874.116919519314,0.0,false
MUONSINELS,1,0,SLP_SAR0_PH1_ATR1,false,true,true,SMALL_STEP,16,8.819435,43874.116919540786,0.0,false
MUONSINELS,1,0,BASE_SLP,true,false,false,SMALL_STEP,20,10.982327,43874.11692260679,0.0,true
MUONSINELS,1,0,SLP_SAR1_PH1_ATR0,true,true,false,SMALL_STEP,12,6.545363999999999,43874.116919519314,0.0,false
MUONSINELS,1,0,SLP_SAR1_PH1_ATR1,true,true,true,SMALL_STEP,16,8.757228000000001,43874.116919540786,0.0,false
NCB20,5010,0,SLP_SAR0_PH0_ATR0,false,false,false,MAX_IT,500,5712.491344,-1453.9675324074715,0.0,false
NCB20,5010,0,SLP_SAR0_PH1_ATR0,false,true,false,MAX_IT,500,5850.983202,-1450.3906430329553,0.0,false
NCB20,5010,0,SLP_SAR0_PH1_ATR1,false,true,true,MAX_IT,500,5984.458031,-1299.679317488034,0.0,false
NCB20,5010,0,BASE_SLP,true,false,false,MAX_IT,500,5787.320208,-1450.8911870608174,0.0,true
NCB20,5010,0,SLP_SAR1_PH1_ATR0,true,true,false,MAX_IT,500,5841.036166,-1450.3906430329553,0.0,false
NCB20,5010,0,SLP_SAR1_PH1_ATR1,true,true,true,MAX_IT,500,5719.818228,-1299.679317488034,0.0,false
NCB20B,5000,0,SLP_SAR0_PH0_ATR0,false,false,false,SMALL_STEP,43,515.096821,7351.3076307086185,0.0,false
NCB20B,5000,0,SLP_SAR0_PH1_ATR0,false,true,false,SMALL_STEP,74,811.0051000000001,7351.306799184851,0.0,false
NCB20B,5000,0,SLP_SAR0_PH1_ATR1,false,true,true,SMALL_STEP,220,2486.833916,7351.306139216862,0.0,false
NCB20B,5000,0,BASE_SLP,true,false,false,SMALL_STEP,32,346.358292,7351.30499377674,0.0,true
NCB20B,5000,0,SLP_SAR1_PH1_ATR0,true,true,false,SMALL_STEP,74,819.881544,7351.306799184851,0.0,false
NCB20B,5000,0,SLP_SAR1_PH1_ATR1,true,true,true,SMALL_STEP,220,2413.327366,7351.306139216862,0.0,false
NCVXPHP1,10000,0,SLP_SAR0_PH0_ATR0,false,false,false,KKT_OK,15,313.673841,-1.985543845659e10,0.0,false
NCVXPHP1,10000,0,SLP_SAR0_PH1_ATR0,false,true,false,KKT_OK,15,377.438646,-1.985543845659e10,0.0,false
NCVXPHP1,10000,0,SLP_SAR0_PH1_ATR1,false,true,true,KKT_OK,15,302.111153,-1.985543845659e10,0.0,false
NCVXPHP1,10000,0,BASE_SLP,true,false,false,KKT_OK,15,305.55525700000004,-1.985543845659e10,0.0,true
NCVXPHP1,10000,0,SLP_SAR1_PH1_ATR0,true,true,false,KKT_OK,15,302.248261,-1.985543845659e10,0.0,false
NCVXPHP1,10000,0,SLP_SAR1_PH1_ATR1,true,true,true,KKT_OK,15,301.076275,-1.985543845659e10,0.0,false
NCVXPHP2,10000,0,SLP_SAR0_PH0_ATR0,false,false,false,SMALL_STEP,399,8443.855521,-1.3340226132946018e10,0.0,false
NCVXPHP2,10000,0,SLP_SAR0_PH1_ATR0,false,true,false,SMALL_STEP,128,2762.487406,-1.3340226132946007e10,0.0,false
NCVXPHP2,10000,0,SLP_SAR0_PH1_ATR1,false,true,true,MAX_IT,500,10960.573286,-1.3340223826140324e10,0.0,false
NCVXPHP2,10000,0,BASE_SLP,true,false,false,SMALL_STEP,181,3724.660337,-1.3340226132945623e10,0.0,true
NCVXPHP2,10000,0,SLP_SAR1_PH1_ATR0,true,true,false,SMALL_STEP,128,2648.24229,-1.3340226132946007e10,0.0,false
NCVXPHP2,10000,0,SLP_SAR1_PH1_ATR1,true,true,true,MAX_IT,500,10583.674599,-1.3340223826140324e10,0.0,false
NCVXPHP3,10000,0,SLP_SAR0_PH0_ATR0,false,false,false,MAX_IT,500,10431.324863,-6.559423909352676e9,0.0,false
NCVXPHP3,10000,0,SLP_SAR0_PH1_ATR0,false,true,false,MAX_IT,500,10692.486857,-6.559425637716977e9,0.0,false
NCVXPHP3,10000,0,SLP_SAR0_PH1_ATR1,false,true,true,MAX_IT,500,10701.230349,-6.55942165095741e9,0.0,false
NCVXPHP3,10000,0,BASE_SLP,true,false,false,MAX_IT,500,10474.504806,-6.55942569704901e9,0.0,true
NCVXPHP3,10000,0,SLP_SAR1_PH1_ATR0,true,true,false,MAX_IT,500,10801.714213000001,-6.559425637716977e9,0.0,false
NCVXPHP3,10000,0,SLP_SAR1_PH1_ATR1,true,true,true,MAX_IT,500,10606.045961,-6.55942165095741e9,0.0,false
NELSONLS,3,0,SLP_SAR0_PH0_ATR0,false,false,false,SMALL_STEP,10,5.350656,60.35297086515446,0.0,false
NELSONLS,3,0,SLP_SAR0_PH1_ATR0,false,true,false,SMALL_STEP,8,4.292574,60.41078371548112,0.0,false
NELSONLS,3,0,SLP_SAR0_PH1_ATR1,false,true,true,SMALL_STEP,10,5.297537,60.66821222338182,0.0,false
NELSONLS,3,0,BASE_SLP,true,false,false,SMALL_STEP,10,5.3326720000000005,60.35297086515446,0.0,true
NELSONLS,3,0,SLP_SAR1_PH1_ATR0,true,true,false,SMALL_STEP,8,4.270372,60.41078371548112,0.0,false
NELSONLS,3,0,SLP_SAR1_PH1_ATR1,true,true,true,SMALL_STEP,10,5.3241570000000005,60.66821222338182,0.0,false
NLMSURF,5625,0,SLP_SAR0_PH0_ATR0,false,false,false,MAX_IT,500,5991.9644610000005,80.56380371645385,0.0,false
NLMSURF,5625,0,SLP_SAR0_PH1_ATR0,false,true,false,MAX_IT,500,6006.757543,79.7004322583481,0.0,false
NLMSURF,5625,0,SLP_SAR0_PH1_ATR1,false,true,true,MAX_IT,500,5966.9772490000005,80.46304790718432,0.0,false
NLMSURF,5625,0,BASE_SLP,true,false,false,MAX_IT,500,6511.653443,79.61290805806257,0.0,true
NLMSURF,5625,0,SLP_SAR1_PH1_ATR0,true,true,false,MAX_IT,500,6432.814962,79.7004322583481,0.0,false
NLMSURF,5625,0,SLP_SAR1_PH1_ATR1,true,true,true,MAX_IT,500,6278.152045,80.46304790718432,0.0,false
NOBNDTOR,5476,0,SLP_SAR0_PH0_ATR0,false,false,false,SMALL_STEP,346,4187.041512000001,-0.43659235167388166,0.0,false
NOBNDTOR,5476,0,SLP_SAR0_PH1_ATR0,false,true,false,SMALL_STEP,293,3444.705352,-0.442880701707626,0.0,false
NOBNDTOR,5476,0,SLP_SAR0_PH1_ATR1,false,true,true,MAX_IT,500,5962.785642,-0.42972069977511274,0.0,false
NOBNDTOR,5476,0,BASE_SLP,true,false,false,SMALL_STEP,238,2901.99592,-0.43937104242852726,0.0,true
NOBNDTOR,5476,0,SLP_SAR1_PH1_ATR0,true,true,false,SMALL_STEP,293,4281.916443,-0.442880701707626,0.0,false
NOBNDTOR,5476,0,SLP_SAR1_PH1_ATR1,true,true,true,MAX_IT,500,5883.772669,-0.42972069977511274,0.0,false
NONCVXU2,5000,0,SLP_SAR0_PH0_ATR0,false,false,false,MAX_IT,500,5290.419451,2.2267183427145758e11,0.0,false
NONCVXU2,5000,0,SLP_SAR0_PH1_ATR0,false,true,false,MAX_IT,500,5688.649411,2.2267183427145758e11,0.0,false
NONCVXU2,5000,0,SLP_SAR0_PH1_ATR1,false,true,true,MAX_IT,500,5442.059821,2.2267183427145758e11,0.0,false
NONCVXU2,5000,0,BASE_SLP,true,false,false,MAX_IT,500,5462.3778999999995,2.2267183427145758e11,0.0,true
NONCVXU2,5000,0,SLP_SAR1_PH1_ATR0,true,true,false,MAX_IT,500,5444.918939,2.2267183427145758e11,0.0,false
NONCVXU2,5000,0,SLP_SAR1_PH1_ATR1,true,true,true,MAX_IT,500,5473.1978469999995,2.2267183427145758e11,0.0,false
NONCVXUN,5000,0,SLP_SAR0_PH0_ATR0,false,false,false,MAX_IT,500,5350.615188,2.3258779825716385e11,0.0,false
NONCVXUN,5000,0,SLP_SAR0_PH1_ATR0,false,true,false,MAX_IT,500,5298.737277,2.3258779825716385e11,0.0,false
NONCVXUN,5000,0,SLP_SAR0_PH1_ATR1,false,true,true,MAX_IT,500,5318.856981999999,2.3258779825716385e11,0.0,false
NONCVXUN,5000,0,BASE_SLP,true,false,false,MAX_IT,500,5415.871133,2.3258779825716385e11,0.0,true
NONCVXUN,5000,0,SLP_SAR1_PH1_ATR0,true,true,false,MAX_IT,500,5437.308137999999,2.3258779825716385e11,0.0,false
NONCVXUN,5000,0,SLP_SAR1_PH1_ATR1,true,true,true,MAX_IT,500,5501.677414000001,2.3258779825716385e11,0.0,false
NONDIA,5000,0,SLP_SAR0_PH0_ATR0,false,false,false,SMALL_STEP,16,168.95535999999998,0.9999985521469336,0.0,false
NONDIA,5000,0,SLP_SAR0_PH1_ATR0,false,true,false,SMALL_STEP,16,163.390211,1.1769705212146895,0.0,false
NONDIA,5000,0,SLP_SAR0_PH1_ATR1,false,true,true,MAX_IT,500,5384.708167000001,5.573754818265204,0.0,false
NONDIA,5000,0,BASE_SLP,true,false,false,SMALL_STEP,15,158.274425,0.9999999999999998,0.0,true
NONDIA,5000,0,SLP_SAR1_PH1_ATR0,true,true,false,SMALL_STEP,16,238.34545200000002,1.1769705212146895,0.0,false
NONDIA,5000,0,SLP_SAR1_PH1_ATR1,true,true,true,MAX_IT,500,5299.396372,5.573754818265204,0.0,false
NONDQUAR,5000,0,SLP_SAR0_PH0_ATR0,false,false,false,MAX_IT,500,5366.077663,0.0006648002028581506,0.0,false
NONDQUAR,5000,0,SLP_SAR0_PH1_ATR0,false,true,false,MAX_IT,500,5447.698046,0.0005655264937750399,0.0,false
NONDQUAR,5000,0,SLP_SAR0_PH1_ATR1,false,true,true,MAX_IT,500,5845.994656,1.9940030020432333,0.0,false
NONDQUAR,5000,0,BASE_SLP,true,false,false,MAX_IT,500,5371.373103,0.0006402128311828142,0.0,true
NONDQUAR,5000,0,SLP_SAR1_PH1_ATR0,true,true,false,MAX_IT,500,5157.798382,0.0005655264937750399,0.0,false
NONDQUAR,5000,0,SLP_SAR1_PH1_ATR1,true,true,true,MAX_IT,500,5354.601759,1.9940030020432333,0.0,false
NONMSQRT,4900,0,SLP_SAR0_PH0_ATR0,false,false,false,MAX_IT,500,6718.654929,6490.992210496352,0.0,false
NONMSQRT,4900,0,SLP_SAR0_PH1_ATR0,false,true,false,MAX_IT,500,7124.449946999999,3873.247707225517,0.0,false
NONMSQRT,4900,0,SLP_SAR0_PH1_ATR1,false,true,true,MAX_IT,500,6737.6353309999995,11993.388651957226,0.0,false
NONMSQRT,4900,0,BASE_SLP,true,false,false,MAX_IT,500,7156.620196999999,3388.8228421247627,0.0,true
NONMSQRT,4900,0,SLP_SAR1_PH1_ATR0,true,true,false,MAX_IT,500,7085.704236,3873.247707225517,0.0,false
NONMSQRT,4900,0,SLP_SAR1_PH1_ATR1,true,true,true,MAX_IT,500,6552.649133,11993.388651957226,0.0,false
NONSCOMP,5000,0,SLP_SAR0_PH0_ATR0,false,false,false,SMALL_STEP,35,364.793533,0.04441310192199697,0.0,false
NONSCOMP,5000,0,SLP_SAR0_PH1_ATR0,false,true,false,MAX_IT,500,5849.190367,2.510635308306213,0.0,false
NONSCOMP,5000,0,SLP_SAR0_PH1_ATR1,false,true,true,SMALL_STEP,238,2490.067147,0.5199471414175663,0.0,false
NONSCOMP,5000,0,BASE_SLP,true,false,false,MAX_IT,500,5172.687609,2.2697346634435247,0.0,true
NONSCOMP,5000,0,SLP_SAR1_PH1_ATR0,true,true,false,MAX_IT,500,5218.567325999999,2.510635308306213,0.0,false
NONSCOMP,5000,0,SLP_SAR1_PH1_ATR1,true,true,true,SMALL_STEP,238,2561.4822959999997,0.5199471414175663,0.0,false
OBSTCLAE,10000,0,SLP_SAR0_PH0_ATR0,false,false,false,MAX_IT,500,10910.436174999999,15.694156903540183,0.0,false
OBSTCLAE,10000,0,SLP_SAR0_PH1_ATR0,false,true,false,MAX_IT,500,11077.234539000001,12.116033504674409,0.0,false
OBSTCLAE,10000,0,SLP_SAR0_PH1_ATR1,false,true,true,MAX_IT,500,11098.131732,24.193402728463663,0.0,false
OBSTCLAE,10000,0,BASE_SLP,true,false,false,MAX_IT,500,11000.797206,14.32803191171038,0.0,true
OBSTCLAE,10000,0,SLP_SAR1_PH1_ATR0,true,true,false,MAX_IT,500,11000.140559,12.116033504674409,0.0,false
OBSTCLAE,10000,0,SLP_SAR1_PH1_ATR1,true,true,true,MAX_IT,500,10847.470827000001,24.193402728463663,0.0,false
OBSTCLAL,10000,0,SLP_SAR0_PH0_ATR0,false,false,false,MAX_IT,500,10767.418486,1.908475807516259,0.0,false
OBSTCLAL,10000,0,SLP_SAR0_PH1_ATR0,false,true,false,SMALL_STEP,348,7371.681173,1.88903034404137,0.0,false
OBSTCLAL,10000,0,SLP_SAR0_PH1_ATR1,false,true,true,MAX_IT,500,10567.659462,1.9309963932969483,0.0,false
OBSTCLAL,10000,0,BASE_SLP,true,false,false,SMALL_STEP,316,6640.154839,1.8913543065372749,0.0,true
OBSTCLAL,10000,0,SLP_SAR1_PH1_ATR0,true,true,false,SMALL_STEP,348,7492.514405999999,1.88903034404137,0.0,false
OBSTCLAL,10000,0,SLP_SAR1_PH1_ATR1,true,true,true,MAX_IT,500,10677.183681,1.9309963932969483,0.0,false
OBSTCLBL,10000,0,SLP_SAR0_PH0_ATR0,false,false,false,MAX_IT,500,10752.055769,9.418952862519676,0.0,false
OBSTCLBL,10000,0,SLP_SAR0_PH1_ATR0,false,true,false,MAX_IT,500,11146.809309,7.502520392363935,0.0,false
OBSTCLBL,10000,0,SLP_SAR0_PH1_ATR1,false,true,true,MAX_IT,500,11719.646338,11.225793707849249,0.0,false
OBSTCLBL,10000,0,BASE_SLP,true,false,false,MAX_IT,500,11106.526565999999,7.519058321692844,0.0,true
OBSTCLBL,10000,0,SLP_SAR1_PH1_ATR0,true,true,false,MAX_IT,500,11097.767774,7.502520392363935,0.0,false
OBSTCLBL,10000,0,SLP_SAR1_PH1_ATR1,true,true,true,MAX_IT,500,10907.417006,11.225793707849249,0.0,false
OBSTCLBM,10000,0,SLP_SAR0_PH0_ATR0,false,false,false,SMALL_STEP,280,6086.50015,7.279213985779268,0.0,false
OBSTCLBM,10000,0,SLP_SAR0_PH1_ATR0,false,true,false,SMALL_STEP,170,3710.518923,7.277688116762625,0.0,false
OBSTCLBM,10000,0,SLP_SAR0_PH1_ATR1,false,true,true,SMALL_STEP,344,7563.171818,7.278276560318397,0.0,false
OBSTCLBM,10000,0,BASE_SLP,true,false,false,SMALL_STEP,163,3660.737535,7.281968500242737,0.0,true
OBSTCLBM,10000,0,SLP_SAR1_PH1_ATR0,true,true,false,SMALL_STEP,170,3620.4900939999998,7.277688116762625,0.0,false
OBSTCLBM,10000,0,SLP_SAR1_PH1_ATR1,true,true,true,SMALL_STEP,344,7645.249212000001,7.278276560318397,0.0,false
OBSTCLBU,10000,0,SLP_SAR0_PH0_ATR0,false,false,false,MAX_IT,500,10649.079944000001,9.120606804860053,0.0,false
OBSTCLBU,10000,0,SLP_SAR0_PH1_ATR0,false,true,false,MAX_IT,500,11034.447192,7.407563091115258,0.0,false
OBSTCLBU,10000,0,SLP_SAR0_PH1_ATR1,false,true,true,MAX_IT,500,11002.229362,11.109547188861395,0.0,false
OBSTCLBU,10000,0,BASE_SLP,true,false,false,MAX_IT,500,10855.151614,7.458707419885835,0.0,true
OBSTCLBU,10000,0,SLP_SAR1_PH1_ATR0,true,true,false,MAX_IT,500,11037.191006000001,7.407563091115258,0.0,false
OBSTCLBU,10000,0,SLP_SAR1_PH1_ATR1,true,true,true,MAX_IT,500,10569.791771,11.109547188861395,0.0,false
ODC,5184,0,SLP_SAR0_PH0_ATR0,false,false,false,KKT_OK,34,448.944264,-0.0028779760174622447,0.0,false
ODC,5184,0,SLP_SAR0_PH1_ATR0,false,true,false,SMALL_STEP,27,297.407748,-0.004547617075263731,0.0,false
ODC,5184,0,SLP_SAR0_PH1_ATR1,false,true,true,KKT_OK,84,958.202582,-0.00224396430181586,0.0,false
ODC,5184,0,BASE_SLP,true,false,false,SMALL_STEP,24,270.383534,-0.0039666034759359295,0.0,true
ODC,5184,0,SLP_SAR1_PH1_ATR0,true,true,false,SMALL_STEP,27,291.846485,-0.004547617075263731,0.0,false
ODC,5184,0,SLP_SAR1_PH1_ATR1,true,true,true,KKT_OK,84,924.045336,-0.00224396430181586,0.0,false
ODNAMUR,11130,0,SLP_SAR0_PH0_ATR0,false,false,false,MAX_IT,500,12204.316561000001,19758.68475166737,0.0,false
ODNAMUR,11130,0,SLP_SAR0_PH1_ATR0,false,true,false,MAX_IT,500,11719.919976,14104.842433118527,0.0,false
ODNAMUR,11130,0,SLP_SAR0_PH1_ATR1,false,true,true,MAX_IT,500,12702.711078,22641.715528781093,0.0,false
ODNAMUR,11130,0,BASE_SLP,true,false,false,MAX_IT,500,12107.027134999998,13617.861789749139,0.0,true
ODNAMUR,11130,0,SLP_SAR1_PH1_ATR0,true,true,false,MAX_IT,500,11867.031817000001,14104.842433118527,0.0,false
ODNAMUR,11130,0,SLP_SAR1_PH1_ATR1,true,true,true,MAX_IT,500,12993.550824,22641.715528781093,0.0,false
OSBORNEA,5,0,SLP_SAR0_PH0_ATR0,false,false,false,SMALL_STEP,175,90.978611,0.0733600644428817,0.0,false
OSBORNEA,5,0,SLP_SAR0_PH1_ATR0,false,true,false,SMALL_STEP,142,75.583162,0.06317092404707803,0.0,false
OSBORNEA,5,0,SLP_SAR0_PH1_ATR1,false,true,true,MAX_IT,500,267.279895,0.04375010584935218,0.0,false
OSBORNEA,5,0,BASE_SLP,true,false,false,SMALL_STEP,122,63.968801000000006,0.071327894222619,0.0,true
OSBORNEA,5,0,SLP_SAR1_PH1_ATR0,true,true,false,SMALL_STEP,142,74.197699,0.06317092404707803,0.0,false
OSBORNEA,5,0,SLP_SAR1_PH1_ATR1,true,true,true,MAX_IT,500,266.84796700000004,0.04375010584935218,0.0,false
OSBORNEB,11,0,SLP_SAR0_PH0_ATR0,false,false,false,MAX_IT,500,280.252902,0.2804261546227268,0.0,false
OSBORNEB,11,0,SLP_SAR0_PH1_ATR0,false,true,false,MAX_IT,500,277.595267,0.2723771254404502,0.0,false
OSBORNEB,11,0,SLP_SAR0_PH1_ATR1,false,true,true,MAX_IT,500,277.767129,0.47748411009237585,0.0,false
OSBORNEB,11,0,BASE_SLP,true,false,false,MAX_IT,500,280.965777,0.2772214029298835,0.0,true
OSBORNEB,11,0,SLP_SAR1_PH1_ATR0,true,true,false,MAX_IT,500,281.21008400000005,0.2723771254404502,0.0,false
OSBORNEB,11,0,SLP_SAR1_PH1_ATR1,true,true,true,MAX_IT,500,276.42107999999996,0.47748411009237585,0.0,false
OSCIGRAD,100000,0,SLP_SAR0_PH0_ATR0,false,false,false,MAX_IT,500,150218.607306,8.266597828108661e7,0.0,false
OSCIGRAD,100000,0,SLP_SAR0_PH1_ATR0,false,true,false,MAX_IT,500,147644.03316,5.999447436544975e7,0.0,false
OSCIGRAD,100000,0,SLP_SAR0_PH1_ATR1,false,true,true,SMALL_STEP,66,19431.322511000002,238361.55311855098,0.0,false
OSCIGRAD,100000,0,BASE_SLP,true,false,false,MAX_IT,500,147309.292512,8.801199773207931e7,0.0,true
OSCIGRAD,100000,0,SLP_SAR1_PH1_ATR0,true,true,false,MAX_IT,500,148210.569824,5.999447436544975e7,0.0,false
OSCIGRAD,100000,0,SLP_SAR1_PH1_ATR1,true,true,true,SMALL_STEP,66,20173.108578,238361.55311855098,0.0,false
OSCIPATH,500,0,SLP_SAR0_PH0_ATR0,false,false,false,SMALL_STEP,8,11.071889,1.0,0.0,false
OSCIPATH,500,0,SLP_SAR0_PH1_ATR0,false,true,false,SMALL_STEP,7,9.445030000000001,1.0,0.0,false
OSCIPATH,500,0,SLP_SAR0_PH1_ATR1,false,true,true,SMALL_STEP,10,17.717503,0.9999705935296179,0.0,false
OSCIPATH,500,0,BASE_SLP,true,false,false,SMALL_STEP,8,10.815137,1.0,0.0,true
OSCIPATH,500,0,SLP_SAR1_PH1_ATR0,true,true,false,SMALL_STEP,7,9.438768999999999,1.0,0.0,false
OSCIPATH,500,0,SLP_SAR1_PH1_ATR1,true,true,true,SMALL_STEP,10,13.512442,0.9999705935296179,0.0,false
OSLPHP,8,0,SLP_SAR0_PH0_ATR0,false,false,false,KKT_OK,9,4.932874,6.25,0.0,false
OSLPHP,8,0,SLP_SAR0_PH1_ATR0,false,true,false,KKT_OK,7,3.859322,6.25,0.0,false
OSLPHP,8,0,SLP_SAR0_PH1_ATR1,false,true,true,KKT_OK,10,5.4351959999999995,6.25,0.0,false
OSLPHP,8,0,BASE_SLP,true,false,false,KKT_OK,21,11.25422,6.250000076293945,0.0,true
OSLPHP,8,0,SLP_SAR1_PH1_ATR0,true,true,false,KKT_OK,7,3.8162920000000002,6.25,0.0,false
OSLPHP,8,0,SLP_SAR1_PH1_ATR1,true,true,true,KKT_OK,10,5.414447,6.25,0.0,false
PALMER1,4,0,SLP_SAR0_PH0_ATR0,false,false,false,MAX_IT,500,271.226454,30180.540612530647,0.0,false
PALMER1,4,0,SLP_SAR0_PH1_ATR0,false,true,false,MAX_IT,500,275.08515500000004,30011.32706872156,0.0,false
PALMER1,4,0,SLP_SAR0_PH1_ATR1,false,true,true,SMALL_STEP,78,42.530613,34299.72223916161,0.0,false
PALMER1,4,0,BASE_SLP,true,false,false,MAX_IT,500,273.293838,30214.711473147436,0.0,true
PALMER1,4,0,SLP_SAR1_PH1_ATR0,true,true,false,MAX_IT,500,263.007542,30011.32706872156,0.0,false
PALMER1,4,0,SLP_SAR1_PH1_ATR1,true,true,true,SMALL_STEP,78,42.490397,34299.72223916161,0.0,false
PALMER1A,6,0,SLP_SAR0_PH0_ATR0,false,false,false,MAX_IT,500,271.212638,17706.91421424775,0.0,false
PALMER1A,6,0,SLP_SAR0_PH1_ATR0,false,true,false,MAX_IT,500,280.266395,17604.313583701576,0.0,false
PALMER1A,6,0,SLP_SAR0_PH1_ATR1,false,true,true,SMALL_STEP,26,15.427171,19480.063634424583,0.0,false
PALMER1A,6,0,BASE_SLP,true,false,false,SMALL_STEP,259,146.345545,17854.002464566598,0.0,true
PALMER1A,6,0,SLP_SAR1_PH1_ATR0,true,true,false,MAX_IT,500,271.75280000000004,17604.313583701576,0.0,false
PALMER1A,6,0,SLP_SAR1_PH1_ATR1,true,true,true,SMALL_STEP,26,15.205816,19480.063634424583,0.0,false
PALMER1B,4,0,SLP_SAR0_PH0_ATR0,false,false,false,MAX_IT,500,262.089511,42934.93195117635,0.0,false
PALMER1B,4,0,SLP_SAR0_PH1_ATR0,false,true,false,MAX_IT,500,270.90871799999996,41289.660305066296,0.0,false
PALMER1B,4,0,SLP_SAR0_PH1_ATR1,false,true,true,SMALL_STEP,178,94.046334,31071.46941929097,0.0,false
PALMER1B,4,0,BASE_SLP,true,false,false,MAX_IT,500,274.667552,42686.1895337494,0.0,true
PALMER1B,4,0,SLP_SAR1_PH1_ATR0,true,true,false,MAX_IT,500,269.35706,41289.660305066296,0.0,false
PALMER1B,4,0,SLP_SAR1_PH1_ATR1,true,true,true,SMALL_STEP,178,94.72514699999999,31071.46941929097,0.0,false
PALMER1C,8,0,SLP_SAR0_PH0_ATR0,false,false,false,SMALL_STEP,326,178.118949,40888.038744100195,0.0,false
PALMER1C,8,0,SLP_SAR0_PH1_ATR0,false,true,false,MAX_IT,500,280.45508800000005,40549.015378649274,0.0,false
PALMER1C,8,0,SLP_SAR0_PH1_ATR1,false,true,true,SMALL_STEP,16,9.649744,44694.55557179896,0.0,false
PALMER1C,8,0,BASE_SLP,true,false,false,MAX_IT,500,276.641942,40530.26610588864,0.0,true
PALMER1C,8,0,SLP_SAR1_PH1_ATR0,true,true,false,MAX_IT,500,282.43632099999996,40549.015378649274,0.0,false
PALMER1C,8,0,SLP_SAR1_PH1_ATR1,true,true,true,SMALL_STEP,16,9.619858,44694.55557179896,0.0,false
PALMER1D,7,0,SLP_SAR0_PH0_ATR0,false,false,false,MAX_IT,500,264.98048800000004,39785.422917565666,0.0,false
PALMER1D,7,0,SLP_SAR0_PH1_ATR0,false,true,false,MAX_IT,500,271.177571,39971.30164786795,0.0,false
PALMER1D,7,0,SLP_SAR0_PH1_ATR1,false,true,true,SMALL_STEP,16,9.460109,39759.428583675704,0.0,false
PALMER1D,7,0,BASE_SLP,true,false,false,MAX_IT,500,277.140847,39784.9903270379,0.0,true
PALMER1D,7,0,SLP_SAR1_PH1_ATR0,true,true,false,MAX_IT,500,277.887967,39971.30164786795,0.0,false
PALMER1D,7,0,SLP_SAR1_PH1_ATR1,true,true,true,SMALL_STEP,16,11.220037,39759.428583675704,0.0,false
PALMER1E,8,0,SLP_SAR0_PH0_ATR0,false,false,false,MAX_IT,500,269.852979,37260.70658811304,0.0,false
PALMER1E,8,0,SLP_SAR0_PH1_ATR0,false,true,false,MAX_IT,500,272.143321,37235.16483183355,0.0,false
PALMER1E,8,0,SLP_SAR0_PH1_ATR1,false,true,true,MAX_IT,500,271.820446,38074.67622833075,0.0,false
PALMER1E,8,0,BASE_SLP,true,false,false,MAX_IT,500,272.272654,36875.57783556392,0.0,true
PALMER1E,8,0,SLP_SAR1_PH1_ATR0,true,true,false,MAX_IT,500,272.145865,37235.16483183355,0.0,false
PALMER1E,8,0,SLP_SAR1_PH1_ATR1,true,true,true,MAX_IT,500,272.89615200000003,38074.67622833075,0.0,false
PALMER2,4,0,SLP_SAR0_PH0_ATR0,false,false,false,KKT_OK,401,223.649032,4581.166024213385,0.0,false
PALMER2,4,0,SLP_SAR0_PH1_ATR0,false,true,false,KKT_OK,342,187.75691,4581.166028214056,0.0,false
PALMER2,4,0,SLP_SAR0_PH1_ATR1,false,true,true,MAX_IT,500,278.883242,3905.8748162409106,0.0,false
PALMER2,4,0,BASE_SLP,true,false,false,KKT_OK,371,201.623286,4581.166025938821,0.0,true
PALMER2,4,0,SLP_SAR1_PH1_ATR0,true,true,false,KKT_OK,342,191.52755599999998,4581.166028214056,0.0,false
PALMER2,4,0,SLP_SAR1_PH1_ATR1,true,true,true,MAX_IT,500,272.012635,3905.8748162409106,0.0,false
PALMER2A,6,0,SLP_SAR0_PH0_ATR0,false,false,false,MAX_IT,500,267.227889,312.9444532301566,0.0,false
PALMER2A,6,0,SLP_SAR0_PH1_ATR0,false,true,false,MAX_IT,500,271.240028,236.4061624546247,0.0,false
PALMER2A,6,0,SLP_SAR0_PH1_ATR1,false,true,true,MAX_IT,500,272.955423,574.3618072562932,0.0,false
PALMER2A,6,0,BASE_SLP,true,false,false,MAX_IT,500,278.369037,239.95219741641964,0.0,true
PALMER2A,6,0,SLP_SAR1_PH1_ATR0,true,true,false,MAX_IT,500,281.16105000000005,236.4061624546247,0.0,false
PALMER2A,6,0,SLP_SAR1_PH1_ATR1,true,true,true,MAX_IT,500,278.255435,574.3618072562932,0.0,false
PALMER2B,4,0,SLP_SAR0_PH0_ATR0,false,false,false,MAX_IT,500,273.282445,1470.6898154198836,0.0,false
PALMER2B,4,0,SLP_SAR0_PH1_ATR0,false,true,false,MAX_IT,500,276.09196000000003,1348.4460210214131,0.0,false
PALMER2B,4,0,SLP_SAR0_PH1_ATR1,false,true,true,MAX_IT,500,277.617118,1145.385050376421,0.0,false
PALMER2B,4,0,BASE_SLP,true,false,false,MAX_IT,500,263.769237,1300.6715127201353,0.0,true
PALMER2B,4,0,SLP_SAR1_PH1_ATR0,true,true,false,MAX_IT,500,271.227283,1348.4460210214131,0.0,false
PALMER2B,4,0,SLP_SAR1_PH1_ATR1,true,true,true,MAX_IT,500,273.197606,1145.385050376421,0.0,false
PALMER2C,8,0,SLP_SAR0_PH0_ATR0,false,false,false,MAX_IT,500,274.984685,1645.8544502097475,0.0,false
PALMER2C,8,0,SLP_SAR0_PH1_ATR0,false,true,false,MAX_IT,500,275.45719,1651.6499618167295,0.0,false
PALMER2C,8,0,SLP_SAR0_PH1_ATR1,false,true,true,SMALL_STEP,16,9.412018,1484.7859498557498,0.0,false
PALMER2C,8,0,BASE_SLP,true,false,false,MAX_IT,500,280.967837,1670.4149717071552,0.0,true
PALMER2C,8,0,SLP_SAR1_PH1_ATR0,true,true,false,MAX_IT,500,265.670279,1651.6499618167295,0.0,false
PALMER2C,8,0,SLP_SAR1_PH1_ATR1,true,true,true,SMALL_STEP,16,10.241523,1484.7859498557498,0.0,false
PALMER2E,8,0,SLP_SAR0_PH0_ATR0,false,false,false,MAX_IT,500,273.092468,1064.2904463883594,0.0,false
PALMER2E,8,0,SLP_SAR0_PH1_ATR0,false,true,false,MAX_IT,500,273.70153000000005,1060.1638725846765,0.0,false
PALMER2E,8,0,SLP_SAR0_PH1_ATR1,false,true,true,MAX_IT,500,273.231028,1416.4887516003464,0.0,false
PALMER2E,8,0,BASE_SLP,true,false,false,MAX_IT,500,275.40045299999997,1028.5605845079103,0.0,true
PALMER2E,8,0,SLP_SAR1_PH1_ATR0,true,true,false,MAX_IT,500,274.03231999999997,1060.1638725846765,0.0,false
PALMER2E,8,0,SLP_SAR1_PH1_ATR1,true,true,true,MAX_IT,500,273.556177,1416.4887516003464,0.0,false
PALMER3,4,0,SLP_SAR0_PH0_ATR0,false,false,false,KKT_OK,116,61.878451,2416.9804183782976,0.0,false
PALMER3,4,0,SLP_SAR0_PH1_ATR0,false,true,false,KKT_OK,84,51.911012,2416.980424215006,0.0,false
PALMER3,4,0,SLP_SAR0_PH1_ATR1,false,true,true,KKT_OK,42,22.100457,2416.980448653647,0.0,false
PALMER3,4,0,BASE_SLP,true,false,false,KKT_OK,105,55.048091,2416.9804558478513,0.0,true
PALMER3,4,0,SLP_SAR1_PH1_ATR0,true,true,false,KKT_OK,84,44.010636999999996,2416.980424215006,0.0,false
PALMER3,4,0,SLP_SAR1_PH1_ATR1,true,true,true,KKT_OK,42,34.864356,2416.980448653647,0.0,false
PALMER3A,6,0,SLP_SAR0_PH0_ATR0,false,false,false,MAX_IT,500,276.619047,77.82406425846564,0.0,false
PALMER3A,6,0,SLP_SAR0_PH1_ATR0,false,true,false,MAX_IT,500,276.24189,68.55290435552453,0.0,false
PALMER3A,6,0,SLP_SAR0_PH1_ATR1,false,true,true,MAX_IT,500,277.029897,271.36588648081386,0.0,false
PALMER3A,6,0,BASE_SLP,true,false,false,MAX_IT,500,279.917087,75.97165226814809,0.0,true
PALMER3A,6,0,SLP_SAR1_PH1_ATR0,true,true,false,MAX_IT,500,264.933669,68.55290435552453,0.0,false
PALMER3A,6,0,SLP_SAR1_PH1_ATR1,true,true,true,MAX_IT,500,271.442717,271.36588648081386,0.0,false
PALMER3B,4,0,SLP_SAR0_PH0_ATR0,false,false,false,MAX_IT,500,274.321651,518.0906746131405,0.0,false
PALMER3B,4,0,SLP_SAR0_PH1_ATR0,false,true,false,MAX_IT,500,275.89279500000004,505.8357248100259,0.0,false
PALMER3B,4,0,SLP_SAR0_PH1_ATR1,false,true,true,MAX_IT,500,279.599532,497.02052350290546,0.0,false
PALMER3B,4,0,BASE_SLP,true,false,false,MAX_IT,500,271.24481499999996,523.579175289831,0.0,true
PALMER3B,4,0,SLP_SAR1_PH1_ATR0,true,true,false,MAX_IT,500,272.278793,505.8357248100259,0.0,false
PALMER3B,4,0,SLP_SAR1_PH1_ATR1,true,true,true,MAX_IT,500,274.155359,497.02052350290546,0.0,false
PALMER3C,8,0,SLP_SAR0_PH0_ATR0,false,false,false,MAX_IT,500,272.05462200000005,495.59071913379825,0.0,false
PALMER3C,8,0,SLP_SAR0_PH1_ATR0,false,true,false,MAX_IT,500,273.054967,490.4212281326116,0.0,false
PALMER3C,8,0,SLP_SAR0_PH1_ATR1,false,true,true,MAX_IT,500,273.897046,511.05380140354515,0.0,false
PALMER3C,8,0,BASE_SLP,true,false,false,MAX_IT,500,273.735352,515.7933321864368,0.0,true
PALMER3C,8,0,SLP_SAR1_PH1_ATR0,true,true,false,MAX_IT,500,274.602728,490.4212281326116,0.0,false
PALMER3C,8,0,SLP_SAR1_PH1_ATR1,true,true,true,MAX_IT,500,275.238459,511.05380140354515,0.0,false
PALMER3E,8,0,SLP_SAR0_PH0_ATR0,false,false,false,MAX_IT,500,284.059079,197.3322773036997,0.0,false
PALMER3E,8,0,SLP_SAR0_PH1_ATR0,false,true,false,MAX_IT,500,282.76322999999996,192.94088556833125,0.0,false
PALMER3E,8,0,SLP_SAR0_PH1_ATR1,false,true,true,MAX_IT,500,282.67798,703.8284174455691,0.0,false
PALMER3E,8,0,BASE_SLP,true,false,false,MAX_IT,500,266.1091,197.056053401464,0.0,true
PALMER3E,8,0,SLP_SAR1_PH1_ATR0,true,true,false,MAX_IT,500,266.60528999999997,192.94088556833125,0.0,false
PALMER3E,8,0,SLP_SAR1_PH1_ATR1,true,true,true,MAX_IT,500,267.517891,703.8284174455691,0.0,false
PALMER4,4,0,SLP_SAR0_PH0_ATR0,false,false,false,SMALL_STEP,124,66.946518,2424.0165347538955,0.0,false
PALMER4,4,0,SLP_SAR0_PH1_ATR0,false,true,false,KKT_OK,81,42.443229,2424.0165564427307,0.0,false
PALMER4,4,0,SLP_SAR0_PH1_ATR1,false,true,true,KKT_OK,30,17.338532999999998,2424.016655535878,0.0,false
PALMER4,4,0,BASE_SLP,true,false,false,SMALL_STEP,105,55.257293,2424.0165852913296,0.0,true
PALMER4,4,0,SLP_SAR1_PH1_ATR0,true,true,false,KKT_OK,81,42.556562,2424.0165564427307,0.0,false
PALMER4,4,0,SLP_SAR1_PH1_ATR1,true,true,true,KKT_OK,30,15.918692000000002,2424.016655535878,0.0,false
PALMER4A,6,0,SLP_SAR0_PH0_ATR0,false,false,false,MAX_IT,500,272.242844,93.77806641694508,0.0,false
PALMER4A,6,0,SLP_SAR0_PH1_ATR0,false,true,false,MAX_IT,500,274.125182,95.99374073827296,0.0,false
PALMER4A,6,0,SLP_SAR0_PH1_ATR1,false,true,true,MAX_IT,500,274.884435,271.69761124812794,0.0,false
PALMER4A,6,0,BASE_SLP,true,false,false,MAX_IT,500,275.683642,87.96737065924027,0.0,true
PALMER4A,6,0,SLP_SAR1_PH1_ATR0,true,true,false,MAX_IT,500,277.238005,95.99374073827296,0.0,false
PALMER4A,6,0,SLP_SAR1_PH1_ATR1,true,true,true,MAX_IT,500,280.414167,271.69761124812794,0.0,false
PALMER4B,4,0,SLP_SAR0_PH0_ATR0,false,false,false,MAX_IT,500,275.85510400000004,504.02540729939767,0.0,false
PALMER4B,4,0,SLP_SAR0_PH1_ATR0,false,true,false,MAX_IT,500,276.392381,455.3317784052865,0.0,false
PALMER4B,4,0,SLP_SAR0_PH1_ATR1,false,true,true,MAX_IT,500,279.923227,497.5152258749204,0.0,false
PALMER4B,4,0,BASE_SLP,true,false,false,MAX_IT,500,273.15637599999997,549.3542941718766,0.0,true
PALMER4B,4,0,SLP_SAR1_PH1_ATR0,true,true,false,MAX_IT,500,274.39266299999997,455.3317784052865,0.0,false
PALMER4B,4,0,SLP_SAR1_PH1_ATR1,true,true,true,MAX_IT,500,276.06242199999997,497.5152258749204,0.0,false
PALMER4C,8,0,SLP_SAR0_PH0_ATR0,false,false,false,MAX_IT,500,273.452401,520.0190340323256,0.0,false
PALMER4C,8,0,SLP_SAR0_PH1_ATR0,false,true,false,MAX_IT,500,274.005998,518.2020215920463,0.0,false
PALMER4C,8,0,SLP_SAR0_PH1_ATR1,false,true,true,MAX_IT,500,276.53622900000005,612.0352754044078,0.0,false
PALMER4C,8,0,BASE_SLP,true,false,false,MAX_IT,500,277.593972,545.8978013298131,0.0,true
PALMER4C,8,0,SLP_SAR1_PH1_ATR0,true,true,false,MAX_IT,500,275.02799300000004,518.2020215920463,0.0,false
PALMER4C,8,0,SLP_SAR1_PH1_ATR1,true,true,true,MAX_IT,500,277.506929,612.0352754044078,0.0,false
PALMER4E,8,0,SLP_SAR0_PH0_ATR0,false,false,false,MAX_IT,500,281.040209,186.6651257746274,0.0,false
PALMER4E,8,0,SLP_SAR0_PH1_ATR0,false,true,false,MAX_IT,500,283.79008300000004,183.9898028560827,0.0,false
PALMER4E,8,0,SLP_SAR0_PH1_ATR1,false,true,true,MAX_IT,500,282.65333300000003,808.8869900209352,0.0,false
PALMER4E,8,0,BASE_SLP,true,false,false,MAX_IT,500,266.912725,188.27879228943314,0.0,true
PALMER4E,8,0,SLP_SAR1_PH1_ATR0,true,true,false,MAX_IT,500,266.92613,183.9898028560827,0.0,false
PALMER4E,8,0,SLP_SAR1_PH1_ATR1,true,true,true,MAX_IT,500,266.89083400000004,808.8869900209352,0.0,false
PALMER5A,8,0,SLP_SAR0_PH0_ATR0,false,false,false,MAX_IT,500,272.41851299999996,10626.036460707346,0.0,false
PALMER5A,8,0,SLP_SAR0_PH1_ATR0,false,true,false,MAX_IT,500,273.884169,10621.351344580926,0.0,false
PALMER5A,8,0,SLP_SAR0_PH1_ATR1,false,true,true,MAX_IT,500,275.018355,11393.243122530143,0.0,false
PALMER5A,8,0,BASE_SLP,true,false,false,MAX_IT,500,274.715547,10642.38552549308,0.0,true
PALMER5A,8,0,SLP_SAR1_PH1_ATR0,true,true,false,MAX_IT,500,274.748619,10621.351344580926,0.0,false
PALMER5A,8,0,SLP_SAR1_PH1_ATR1,true,true,true,MAX_IT,500,277.14336699999996,11393.243122530143,0.0,false
PALMER5B,9,0,SLP_SAR0_PH0_ATR0,false,false,false,MAX_IT,500,282.831266,5811.7292309254535,0.0,false
PALMER5B,9,0,SLP_SAR0_PH1_ATR0,false,true,false,MAX_IT,500,283.356811,5700.3021488119175,0.0,false
PALMER5B,9,0,SLP_SAR0_PH1_ATR1,false,true,true,MAX_IT,500,282.119392,14345.803507673532,0.0,false
PALMER5B,9,0,BASE_SLP,true,false,false,SMALL_STEP,161,87.297185,5876.654473486817,0.0,true
PALMER5B,9,0,SLP_SAR1_PH1_ATR0,true,true,false,MAX_IT,500,284.90258800000004,5700.3021488119175,0.0,false
PALMER5B,9,0,SLP_SAR1_PH1_ATR1,true,true,true,MAX_IT,500,284.34400999999997,14345.803507673532,0.0,false
PALMER5C,6,0,SLP_SAR0_PH0_ATR0,false,false,false,KKT_OK,108,58.655881,2.1280867748486076,0.0,false
PALMER5C,6,0,SLP_SAR0_PH1_ATR0,false,true,false,SMALL_STEP,106,66.027035,2.1280867071919,0.0,false
PALMER5C,6,0,SLP_SAR0_PH1_ATR1,false,true,true,MAX_IT,500,278.741802,6.102290777574036,0.0,false
PALMER5C,6,0,BASE_SLP,true,false,false,SMALL_STEP,116,61.409862000000004,2.1280868994518953,0.0,true
PALMER5C,6,0,SLP_SAR1_PH1_ATR0,true,true,false,SMALL_STEP,106,57.089966,2.1280867071919,0.0,false
PALMER5C,6,0,SLP_SAR1_PH1_ATR1,true,true,true,MAX_IT,500,278.438183,6.102290777574036,0.0,false
PALMER5D,4,0,SLP_SAR0_PH0_ATR0,false,false,false,MAX_IT,500,275.34100900000004,822.8355779476245,0.0,false
PALMER5D,4,0,SLP_SAR0_PH1_ATR0,false,true,false,MAX_IT,500,275.812783,689.3924206577221,0.0,false
PALMER5D,4,0,SLP_SAR0_PH1_ATR1,false,true,true,MAX_IT,500,279.86702,4831.714479257953,0.0,false
PALMER5D,4,0,BASE_SLP,true,false,false,MAX_IT,500,270.889977,737.8516416564418,0.0,true
PALMER5D,4,0,SLP_SAR1_PH1_ATR0,true,true,false,MAX_IT,500,274.718101,689.3924206577221,0.0,false
PALMER5D,4,0,SLP_SAR1_PH1_ATR1,true,true,true,MAX_IT,500,275.769712,4831.714479257953,0.0,false
PALMER5E,8,0,SLP_SAR0_PH0_ATR0,false,false,false,MAX_IT,500,275.30282700000004,2.184736039720103,0.0,false
PALMER5E,8,0,SLP_SAR0_PH1_ATR0,false,true,false,MAX_IT,500,275.60564500000004,2.174113750998691,0.0,false
PALMER5E,8,0,SLP_SAR0_PH1_ATR1,false,true,true,MAX_IT,500,276.977906,139.31518042824842,0.0,false
PALMER5E,8,0,BASE_SLP,true,false,false,MAX_IT,500,276.573218,2.137466746255419,0.0,true
PALMER5E,8,0,SLP_SAR1_PH1_ATR0,true,true,false,MAX_IT,500,278.42618000000004,2.174113750998691,0.0,false
PALMER5E,8,0,SLP_SAR1_PH1_ATR1,true,true,true,MAX_IT,500,278.27952500000004,139.31518042824842,0.0,false
PALMER6A,6,0,SLP_SAR0_PH0_ATR0,false,false,false,MAX_IT,500,271.853633,72.57244711997258,0.0,false
PALMER6A,6,0,SLP_SAR0_PH1_ATR0,false,true,false,MAX_IT,500,275.744094,78.45741252853593,0.0,false
PALMER6A,6,0,SLP_SAR0_PH1_ATR1,false,true,true,MAX_IT,500,281.130969,173.8010867920714,0.0,false
PALMER6A,6,0,BASE_SLP,true,false,false,MAX_IT,500,276.038205,61.25983287754654,0.0,true
PALMER6A,6,0,SLP_SAR1_PH1_ATR0,true,true,false,MAX_IT,500,276.90398700000003,78.45741252853593,0.0,false
PALMER6A,6,0,SLP_SAR1_PH1_ATR1,true,true,true,MAX_IT,500,278.931356,173.8010867920714,0.0,false
PALMER6C,8,0,SLP_SAR0_PH0_ATR0,false,false,false,MAX_IT,500,273.966721,226.69525362998615,0.0,false
PALMER6C,8,0,SLP_SAR0_PH1_ATR0,false,true,false,MAX_IT,500,274.57914900000003,228.66549064612022,0.0,false
PALMER6C,8,0,SLP_SAR0_PH1_ATR1,false,true,true,MAX_IT,500,274.514227,589.054112333404,0.0,false
PALMER6C,8,0,BASE_SLP,true,false,false,MAX_IT,500,275.265125,237.88283229189165,0.0,true
PALMER6C,8,0,SLP_SAR1_PH1_ATR0,true,true,false,MAX_IT,500,275.17398399999996,228.66549064612022,0.0,false
PALMER6C,8,0,SLP_SAR1_PH1_ATR1,true,true,true,MAX_IT,500,275.60483200000004,589.054112333404,0.0,false
PALMER6E,8,0,SLP_SAR0_PH0_ATR0,false,false,false,MAX_IT,500,275.923117,119.1284071293249,0.0,false
PALMER6E,8,0,SLP_SAR0_PH1_ATR0,false,true,false,MAX_IT,500,276.320712,120.19081475896002,0.0,false
PALMER6E,8,0,SLP_SAR0_PH1_ATR1,false,true,true,MAX_IT,500,275.792491,260.21237990221886,0.0,false
PALMER6E,8,0,BASE_SLP,true,false,false,MAX_IT,500,276.74685,115.35512054594086,0.0,true
PALMER6E,8,0,SLP_SAR1_PH1_ATR0,true,true,false,MAX_IT,500,278.004248,120.19081475896002,0.0,false
PALMER6E,8,0,SLP_SAR1_PH1_ATR1,true,true,true,MAX_IT,500,278.22697600000004,260.21237990221886,0.0,false
PALMER7A,6,0,SLP_SAR0_PH0_ATR0,false,false,false,MAX_IT,500,281.344099,72.9227045690187,0.0,false
PALMER7A,6,0,SLP_SAR0_PH1_ATR0,false,true,false,MAX_IT,500,282.580988,77.30827186169637,0.0,false
PALMER7A,6,0,SLP_SAR0_PH1_ATR1,false,true,true,MAX_IT,500,265.34128400000003,202.2299934410571,0.0,false
PALMER7A,6,0,BASE_SLP,true,false,false,MAX_IT,500,274.160239,79.17942590989566,0.0,true
PALMER7A,6,0,SLP_SAR1_PH1_ATR0,true,true,false,MAX_IT,500,274.676787,77.30827186169637,0.0,false
PALMER7A,6,0,SLP_SAR1_PH1_ATR1,true,true,true,MAX_IT,500,276.365022,202.2299934410571,0.0,false
PALMER7C,8,0,SLP_SAR0_PH0_ATR0,false,false,false,MAX_IT,500,278.67912900000005,607.4751911424912,0.0,false
PALMER7C,8,0,SLP_SAR0_PH1_ATR0,false,true,false,MAX_IT,500,278.546901,601.7989448877289,0.0,false
PALMER7C,8,0,SLP_SAR0_PH1_ATR1,false,true,true,MAX_IT,500,280.02281899999997,1985.7815744620539,0.0,false
PALMER7C,8,0,BASE_SLP,true,false,false,MAX_IT,500,282.89236800000003,637.1635610792887,0.0,true
PALMER7C,8,0,SLP_SAR1_PH1_ATR0,true,true,false,MAX_IT,500,279.912561,601.7989448877289,0.0,false
PALMER7C,8,0,SLP_SAR1_PH1_ATR1,true,true,true,MAX_IT,500,280.694938,1985.7815744620539,0.0,false
PALMER7E,8,0,SLP_SAR0_PH0_ATR0,false,false,false,MAX_IT,500,284.527482,81.80120101702293,0.0,false
PALMER7E,8,0,SLP_SAR0_PH1_ATR0,false,true,false,MAX_IT,500,286.241175,88.1666219986031,0.0,false
PALMER7E,8,0,SLP_SAR0_PH1_ATR1,false,true,true,MAX_IT,500,282.810132,1106.450951043696,0.0,false
PALMER7E,8,0,BASE_SLP,true,false,false,MAX_IT,500,282.783521,83.2919647818435,0.0,true
PALMER7E,8,0,SLP_SAR1_PH1_ATR0,true,true,false,MAX_IT,500,282.763794,88.1666219986031,0.0,false
PALMER7E,8,0,SLP_SAR1_PH1_ATR1,true,true,true,MAX_IT,500,282.858342,1106.450951043696,0.0,false
PALMER8A,6,0,SLP_SAR0_PH0_ATR0,false,false,false,MAX_IT,500,277.392293,19.617717294584562,0.0,false
PALMER8A,6,0,SLP_SAR0_PH1_ATR0,false,true,false,MAX_IT,500,281.861621,19.56641556676246,0.0,false
PALMER8A,6,0,SLP_SAR0_PH1_ATR1,false,true,true,MAX_IT,500,281.77055,61.74166158450859,0.0,false
PALMER8A,6,0,BASE_SLP,true,false,false,MAX_IT,500,280.77126699999997,31.601418368435468,0.0,true
PALMER8A,6,0,SLP_SAR1_PH1_ATR0,true,true,false,MAX_IT,500,281.739842,19.56641556676246,0.0,false
PALMER8A,6,0,SLP_SAR1_PH1_ATR1,true,true,true,MAX_IT,500,266.638419,61.74166158450859,0.0,false
PALMER8C,8,0,SLP_SAR0_PH0_ATR0,false,false,false,MAX_IT,500,280.148597,283.9790047252359,0.0,false
PALMER8C,8,0,SLP_SAR0_PH1_ATR0,false,true,false,MAX_IT,500,278.620573,289.1271899053011,0.0,false
PALMER8C,8,0,SLP_SAR0_PH1_ATR1,false,true,true,MAX_IT,500,280.38025100000004,1536.7489902652353,0.0,false
PALMER8C,8,0,BASE_SLP,true,false,false,MAX_IT,500,282.27678699999996,279.2910466652248,0.0,true
PALMER8C,8,0,SLP_SAR1_PH1_ATR0,true,true,false,MAX_IT,500,320.951056,289.1271899053011,0.0,false
PALMER8C,8,0,SLP_SAR1_PH1_ATR1,true,true,true,MAX_IT,500,317.364571,1536.7489902652353,0.0,false
PALMER8E,8,0,SLP_SAR0_PH0_ATR0,false,false,false,MAX_IT,500,275.242167,41.825264106800866,0.0,false
PALMER8E,8,0,SLP_SAR0_PH1_ATR0,false,true,false,MAX_IT,500,277.55961099999996,40.41883314850217,0.0,false
PALMER8E,8,0,SLP_SAR0_PH1_ATR1,false,true,true,MAX_IT,500,277.0685,817.8884626788471,0.0,false
PALMER8E,8,0,BASE_SLP,true,false,false,MAX_IT,500,276.15276300000005,41.92596164370337,0.0,true
PALMER8E,8,0,SLP_SAR1_PH1_ATR0,true,true,false,MAX_IT,500,277.29060599999997,40.41883314850217,0.0,false
PALMER8E,8,0,SLP_SAR1_PH1_ATR1,true,true,true,MAX_IT,500,276.89325199999996,817.8884626788471,0.0,false
PARKCH,15,0,SLP_SAR0_PH0_ATR0,false,false,false,MAX_IT,500,1713.793359,2061.6394102908816,0.0,false
PARKCH,15,0,SLP_SAR0_PH1_ATR0,false,true,false,SMALL_STEP,377,1618.1584229999999,2059.3814845612815,0.0,false
PARKCH,15,0,SLP_SAR0_PH1_ATR1,false,true,true,MAX_IT,500,1512.040395,2072.6133840790726,0.0,false
PARKCH,15,0,BASE_SLP,true,false,false,SMALL_STEP,325,1309.715825,2068.1309349587837,0.0,true
PARKCH,15,0,SLP_SAR1_PH1_ATR0,true,true,false,SMALL_STEP,377,1625.342983,2059.3814845612815,0.0,false
PARKCH,15,0,SLP_SAR1_PH1_ATR1,true,true,true,MAX_IT,500,1500.785678,2072.6133840790726,0.0,false
PATTERNLS,1001,0,SLP_SAR0_PH0_ATR0,false,false,false,KKT_OK,14,190.67025600000002,6.940281147595876e-30,0.0,false
PATTERNLS,1001,0,SLP_SAR0_PH1_ATR0,false,true,false,KKT_OK,11,212.411093,1.897294311711617e-6,0.0,false
PATTERNLS,1001,0,SLP_SAR0_PH1_ATR1,false,true,true,MAX_IT,500,8654.686743999999,0.0005186500496603457,0.0,false
PATTERNLS,1001,0,BASE_SLP,true,false,false,KKT_OK,12,196.746052,6.940281147595876e-30,0.0,true
PATTERNLS,1001,0,SLP_SAR1_PH1_ATR0,true,true,false,KKT_OK,11,219.318285,1.897294311711617e-6,0.0,false
PATTERNLS,1001,0,SLP_SAR1_PH1_ATR1,true,true,true,MAX_IT,500,8583.472566999999,0.0005186500496603457,0.0,false
PENALTY1,1000,0,SLP_SAR0_PH0_ATR0,false,false,false,MAX_IT,500,1220.7735340000002,1.7995631090923568e15,0.0,false
PENALTY1,1000,0,SLP_SAR0_PH1_ATR0,false,true,false,MAX_IT,500,1215.7361879999999,1.7995631090923568e15,0.0,false
PENALTY1,1000,0,SLP_SAR0_PH1_ATR1,false,true,true,MAX_IT,500,1218.467135,1.7995631090923568e15,0.0,false
PENALTY1,1000,0,BASE_SLP,true,false,false,MAX_IT,500,1212.658924,1.7995631090923568e15,0.0,true
PENALTY1,1000,0,SLP_SAR1_PH1_ATR0,true,true,false,MAX_IT,500,1281.847941,1.7995631090923568e15,0.0,false
PENALTY1,1000,0,SLP_SAR1_PH1_ATR1,true,true,true,MAX_IT,500,1317.863961,1.7995631090923568e15,0.0,false
PENALTY2,200,0,SLP_SAR0_PH0_ATR0,false,false,false,MAX_IT,500,481.679533,4.711627728586048e13,0.0,false
PENALTY2,200,0,SLP_SAR0_PH1_ATR0,false,true,false,MAX_IT,500,482.901794,4.711627728209e13,0.0,false
PENALTY2,200,0,SLP_SAR0_PH1_ATR1,false,true,true,MAX_IT,500,474.232282,4.711627728391798e13,0.0,false
PENALTY2,200,0,BASE_SLP,true,false,false,MAX_IT,500,472.775602,4.711627728530922e13,0.0,true
PENALTY2,200,0,SLP_SAR1_PH1_ATR0,true,true,false,MAX_IT,500,477.96085100000005,4.711627728209e13,0.0,false
PENALTY2,200,0,SLP_SAR1_PH1_ATR1,true,true,true,MAX_IT,500,479.47075099999995,4.711627728391798e13,0.0,false
PENALTY3,200,0,SLP_SAR0_PH0_ATR0,false,false,false,MAX_IT,500,942.687199,1.1785923004167436e8,0.0,false
PENALTY3,200,0,SLP_SAR0_PH1_ATR0,false,true,false,MAX_IT,500,1032.9710599999999,1.177560328373476e8,0.0,false
PENALTY3,200,0,SLP_SAR0_PH1_ATR1,false,true,true,MAX_IT,500,948.714894,402810.11640368734,0.0,false
PENALTY3,200,0,BASE_SLP,true,false,false,MAX_IT,500,979.382627,1.1797222648416467e8,0.0,true
PENALTY3,200,0,SLP_SAR1_PH1_ATR0,true,true,false,MAX_IT,500,1029.784722,1.177560328373476e8,0.0,false
PENALTY3,200,0,SLP_SAR1_PH1_ATR1,true,true,true,MAX_IT,500,936.4046940000001,402810.11640368734,0.0,false
PENTDI,5000,0,SLP_SAR0_PH0_ATR0,false,false,false,KKT_OK,23,234.43022499999998,-0.7499999618530275,0.0,false
PENTDI,5000,0,SLP_SAR0_PH1_ATR0,false,true,false,KKT_OK,7,71.382723,-0.75,0.0,false
PENTDI,5000,0,SLP_SAR0_PH1_ATR1,false,true,true,KKT_OK,42,421.728212,-0.7499999645287732,0.0,false
PENTDI,5000,0,BASE_SLP,true,false,false,KKT_OK,24,243.606083,-0.7499999740704344,0.0,true
PENTDI,5000,0,SLP_SAR1_PH1_ATR0,true,true,false,KKT_OK,7,71.664391,-0.75,0.0,false
PENTDI,5000,0,SLP_SAR1_PH1_ATR1,true,true,true,KKT_OK,42,424.991036,-0.7499999645287732,0.0,false
PFIT1LS,3,0,SLP_SAR0_PH0_ATR0,false,false,false,MAX_IT,500,267.506763,0.3137932080361112,0.0,false
PFIT1LS,3,0,SLP_SAR0_PH1_ATR0,false,true,false,MAX_IT,500,268.481409,0.33135744460600536,0.0,false
PFIT1LS,3,0,SLP_SAR0_PH1_ATR1,false,true,true,MAX_IT,500,261.304656,1.1938133998967229,0.0,false
PFIT1LS,3,0,BASE_SLP,true,false,false,MAX_IT,500,268.27036300000003,0.30170939506393335,0.0,true
PFIT1LS,3,0,SLP_SAR1_PH1_ATR0,true,true,false,MAX_IT,500,259.259272,0.33135744460600536,0.0,false
PFIT1LS,3,0,SLP_SAR1_PH1_ATR1,true,true,true,MAX_IT,500,266.249565,1.1938133998967229,0.0,false
PFIT2LS,3,0,SLP_SAR0_PH0_ATR0,false,false,false,MAX_IT,500,270.696089,3.272082481945449,0.0,false
PFIT2LS,3,0,SLP_SAR0_PH1_ATR0,false,true,false,MAX_IT,500,265.818867,3.1989530551721312,0.0,false
PFIT2LS,3,0,SLP_SAR0_PH1_ATR1,false,true,true,MAX_IT,500,269.941845,2.533541430197717,0.0,false
PFIT2LS,3,0,BASE_SLP,true,false,false,MAX_IT,500,271.025156,3.2844347974606647,0.0,true
PFIT2LS,3,0,SLP_SAR1_PH1_ATR0,true,true,false,MAX_IT,500,266.80120800000003,3.1989530551721312,0.0,false
PFIT2LS,3,0,SLP_SAR1_PH1_ATR1,true,true,true,MAX_IT,500,270.12082100000003,2.533541430197717,0.0,false
PFIT3LS,3,0,SLP_SAR0_PH0_ATR0,false,false,false,MAX_IT,500,270.91047000000003,7.808980129871568,0.0,false
PFIT3LS,3,0,SLP_SAR0_PH1_ATR0,false,true,false,MAX_IT,500,258.583805,8.127220127876996,0.0,false
PFIT3LS,3,0,SLP_SAR0_PH1_ATR1,false,true,true,MAX_IT,500,267.674886,7.038963723257604,0.0,false
PFIT3LS,3,0,BASE_SLP,true,false,false,MAX_IT,500,268.65344000000005,8.24699015842279,0.0,true
PFIT3LS,3,0,SLP_SAR1_PH1_ATR0,true,true,false,MAX_IT,500,258.85150699999997,8.127220127876996,0.0,false
PFIT3LS,3,0,SLP_SAR1_PH1_ATR1,true,true,true,MAX_IT,500,267.880351,7.038963723257604,0.0,false
PFIT4LS,3,0,SLP_SAR0_PH0_ATR0,false,false,false,SMALL_STEP,90,48.071726000000005,13.07404200879337,0.0,false
PFIT4LS,3,0,SLP_SAR0_PH1_ATR0,false,true,false,MAX_IT,500,269.13467099999997,12.125298875448014,0.0,false
PFIT4LS,3,0,SLP_SAR0_PH1_ATR1,false,true,true,SMALL_STEP,24,12.750319,10.050822283499944,0.0,false
PFIT4LS,3,0,BASE_SLP,true,false,false,MAX_IT,500,269.310281,12.241387815808046,0.0,true
PFIT4LS,3,0,SLP_SAR1_PH1_ATR0,true,true,false,MAX_IT,500,268.959542,12.125298875448014,0.0,false
PFIT4LS,3,0,SLP_SAR1_PH1_ATR1,true,true,true,SMALL_STEP,24,13.281535,10.050822283499944,0.0,false
PORTFL1,12,1,SLP_SAR0_PH0_ATR0,false,false,false,SMALL_STEP,91,54.8434,0.02048628328535799,5.551115123125783e-17,false
PORTFL1,12,1,SLP_SAR0_PH1_ATR0,false,true,false,SMALL_STEP,82,49.659503,0.020486274869219886,1.1102230246251565e-16,false
PORTFL1,12,1,SLP_SAR0_PH1_ATR1,false,true,true,MAX_IT,500,302.91218399999997,0.020487485987085035,2.7755575615628914e-17,false
PORTFL1,12,1,BASE_SLP,true,false,false,SMALL_STEP,59,35.89916,0.020486277249430633,5.551115123125783e-17,true
PORTFL1,12,1,SLP_SAR1_PH1_ATR0,true,true,false,SMALL_STEP,82,48.902072999999994,0.020486274869219886,1.1102230246251565e-16,false
PORTFL1,12,1,SLP_SAR1_PH1_ATR1,true,true,true,MAX_IT,500,304.639311,0.020487485987085035,2.7755575615628914e-17,false
PORTFL2,12,1,SLP_SAR0_PH0_ATR0,false,false,false,SMALL_STEP,85,51.083201,0.029689240711802962,3.885780586188048e-16,false
PORTFL2,12,1,SLP_SAR0_PH1_ATR0,false,true,false,SMALL_STEP,77,45.793957000000006,0.029689240121380925,5.551115123125783e-17,false
PORTFL2,12,1,SLP_SAR0_PH1_ATR1,false,true,true,MAX_IT,500,312.986036,0.029724129590385704,0.0,false
PORTFL2,12,1,BASE_SLP,true,false,false,SMALL_STEP,58,34.420718,0.02968924070833309,3.3306690738754696e-16,true
PORTFL2,12,1,SLP_SAR1_PH1_ATR0,true,true,false,SMALL_STEP,77,45.579443999999995,0.029689240121380925,5.551115123125783e-17,false
PORTFL2,12,1,SLP_SAR1_PH1_ATR1,true,true,true,MAX_IT,500,314.834291,0.029724129590385704,0.0,false
PORTFL3,12,1,SLP_SAR0_PH0_ATR0,false,false,false,SMALL_STEP,94,56.266497,0.03274971637492173,5.551115123125783e-17,false
PORTFL3,12,1,SLP_SAR0_PH1_ATR0,false,true,false,SMALL_STEP,89,53.384735,0.03274970994412418,2.7755575615628914e-17,false
PORTFL3,12,1,SLP_SAR0_PH1_ATR1,false,true,true,MAX_IT,500,319.04904,0.03277476930818999,2.7755575615628914e-17,false
PORTFL3,12,1,BASE_SLP,true,false,false,SMALL_STEP,50,29.781112,0.03274971129312621,2.7755575615628914e-17,true
PORTFL3,12,1,SLP_SAR1_PH1_ATR0,true,true,false,SMALL_STEP,89,53.037675,0.03274970994412418,2.7755575615628914e-17,false
PORTFL3,12,1,SLP_SAR1_PH1_ATR1,true,true,true,MAX_IT,500,318.725594,0.03277476930818999,2.7755575615628914e-17,false
PORTFL4,12,1,SLP_SAR0_PH0_ATR0,false,false,false,SMALL_STEP,88,57.300014000000004,0.02630695889137228,8.326672684688674e-17,false
PORTFL4,12,1,SLP_SAR0_PH1_ATR0,false,true,false,SMALL_STEP,59,35.091305000000006,0.026306952161883713,8.326672684688674e-17,false
PORTFL4,12,1,SLP_SAR0_PH1_ATR1,false,true,true,MAX_IT,500,302.836851,0.02632008544092957,5.551115123125783e-17,false
PORTFL4,12,1,BASE_SLP,true,false,false,SMALL_STEP,45,38.763859,0.02630695308145486,8.326672684688674e-17,true
PORTFL4,12,1,SLP_SAR1_PH1_ATR0,true,true,false,SMALL_STEP,59,35.718241,0.026306952161883713,8.326672684688674e-17,false
PORTFL4,12,1,SLP_SAR1_PH1_ATR1,true,true,true,MAX_IT,500,301.04967100000005,0.02632008544092957,5.551115123125783e-17,false
PORTFL6,12,1,SLP_SAR0_PH0_ATR0,false,false,false,SMALL_STEP,57,34.993753000000005,0.025791798672176392,5.551115123125783e-17,false
PORTFL6,12,1,SLP_SAR0_PH1_ATR0,false,true,false,SMALL_STEP,44,26.468612999999998,0.025791798438034943,1.1102230246251565e-16,false
PORTFL6,12,1,SLP_SAR0_PH1_ATR1,false,true,true,MAX_IT,500,300.469043,0.025830090356120636,5.551115123125783e-17,false
PORTFL6,12,1,BASE_SLP,true,false,false,SMALL_STEP,52,31.727360000000004,0.02579179925197564,5.551115123125783e-17,true
PORTFL6,12,1,SLP_SAR1_PH1_ATR0,true,true,false,SMALL_STEP,44,26.180934,0.025791798438034943,1.1102230246251565e-16,false
PORTFL6,12,1,SLP_SAR1_PH1_ATR1,true,true,true,MAX_IT,500,301.33660899999995,0.025830090356120636,5.551115123125783e-17,false
PORTSQP,100000,1,SLP_SAR0_PH0_ATR0,false,false,false,MAX_IT,500,203490.692452,33331.34206863584,2.480654570646834e-16,false
PORTSQP,100000,1,SLP_SAR0_PH1_ATR0,false,true,false,SMALL_STEP,64,24663.706736,33331.34177890064,1.5317608292875207e-15,false
PORTSQP,100000,1,SLP_SAR0_PH1_ATR1,false,true,true,SMALL_STEP,60,24091.41684,33331.34175402892,1.4172690798730514e-15,false
PORTSQP,100000,1,BASE_SLP,true,false,false,SMALL_STEP,180,74144.79693299999,33331.34178001504,1.7377592420597665e-15,true
PORTSQP,100000,1,SLP_SAR1_PH1_ATR0,true,true,false,SMALL_STEP,64,24833.761382999997,33331.34177890064,1.5317608292875207e-15,false
PORTSQP,100000,1,SLP_SAR1_PH1_ATR1,true,true,true,SMALL_STEP,60,23603.187721000002,33331.34175402892,1.4172690798730514e-15,false
POWELLBC,1000,0,SLP_SAR0_PH0_ATR0,false,false,false,SMALL_STEP,13,52.12395,2.0839971073673787e6,0.0,false
POWELLBC,1000,0,SLP_SAR0_PH1_ATR0,false,true,false,SMALL_STEP,10,39.104056,2.1107813199104546e6,0.0,false
POWELLBC,1000,0,SLP_SAR0_PH1_ATR1,false,true,true,SMALL_STEP,10,42.073724999999996,2.074463938538578e6,0.0,false
POWELLBC,1000,0,BASE_SLP,true,false,false,SMALL_STEP,8,31.878829999999997,2.1751447780384324e6,0.0,true
POWELLBC,1000,0,SLP_SAR1_PH1_ATR0,true,true,false,SMALL_STEP,10,42.004295,2.1107813199104546e6,0.0,false
POWELLBC,1000,0,SLP_SAR1_PH1_ATR1,true,true,true,SMALL_STEP,10,39.255008000000004,2.074463938538578e6,0.0,false
POWELLBSLS,2,0,SLP_SAR0_PH0_ATR0,false,false,false,SMALL_STEP,10,5.332733,0.1352119874019723,0.0,false
POWELLBSLS,2,0,SLP_SAR0_PH1_ATR0,false,true,false,SMALL_STEP,8,4.232673999999999,0.13516113550076797,0.0,false
POWELLBSLS,2,0,SLP_SAR0_PH1_ATR1,false,true,true,SMALL_STEP,10,5.244247,0.13518790361491087,0.0,false
POWELLBSLS,2,0,BASE_SLP,true,false,false,SMALL_STEP,10,5.269094,0.1352119874019723,0.0,true
POWELLBSLS,2,0,SLP_SAR1_PH1_ATR0,true,true,false,SMALL_STEP,8,4.168223,0.13516113550076797,0.0,false
POWELLBSLS,2,0,SLP_SAR1_PH1_ATR1,true,true,true,SMALL_STEP,10,5.211226,0.13518790361491087,0.0,false
POWELLSG,5000,0,SLP_SAR0_PH0_ATR0,false,false,false,MAX_IT,500,5234.943068,1.2141963167778707,0.0,false
POWELLSG,5000,0,SLP_SAR0_PH1_ATR0,false,true,false,MAX_IT,500,5464.908382,1.0323149482976923,0.0,false
POWELLSG,5000,0,SLP_SAR0_PH1_ATR1,false,true,true,MAX_IT,500,5339.866651,431.13799337187885,0.0,false
POWELLSG,5000,0,BASE_SLP,true,false,false,MAX_IT,500,5317.163397,1.742615107950805,0.0,true
POWELLSG,5000,0,SLP_SAR1_PH1_ATR0,true,true,false,MAX_IT,500,5324.364625,1.0323149482976923,0.0,false
POWELLSG,5000,0,SLP_SAR1_PH1_ATR1,true,true,true,MAX_IT,500,5414.1777409999995,431.13799337187885,0.0,false
POWELLSQLS,2,0,SLP_SAR0_PH0_ATR0,false,false,false,SMALL_STEP,35,19.10554,3.044031494618145e-7,0.0,false
POWELLSQLS,2,0,SLP_SAR0_PH1_ATR0,false,true,false,SMALL_STEP,26,13.833770000000001,1.751754384955631e-14,0.0,false
POWELLSQLS,2,0,SLP_SAR0_PH1_ATR1,false,true,true,SMALL_STEP,28,14.814176,1.581822796591984e-10,0.0,false
POWELLSQLS,2,0,BASE_SLP,true,false,false,SMALL_STEP,29,15.238389,1.0473183868681199e-7,0.0,true
POWELLSQLS,2,0,SLP_SAR1_PH1_ATR0,true,true,false,SMALL_STEP,26,13.601305,1.751754384955631e-14,0.0,false
POWELLSQLS,2,0,SLP_SAR1_PH1_ATR1,true,true,true,SMALL_STEP,28,14.713607,1.581822796591984e-10,0.0,false
POWER,10000,0,SLP_SAR0_PH0_ATR0,false,false,false,KKT_OK,16,348.702624,1.202023161399117e-49,0.0,false
POWER,10000,0,SLP_SAR0_PH1_ATR0,false,true,false,SMALL_STEP,17,343.122377,9.91367760631286e-10,0.0,false
POWER,10000,0,SLP_SAR0_PH1_ATR1,false,true,true,SMALL_STEP,48,1046.108885,4.263803782347568e-7,0.0,false
POWER,10000,0,BASE_SLP,true,false,false,SMALL_STEP,14,362.270107,1.202023161399117e-49,0.0,true
POWER,10000,0,SLP_SAR1_PH1_ATR0,true,true,false,SMALL_STEP,17,364.299456,9.91367760631286e-10,0.0,false
POWER,10000,0,SLP_SAR1_PH1_ATR1,true,true,true,SMALL_STEP,48,1012.3726660000001,4.263803782347568e-7,0.0,false
POWERSUM,4,0,SLP_SAR0_PH0_ATR0,false,false,false,SMALL_STEP,17,9.259025000000001,37.43144876636986,0.0,false
POWERSUM,4,0,SLP_SAR0_PH1_ATR0,false,true,false,SMALL_STEP,11,6.040178999999999,37.431868654127015,0.0,false
POWERSUM,4,0,SLP_SAR0_PH1_ATR1,false,true,true,SMALL_STEP,14,7.634434,37.43115436446879,0.0,false
POWERSUM,4,0,BASE_SLP,true,false,false,SMALL_STEP,15,8.701591,37.43144912697255,0.0,true
POWERSUM,4,0,SLP_SAR1_PH1_ATR0,true,true,false,SMALL_STEP,11,6.147971,37.431868654127015,0.0,false
POWERSUM,4,0,SLP_SAR1_PH1_ATR1,true,true,true,SMALL_STEP,14,8.571728,37.43115436446879,0.0,false
POWERSUMB,4,0,SLP_SAR0_PH0_ATR0,false,false,false,SMALL_STEP,17,9.096722,37.43144876636986,0.0,false
POWERSUMB,4,0,SLP_SAR0_PH1_ATR0,false,true,false,SMALL_STEP,11,5.853128,37.431868654127015,0.0,false
POWERSUMB,4,0,SLP_SAR0_PH1_ATR1,false,true,true,SMALL_STEP,14,7.518337,37.43115436446879,0.0,false
POWERSUMB,4,0,BASE_SLP,true,false,false,SMALL_STEP,15,7.939284,37.43144912697255,0.0,true
POWERSUMB,4,0,SLP_SAR1_PH1_ATR0,true,true,false,SMALL_STEP,11,5.805619,37.431868654127015,0.0,false
POWERSUMB,4,0,SLP_SAR1_PH1_ATR1,true,true,true,SMALL_STEP,14,7.826984,37.43115436446879,0.0,false
PRICE3,2,0,SLP_SAR0_PH0_ATR0,false,false,false,SMALL_STEP,98,51.246246,2.702278439085921e-6,0.0,false
PRICE3,2,0,SLP_SAR0_PH1_ATR0,false,true,false,SMALL_STEP,101,52.243984,1.0753805665351066e-6,0.0,false
PRICE3,2,0,SLP_SAR0_PH1_ATR1,false,true,true,SMALL_STEP,428,221.60608100000002,3.940712147383887e-6,0.0,false
PRICE3,2,0,BASE_SLP,true,false,false,SMALL_STEP,112,58.745506000000006,6.421204167862328e-7,0.0,true
PRICE3,2,0,SLP_SAR1_PH1_ATR0,true,true,false,SMALL_STEP,101,52.468383,1.0753805665351066e-6,0.0,false
PRICE3,2,0,SLP_SAR1_PH1_ATR1,true,true,true,SMALL_STEP,428,229.68781199999998,3.940712147383887e-6,0.0,false
PRICE3B,2,0,SLP_SAR0_PH0_ATR0,false,false,false,SMALL_STEP,98,50.708799,2.702278439085921e-6,0.0,false
PRICE3B,2,0,SLP_SAR0_PH1_ATR0,false,true,false,SMALL_STEP,101,51.808458,1.0753805665351066e-6,0.0,false
PRICE3B,2,0,SLP_SAR0_PH1_ATR1,false,true,true,SMALL_STEP,428,228.940914,3.940712147383887e-6,0.0,false
PRICE3B,2,0,BASE_SLP,true,false,false,SMALL_STEP,112,59.927969999999995,6.421204167862328e-7,0.0,true
PRICE3B,2,0,SLP_SAR1_PH1_ATR0,true,true,false,SMALL_STEP,101,52.294979,1.0753805665351066e-6,0.0,false
PRICE3B,2,0,SLP_SAR1_PH1_ATR1,true,true,true,SMALL_STEP,428,231.506127,3.940712147383887e-6,0.0,false
PRICE4,2,0,SLP_SAR0_PH0_ATR0,false,false,false,KKT_OK,13,6.988504000000001,2.145701662201152e-28,0.0,false
PRICE4,2,0,SLP_SAR0_PH1_ATR0,false,true,false,KKT_OK,15,8.327712,3.1042769354041727e-15,0.0,false
PRICE4,2,0,SLP_SAR0_PH1_ATR1,false,true,true,SMALL_STEP,476,252.00781100000003,0.004031996827623367,0.0,false
PRICE4,2,0,BASE_SLP,true,false,false,KKT_OK,13,7.4483049999999995,2.145701662201152e-28,0.0,true
PRICE4,2,0,SLP_SAR1_PH1_ATR0,true,true,false,KKT_OK,15,8.464447,3.1042769354041727e-15,0.0,false
PRICE4,2,0,SLP_SAR1_PH1_ATR1,true,true,true,SMALL_STEP,476,253.494164,0.004031996827623367,0.0,false
PRICE4B,2,0,SLP_SAR0_PH0_ATR0,false,false,false,KKT_OK,13,6.999094,2.145701662201152e-28,0.0,false
PRICE4B,2,0,SLP_SAR0_PH1_ATR0,false,true,false,KKT_OK,15,7.975542000000001,3.1042769354041727e-15,0.0,false
PRICE4B,2,0,SLP_SAR0_PH1_ATR1,false,true,true,SMALL_STEP,476,245.377287,0.004031996827623367,0.0,false
PRICE4B,2,0,BASE_SLP,true,false,false,KKT_OK,13,7.439569,2.145701662201152e-28,0.0,true
PRICE4B,2,0,SLP_SAR1_PH1_ATR0,true,true,false,KKT_OK,15,8.100687,3.1042769354041727e-15,0.0,false
PRICE4B,2,0,SLP_SAR1_PH1_ATR1,true,true,true,SMALL_STEP,476,257.128889,0.004031996827623367,0.0,false
PROBPENL,500,0,SLP_SAR0_PH0_ATR0,false,false,false,SMALL_STEP,25,34.644363,9.576701987102611e-5,0.0,false
PROBPENL,500,0,SLP_SAR0_PH1_ATR0,false,true,false,KKT_OK,11,15.730682,3.991983927208006e-7,0.0,false
PROBPENL,500,0,SLP_SAR0_PH1_ATR1,false,true,true,KKT_OK,12,16.730985,3.9919839272084157e-7,0.0,false
PROBPENL,500,0,BASE_SLP,true,false,false,SMALL_STEP,23,35.897389000000004,9.576701987102553e-5,0.0,true
PROBPENL,500,0,SLP_SAR1_PH1_ATR0,true,true,false,KKT_OK,11,16.745091,3.991983927208006e-7,0.0,false
PROBPENL,500,0,SLP_SAR1_PH1_ATR1,true,true,true,KKT_OK,12,22.005239,3.9919839272084157e-7,0.0,false
PSPDOC,4,0,SLP_SAR0_PH0_ATR0,false,false,false,KKT_OK,25,13.483074,2.4142136815823774,0.0,false
PSPDOC,4,0,SLP_SAR0_PH1_ATR0,false,true,false,KKT_OK,11,5.894215,2.414213562373095,0.0,false
PSPDOC,4,0,SLP_SAR0_PH1_ATR1,false,true,true,KKT_OK,11,5.842809,2.414213562373095,0.0,false
PSPDOC,4,0,BASE_SLP,true,false,false,KKT_OK,25,13.236592,2.4142136815823774,0.0,true
PSPDOC,4,0,SLP_SAR1_PH1_ATR0,true,true,false,KKT_OK,11,5.828643,2.414213562373095,0.0,false
PSPDOC,4,0,SLP_SAR1_PH1_ATR1,true,true,true,KKT_OK,11,10.644249,2.414213562373095,0.0,false
QING,100,0,SLP_SAR0_PH0_ATR0,false,false,false,SMALL_STEP,140,101.09231100000001,0.0017140893210690377,0.0,false
QING,100,0,SLP_SAR0_PH1_ATR0,false,true,false,SMALL_STEP,67,50.743344,0.0005888268699437469,0.0,false
QING,100,0,SLP_SAR0_PH1_ATR1,false,true,true,SMALL_STEP,68,51.843154000000006,0.00019415718554015177,0.0,false
QING,100,0,BASE_SLP,true,false,false,SMALL_STEP,139,101.020255,0.0011782208595271335,0.0,true
QING,100,0,SLP_SAR1_PH1_ATR0,true,true,false,SMALL_STEP,67,49.870020000000004,0.0005888268699437469,0.0,false
QING,100,0,SLP_SAR1_PH1_ATR1,true,true,true,SMALL_STEP,68,51.088170000000005,0.00019415718554015177,0.0,false
QINGB,5,0,SLP_SAR0_PH0_ATR0,false,false,false,SMALL_STEP,34,18.22379,1.6528313645588082e-8,0.0,false
QINGB,5,0,SLP_SAR0_PH1_ATR0,false,true,false,SMALL_STEP,26,13.751045,2.0309643698983963e-8,0.0,false
QINGB,5,0,SLP_SAR0_PH1_ATR1,false,true,true,MAX_IT,500,270.809144,0.42707410474470925,0.0,false
QINGB,5,0,BASE_SLP,true,false,false,SMALL_STEP,34,17.983369999999997,1.652831364534173e-8,0.0,true
QINGB,5,0,SLP_SAR1_PH1_ATR0,true,true,false,SMALL_STEP,26,13.645188000000001,2.0309643698983963e-8,0.0,false
QINGB,5,0,SLP_SAR1_PH1_ATR1,true,true,true,MAX_IT,500,268.071508,0.42707410474470925,0.0,false
QR3DLS,610,0,SLP_SAR0_PH0_ATR0,false,false,false,MAX_IT,500,925.9255939999999,1.4751773340922687,0.0,false
QR3DLS,610,0,SLP_SAR0_PH1_ATR0,false,true,false,MAX_IT,500,936.8997919999999,0.6757985625358286,0.0,false
QR3DLS,610,0,SLP_SAR0_PH1_ATR1,false,true,true,MAX_IT,500,923.6008340000001,3.0877259431424995,0.0,false
QR3DLS,610,0,BASE_SLP,true,false,false,MAX_IT,500,993.4604019999999,1.1738060278946982,0.0,true
QR3DLS,610,0,SLP_SAR1_PH1_ATR0,true,true,false,MAX_IT,500,943.392141,0.6757985625358286,0.0,false
QR3DLS,610,0,SLP_SAR1_PH1_ATR1,true,true,true,MAX_IT,500,905.8190050000001,3.0877259431424995,0.0,false
QRTQUAD,5000,0,SLP_SAR0_PH0_ATR0,false,false,false,MAX_IT,500,5210.2490020000005,-1.203994455404374e9,0.0,false
QRTQUAD,5000,0,SLP_SAR0_PH1_ATR0,false,true,false,MAX_IT,500,5237.218387999999,-1.2085301835429904e9,0.0,false
QRTQUAD,5000,0,SLP_SAR0_PH1_ATR1,false,true,true,MAX_IT,500,5327.800875,-1.2024486763218436e9,0.0,false
QRTQUAD,5000,0,BASE_SLP,true,false,false,MAX_IT,500,5323.757874,-1.205485082984182e9,0.0,true
QRTQUAD,5000,0,SLP_SAR1_PH1_ATR0,true,true,false,MAX_IT,500,5189.399902,-1.2085301835429904e9,0.0,false
QRTQUAD,5000,0,SLP_SAR1_PH1_ATR1,true,true,true,MAX_IT,500,5174.881451,-1.2024486763218436e9,0.0,false
QUARTC,5000,0,SLP_SAR0_PH0_ATR0,false,false,false,MAX_IT,500,5211.241533,3.694664795928783e17,0.0,false
QUARTC,5000,0,SLP_SAR0_PH1_ATR0,false,true,false,MAX_IT,500,5255.881353000001,3.694664795928783e17,0.0,false
QUARTC,5000,0,SLP_SAR0_PH1_ATR1,false,true,true,MAX_IT,500,5550.386044,3.694664795928783e17,0.0,false
QUARTC,5000,0,BASE_SLP,true,false,false,MAX_IT,500,5349.55868,3.694664795928783e17,0.0,true
QUARTC,5000,0,SLP_SAR1_PH1_ATR0,true,true,false,MAX_IT,500,5380.582113,3.694664795928783e17,0.0,false
QUARTC,5000,0,SLP_SAR1_PH1_ATR1,true,true,true,MAX_IT,500,5251.244007,3.694664795928783e17,0.0,false
QUDLIN,5000,0,SLP_SAR0_PH0_ATR0,false,false,false,KKT_OK,18,180.707799,-1.25e9,0.0,false
QUDLIN,5000,0,SLP_SAR0_PH1_ATR0,false,true,false,KKT_OK,17,174.686484,-1.25e9,0.0,false
QUDLIN,5000,0,SLP_SAR0_PH1_ATR1,false,true,true,KKT_OK,18,186.263562,-1.25e9,0.0,false
QUDLIN,5000,0,BASE_SLP,true,false,false,KKT_OK,18,180.11091100000002,-1.25e9,0.0,true
QUDLIN,5000,0,SLP_SAR1_PH1_ATR0,true,true,false,KKT_OK,17,171.57235300000002,-1.25e9,0.0,false
QUDLIN,5000,0,SLP_SAR1_PH1_ATR1,true,true,true,KKT_OK,18,182.560779,-1.25e9,0.0,false
RAT42LS,3,0,SLP_SAR0_PH0_ATR0,false,false,false,MAX_IT,500,267.46403200000003,1272.257989542746,0.0,false
RAT42LS,3,0,SLP_SAR0_PH1_ATR0,false,true,false,MAX_IT,500,259.20653999999996,1323.756844889743,0.0,false
RAT42LS,3,0,SLP_SAR0_PH1_ATR1,false,true,true,MAX_IT,500,265.558283,1311.6431130218552,0.0,false
RAT42LS,3,0,BASE_SLP,true,false,false,MAX_IT,500,267.54787899999997,1279.294372007089,0.0,true
RAT42LS,3,0,SLP_SAR1_PH1_ATR0,true,true,false,MAX_IT,500,258.493715,1323.756844889743,0.0,false
RAT42LS,3,0,SLP_SAR1_PH1_ATR1,true,true,true,MAX_IT,500,265.76246599999996,1311.6431130218552,0.0,false
RAT43LS,4,0,SLP_SAR0_PH0_ATR0,false,false,false,MAX_IT,500,264.068003,1.7182689717162927e6,0.0,false
RAT43LS,4,0,SLP_SAR0_PH1_ATR0,false,true,false,MAX_IT,500,268.116674,1.6879903189503495e6,0.0,false
RAT43LS,4,0,SLP_SAR0_PH1_ATR1,false,true,true,MAX_IT,500,270.86524099999997,2.2175131185772326e6,0.0,false
RAT43LS,4,0,BASE_SLP,true,false,false,MAX_IT,500,270.591539,1.5841821686181142e6,0.0,true
RAT43LS,4,0,SLP_SAR1_PH1_ATR0,true,true,false,MAX_IT,500,262.362349,1.6879903189503495e6,0.0,false
RAT43LS,4,0,SLP_SAR1_PH1_ATR1,true,true,true,MAX_IT,500,266.37293,2.2175131185772326e6,0.0,false
RAYBENDL,2050,0,SLP_SAR0_PH0_ATR0,false,false,false,MAX_IT,500,2136.929223,97.9415336705858,0.0,false
RAYBENDL,2050,0,SLP_SAR0_PH1_ATR0,false,true,false,SMALL_STEP,448,1984.795051,97.83485969287379,0.0,false
RAYBENDL,2050,0,SLP_SAR0_PH1_ATR1,false,true,true,MAX_IT,500,2240.040076,97.95819323167538,0.0,false
RAYBENDL,2050,0,BASE_SLP,true,false,false,SMALL_STEP,301,1363.417337,97.81940889858399,0.0,true
RAYBENDL,2050,0,SLP_SAR1_PH1_ATR0,true,true,false,SMALL_STEP,448,1943.126612,97.83485969287379,0.0,false
RAYBENDL,2050,0,SLP_SAR1_PH1_ATR1,true,true,true,MAX_IT,500,2200.089325,97.95819323167538,0.0,false
RAYBENDS,2050,0,SLP_SAR0_PH0_ATR0,false,false,false,MAX_IT,500,2973.663112,97.91786521816873,0.0,false
RAYBENDS,2050,0,SLP_SAR0_PH1_ATR0,false,true,false,MAX_IT,500,3363.407319,97.74632799319805,0.0,false
RAYBENDS,2050,0,SLP_SAR0_PH1_ATR1,false,true,true,MAX_IT,500,2976.747672,97.89381917831395,0.0,false
RAYBENDS,2050,0,BASE_SLP,true,false,false,MAX_IT,500,3392.962438,97.8979940147736,0.0,true
RAYBENDS,2050,0,SLP_SAR1_PH1_ATR0,true,true,false,MAX_IT,500,3432.376141,97.74632799319805,0.0,false
RAYBENDS,2050,0,SLP_SAR1_PH1_ATR1,true,true,true,MAX_IT,500,2860.753279,97.89381917831395,0.0,false
RECIPELS,3,0,SLP_SAR0_PH0_ATR0,false,false,false,KKT_OK,81,42.274010000000004,4.757853257994595e-6,0.0,false
RECIPELS,3,0,SLP_SAR0_PH1_ATR0,false,true,false,KKT_OK,76,39.324116,1.1116396342929638e-6,0.0,false
RECIPELS,3,0,SLP_SAR0_PH1_ATR1,false,true,true,MAX_IT,500,268.489339,0.01166624307725663,0.0,false
RECIPELS,3,0,BASE_SLP,true,false,false,KKT_OK,70,36.378861,3.959824708938229e-6,0.0,true
RECIPELS,3,0,SLP_SAR1_PH1_ATR0,true,true,false,KKT_OK,76,40.111520999999996,1.1116396342929638e-6,0.0,false
RECIPELS,3,0,SLP_SAR1_PH1_ATR1,true,true,true,MAX_IT,500,272.099899,0.01166624307725663,0.0,false
ROSENBR,2,0,SLP_SAR0_PH0_ATR0,false,false,false,MAX_IT,500,263.153888,0.06473707653814975,0.0,false
ROSENBR,2,0,SLP_SAR0_PH1_ATR0,false,true,false,MAX_IT,500,266.03821,0.07769724386281941,0.0,false
ROSENBR,2,0,SLP_SAR0_PH1_ATR1,false,true,true,MAX_IT,500,258.071211,4.1102662905685525,0.0,false
ROSENBR,2,0,BASE_SLP,true,false,false,MAX_IT,500,265.006006,0.09184796415502151,0.0,true
ROSENBR,2,0,SLP_SAR1_PH1_ATR0,true,true,false,MAX_IT,500,267.355276,0.07769724386281941,0.0,false
ROSENBR,2,0,SLP_SAR1_PH1_ATR1,true,true,true,MAX_IT,500,257.311108,4.1102662905685525,0.0,false
ROSENBRTU,2,0,SLP_SAR0_PH0_ATR0,false,false,false,SMALL_STEP,28,14.874032,0.9645605217350662,0.0,false
ROSENBRTU,2,0,SLP_SAR0_PH1_ATR0,false,true,false,SMALL_STEP,26,13.616829000000001,0.9645604003833678,0.0,false
ROSENBRTU,2,0,SLP_SAR0_PH1_ATR1,false,true,true,SMALL_STEP,28,14.625417,0.9647505182159196,0.0,false
ROSENBRTU,2,0,BASE_SLP,true,false,false,SMALL_STEP,28,14.595531,0.9645605217350662,0.0,true
ROSENBRTU,2,0,SLP_SAR1_PH1_ATR0,true,true,false,SMALL_STEP,26,13.493317,0.9645604003833678,0.0,false
ROSENBRTU,2,0,SLP_SAR1_PH1_ATR1,true,true,true,SMALL_STEP,28,16.221474999999998,0.9647505182159196,0.0,false
ROSZMAN1LS,4,0,SLP_SAR0_PH0_ATR0,false,false,false,SMALL_STEP,10,5.351179999999999,5.150699567318701,0.0,false
ROSZMAN1LS,4,0,SLP_SAR0_PH1_ATR0,false,true,false,SMALL_STEP,8,4.260839,5.150065363045122,0.0,false
ROSZMAN1LS,4,0,SLP_SAR0_PH1_ATR1,false,true,true,SMALL_STEP,10,5.425179,5.151843822199314,0.0,false
ROSZMAN1LS,4,0,BASE_SLP,true,false,false,SMALL_STEP,10,5.306707,5.150699567318701,0.0,true
ROSZMAN1LS,4,0,SLP_SAR1_PH1_ATR0,true,true,false,SMALL_STEP,8,4.247764,5.150065363045122,0.0,false
ROSZMAN1LS,4,0,SLP_SAR1_PH1_ATR1,true,true,true,SMALL_STEP,10,5.319541,5.151843822199314,0.0,false
S308,2,0,SLP_SAR0_PH0_ATR0,false,false,false,KKT_OK,29,15.279822,0.7731990805435179,0.0,false
S308,2,0,SLP_SAR0_PH1_ATR0,false,true,false,KKT_OK,22,11.511306000000001,0.7731990876033032,0.0,false
S308,2,0,SLP_SAR0_PH1_ATR1,false,true,true,MAX_IT,500,268.470505,0.8114652768617837,0.0,false
S308,2,0,BASE_SLP,true,false,false,KKT_OK,22,11.659463,0.7731990624260118,0.0,true
S308,2,0,SLP_SAR1_PH1_ATR0,true,true,false,KKT_OK,22,11.532185,0.7731990876033032,0.0,false
S308,2,0,SLP_SAR1_PH1_ATR1,true,true,true,MAX_IT,500,267.26682,0.8114652768617837,0.0,false
S316-322,2,1,SLP_SAR0_PH0_ATR0,false,false,false,STALLED_INFEASIBLE,8,8.949028,800.0,1.0,false
S368,8,0,SLP_SAR0_PH0_ATR0,false,false,false,KKT_OK,22,11.986846,-0.9374999387796561,0.0,false
S368,8,0,SLP_SAR0_PH1_ATR0,false,true,false,KKT_OK,22,11.718684,-0.9374999526522938,0.0,false
S368,8,0,SLP_SAR0_PH1_ATR1,false,true,true,KKT_OK,20,10.832153,-0.9374999746583765,0.0,false
S368,8,0,BASE_SLP,true,false,false,KKT_OK,29,16.319459000000002,-0.9374999864605642,0.0,true
S368,8,0,SLP_SAR1_PH1_ATR0,true,true,false,KKT_OK,22,11.693156,-0.9374999526522938,0.0,false
S368,8,0,SLP_SAR1_PH1_ATR1,true,true,true,KKT_OK,20,10.656894999999999,-0.9374999746583765,0.0,false
SANTALS,21,0,SLP_SAR0_PH0_ATR0,false,false,false,MAX_IT,500,287.472627,0.001863645615544144,0.0,false
SANTALS,21,0,SLP_SAR0_PH1_ATR0,false,true,false,MAX_IT,500,287.64473899999996,0.0008055042662812389,0.0,false
SANTALS,21,0,SLP_SAR0_PH1_ATR1,false,true,true,MAX_IT,500,303.27594000000005,0.9144449158334365,0.0,false
SANTALS,21,0,BASE_SLP,true,false,false,MAX_IT,500,292.430852,0.000787026154207529,0.0,true
SANTALS,21,0,SLP_SAR1_PH1_ATR0,true,true,false,MAX_IT,500,291.171444,0.0008055042662812389,0.0,false
SANTALS,21,0,SLP_SAR1_PH1_ATR1,true,true,true,MAX_IT,500,288.672243,0.9144449158334365,0.0,false
SBRYBND,5000,0,SLP_SAR0_PH0_ATR0,false,false,false,SMALL_STEP,8,82.201968,105215.29948576103,0.0,false
SBRYBND,5000,0,SLP_SAR0_PH1_ATR0,false,true,false,SMALL_STEP,7,74.814545,109906.302952167,0.0,false
SBRYBND,5000,0,SLP_SAR0_PH1_ATR1,false,true,true,SMALL_STEP,10,104.50470100000001,118928.44619729038,0.0,false
SBRYBND,5000,0,BASE_SLP,true,false,false,SMALL_STEP,8,80.19523000000001,105215.29948576103,0.0,true
SBRYBND,5000,0,SLP_SAR1_PH1_ATR0,true,true,false,SMALL_STEP,7,99.870463,109906.302952167,0.0,false
SBRYBND,5000,0,SLP_SAR1_PH1_ATR1,true,true,true,SMALL_STEP,10,102.085671,118928.44619729038,0.0,false
SCHMVETT,5000,0,SLP_SAR0_PH0_ATR0,false,false,false,SMALL_STEP,334,3646.585037,-14993.868419419776,0.0,false
SCHMVETT,5000,0,SLP_SAR0_PH1_ATR0,false,true,false,MAX_IT,500,5504.891557999999,-14993.916418349725,0.0,false
SCHMVETT,5000,0,SLP_SAR0_PH1_ATR1,false,true,true,SMALL_STEP,384,4111.850089,-14993.949659327025,0.0,false
SCHMVETT,5000,0,BASE_SLP,true,false,false,SMALL_STEP,120,1327.832048,-14993.880915704678,0.0,true
SCHMVETT,5000,0,SLP_SAR1_PH1_ATR0,true,true,false,MAX_IT,500,5512.9116810000005,-14993.916418349725,0.0,false
SCHMVETT,5000,0,SLP_SAR1_PH1_ATR1,true,true,true,SMALL_STEP,384,4238.114664000001,-14993.949659327025,0.0,false
SCOND1LS,5002,0,SLP_SAR0_PH0_ATR0,false,false,false,MAX_IT,500,5758.361729,448645.65450129815,0.0,false
SCOND1LS,5002,0,SLP_SAR0_PH1_ATR0,false,true,false,MAX_IT,500,5843.1173340000005,375932.6085866807,0.0,false
SCOND1LS,5002,0,SLP_SAR0_PH1_ATR1,false,true,true,MAX_IT,500,5716.607806,111995.14307222949,0.0,false
SCOND1LS,5002,0,BASE_SLP,true,false,false,MAX_IT,500,5451.493077,404099.2895347746,0.0,true
SCOND1LS,5002,0,SLP_SAR1_PH1_ATR0,true,true,false,MAX_IT,500,5491.895622999999,375932.6085866807,0.0,false
SCOND1LS,5002,0,SLP_SAR1_PH1_ATR1,true,true,true,MAX_IT,500,6032.730675,111995.14307222949,0.0,false
SCOSINE,5000,0,SLP_SAR0_PH0_ATR0,false,false,false,SMALL_STEP,10,106.194656,2222.510459627,0.0,false
SCOSINE,5000,0,SLP_SAR0_PH1_ATR0,false,true,false,SMALL_STEP,14,141.110672,2222.510459627,0.0,false
SCOSINE,5000,0,SLP_SAR0_PH1_ATR1,false,true,true,SMALL_STEP,18,184.11185899999998,2223.3079353572925,0.0,false
SCOSINE,5000,0,BASE_SLP,true,false,false,SMALL_STEP,9,94.065682,2222.510459627,0.0,true
SCOSINE,5000,0,SLP_SAR1_PH1_ATR0,true,true,false,SMALL_STEP,14,136.050716,2222.510459627,0.0,false
SCOSINE,5000,0,SLP_SAR1_PH1_ATR1,true,true,true,SMALL_STEP,18,181.901189,2223.3079353572925,0.0,false
SCURLY10,10000,0,SLP_SAR0_PH0_ATR0,false,false,false,MAX_IT,500,10851.526362999999,7.894806642507454e14,0.0,false
SCURLY10,10000,0,SLP_SAR0_PH1_ATR0,false,true,false,SMALL_STEP,280,5772.693386,7.305239281323371e14,0.0,false
SCURLY10,10000,0,SLP_SAR0_PH1_ATR1,false,true,true,MAX_IT,500,11453.171627,3.93889366884805e18,0.0,false
SCURLY10,10000,0,BASE_SLP,true,false,false,MAX_IT,500,10789.219202,1.5260821616654262e16,0.0,true
SCURLY10,10000,0,SLP_SAR1_PH1_ATR0,true,true,false,SMALL_STEP,280,5748.665652,7.305239281323371e14,0.0,false
SCURLY10,10000,0,SLP_SAR1_PH1_ATR1,true,true,true,MAX_IT,500,10421.445425,3.93889366884805e18,0.0,false
SCURLY20,10000,0,SLP_SAR0_PH0_ATR0,false,false,false,MAX_IT,500,10402.852391,2.172181830883852e19,0.0,false
SCURLY20,10000,0,SLP_SAR0_PH1_ATR0,false,true,false,SMALL_STEP,426,9194.990899,4.535013565029856e16,0.0,false
SCURLY20,10000,0,SLP_SAR0_PH1_ATR1,false,true,true,MAX_IT,500,11347.664867000001,6.537639475425319e19,0.0,false
SCURLY20,10000,0,BASE_SLP,true,false,false,MAX_IT,500,10588.772833,4.428244427444129e18,0.0,true
SCURLY20,10000,0,SLP_SAR1_PH1_ATR0,true,true,false,SMALL_STEP,426,9407.446523999999,4.535013565029856e16,0.0,false
SCURLY20,10000,0,SLP_SAR1_PH1_ATR1,true,true,true,MAX_IT,500,11243.853594,6.537639475425319e19,0.0,false
SCURLY30,10000,0,SLP_SAR0_PH0_ATR0,false,false,false,MAX_IT,500,10887.37495,3.2640028492689275e18,0.0,false
SCURLY30,10000,0,SLP_SAR0_PH1_ATR0,false,true,false,MAX_IT,500,10633.309234,5.273267258614119e18,0.0,false
SCURLY30,10000,0,SLP_SAR0_PH1_ATR1,false,true,true,MAX_IT,500,11628.975503,7.279259573355478e20,0.0,false
SCURLY30,10000,0,BASE_SLP,true,false,false,MAX_IT,500,11584.833444999998,2.047772215394963e18,0.0,true
SCURLY30,10000,0,SLP_SAR1_PH1_ATR0,true,true,false,MAX_IT,500,10360.533916,5.273267258614119e18,0.0,false
SCURLY30,10000,0,SLP_SAR1_PH1_ATR1,true,true,true,MAX_IT,500,11173.828974999999,7.279259573355478e20,0.0,false
SENSORS,100,0,SLP_SAR0_PH0_ATR0,false,false,false,SMALL_STEP,181,262.792675,-2088.2806596907644,0.0,false
SENSORS,100,0,SLP_SAR0_PH1_ATR0,false,true,false,SMALL_STEP,46,71.08292200000001,-2088.280027378345,0.0,false
SENSORS,100,0,SLP_SAR0_PH1_ATR1,false,true,true,MAX_IT,500,676.609876,-2090.5280075327723,0.0,false
SENSORS,100,0,BASE_SLP,true,false,false,SMALL_STEP,44,65.736538,-2088.2812181558015,0.0,true
SENSORS,100,0,SLP_SAR1_PH1_ATR0,true,true,false,SMALL_STEP,46,66.73617,-2088.280027378345,0.0,false
SENSORS,100,0,SLP_SAR1_PH1_ATR1,true,true,true,MAX_IT,500,677.040502,-2090.5280075327723,0.0,false
SIM2PHP,2,0,SLP_SAR0_PH0_ATR0,false,false,false,KKT_OK,6,3.216514,0.0,0.0,false
SIM2PHP,2,0,SLP_SAR0_PH1_ATR0,false,true,false,KKT_OK,6,3.19259,0.0,0.0,false
SIM2PHP,2,0,SLP_SAR0_PH1_ATR1,false,true,true,KKT_OK,6,3.181599,0.0,0.0,false
SIM2PHP,2,0,BASE_SLP,true,false,false,KKT_OK,6,3.193412,0.0,0.0,true
SIM2PHP,2,0,SLP_SAR1_PH1_ATR0,true,true,false,KKT_OK,6,3.1744160000000003,0.0,0.0,false
SIM2PHP,2,0,SLP_SAR1_PH1_ATR1,true,true,true,KKT_OK,6,3.151052,0.0,0.0,false
SIMPHP,2,0,SLP_SAR0_PH0_ATR0,false,false,false,KKT_OK,40,20.763170000000002,4.6566128730773926e-9,0.0,false
SIMPHP,2,0,SLP_SAR0_PH1_ATR0,false,true,false,KKT_OK,18,9.350614,0.0,0.0,false
SIMPHP,2,0,SLP_SAR0_PH1_ATR1,false,true,true,KKT_OK,20,10.381265,0.0,0.0,false
SIMPHP,2,0,BASE_SLP,true,false,false,KKT_OK,40,20.528821999999998,4.6566128730773926e-9,0.0,true
SIMPHP,2,0,SLP_SAR1_PH1_ATR0,true,true,false,KKT_OK,18,9.265254,0.0,0.0,false
SIMPHP,2,0,SLP_SAR1_PH1_ATR1,true,true,true,KKT_OK,20,10.270347000000001,0.0,0.0,false
SINEALI,1000,0,SLP_SAR0_PH0_ATR0,false,false,false,SMALL_STEP,26,59.343774,-99900.9612860484,0.0,false
SINEALI,1000,0,SLP_SAR0_PH1_ATR0,false,true,false,SMALL_STEP,15,46.942005,-99900.96144941765,0.0,false
SINEALI,1000,0,SLP_SAR0_PH1_ATR1,false,true,true,SMALL_STEP,132,331.416089,-99900.46730424007,0.0,false
SINEALI,1000,0,BASE_SLP,true,false,false,SMALL_STEP,17,43.802514,-99900.9615347262,0.0,true
SINEALI,1000,0,SLP_SAR1_PH1_ATR0,true,true,false,SMALL_STEP,15,38.936690000000006,-99900.96144941765,0.0,false
SINEALI,1000,0,SLP_SAR1_PH1_ATR1,true,true,true,SMALL_STEP,132,318.653574,-99900.46730424007,0.0,false
SINEVAL,2,0,SLP_SAR0_PH0_ATR0,false,false,false,MAX_IT,500,264.60641000000004,4.200713050563368,0.0,false
SINEVAL,2,0,SLP_SAR0_PH1_ATR0,false,true,false,MAX_IT,500,257.937089,4.248652975789366,0.0,false
SINEVAL,2,0,SLP_SAR0_PH1_ATR1,false,true,true,MAX_IT,500,269.27689799999996,4.215648257096472,0.0,false
SINEVAL,2,0,BASE_SLP,true,false,false,MAX_IT,500,264.166377,4.348867230244853,0.0,true
SINEVAL,2,0,SLP_SAR1_PH1_ATR0,true,true,false,MAX_IT,500,257.570231,4.248652975789366,0.0,false
SINEVAL,2,0,SLP_SAR1_PH1_ATR1,true,true,true,MAX_IT,500,263.34452699999997,4.215648257096472,0.0,false
SINQUAD,5000,0,SLP_SAR0_PH0_ATR0,false,false,false,SMALL_STEP,116,1252.536838,-6.757013757304981e6,0.0,false
SINQUAD,5000,0,SLP_SAR0_PH1_ATR0,false,true,false,SMALL_STEP,104,1225.200034,-6.757013757333577e6,0.0,false
SINQUAD,5000,0,SLP_SAR0_PH1_ATR1,false,true,true,MAX_IT,500,5889.0220309999995,-6.755856223724761e6,0.0,false
SINQUAD,5000,0,BASE_SLP,true,false,false,SMALL_STEP,122,1386.786361,-6.757013757322684e6,0.0,true
SINQUAD,5000,0,SLP_SAR1_PH1_ATR0,true,true,false,SMALL_STEP,104,1228.493437,-6.757013757333577e6,0.0,false
SINQUAD,5000,0,SLP_SAR1_PH1_ATR1,true,true,true,MAX_IT,500,5198.028905,-6.755856223724761e6,0.0,false
SINQUAD2,5000,0,SLP_SAR0_PH0_ATR0,false,false,false,SMALL_STEP,41,453.89398600000004,0.6433787688041971,0.0,false
SINQUAD2,5000,0,SLP_SAR0_PH1_ATR0,false,true,false,MAX_IT,500,5647.6671830000005,0.5401758224441507,0.0,false
SINQUAD2,5000,0,SLP_SAR0_PH1_ATR1,false,true,true,SMALL_STEP,84,866.316753,0.44211502146349435,0.0,false
SINQUAD2,5000,0,BASE_SLP,true,false,false,SMALL_STEP,13,129.431709,0.6499872262457925,0.0,true
SINQUAD2,5000,0,SLP_SAR1_PH1_ATR0,true,true,false,MAX_IT,500,5351.238359,0.5401758224441507,0.0,false
SINQUAD2,5000,0,SLP_SAR1_PH1_ATR1,true,true,true,SMALL_STEP,84,972.735235,0.44211502146349435,0.0,false
SISSER,2,0,SLP_SAR0_PH0_ATR0,false,false,false,KKT_OK,11,5.809001,1.0182467378036861e-64,0.0,false
SISSER,2,0,SLP_SAR0_PH1_ATR0,false,true,false,KKT_OK,11,5.752154,1.1161543599752581e-8,0.0,false
SISSER,2,0,SLP_SAR0_PH1_ATR1,false,true,true,MAX_IT,500,265.494097,0.0003496840955971646,0.0,false
SISSER,2,0,BASE_SLP,true,false,false,KKT_OK,11,5.759658,1.9531251464843515e-7,0.0,true
SISSER,2,0,SLP_SAR1_PH1_ATR0,true,true,false,KKT_OK,11,5.732097,1.1161543599752581e-8,0.0,false
SISSER,2,0,SLP_SAR1_PH1_ATR1,true,true,true,MAX_IT,500,271.974334,0.0003496840955971646,0.0,false
SISSER2,2,0,SLP_SAR0_PH0_ATR0,false,false,false,KKT_OK,13,6.869427,9.765626464843884e-8,0.0,false
SISSER2,2,0,SLP_SAR0_PH1_ATR0,false,true,false,KKT_OK,9,4.756889999999999,5.595327999022978e-7,0.0,false
SISSER2,2,0,SLP_SAR0_PH1_ATR1,false,true,true,KKT_OK,20,10.464630000000001,3.1279508668521014e-6,0.0,false
SISSER2,2,0,BASE_SLP,true,false,false,KKT_OK,14,13.007223,1.5625002343750125e-6,0.0,true
SISSER2,2,0,SLP_SAR1_PH1_ATR0,true,true,false,KKT_OK,9,4.731232,5.595327999022978e-7,0.0,false
SISSER2,2,0,SLP_SAR1_PH1_ATR1,true,true,true,KKT_OK,20,10.359964,3.1279508668521014e-6,0.0,false
SNAIL,2,0,SLP_SAR0_PH0_ATR0,false,false,false,MAX_IT,500,266.662284,13.452943952288194,0.0,false
SNAIL,2,0,SLP_SAR0_PH1_ATR0,false,true,false,MAX_IT,500,263.55836999999997,13.48386508214889,0.0,false
SNAIL,2,0,SLP_SAR0_PH1_ATR1,false,true,true,MAX_IT,500,268.213569,14.10692865243929,0.0,false
SNAIL,2,0,BASE_SLP,true,false,false,MAX_IT,500,256.647065,13.51720821676208,0.0,true
SNAIL,2,0,SLP_SAR1_PH1_ATR0,true,true,false,MAX_IT,500,266.338117,13.48386508214889,0.0,false
SNAIL,2,0,SLP_SAR1_PH1_ATR1,true,true,true,MAX_IT,500,257.19588300000004,14.10692865243929,0.0,false
SPARSINE,5000,0,SLP_SAR0_PH0_ATR0,false,false,false,SMALL_STEP,28,286.77341,0.12777594678367843,0.0,false
SPARSINE,5000,0,SLP_SAR0_PH1_ATR0,false,true,false,SMALL_STEP,11,103.457627,0.0,0.0,false
SPARSINE,5000,0,SLP_SAR0_PH1_ATR1,false,true,true,KKT_OK,12,117.186712,0.0,0.0,false
SPARSINE,5000,0,BASE_SLP,true,false,false,SMALL_STEP,28,282.179066,0.12777594678367843,0.0,true
SPARSINE,5000,0,SLP_SAR1_PH1_ATR0,true,true,false,SMALL_STEP,11,104.806223,0.0,0.0,false
SPARSINE,5000,0,SLP_SAR1_PH1_ATR1,true,true,true,KKT_OK,12,117.454043,0.0,0.0,false
SPARSQUR,10000,0,SLP_SAR0_PH0_ATR0,false,false,false,KKT_OK,18,374.207575,8.38274136185647e-5,0.0,false
SPARSQUR,10000,0,SLP_SAR0_PH1_ATR0,false,true,false,KKT_OK,9,189.532807,7.641027101037204e-5,0.0,false
SPARSQUR,10000,0,SLP_SAR0_PH1_ATR1,false,true,true,KKT_OK,10,192.002152,0.0,0.0,false
SPARSQUR,10000,0,BASE_SLP,true,false,false,KKT_OK,9,173.868708,0.0,0.0,true
SPARSQUR,10000,0,SLP_SAR1_PH1_ATR0,true,true,false,KKT_OK,9,182.195985,7.641027101037204e-5,0.0,false
SPARSQUR,10000,0,SLP_SAR1_PH1_ATR1,true,true,true,KKT_OK,10,222.86534899999998,0.0,0.0,false
SPECAN,9,0,SLP_SAR0_PH0_ATR0,false,false,false,MAX_IT,500,505.97680499999996,213.9156230323282,0.0,false
SPECAN,9,0,SLP_SAR0_PH1_ATR0,false,true,false,MAX_IT,500,579.974231,46.878373805795135,0.0,false
SPECAN,9,0,SLP_SAR0_PH1_ATR1,false,true,true,MAX_IT,500,472.395827,1224.8815083777747,0.0,false
SPECAN,9,0,BASE_SLP,true,false,false,MAX_IT,500,534.425749,178.72320595375075,0.0,true
SPECAN,9,0,SLP_SAR1_PH1_ATR0,true,true,false,MAX_IT,500,573.8045050000001,46.878373805795135,0.0,false
SPECAN,9,0,SLP_SAR1_PH1_ATR1,true,true,true,MAX_IT,500,469.74913000000004,1224.8815083777747,0.0,false
SPIN2LS,102,0,SLP_SAR0_PH0_ATR0,false,false,false,MAX_IT,500,406.21319700000004,0.9114973436434867,0.0,false
SPIN2LS,102,0,SLP_SAR0_PH1_ATR0,false,true,false,MAX_IT,500,420.030015,4.862714286089938,0.0,false
SPIN2LS,102,0,SLP_SAR0_PH1_ATR1,false,true,true,MAX_IT,500,404.965268,112.50410508403324,0.0,false
SPIN2LS,102,0,BASE_SLP,true,false,false,MAX_IT,500,417.737931,1.4734387293287772,0.0,true
SPIN2LS,102,0,SLP_SAR1_PH1_ATR0,true,true,false,MAX_IT,500,454.794238,4.862714286089938,0.0,false
SPIN2LS,102,0,SLP_SAR1_PH1_ATR1,true,true,true,MAX_IT,500,400.979063,112.50410508403324,0.0,false
SPINLS,1327,0,SLP_SAR0_PH0_ATR0,false,false,false,MAX_IT,500,1531.1571470000001,137.31380014268413,0.0,false
SPINLS,1327,0,SLP_SAR0_PH1_ATR0,false,true,false,MAX_IT,500,1558.860554,63.00910147785413,0.0,false
SPINLS,1327,0,SLP_SAR0_PH1_ATR1,false,true,true,MAX_IT,500,1528.852719,1186.9503637738105,0.0,false
SPINLS,1327,0,BASE_SLP,true,false,false,MAX_IT,500,1541.047139,137.53282031307785,0.0,true
SPINLS,1327,0,SLP_SAR1_PH1_ATR0,true,true,false,MAX_IT,500,1657.943182,63.00910147785413,0.0,false
SPINLS,1327,0,SLP_SAR1_PH1_ATR1,true,true,true,MAX_IT,500,1515.7293169999998,1186.9503637738105,0.0,false
SPMSRTLS,4999,0,SLP_SAR0_PH0_ATR0,false,false,false,MAX_IT,500,5258.759188,0.5446314755252571,0.0,false
SPMSRTLS,4999,0,SLP_SAR0_PH1_ATR0,false,true,false,MAX_IT,500,5383.729127,0.1324748501961143,0.0,false
SPMSRTLS,4999,0,SLP_SAR0_PH1_ATR1,false,true,true,MAX_IT,500,5245.073982,0.8030769229458637,0.0,false
SPMSRTLS,4999,0,BASE_SLP,true,false,false,SMALL_STEP,371,3935.674723,0.1320625372357811,0.0,true
SPMSRTLS,4999,0,SLP_SAR1_PH1_ATR0,true,true,false,MAX_IT,500,5685.825616,0.1324748501961143,0.0,false
SPMSRTLS,4999,0,SLP_SAR1_PH1_ATR1,true,true,true,MAX_IT,500,5541.813297,0.8030769229458637,0.0,false
SROSENBR,5000,0,SLP_SAR0_PH0_ATR0,false,false,false,MAX_IT,500,5118.8028269999995,72.08883597377137,0.0,false
SROSENBR,5000,0,SLP_SAR0_PH1_ATR0,false,true,false,MAX_IT,500,5106.434617,90.76984775454808,0.0,false
SROSENBR,5000,0,SLP_SAR0_PH1_ATR1,false,true,true,MAX_IT,500,5120.898032,1983.707835776277,0.0,false
SROSENBR,5000,0,BASE_SLP,true,false,false,MAX_IT,500,5110.935969,82.55080540344376,0.0,true
SROSENBR,5000,0,SLP_SAR1_PH1_ATR0,true,true,false,MAX_IT,500,5306.6045730000005,90.76984775454808,0.0,false
SROSENBR,5000,0,SLP_SAR1_PH1_ATR1,true,true,true,MAX_IT,500,6088.159059,1983.707835776277,0.0,false
SSBRYBND,5000,0,SLP_SAR0_PH0_ATR0,false,false,false,MAX_IT,500,5239.601226,16511.05996723501,0.0,false
SSBRYBND,5000,0,SLP_SAR0_PH1_ATR0,false,true,false,MAX_IT,500,5274.699157999999,7696.712081473968,0.0,false
SSBRYBND,5000,0,SLP_SAR0_PH1_ATR1,false,true,true,MAX_IT,500,5290.355667,28214.873428689585,0.0,false
SSBRYBND,5000,0,BASE_SLP,true,false,false,SMALL_STEP,277,3119.368734,13396.02600476537,0.0,true
SSBRYBND,5000,0,SLP_SAR1_PH1_ATR0,true,true,false,MAX_IT,500,5306.75811,7696.712081473968,0.0,false
SSBRYBND,5000,0,SLP_SAR1_PH1_ATR1,true,true,true,MAX_IT,500,5312.164512,28214.873428689585,0.0,false
SSC,5184,0,SLP_SAR0_PH0_ATR0,false,false,false,KKT_OK,226,2487.9081859999997,-2.0404199379409853,0.0,false
SSC,5184,0,SLP_SAR0_PH1_ATR0,false,true,false,KKT_OK,167,1906.773692,-2.044249592968299,0.0,false
SSC,5184,0,SLP_SAR0_PH1_ATR1,false,true,true,MAX_IT,500,5539.834354,-2.039616462666364,0.0,false
SSC,5184,0,BASE_SLP,true,false,false,SMALL_STEP,233,2929.0394690000003,-2.0493161348515776,0.0,true
SSC,5184,0,SLP_SAR1_PH1_ATR0,true,true,false,KKT_OK,167,2090.039443,-2.044249592968299,0.0,false
SSC,5184,0,SLP_SAR1_PH1_ATR1,true,true,true,MAX_IT,500,6046.881511,-2.039616462666364,0.0,false
SSCOSINE,5000,0,SLP_SAR0_PH0_ATR0,false,false,false,SMALL_STEP,13,136.11523400000002,-842.1443509984454,0.0,false
SSCOSINE,5000,0,SLP_SAR0_PH1_ATR0,false,true,false,SMALL_STEP,18,179.80943,-1077.2787937035948,0.0,false
SSCOSINE,5000,0,SLP_SAR0_PH1_ATR1,false,true,true,SMALL_STEP,38,381.94435300000004,-1281.2069603848504,0.0,false
SSCOSINE,5000,0,BASE_SLP,true,false,false,SMALL_STEP,12,120.255029,-947.433932904627,0.0,true
SSCOSINE,5000,0,SLP_SAR1_PH1_ATR0,true,true,false,SMALL_STEP,18,701.902732,-1077.2787937035948,0.0,false
SSCOSINE,5000,0,SLP_SAR1_PH1_ATR1,true,true,true,SMALL_STEP,38,387.769433,-1281.2069603848504,0.0,false
SSI,3,0,SLP_SAR0_PH0_ATR0,false,false,false,MAX_IT,500,265.04547,0.06294740887371869,0.0,false
SSI,3,0,SLP_SAR0_PH1_ATR0,false,true,false,MAX_IT,500,267.253085,0.06428086234507001,0.0,false
SSI,3,0,SLP_SAR0_PH1_ATR1,false,true,true,MAX_IT,500,265.80585499999995,1.2263027704909484,0.0,false
SSI,3,0,BASE_SLP,true,false,false,MAX_IT,500,264.759004,0.06524692328949666,0.0,true
SSI,3,0,SLP_SAR1_PH1_ATR0,true,true,false,MAX_IT,500,266.96711899999997,0.06428086234507001,0.0,false
SSI,3,0,SLP_SAR1_PH1_ATR1,true,true,true,MAX_IT,500,263.167323,1.2263027704909484,0.0,false
STRATEC,10,0,SLP_SAR0_PH0_ATR0,false,false,false,MAX_IT,500,1345.982051,2657.0469433932913,0.0,false
STRATEC,10,0,SLP_SAR0_PH1_ATR0,false,true,false,MAX_IT,500,1711.115679,2639.185917858504,0.0,false
STRATEC,10,0,SLP_SAR0_PH1_ATR1,false,true,true,MAX_IT,500,1177.402855,2669.515970452924,0.0,false
STRATEC,10,0,BASE_SLP,true,false,false,SMALL_STEP,422,1454.263934,2643.14985684888,0.0,true
STRATEC,10,0,SLP_SAR1_PH1_ATR0,true,true,false,MAX_IT,500,1721.844672,2639.185917858504,0.0,false
STRATEC,10,0,SLP_SAR1_PH1_ATR1,true,true,true,MAX_IT,500,1177.574666,2669.515970452924,0.0,false
STREG,4,0,SLP_SAR0_PH0_ATR0,false,false,false,MAX_IT,500,265.502796,9.999999005000024e19,0.0,false
STREG,4,0,SLP_SAR0_PH1_ATR0,false,true,false,MAX_IT,500,269.769918,9.999999005000024e19,0.0,false
STREG,4,0,SLP_SAR0_PH1_ATR1,false,true,true,MAX_IT,500,272.840168,9.999999005000024e19,0.0,false
STREG,4,0,BASE_SLP,true,false,false,MAX_IT,500,266.141282,9.999999005000024e19,0.0,true
STREG,4,0,SLP_SAR1_PH1_ATR0,true,true,false,MAX_IT,500,267.428993,9.999999005000024e19,0.0,false
STREG,4,0,SLP_SAR1_PH1_ATR1,true,true,true,MAX_IT,500,270.817851,9.999999005000024e19,0.0,false
STRTCHDV,10,0,SLP_SAR0_PH0_ATR0,false,false,false,KKT_OK,11,6.04911,2.3650196157181336e-8,0.0,false
STRTCHDV,10,0,SLP_SAR0_PH1_ATR0,false,true,false,KKT_OK,7,9.345804,2.1814403505120382e-6,0.0,false
STRTCHDV,10,0,SLP_SAR0_PH1_ATR1,false,true,true,KKT_OK,71,38.187923,4.985744988496161e-6,0.0,false
STRTCHDV,10,0,BASE_SLP,true,false,false,KKT_OK,8,4.321083,2.751794302137918e-9,0.0,true
STRTCHDV,10,0,SLP_SAR1_PH1_ATR0,true,true,false,KKT_OK,7,3.819083,2.1814403505120382e-6,0.0,false
STRTCHDV,10,0,SLP_SAR1_PH1_ATR1,true,true,true,KKT_OK,71,37.732861,4.985744988496161e-6,0.0,false
STRTCHDVB,10,0,SLP_SAR0_PH0_ATR0,false,false,false,KKT_OK,11,6.033721,2.3650196157181336e-8,0.0,false
STRTCHDVB,10,0,SLP_SAR0_PH1_ATR0,false,true,false,KKT_OK,7,3.8420759999999996,2.1814403505120382e-6,0.0,false
STRTCHDVB,10,0,SLP_SAR0_PH1_ATR1,false,true,true,KKT_OK,71,38.023976,4.985744988496161e-6,0.0,false
STRTCHDVB,10,0,BASE_SLP,true,false,false,KKT_OK,8,4.3358099999999995,2.751794302137918e-9,0.0,true
STRTCHDVB,10,0,SLP_SAR1_PH1_ATR0,true,true,false,KKT_OK,7,3.807101,2.1814403505120382e-6,0.0,false
STRTCHDVB,10,0,SLP_SAR1_PH1_ATR1,true,true,true,KKT_OK,71,37.7057,4.985744988496161e-6,0.0,false
TAME,2,1,SLP_SAR0_PH0_ATR0,false,false,false,KKT_OK,0,0.00524,0.0,1.0,false
TAME,2,1,SLP_SAR0_PH1_ATR0,false,true,false,KKT_OK,0,0.003026,0.0,1.0,false
TAME,2,1,SLP_SAR0_PH1_ATR1,false,true,true,KKT_OK,0,0.002775,0.0,1.0,false
TAME,2,1,BASE_SLP,true,false,false,KKT_OK,0,0.002886,0.0,1.0,true
TAME,2,1,SLP_SAR1_PH1_ATR0,true,true,false,KKT_OK,0,0.0017740000000000002,0.0,1.0,false
TAME,2,1,SLP_SAR1_PH1_ATR1,true,true,true,KKT_OK,0,0.002735,0.0,1.0,false
TESTQUAD,10,0,SLP_SAR0_PH0_ATR0,false,false,false,MAX_IT,500,274.900116,900000.5400000003,0.0,false
TESTQUAD,10,0,SLP_SAR0_PH1_ATR0,false,true,false,MAX_IT,500,276.006419,225000.13500000047,0.0,false
TESTQUAD,10,0,SLP_SAR0_PH1_ATR1,false,true,true,MAX_IT,500,276.899411,39.66435249593777,0.0,false
TESTQUAD,10,0,BASE_SLP,true,false,false,MAX_IT,500,271.929011,625000.375,0.0,true
TESTQUAD,10,0,SLP_SAR1_PH1_ATR0,true,true,false,MAX_IT,500,274.98206,225000.13500000047,0.0,false
TESTQUAD,10,0,SLP_SAR1_PH1_ATR1,true,true,true,MAX_IT,500,276.012569,39.66435249593777,0.0,false
THURBERLS,7,0,SLP_SAR0_PH0_ATR0,false,false,false,SMALL_STEP,118,65.818163,994184.2024160351,0.0,false
THURBERLS,7,0,SLP_SAR0_PH1_ATR0,false,true,false,SMALL_STEP,115,60.143875,994098.331279211,0.0,false
THURBERLS,7,0,SLP_SAR0_PH1_ATR1,false,true,true,MAX_IT,500,269.931651,1.0049181594668101e6,0.0,false
THURBERLS,7,0,BASE_SLP,true,false,false,SMALL_STEP,347,188.276036,993028.7102207581,0.0,true
THURBERLS,7,0,SLP_SAR1_PH1_ATR0,true,true,false,SMALL_STEP,115,61.877672000000004,994098.331279211,0.0,false
THURBERLS,7,0,SLP_SAR1_PH1_ATR1,true,true,true,MAX_IT,500,271.43152999999995,1.0049181594668101e6,0.0,false
TOINTGOR,50,0,SLP_SAR0_PH0_ATR0,false,false,false,MAX_IT,500,321.931332,1378.1392247380231,0.0,false
TOINTGOR,50,0,SLP_SAR0_PH1_ATR0,false,true,false,MAX_IT,500,320.674057,1373.9798197903353,0.0,false
TOINTGOR,50,0,SLP_SAR0_PH1_ATR1,false,true,true,MAX_IT,500,318.768678,1477.8418649301466,0.0,false
TOINTGOR,50,0,BASE_SLP,true,false,false,MAX_IT,500,326.298161,1374.3230742019248,0.0,true
TOINTGOR,50,0,SLP_SAR1_PH1_ATR0,true,true,false,MAX_IT,500,325.066103,1373.9798197903353,0.0,false
TOINTGOR,50,0,SLP_SAR1_PH1_ATR1,true,true,true,MAX_IT,500,321.873453,1477.8418649301466,0.0,false
TOINTGSS,5000,0,SLP_SAR0_PH0_ATR0,false,false,false,KKT_OK,27,274.736831,10.0002979038747,0.0,false
TOINTGSS,5000,0,SLP_SAR0_PH1_ATR0,false,true,false,MAX_IT,500,5081.021931,1259.737527733835,0.0,false
TOINTGSS,5000,0,SLP_SAR0_PH1_ATR1,false,true,true,KKT_OK,24,243.269584,10.000013039313378,0.0,false
TOINTGSS,5000,0,BASE_SLP,true,false,false,KKT_OK,27,277.001893,10.0002979038747,0.0,true
TOINTGSS,5000,0,SLP_SAR1_PH1_ATR0,true,true,false,MAX_IT,500,5351.046173000001,1259.737527733835,0.0,false
TOINTGSS,5000,0,SLP_SAR1_PH1_ATR1,true,true,true,KKT_OK,24,243.676837,10.000013039313378,0.0,false
TOINTPSP,50,0,SLP_SAR0_PH0_ATR0,false,false,false,MAX_IT,500,326.81674100000004,225.78088466085427,0.0,false
TOINTPSP,50,0,SLP_SAR0_PH1_ATR0,false,true,false,SMALL_STEP,449,289.53223099999997,225.5606624778462,0.0,false
TOINTPSP,50,0,SLP_SAR0_PH1_ATR1,false,true,true,MAX_IT,500,320.174802,369.2127091572691,0.0,false
TOINTPSP,50,0,BASE_SLP,true,false,false,MAX_IT,500,318.755052,225.56142436426558,0.0,true
TOINTPSP,50,0,SLP_SAR1_PH1_ATR0,true,true,false,SMALL_STEP,449,286.34606299999996,225.5606624778462,0.0,false
TOINTPSP,50,0,SLP_SAR1_PH1_ATR1,true,true,true,MAX_IT,500,326.303891,369.2127091572691,0.0,false
TOINTQOR,50,0,SLP_SAR0_PH0_ATR0,false,false,false,MAX_IT,500,324.414984,1175.8490684814453,0.0,false
TOINTQOR,50,0,SLP_SAR0_PH1_ATR0,false,true,false,MAX_IT,500,326.832351,1175.4722761857872,0.0,false
TOINTQOR,50,0,SLP_SAR0_PH1_ATR1,false,true,true,MAX_IT,500,320.69097800000003,1177.788245978291,0.0,false
TOINTQOR,50,0,BASE_SLP,true,false,false,MAX_IT,500,320.010725,1175.4724781675338,0.0,true
TOINTQOR,50,0,SLP_SAR1_PH1_ATR0,true,true,false,MAX_IT,500,320.571214,1175.4722761857872,0.0,false
TOINTQOR,50,0,SLP_SAR1_PH1_ATR1,true,true,true,MAX_IT,500,327.4996,1177.788245978291,0.0,false
TORSION1,5476,0,SLP_SAR0_PH0_ATR0,false,false,false,SMALL_STEP,397,4607.458188,-0.4165140717640104,0.0,false
TORSION1,5476,0,SLP_SAR0_PH1_ATR0,false,true,false,SMALL_STEP,380,4490.089344,-0.4227820733509103,0.0,false
TORSION1,5476,0,SLP_SAR0_PH1_ATR1,false,true,true,MAX_IT,500,6007.659589,-0.4069303905621806,0.0,false
TORSION1,5476,0,BASE_SLP,true,false,false,SMALL_STEP,267,3157.3334480000003,-0.420028348506951,0.0,true
TORSION1,5476,0,SLP_SAR1_PH1_ATR0,true,true,false,SMALL_STEP,380,4390.176852,-0.4227820733509103,0.0,false
TORSION1,5476,0,SLP_SAR1_PH1_ATR1,true,true,true,MAX_IT,500,6124.276425999999,-0.4069303905621806,0.0,false
TORSION2,5476,0,SLP_SAR0_PH0_ATR0,false,false,false,MAX_IT,500,5942.805744,-0.36679873295077475,0.0,false
TORSION2,5476,0,SLP_SAR0_PH1_ATR0,false,true,false,MAX_IT,500,5767.632938000001,-0.40011539893091574,0.0,false
TORSION2,5476,0,SLP_SAR0_PH1_ATR1,false,true,true,MAX_IT,500,6281.27344,-0.32970693863904627,0.0,false
TORSION2,5476,0,BASE_SLP,true,false,false,MAX_IT,500,5758.07441,-0.3908843826162015,0.0,true
TORSION2,5476,0,SLP_SAR1_PH1_ATR0,true,true,false,MAX_IT,500,5703.870109,-0.40011539893091574,0.0,false
TORSION2,5476,0,SLP_SAR1_PH1_ATR1,true,true,true,MAX_IT,500,5726.621829,-0.32970693863904627,0.0,false
TORSION3,5476,0,SLP_SAR0_PH0_ATR0,false,false,false,SMALL_STEP,106,1298.015704,-1.2132194328426982,0.0,false
TORSION3,5476,0,SLP_SAR0_PH1_ATR0,false,true,false,SMALL_STEP,143,1627.548671,-1.2148152708339965,0.0,false
TORSION3,5476,0,SLP_SAR0_PH1_ATR1,false,true,true,SMALL_STEP,356,4563.5972090000005,-1.2136208620374762,0.0,false
TORSION3,5476,0,BASE_SLP,true,false,false,SMALL_STEP,61,773.5322,-1.2129217257956664,0.0,true
TORSION3,5476,0,SLP_SAR1_PH1_ATR0,true,true,false,SMALL_STEP,143,1914.772816,-1.2148152708339965,0.0,false
TORSION3,5476,0,SLP_SAR1_PH1_ATR1,true,true,true,SMALL_STEP,356,4477.575365,-1.2136208620374762,0.0,false
TORSION4,5476,0,SLP_SAR0_PH0_ATR0,false,false,false,MAX_IT,500,6369.428202,-1.1476721036107804,0.0,false
TORSION4,5476,0,SLP_SAR0_PH1_ATR0,false,true,false,MAX_IT,500,5949.728939,-1.2015170493858391,0.0,false
TORSION4,5476,0,SLP_SAR0_PH1_ATR1,false,true,true,MAX_IT,500,5717.695178,-1.03796053966764,0.0,false
TORSION4,5476,0,BASE_SLP,true,false,false,MAX_IT,500,5726.901488,-1.1980381016889383,0.0,true
TORSION4,5476,0,SLP_SAR1_PH1_ATR0,true,true,false,MAX_IT,500,5823.495167,-1.2015170493858391,0.0,false
TORSION4,5476,0,SLP_SAR1_PH1_ATR1,true,true,true,MAX_IT,500,5715.196822,-1.03796053966764,0.0,false
TORSION5,5476,0,SLP_SAR0_PH0_ATR0,false,false,false,SMALL_STEP,25,291.46062,-2.862464830414557,0.0,false
TORSION5,5476,0,SLP_SAR0_PH1_ATR0,false,true,false,SMALL_STEP,26,301.746505,-2.862633246131731,0.0,false
TORSION5,5476,0,SLP_SAR0_PH1_ATR1,false,true,true,SMALL_STEP,124,1552.873135,-2.8627921109163603,0.0,false
TORSION5,5476,0,BASE_SLP,true,false,false,SMALL_STEP,38,490.809984,-2.8627307891938867,0.0,true
TORSION5,5476,0,SLP_SAR1_PH1_ATR0,true,true,false,SMALL_STEP,26,339.53496,-2.862633246131731,0.0,false
TORSION5,5476,0,SLP_SAR1_PH1_ATR1,true,true,true,SMALL_STEP,124,1455.693706,-2.8627921109163603,0.0,false
TORSION6,5476,0,SLP_SAR0_PH0_ATR0,false,false,false,MAX_IT,500,5692.594507,-2.85441543630142,0.0,false
TORSION6,5476,0,SLP_SAR0_PH1_ATR0,false,true,false,SMALL_STEP,382,4366.672741,-2.8631412044077202,0.0,false
TORSION6,5476,0,SLP_SAR0_PH1_ATR1,false,true,true,MAX_IT,500,5693.857539,-2.0091570367025673,0.0,false
TORSION6,5476,0,BASE_SLP,true,false,false,SMALL_STEP,326,3763.440348,-2.86244112844846,0.0,true
TORSION6,5476,0,SLP_SAR1_PH1_ATR0,true,true,false,SMALL_STEP,382,4460.17568,-2.8631412044077202,0.0,false
TORSION6,5476,0,SLP_SAR1_PH1_ATR1,true,true,true,MAX_IT,500,6304.432246,-2.0091570367025673,0.0,false
TORSIONA,5476,0,SLP_SAR0_PH0_ATR0,false,false,false,SMALL_STEP,400,4583.288206,-0.40436206677553593,0.0,false
TORSIONA,5476,0,SLP_SAR0_PH1_ATR0,false,true,false,SMALL_STEP,401,4641.591071,-0.41034050041642833,0.0,false
TORSIONA,5476,0,SLP_SAR0_PH1_ATR1,false,true,true,MAX_IT,500,5693.58525,-0.3950382970522698,0.0,false
TORSIONA,5476,0,BASE_SLP,true,false,false,SMALL_STEP,305,3527.3480529999997,-0.4087075645327307,0.0,true
TORSIONA,5476,0,SLP_SAR1_PH1_ATR0,true,true,false,SMALL_STEP,401,4620.669494999999,-0.41034050041642833,0.0,false
TORSIONA,5476,0,SLP_SAR1_PH1_ATR1,true,true,true,MAX_IT,500,5779.209242,-0.3950382970522698,0.0,false
TORSIONB,5476,0,SLP_SAR0_PH0_ATR0,false,false,false,MAX_IT,500,5810.095550999999,-0.3557332966605047,0.0,false
TORSIONB,5476,0,SLP_SAR0_PH1_ATR0,false,true,false,MAX_IT,500,5773.156748,-0.3876788698587771,0.0,false
TORSIONB,5476,0,SLP_SAR0_PH1_ATR1,false,true,true,MAX_IT,500,5727.863708,-0.31870806472827706,0.0,false
TORSIONB,5476,0,BASE_SLP,true,false,false,MAX_IT,500,5981.472037,-0.3778988534382071,0.0,true
TORSIONB,5476,0,SLP_SAR1_PH1_ATR0,true,true,false,MAX_IT,500,6106.330852,-0.3876788698587771,0.0,false
TORSIONB,5476,0,SLP_SAR1_PH1_ATR1,true,true,true,MAX_IT,500,6004.8503359999995,-0.31870806472827706,0.0,false
TORSIONC,5476,0,SLP_SAR0_PH0_ATR0,false,false,false,SMALL_STEP,97,1114.305044,-1.2003930303240544,0.0,false
TORSIONC,5476,0,SLP_SAR0_PH1_ATR0,false,true,false,SMALL_STEP,66,855.3108149999999,-1.2004985839617879,0.0,false
TORSIONC,5476,0,SLP_SAR0_PH1_ATR1,false,true,true,SMALL_STEP,368,4394.322828,-1.2008270119937314,0.0,false
TORSIONC,5476,0,BASE_SLP,true,false,false,SMALL_STEP,61,696.300237,-1.2001751486683978,0.0,true
TORSIONC,5476,0,SLP_SAR1_PH1_ATR0,true,true,false,SMALL_STEP,66,738.357124,-1.2004985839617879,0.0,false
TORSIONC,5476,0,SLP_SAR1_PH1_ATR1,true,true,true,SMALL_STEP,368,4320.083308,-1.2008270119937314,0.0,false
TORSIOND,5476,0,SLP_SAR0_PH0_ATR0,false,false,false,MAX_IT,500,5783.649137,-1.1356239482637926,0.0,false
TORSIOND,5476,0,SLP_SAR0_PH1_ATR0,false,true,false,MAX_IT,500,5854.688334,-1.193781333834381,0.0,false
TORSIOND,5476,0,SLP_SAR0_PH1_ATR1,false,true,true,MAX_IT,500,6126.492972,-1.0321757448288815,0.0,false
TORSIOND,5476,0,BASE_SLP,true,false,false,MAX_IT,500,6399.289441,-1.1848915494179666,0.0,true
TORSIOND,5476,0,SLP_SAR1_PH1_ATR0,true,true,false,MAX_IT,500,5926.904048,-1.193781333834381,0.0,false
TORSIOND,5476,0,SLP_SAR1_PH1_ATR1,true,true,true,MAX_IT,500,5972.429503,-1.0321757448288815,0.0,false
TORSIONE,5476,0,SLP_SAR0_PH0_ATR0,false,false,false,SMALL_STEP,28,390.018822,-2.849345872836375,0.0,false
TORSIONE,5476,0,SLP_SAR0_PH1_ATR0,false,true,false,SMALL_STEP,26,298.09050399999995,-2.849487539888738,0.0,false
TORSIONE,5476,0,SLP_SAR0_PH1_ATR1,false,true,true,SMALL_STEP,62,705.998795,-2.849601963821686,0.0,false
TORSIONE,5476,0,BASE_SLP,true,false,false,SMALL_STEP,42,476.984806,-2.849658208287754,0.0,true
TORSIONE,5476,0,SLP_SAR1_PH1_ATR0,true,true,false,SMALL_STEP,26,296.871585,-2.849487539888738,0.0,false
TORSIONE,5476,0,SLP_SAR1_PH1_ATR1,true,true,true,SMALL_STEP,62,769.926321,-2.849601963821686,0.0,false
TORSIONF,5476,0,SLP_SAR0_PH0_ATR0,false,false,false,MAX_IT,500,5684.773326,-2.8404280304824474,0.0,false
TORSIONF,5476,0,SLP_SAR0_PH1_ATR0,false,true,false,SMALL_STEP,293,3953.5961350000002,-2.849722002780484,0.0,false
TORSIONF,5476,0,SLP_SAR0_PH1_ATR1,false,true,true,MAX_IT,500,5837.718242,-1.9925989457546252,0.0,false
TORSIONF,5476,0,BASE_SLP,true,false,false,SMALL_STEP,354,4120.632015,-2.8498230195043908,0.0,true
TORSIONF,5476,0,SLP_SAR1_PH1_ATR0,true,true,false,SMALL_STEP,293,3466.477973,-2.849722002780484,0.0,false
TORSIONF,5476,0,SLP_SAR1_PH1_ATR1,true,true,true,MAX_IT,500,5792.282872000001,-1.9925989457546252,0.0,false
TQUARTIC,5000,0,SLP_SAR0_PH0_ATR0,false,false,false,SMALL_STEP,92,972.480228,0.22909984291762153,0.0,false
TQUARTIC,5000,0,SLP_SAR0_PH1_ATR0,false,true,false,SMALL_STEP,55,620.3252689999999,0.018553769587491855,0.0,false
TQUARTIC,5000,0,SLP_SAR0_PH1_ATR1,false,true,true,MAX_IT,500,5102.67228,0.7438088031293335,0.0,false
TQUARTIC,5000,0,BASE_SLP,true,false,false,SMALL_STEP,78,837.460418,0.2283839558024616,0.0,true
TQUARTIC,5000,0,SLP_SAR1_PH1_ATR0,true,true,false,SMALL_STEP,55,558.635875,0.018553769587491855,0.0,false
TQUARTIC,5000,0,SLP_SAR1_PH1_ATR1,true,true,true,MAX_IT,500,5189.058469,0.7438088031293335,0.0,false
TRIDIA,10000,0,SLP_SAR0_PH0_ATR0,false,false,false,SMALL_STEP,16,328.61924,0.5600000000000005,0.0,false
TRIDIA,10000,0,SLP_SAR0_PH1_ATR0,false,true,false,SMALL_STEP,12,301.947596,2.2799985209500337,0.0,false
TRIDIA,10000,0,SLP_SAR0_PH1_ATR1,false,true,true,MAX_IT,500,10478.326117,224.94463650492835,0.0,false
TRIDIA,10000,0,BASE_SLP,true,false,false,SMALL_STEP,15,297.787877,0.5600000000000005,0.0,true
TRIDIA,10000,0,SLP_SAR1_PH1_ATR0,true,true,false,SMALL_STEP,12,237.153863,2.2799985209500337,0.0,false
TRIDIA,10000,0,SLP_SAR1_PH1_ATR1,true,true,true,MAX_IT,500,10289.911806999999,224.94463650492835,0.0,false
TRIGON1,10,0,SLP_SAR0_PH0_ATR0,false,false,false,SMALL_STEP,274,154.331996,6.817687771131328e-5,0.0,false
TRIGON1,10,0,SLP_SAR0_PH1_ATR0,false,true,false,SMALL_STEP,233,132.79587700000002,2.1359333750315226e-5,0.0,false
TRIGON1,10,0,SLP_SAR0_PH1_ATR1,false,true,true,MAX_IT,500,273.762929,0.01040747408332123,0.0,false
TRIGON1,10,0,BASE_SLP,true,false,false,SMALL_STEP,197,104.592208,2.8860886723229323e-6,0.0,true
TRIGON1,10,0,SLP_SAR1_PH1_ATR0,true,true,false,SMALL_STEP,233,124.36455600000001,2.1359333750315226e-5,0.0,false
TRIGON1,10,0,SLP_SAR1_PH1_ATR1,true,true,true,MAX_IT,500,273.894094,0.01040747408332123,0.0,false
TRIGON1B,10,0,SLP_SAR0_PH0_ATR0,false,false,false,SMALL_STEP,325,182.62471399999998,1.706455406906491e-5,0.0,false
TRIGON1B,10,0,SLP_SAR0_PH1_ATR0,false,true,false,MAX_IT,500,272.498313,3.6392674757190816e-5,0.0,false
TRIGON1B,10,0,SLP_SAR0_PH1_ATR1,false,true,true,MAX_IT,500,274.77281999999997,0.01786617618411362,0.0,false
TRIGON1B,10,0,BASE_SLP,true,false,false,KKT_OK,100,61.610568,8.738243506797329e-6,0.0,true
TRIGON1B,10,0,SLP_SAR1_PH1_ATR0,true,true,false,MAX_IT,500,272.527207,3.6392674757190816e-5,0.0,false
TRIGON1B,10,0,SLP_SAR1_PH1_ATR1,true,true,true,MAX_IT,500,275.109641,0.01786617618411362,0.0,false
TRIGON2,10,0,SLP_SAR0_PH0_ATR0,false,false,false,SMALL_STEP,268,151.139883,2.69685038293773,0.0,false
TRIGON2,10,0,SLP_SAR0_PH1_ATR0,false,true,false,SMALL_STEP,95,50.240247000000004,2.6969967160577237,0.0,false
TRIGON2,10,0,SLP_SAR0_PH1_ATR1,false,true,true,MAX_IT,500,271.416529,4.622502694717741,0.0,false
TRIGON2,10,0,BASE_SLP,true,false,false,SMALL_STEP,170,90.503619,2.699230959367138,0.0,true
TRIGON2,10,0,SLP_SAR1_PH1_ATR0,true,true,false,SMALL_STEP,95,51.550028,2.6969967160577237,0.0,false
TRIGON2,10,0,SLP_SAR1_PH1_ATR1,true,true,true,MAX_IT,500,273.480903,4.622502694717741,0.0,false
TRIGON2B,10,0,SLP_SAR0_PH0_ATR0,false,false,false,SMALL_STEP,268,149.409936,2.69685038293773,0.0,false
TRIGON2B,10,0,SLP_SAR0_PH1_ATR0,false,true,false,SMALL_STEP,95,50.263611,2.6969967160577237,0.0,false
TRIGON2B,10,0,SLP_SAR0_PH1_ATR1,false,true,true,MAX_IT,500,278.33553,4.622502694717741,0.0,false
TRIGON2B,10,0,BASE_SLP,true,false,false,SMALL_STEP,170,97.95554800000001,2.699230959367138,0.0,true
TRIGON2B,10,0,SLP_SAR1_PH1_ATR0,true,true,false,SMALL_STEP,95,50.242290000000004,2.6969967160577237,0.0,false
TRIGON2B,10,0,SLP_SAR1_PH1_ATR1,true,true,true,MAX_IT,500,272.759505,4.622502694717741,0.0,false
TRY-B,2,1,SLP_SAR0_PH0_ATR0,false,false,false,KKT_OK,38,27.331939,5.9604644775282205e-8,5.960479398936513e-8,false
TRY-B,2,1,SLP_SAR0_PH1_ATR0,false,true,false,KKT_OK,27,21.504221,8.10000000000621e-9,8.100163428892415e-9,false
TRY-B,2,1,SLP_SAR0_PH1_ATR1,false,true,true,INFEASIBLE_STATIONARY,24,23.961289999999998,0.0,1.2821809190123532,false
TRY-B,2,1,BASE_SLP,true,false,false,KKT_OK,37,26.396728,5.9604644775282205e-8,5.960464477539063e-8,true
TRY-B,2,1,SLP_SAR1_PH1_ATR0,true,true,false,KKT_OK,27,21.451491,8.10000000000621e-9,8.100163428892415e-9,false
TRY-B,2,1,SLP_SAR1_PH1_ATR1,true,true,true,INFEASIBLE_STATIONARY,24,23.842547,0.0,1.2821809190123532,false
VANDANMSLS,22,0,SLP_SAR0_PH0_ATR0,false,false,false,MAX_IT,500,290.978277,12.140749054702727,0.0,false
VANDANMSLS,22,0,SLP_SAR0_PH1_ATR0,false,true,false,MAX_IT,500,283.930065,12.139833446247671,0.0,false
VANDANMSLS,22,0,SLP_SAR0_PH1_ATR1,false,true,true,MAX_IT,500,285.871959,12.144857455507765,0.0,false
VANDANMSLS,22,0,BASE_SLP,true,false,false,MAX_IT,500,287.55215400000003,12.141397370527844,0.0,true
VANDANMSLS,22,0,SLP_SAR1_PH1_ATR0,true,true,false,MAX_IT,500,296.735183,12.139833446247671,0.0,false
VANDANMSLS,22,0,SLP_SAR1_PH1_ATR1,true,true,true,MAX_IT,500,294.948789,12.144857455507765,0.0,false
VARDIM,200,0,SLP_SAR0_PH0_ATR0,false,false,false,SMALL_STEP,28,27.276495,22.25061234755507,0.0,false
VARDIM,200,0,SLP_SAR0_PH1_ATR0,false,true,false,SMALL_STEP,17,15.047535,22.166658250903552,0.0,false
VARDIM,200,0,SLP_SAR0_PH1_ATR1,false,true,true,SMALL_STEP,26,22.985684,22.589333707997774,0.0,false
VARDIM,200,0,BASE_SLP,true,false,false,SMALL_STEP,15,13.119847,22.16756826028844,0.0,true
VARDIM,200,0,SLP_SAR1_PH1_ATR0,true,true,false,SMALL_STEP,17,14.853472,22.166658250903552,0.0,false
VARDIM,200,0,SLP_SAR1_PH1_ATR1,true,true,true,SMALL_STEP,26,22.626902,22.589333707997774,0.0,false
VAREIGVL,5000,0,SLP_SAR0_PH0_ATR0,false,false,false,KKT_OK,14,151.927331,1.099594446426952e-28,0.0,false
VAREIGVL,5000,0,SLP_SAR0_PH1_ATR0,false,true,false,SMALL_STEP,61,640.358599,0.0017898218234731656,0.0,false
VAREIGVL,5000,0,SLP_SAR0_PH1_ATR1,false,true,true,MAX_IT,500,5555.846561,0.0161774061323053,0.0,false
VAREIGVL,5000,0,BASE_SLP,true,false,false,KKT_OK,13,133.145037,1.099594446426952e-28,0.0,true
VAREIGVL,5000,0,SLP_SAR1_PH1_ATR0,true,true,false,SMALL_STEP,61,685.636059,0.0017898218234731656,0.0,false
VAREIGVL,5000,0,SLP_SAR1_PH1_ATR1,true,true,true,MAX_IT,500,5425.809112,0.0161774061323053,0.0,false
VESUVIALS,8,0,SLP_SAR0_PH0_ATR0,false,false,false,SMALL_STEP,8,4.610709999999999,3359.764801690275,0.0,false
VESUVIALS,8,0,SLP_SAR0_PH1_ATR0,false,true,false,SMALL_STEP,12,6.951091000000001,3354.8325618204203,0.0,false
VESUVIALS,8,0,SLP_SAR0_PH1_ATR1,false,true,true,SMALL_STEP,18,10.218206,3359.764801690275,0.0,false
VESUVIALS,8,0,BASE_SLP,true,false,false,SMALL_STEP,8,4.585062,3359.764801690275,0.0,true
VESUVIALS,8,0,SLP_SAR1_PH1_ATR0,true,true,false,SMALL_STEP,12,6.861624,3354.8325618204203,0.0,false
VESUVIALS,8,0,SLP_SAR1_PH1_ATR1,true,true,true,SMALL_STEP,18,10.096338,3359.764801690275,0.0,false
VESUVIOLS,8,0,SLP_SAR0_PH0_ATR0,false,false,false,SMALL_STEP,8,4.6256889999999995,2401.9680916973534,0.0,false
VESUVIOLS,8,0,SLP_SAR0_PH1_ATR0,false,true,false,SMALL_STEP,13,7.398789,2260.9921225066114,0.0,false
VESUVIOLS,8,0,SLP_SAR0_PH1_ATR1,false,true,true,SMALL_STEP,22,12.258706,1609.7964835902915,0.0,false
VESUVIOLS,8,0,BASE_SLP,true,false,false,SMALL_STEP,8,4.585743,2401.9680916973534,0.0,true
VESUVIOLS,8,0,SLP_SAR1_PH1_ATR0,true,true,false,SMALL_STEP,13,7.247666,2260.9921225066114,0.0,false
VESUVIOLS,8,0,SLP_SAR1_PH1_ATR1,true,true,true,SMALL_STEP,22,12.125646999999999,1609.7964835902915,0.0,false
VESUVIOULS,8,0,SLP_SAR0_PH0_ATR0,false,false,false,SMALL_STEP,8,4.669291,1.1679170034603839,0.0,false
VESUVIOULS,8,0,SLP_SAR0_PH1_ATR0,false,true,false,SMALL_STEP,13,7.286249,1.090196251659846,0.0,false
VESUVIOULS,8,0,SLP_SAR0_PH1_ATR1,false,true,true,SMALL_STEP,22,12.144692000000001,0.7827933515671155,0.0,false
VESUVIOULS,8,0,BASE_SLP,true,false,false,SMALL_STEP,8,4.5510589999999995,1.1679170034603839,0.0,true
VESUVIOULS,8,0,SLP_SAR1_PH1_ATR0,true,true,false,SMALL_STEP,13,7.2234609999999995,1.090196251659846,0.0,false
VESUVIOULS,8,0,SLP_SAR1_PH1_ATR1,true,true,true,SMALL_STEP,22,12.080421,0.7827933515671155,0.0,false
VIBRBEAM,8,0,SLP_SAR0_PH0_ATR0,false,false,false,SMALL_STEP,8,4.367425,6592.6732252195925,0.0,false
VIBRBEAM,8,0,SLP_SAR0_PH1_ATR0,false,true,false,SMALL_STEP,10,5.378868,8231.275067268562,0.0,false
VIBRBEAM,8,0,SLP_SAR0_PH1_ATR1,false,true,true,SMALL_STEP,14,7.510167,8231.275067268562,0.0,false
VIBRBEAM,8,0,BASE_SLP,true,false,false,SMALL_STEP,8,4.318794,6592.6732252195925,0.0,true
VIBRBEAM,8,0,SLP_SAR1_PH1_ATR0,true,true,false,SMALL_STEP,10,10.649974,8231.275067268562,0.0,false
VIBRBEAM,8,0,SLP_SAR1_PH1_ATR1,true,true,true,SMALL_STEP,14,7.551445,8231.275067268562,0.0,false
WALL10,1461,0,SLP_SAR0_PH0_ATR0,false,false,false,MAX_IT,500,1764.0479559999999,2092.8613552498728,0.0,false
WALL10,1461,0,SLP_SAR0_PH1_ATR0,false,true,false,MAX_IT,500,1814.692006,697.675878853463,0.0,false
WALL10,1461,0,SLP_SAR0_PH1_ATR1,false,true,true,MAX_IT,500,1744.010268,81014.5466757662,0.0,false
WALL10,1461,0,BASE_SLP,true,false,false,MAX_IT,500,2239.4712910000003,713.912381497961,0.0,true
WALL10,1461,0,SLP_SAR1_PH1_ATR0,true,true,false,MAX_IT,500,1743.7806979999998,697.675878853463,0.0,false
WALL10,1461,0,SLP_SAR1_PH1_ATR1,true,true,true,MAX_IT,500,1737.375456,81014.5466757662,0.0,false
WALL100,149624,0,SLP_SAR0_PH0_ATR0,false,false,false,MAX_IT,500,224242.825651,421771.82778674207,0.0,false
WALL100,149624,0,SLP_SAR0_PH1_ATR0,false,true,false,MAX_IT,500,221282.123235,152906.56010748268,0.0,false
WALL100,149624,0,SLP_SAR0_PH1_ATR1,false,true,true,MAX_IT,500,225866.240638,811927.1318077735,0.0,false
WALL100,149624,0,BASE_SLP,true,false,false,MAX_IT,500,220438.084049,101846.51800225138,0.0,true
WALL100,149624,0,SLP_SAR1_PH1_ATR0,true,true,false,MAX_IT,500,220594.997089,152906.56010748268,0.0,false
WALL100,149624,0,SLP_SAR1_PH1_ATR1,true,true,true,MAX_IT,500,226425.60254,811927.1318077735,0.0,false
WALL20,5924,0,SLP_SAR0_PH0_ATR0,false,false,false,MAX_IT,500,6385.055345,6846.6533253622865,0.0,false
WALL20,5924,0,SLP_SAR0_PH1_ATR0,false,true,false,MAX_IT,500,6369.344878,3061.7308880553755,0.0,false
WALL20,5924,0,SLP_SAR0_PH1_ATR1,false,true,true,MAX_IT,500,6759.2046359999995,159034.9025803016,0.0,false
WALL20,5924,0,BASE_SLP,true,false,false,MAX_IT,500,6560.213004,2419.5986517457445,0.0,true
WALL20,5924,0,SLP_SAR1_PH1_ATR0,true,true,false,MAX_IT,500,6560.589049,3061.7308880553755,0.0,false
WALL20,5924,0,SLP_SAR1_PH1_ATR1,true,true,true,MAX_IT,500,6688.934936,159034.9025803016,0.0,false
WALL50,37311,0,SLP_SAR0_PH0_ATR0,false,false,false,MAX_IT,500,51840.499127999996,89715.28884474584,0.0,false
WALL50,37311,0,SLP_SAR0_PH1_ATR0,false,true,false,MAX_IT,500,52212.495193999996,16896.160367793887,0.0,false
WALL50,37311,0,SLP_SAR0_PH1_ATR1,false,true,true,MAX_IT,500,53281.624031,342594.9676522954,0.0,false
WALL50,37311,0,BASE_SLP,true,false,false,MAX_IT,500,51391.602804999995,10370.56168675683,0.0,true
WALL50,37311,0,SLP_SAR1_PH1_ATR0,true,true,false,MAX_IT,500,53214.719345,16896.160367793887,0.0,false
WALL50,37311,0,SLP_SAR1_PH1_ATR1,true,true,true,MAX_IT,500,53042.562028,342594.9676522954,0.0,false
WATSON,12,0,SLP_SAR0_PH0_ATR0,false,false,false,MAX_IT,500,282.219239,0.29810109202159035,0.0,false
WATSON,12,0,SLP_SAR0_PH1_ATR0,false,true,false,MAX_IT,500,277.659985,0.12467605563352463,0.0,false
WATSON,12,0,SLP_SAR0_PH1_ATR1,false,true,true,MAX_IT,500,280.084634,0.012998633098974923,0.0,false
WATSON,12,0,BASE_SLP,true,false,false,MAX_IT,500,281.695045,0.13653843774571423,0.0,true
WATSON,12,0,SLP_SAR1_PH1_ATR0,true,true,false,MAX_IT,500,288.799565,0.12467605563352463,0.0,false
WATSON,12,0,SLP_SAR1_PH1_ATR1,true,true,true,MAX_IT,500,287.774152,0.012998633098974923,0.0,false
WAYSEA1,2,0,SLP_SAR0_PH0_ATR0,false,false,false,MAX_IT,500,262.232425,0.022771422296460266,0.0,false
WAYSEA1,2,0,SLP_SAR0_PH1_ATR0,false,true,false,MAX_IT,500,255.26132499999997,0.00881826620593905,0.0,false
WAYSEA1,2,0,SLP_SAR0_PH1_ATR1,false,true,true,MAX_IT,500,265.106207,1.3361468013903044,0.0,false
WAYSEA1,2,0,BASE_SLP,true,false,false,MAX_IT,500,263.546881,0.015604883177303465,0.0,true
WAYSEA1,2,0,SLP_SAR1_PH1_ATR0,true,true,false,MAX_IT,500,254.34676899999997,0.00881826620593905,0.0,false
WAYSEA1,2,0,SLP_SAR1_PH1_ATR1,true,true,true,MAX_IT,500,265.100866,1.3361468013903044,0.0,false
WAYSEA1B,2,0,SLP_SAR0_PH0_ATR0,false,false,false,MAX_IT,500,260.590192,0.022771422296460266,0.0,false
WAYSEA1B,2,0,SLP_SAR0_PH1_ATR0,false,true,false,MAX_IT,500,266.903748,0.00881826620593905,0.0,false
WAYSEA1B,2,0,SLP_SAR0_PH1_ATR1,false,true,true,MAX_IT,500,264.91013699999996,1.3361468013903044,0.0,false
WAYSEA1B,2,0,BASE_SLP,true,false,false,MAX_IT,500,263.697722,0.015604883177303465,0.0,true
WAYSEA1B,2,0,SLP_SAR1_PH1_ATR0,true,true,false,MAX_IT,500,266.98645300000004,0.00881826620593905,0.0,false
WAYSEA1B,2,0,SLP_SAR1_PH1_ATR1,true,true,true,MAX_IT,500,264.66412499999996,1.3361468013903044,0.0,false
WAYSEA2,2,0,SLP_SAR0_PH0_ATR0,false,false,false,MAX_IT,500,255.908385,7.351076977131419e-5,0.0,false
WAYSEA2,2,0,SLP_SAR0_PH1_ATR0,false,true,false,MAX_IT,500,265.74372,7.130818134560173e-5,0.0,false
WAYSEA2,2,0,SLP_SAR0_PH1_ATR1,false,true,true,MAX_IT,500,264.260295,0.02930650359063263,0.0,false
WAYSEA2,2,0,BASE_SLP,true,false,false,MAX_IT,500,254.20596,9.26553292670477e-5,0.0,true
WAYSEA2,2,0,SLP_SAR1_PH1_ATR0,true,true,false,MAX_IT,500,264.49206,7.130818134560173e-5,0.0,false
WAYSEA2,2,0,SLP_SAR1_PH1_ATR1,true,true,true,MAX_IT,500,264.211914,0.02930650359063263,0.0,false
WAYSEA2B,2,0,SLP_SAR0_PH0_ATR0,false,false,false,MAX_IT,500,266.704019,7.351076977131419e-5,0.0,false
WAYSEA2B,2,0,SLP_SAR0_PH1_ATR0,false,true,false,MAX_IT,500,263.08367599999997,7.130818134560173e-5,0.0,false
WAYSEA2B,2,0,SLP_SAR0_PH1_ATR1,false,true,true,MAX_IT,500,263.5119,0.02930650359063263,0.0,false
WAYSEA2B,2,0,BASE_SLP,true,false,false,MAX_IT,500,267.669099,9.26553292670477e-5,0.0,true
WAYSEA2B,2,0,SLP_SAR1_PH1_ATR0,true,true,false,MAX_IT,500,274.621084,7.130818134560173e-5,0.0,false
WAYSEA2B,2,0,SLP_SAR1_PH1_ATR1,true,true,true,MAX_IT,500,254.53164900000002,0.02930650359063263,0.0,false
WEEDS,3,0,SLP_SAR0_PH0_ATR0,false,false,false,MAX_IT,500,270.57,4945.423399166999,0.0,false
WEEDS,3,0,SLP_SAR0_PH1_ATR0,false,true,false,KKT_OK,42,22.856436000000002,9205.435198916666,0.0,false
WEEDS,3,0,SLP_SAR0_PH1_ATR1,false,true,true,KKT_OK,44,22.970199,9205.435198916666,0.0,false
WEEDS,3,0,BASE_SLP,true,false,false,MAX_IT,500,264.95249,4995.086943068994,0.0,true
WEEDS,3,0,SLP_SAR1_PH1_ATR0,true,true,false,KKT_OK,42,22.386353,9205.435198916666,0.0,false
WEEDS,3,0,SLP_SAR1_PH1_ATR1,true,true,true,KKT_OK,44,24.506662,9205.435198916666,0.0,false
WOODS,4000,0,SLP_SAR0_PH0_ATR0,false,false,false,SMALL_STEP,116,998.760879,7876.984319454637,0.0,false
WOODS,4000,0,SLP_SAR0_PH1_ATR0,false,true,false,SMALL_STEP,90,797.1937059999999,7877.0288510090495,0.0,false
WOODS,4000,0,SLP_SAR0_PH1_ATR1,false,true,true,MAX_IT,500,4242.407482,7886.132719785836,0.0,false
WOODS,4000,0,BASE_SLP,true,false,false,SMALL_STEP,104,940.311785,7876.989851098924,0.0,true
WOODS,4000,0,SLP_SAR1_PH1_ATR0,true,true,false,SMALL_STEP,90,823.3999789999999,7877.0288510090495,0.0,false
WOODS,4000,0,SLP_SAR1_PH1_ATR1,true,true,true,MAX_IT,500,4190.0432820000005,7886.132719785836,0.0,false
YATP1CLS,123200,0,SLP_SAR0_PH0_ATR0,false,false,false,MAX_IT,500,191654.24631,11739.374648264977,0.0,false
YATP1CLS,123200,0,SLP_SAR0_PH1_ATR0,false,true,false,MAX_IT,500,193295.627404,14110.368310298058,0.0,false
YATP1CLS,123200,0,SLP_SAR0_PH1_ATR1,false,true,true,MAX_IT,500,187440.88830999998,160279.67705463723,0.0,false
YATP1CLS,123200,0,BASE_SLP,true,false,false,MAX_IT,500,192514.919194,12970.35426740608,0.0,true
YATP1CLS,123200,0,SLP_SAR1_PH1_ATR0,true,true,false,MAX_IT,500,193986.936785,14110.368310298058,0.0,false
YATP1CLS,123200,0,SLP_SAR1_PH1_ATR1,true,true,true,MAX_IT,500,187292.840247,160279.67705463723,0.0,false
YATP1LS,123200,0,SLP_SAR0_PH0_ATR0,false,false,false,MAX_IT,500,193458.629186,11739.374648264977,0.0,false
YATP1LS,123200,0,SLP_SAR0_PH1_ATR0,false,true,false,MAX_IT,500,194511.53406,14110.368310298058,0.0,false
YATP1LS,123200,0,SLP_SAR0_PH1_ATR1,false,true,true,MAX_IT,500,186704.29070399998,220196.51814006455,0.0,false
YATP1LS,123200,0,BASE_SLP,true,false,false,MAX_IT,500,193618.789498,12970.35426740608,0.0,true
YATP1LS,123200,0,SLP_SAR1_PH1_ATR0,true,true,false,MAX_IT,500,193736.960262,14110.368310298058,0.0,false
YATP1LS,123200,0,SLP_SAR1_PH1_ATR1,true,true,true,MAX_IT,500,186245.388481,220196.51814006455,0.0,false
YATP2CLS,123200,0,SLP_SAR0_PH0_ATR0,false,false,false,MAX_IT,500,190970.32354800001,9848.901307483708,0.0,false
YATP2CLS,123200,0,SLP_SAR0_PH1_ATR0,false,true,false,MAX_IT,500,190374.364515,209.12482710867476,0.0,false
YATP2CLS,123200,0,SLP_SAR0_PH1_ATR1,false,true,true,MAX_IT,500,201025.806013,78293.9005998617,0.0,false
YATP2CLS,123200,0,BASE_SLP,true,false,false,MAX_IT,500,188798.744504,436.0050440337017,0.0,true
YATP2CLS,123200,0,SLP_SAR1_PH1_ATR0,true,true,false,MAX_IT,500,190984.97688899998,209.12482710867476,0.0,false
YATP2CLS,123200,0,SLP_SAR1_PH1_ATR1,true,true,true,MAX_IT,500,199856.513062,78293.9005998617,0.0,false
YATP2LS,8,0,SLP_SAR0_PH0_ATR0,false,false,false,MAX_IT,500,281.721565,115.26593799970938,0.0,false
YATP2LS,8,0,SLP_SAR0_PH1_ATR0,false,true,false,MAX_IT,500,271.15248199999996,114.97111609847826,0.0,false
YATP2LS,8,0,SLP_SAR0_PH1_ATR1,false,true,true,MAX_IT,500,270.71925000000005,128.681602415469,0.0,false
YATP2LS,8,0,BASE_SLP,true,false,false,MAX_IT,500,270.844305,115.28183429918957,0.0,true
YATP2LS,8,0,SLP_SAR1_PH1_ATR0,true,true,false,MAX_IT,500,270.60484499999995,114.97111609847826,0.0,false
YATP2LS,8,0,SLP_SAR1_PH1_ATR1,true,true,true,MAX_IT,500,272.200697,128.681602415469,0.0,false
YFIT,3,0,SLP_SAR0_PH0_ATR0,false,false,false,MAX_IT,500,265.013282,204.36452327174285,0.0,false
YFIT,3,0,SLP_SAR0_PH1_ATR0,false,true,false,MAX_IT,500,266.770026,202.78358485738698,0.0,false
YFIT,3,0,SLP_SAR0_PH1_ATR1,false,true,true,MAX_IT,500,270.285296,211.28891370946374,0.0,false
YFIT,3,0,BASE_SLP,true,false,false,MAX_IT,500,273.76889700000004,204.7983443740847,0.0,true
YFIT,3,0,SLP_SAR1_PH1_ATR0,true,true,false,MAX_IT,500,266.75075999999996,202.78358485738698,0.0,false
YFIT,3,0,SLP_SAR1_PH1_ATR1,true,true,true,MAX_IT,500,269.84601299999997,211.28891370946374,0.0,false
YFITU,3,0,SLP_SAR0_PH0_ATR0,false,false,false,MAX_IT,500,265.867935,204.36452327174285,0.0,false
YFITU,3,0,SLP_SAR0_PH1_ATR0,false,true,false,MAX_IT,500,269.328002,202.78358485738698,0.0,false
YFITU,3,0,SLP_SAR0_PH1_ATR1,false,true,true,MAX_IT,500,273.838678,211.28891370946374,0.0,false
YFITU,3,0,BASE_SLP,true,false,false,MAX_IT,500,266.923004,204.7983443740847,0.0,true
YFITU,3,0,SLP_SAR1_PH1_ATR0,true,true,false,MAX_IT,500,270.583896,202.78358485738698,0.0,false
YFITU,3,0,SLP_SAR1_PH1_ATR1,true,true,true,MAX_IT,500,273.437826,211.28891370946374,0.0,false
ZANGWIL2,2,0,SLP_SAR0_PH0_ATR0,false,false,false,KKT_OK,11,6.048409,-18.200000000090995,0.0,false
ZANGWIL2,2,0,SLP_SAR0_PH1_ATR0,false,true,false,KKT_OK,9,4.789779,-18.200000000091,0.0,false
ZANGWIL2,2,0,SLP_SAR0_PH1_ATR1,false,true,true,KKT_OK,78,40.479755,-18.199999788007155,0.0,false
ZANGWIL2,2,0,BASE_SLP,true,false,false,KKT_OK,9,4.734025,-18.200000000090995,0.0,true
ZANGWIL2,2,0,SLP_SAR1_PH1_ATR0,true,true,false,KKT_OK,9,4.696995,-18.200000000091,0.0,false
ZANGWIL2,2,0,SLP_SAR1_PH1_ATR1,true,true,true,KKT_OK,78,40.034751,-18.199999788007155,0.0,false
