Problem,nvar,ncon,Variant,SAR,M,PH,ATR,RRU,Status,Iterations,Time_ms,f_final,h_norm,Is_Base
10FOLDTRLS,1000,0,2P_SAR0_PH0_ATR0_RRU0,false,1,false,false,false,MAX_IT,500,2877.355806,-77665.3259640077,0.0,false
10FOLDTRLS,1000,0,2P_SAR0_PH1_ATR0_RRU0,false,1,true,false,false,MAX_IT,500,2818.338672,-53671.45932699968,0.0,false
10FOLDTRLS,1000,0,2P_SAR0_PH1_ATR1_RRU0,false,1,true,true,false,MAX_IT,500,3468.128289,-871680.5476659893,0.0,false
10FOLDTRLS,1000,0,2P_SAR0_PH0_ATR0_RRU1,false,1,false,false,true,MAX_IT,500,2731.372203,-77665.3259640077,0.0,false
10FOLDTRLS,1000,0,2P_SAR0_PH1_ATR0_RRU1,false,1,true,false,true,MAX_IT,500,2709.8230710000003,-53671.45932699968,0.0,false
10FOLDTRLS,1000,0,2P_SAR0_PH1_ATR1_RRU1,false,1,true,true,true,MAX_IT,500,3395.516517,-871680.5476659893,0.0,false
10FOLDTRLS,1000,0,BASE_2P,true,1,false,false,false,MAX_IT,500,2632.404836,-64842.64886469269,0.0,true
10FOLDTRLS,1000,0,2P_SAR1_PH1_ATR0_RRU0,true,1,true,false,false,MAX_IT,500,2733.634716,-53671.45932699968,0.0,false
10FOLDTRLS,1000,0,2P_SAR1_PH1_ATR1_RRU0,true,1,true,true,false,MAX_IT,500,3495.326692,-871680.5476659893,0.0,false
10FOLDTRLS,1000,0,2P_SAR1_PH0_ATR0_RRU1,true,1,false,false,true,MAX_IT,500,2612.846378,-64842.64886469269,0.0,false
10FOLDTRLS,1000,0,2P_SAR1_PH1_ATR0_RRU1,true,1,true,false,true,MAX_IT,500,2743.568886,-53671.45932699968,0.0,false
10FOLDTRLS,1000,0,2P_SAR1_PH1_ATR1_RRU1,true,1,true,true,true,MAX_IT,500,3302.378954,-871680.5476659893,0.0,false
3PK,30,0,2P_SAR0_PH0_ATR0_RRU0,false,1,false,false,false,MAX_IT,500,149.221726,11084.298772860617,0.0,false
3PK,30,0,2P_SAR0_PH1_ATR0_RRU0,false,1,true,false,false,MAX_IT,500,103.371483,10596.356580021755,0.0,false
3PK,30,0,2P_SAR0_PH1_ATR1_RRU0,false,1,true,true,false,MAX_IT,500,185.59419799999998,11348.114183828427,0.0,false
3PK,30,0,2P_SAR0_PH0_ATR0_RRU1,false,1,false,false,true,MAX_IT,500,154.32825,11084.298772860617,0.0,false
3PK,30,0,2P_SAR0_PH1_ATR0_RRU1,false,1,true,false,true,MAX_IT,500,102.252358,10596.356580021755,0.0,false
3PK,30,0,2P_SAR0_PH1_ATR1_RRU1,false,1,true,true,true,MAX_IT,500,181.285347,11348.114183828427,0.0,false
3PK,30,0,BASE_2P,true,1,false,false,false,MAX_IT,500,103.219248,10591.859740345762,0.0,true
3PK,30,0,2P_SAR1_PH1_ATR0_RRU0,true,1,true,false,false,MAX_IT,500,102.77691999999999,10596.356580021755,0.0,false
3PK,30,0,2P_SAR1_PH1_ATR1_RRU0,true,1,true,true,false,MAX_IT,500,181.294404,11348.114183828427,0.0,false
3PK,30,0,2P_SAR1_PH0_ATR0_RRU1,true,1,false,false,true,MAX_IT,500,107.107761,10591.859740345762,0.0,false
3PK,30,0,2P_SAR1_PH1_ATR0_RRU1,true,1,true,false,true,MAX_IT,500,102.33989100000001,10596.356580021755,0.0,false
3PK,30,0,2P_SAR1_PH1_ATR1_RRU1,true,1,true,true,true,MAX_IT,500,185.601993,11348.114183828427,0.0,false
AIRCRFTB,8,0,2P_SAR0_PH0_ATR0_RRU0,false,1,false,false,false,MAX_IT,500,133.21491799999998,6.530426239579436,0.0,false
AIRCRFTB,8,0,2P_SAR0_PH1_ATR0_RRU0,false,1,true,false,false,SMALL_STEP,22,6.466470999999999,0.27570060182599815,0.0,false
AIRCRFTB,8,0,2P_SAR0_PH1_ATR1_RRU0,false,1,true,true,false,SMALL_STEP,38,13.9996,7.806691514541799,0.0,false
AIRCRFTB,8,0,2P_SAR0_PH0_ATR0_RRU1,false,1,false,false,true,MAX_IT,500,128.51049700000002,6.530426239579436,0.0,false
AIRCRFTB,8,0,2P_SAR0_PH1_ATR0_RRU1,false,1,true,false,true,SMALL_STEP,22,6.276395,0.27570060182599815,0.0,false
AIRCRFTB,8,0,2P_SAR0_PH1_ATR1_RRU1,false,1,true,true,true,SMALL_STEP,38,14.062558,7.806691514541799,0.0,false
AIRCRFTB,8,0,BASE_2P,true,1,false,false,false,SMALL_STEP,15,4.387317,0.27839880476047874,0.0,true
AIRCRFTB,8,0,2P_SAR1_PH1_ATR0_RRU0,true,1,true,false,false,SMALL_STEP,22,6.212765999999999,0.27570060182599815,0.0,false
AIRCRFTB,8,0,2P_SAR1_PH1_ATR1_RRU0,true,1,true,true,false,SMALL_STEP,38,13.880246000000001,7.806691514541799,0.0,false
AIRCRFTB,8,0,2P_SAR1_PH0_ATR0_RRU1,true,1,false,false,true,SMALL_STEP,15,4.411833000000001,0.27839880476047874,0.0,false
AIRCRFTB,8,0,2P_SAR1_PH1_ATR0_RRU1,true,1,true,false,true,SMALL_STEP,22,6.135071,0.27570060182599815,0.0,false
AIRCRFTB,8,0,2P_SAR1_PH1_ATR1_RRU1,true,1,true,true,true,SMALL_STEP,38,13.883011,7.806691514541799,0.0,false
AKIVA,2,0,2P_SAR0_PH0_ATR0_RRU0,false,1,false,false,false,SMALL_STEP,19,7.166893,6.172070427976918,0.0,false
AKIVA,2,0,2P_SAR0_PH1_ATR0_RRU0,false,1,true,false,false,SMALL_STEP,284,50.711418,6.167504655414049,0.0,false
AKIVA,2,0,2P_SAR0_PH1_ATR1_RRU0,false,1,true,true,false,SMALL_STEP,19,7.541625,6.179266061230313,0.0,false
AKIVA,2,0,2P_SAR0_PH0_ATR0_RRU1,false,1,false,false,true,SMALL_STEP,19,6.083284,6.172070427976918,0.0,false
AKIVA,2,0,2P_SAR0_PH1_ATR0_RRU1,false,1,true,false,true,SMALL_STEP,284,49.717676000000004,6.167504655414049,0.0,false
AKIVA,2,0,2P_SAR0_PH1_ATR1_RRU1,false,1,true,true,true,SMALL_STEP,19,7.483255000000001,6.179266061230313,0.0,false
AKIVA,2,0,BASE_2P,true,1,false,false,false,SMALL_STEP,9,3.0706510000000002,6.17231804888294,0.0,true
AKIVA,2,0,2P_SAR1_PH1_ATR0_RRU0,true,1,true,false,false,SMALL_STEP,284,49.708759,6.167504655414049,0.0,false
AKIVA,2,0,2P_SAR1_PH1_ATR1_RRU0,true,1,true,true,false,SMALL_STEP,19,7.4919720000000005,6.179266061230313,0.0,false
AKIVA,2,0,2P_SAR1_PH0_ATR0_RRU1,true,1,false,false,true,SMALL_STEP,9,3.049401,6.17231804888294,0.0,false
AKIVA,2,0,2P_SAR1_PH1_ATR0_RRU1,true,1,true,false,true,SMALL_STEP,284,50.428147,6.167504655414049,0.0,false
AKIVA,2,0,2P_SAR1_PH1_ATR1_RRU1,true,1,true,true,true,SMALL_STEP,19,7.532157000000001,6.179266061230313,0.0,false
ALJAZZAF,1000,1,2P_SAR0_PH0_ATR0_RRU0,false,1,false,false,false,MAX_IT,500,5705.198990999999,37492.761270636256,0.0007748375322671475,false
ALJAZZAF,1000,1,2P_SAR0_PH1_ATR0_RRU0,false,1,true,false,false,INFEASIBLE_STATIONARY,423,4452.423715,37425.634423763266,0.1554266237636529,false
ALJAZZAF,1000,1,2P_SAR0_PH1_ATR1_RRU0,false,1,true,true,false,INFEASIBLE_STATIONARY,60,2890.4821850000003,37413.78180680724,0.4856672987274607,false
ALJAZZAF,1000,1,2P_SAR0_PH0_ATR0_RRU1,false,1,false,false,true,MAX_IT,500,5196.930175,37492.761270636256,0.0007748375322671475,false
ALJAZZAF,1000,1,2P_SAR0_PH1_ATR0_RRU1,false,1,true,false,true,INFEASIBLE_STATIONARY,423,4436.009244,37425.634423763266,0.1554266237636529,false
ALJAZZAF,1000,1,2P_SAR0_PH1_ATR1_RRU1,false,1,true,true,true,INFEASIBLE_STATIONARY,60,2401.152702,37413.78180680724,0.4856672987274607,false
ALJAZZAF,1000,1,BASE_2P,true,1,false,false,false,MAX_IT,500,6825.7700190000005,37475.93372689423,0.01922931023220642,true
ALJAZZAF,1000,1,2P_SAR1_PH1_ATR0_RRU0,true,1,true,false,false,INFEASIBLE_STATIONARY,423,4220.616341999999,37425.634423763266,0.1554266237636529,false
ALJAZZAF,1000,1,2P_SAR1_PH1_ATR1_RRU0,true,1,true,true,false,INFEASIBLE_STATIONARY,60,2399.5979859999998,37413.78180680724,0.4856672987274607,false
ALJAZZAF,1000,1,2P_SAR1_PH0_ATR0_RRU1,true,1,false,false,true,MAX_IT,500,6303.682664,37475.93372689423,0.01922931023220642,false
ALJAZZAF,1000,1,2P_SAR1_PH1_ATR0_RRU1,true,1,true,false,true,INFEASIBLE_STATIONARY,423,4201.751839,37425.634423763266,0.1554266237636529,false
ALJAZZAF,1000,1,2P_SAR1_PH1_ATR1_RRU1,true,1,true,true,true,INFEASIBLE_STATIONARY,60,2404.122025,37413.78180680724,0.4856672987274607,false
ALLINIT,4,0,2P_SAR0_PH0_ATR0_RRU0,false,1,false,false,false,KKT_OK,22,8.171837,16.7059684969497,0.0,false
ALLINIT,4,0,2P_SAR0_PH1_ATR0_RRU0,false,1,true,false,false,SMALL_STEP,26,6.8349329999999995,16.705969072969342,0.0,false
ALLINIT,4,0,2P_SAR0_PH1_ATR1_RRU0,false,1,true,true,false,SMALL_STEP,55,17.526289000000002,16.705973403075543,0.0,false
ALLINIT,4,0,2P_SAR0_PH0_ATR0_RRU1,false,1,false,false,true,KKT_OK,22,7.527039,16.7059684969497,0.0,false
ALLINIT,4,0,2P_SAR0_PH1_ATR0_RRU1,false,1,true,false,true,SMALL_STEP,26,6.707783999999999,16.705969072969342,0.0,false
ALLINIT,4,0,2P_SAR0_PH1_ATR1_RRU1,false,1,true,true,true,SMALL_STEP,55,17.410642,16.705973403075543,0.0,false
ALLINIT,4,0,BASE_2P,true,1,false,false,false,KKT_OK,27,6.508551,16.705968501974464,0.0,true
ALLINIT,4,0,2P_SAR1_PH1_ATR0_RRU0,true,1,true,false,false,SMALL_STEP,26,6.643204,16.705969072969342,0.0,false
ALLINIT,4,0,2P_SAR1_PH1_ATR1_RRU0,true,1,true,true,false,SMALL_STEP,55,17.241104,16.705973403075543,0.0,false
ALLINIT,4,0,2P_SAR1_PH0_ATR0_RRU1,true,1,false,false,true,KKT_OK,27,6.480067,16.705968501974464,0.0,false
ALLINIT,4,0,2P_SAR1_PH1_ATR0_RRU1,true,1,true,false,true,SMALL_STEP,26,6.609911,16.705969072969342,0.0,false
ALLINIT,4,0,2P_SAR1_PH1_ATR1_RRU1,true,1,true,true,true,SMALL_STEP,55,17.525606999999997,16.705973403075543,0.0,false
ALLINITC,4,1,2P_SAR0_PH0_ATR0_RRU0,false,1,false,false,false,SMALL_STEP,13,8.360529999999999,30.32307302064347,3.9062500000075495e-5,false
ALLINITC,4,1,2P_SAR0_PH1_ATR0_RRU0,false,1,true,false,false,SMALL_STEP,12,6.291695,30.323073020055258,3.9062500000075495e-5,false
ALLINITC,4,1,2P_SAR0_PH1_ATR1_RRU0,false,1,true,true,false,SMALL_STEP,10,7.423424,30.323073020066484,3.9062500000075495e-5,false
ALLINITC,4,1,2P_SAR0_PH0_ATR0_RRU1,false,1,false,false,true,SMALL_STEP,13,7.614914000000001,30.32307302064347,3.9062500000075495e-5,false
ALLINITC,4,1,2P_SAR0_PH1_ATR0_RRU1,false,1,true,false,true,SMALL_STEP,12,6.161091,30.323073020055258,3.9062500000075495e-5,false
ALLINITC,4,1,2P_SAR0_PH1_ATR1_RRU1,false,1,true,true,true,SMALL_STEP,10,7.2714099999999995,30.323073020066484,3.9062500000075495e-5,false
ALLINITC,4,1,BASE_2P,true,1,false,false,false,SMALL_STEP,12,6.316782,30.32307302010233,3.9062500000075495e-5,true
ALLINITC,4,1,2P_SAR1_PH1_ATR0_RRU0,true,1,true,false,false,SMALL_STEP,12,6.131786,30.323073020055258,3.9062500000075495e-5,false
ALLINITC,4,1,2P_SAR1_PH1_ATR1_RRU0,true,1,true,true,false,SMALL_STEP,10,7.201109,30.323073020066484,3.9062500000075495e-5,false
ALLINITC,4,1,2P_SAR1_PH0_ATR0_RRU1,true,1,false,false,true,SMALL_STEP,12,6.2545150000000005,30.32307302010233,3.9062500000075495e-5,false
ALLINITC,4,1,2P_SAR1_PH1_ATR0_RRU1,true,1,true,false,true,SMALL_STEP,12,6.0460449999999994,30.323073020055258,3.9062500000075495e-5,false
ALLINITC,4,1,2P_SAR1_PH1_ATR1_RRU1,true,1,true,true,true,SMALL_STEP,10,7.226646,30.323073020066484,3.9062500000075495e-5,false
ALLINITU,4,0,2P_SAR0_PH0_ATR0_RRU0,false,1,false,false,false,KKT_OK,32,9.905544,5.744384948716222,0.0,false
ALLINITU,4,0,2P_SAR0_PH1_ATR0_RRU0,false,1,true,false,false,KKT_OK,22,6.315989999999999,5.744384981008233,0.0,false
ALLINITU,4,0,2P_SAR0_PH1_ATR1_RRU0,false,1,true,true,false,KKT_OK,52,16.862624999999998,5.7443850096346125,0.0,false
ALLINITU,4,0,2P_SAR0_PH0_ATR0_RRU1,false,1,false,false,true,KKT_OK,32,10.622016,5.744384948716222,0.0,false
ALLINITU,4,0,2P_SAR0_PH1_ATR0_RRU1,false,1,true,false,true,KKT_OK,22,5.958891,5.744384981008233,0.0,false
ALLINITU,4,0,2P_SAR0_PH1_ATR1_RRU1,false,1,true,true,true,KKT_OK,52,16.619681,5.7443850096346125,0.0,false
ALLINITU,4,0,BASE_2P,true,1,false,false,false,KKT_OK,73,14.007777,5.744385010929896,0.0,true
ALLINITU,4,0,2P_SAR1_PH1_ATR0_RRU0,true,1,true,false,false,KKT_OK,22,6.123971,5.744384981008233,0.0,false
ALLINITU,4,0,2P_SAR1_PH1_ATR1_RRU0,true,1,true,true,false,KKT_OK,52,16.883594,5.7443850096346125,0.0,false
ALLINITU,4,0,2P_SAR1_PH0_ATR0_RRU1,true,1,false,false,true,KKT_OK,73,13.925294,5.744385010929896,0.0,false
ALLINITU,4,0,2P_SAR1_PH1_ATR0_RRU1,true,1,true,false,true,KKT_OK,22,6.076051,5.744384981008233,0.0,false
ALLINITU,4,0,2P_SAR1_PH1_ATR1_RRU1,true,1,true,true,true,KKT_OK,52,16.936583000000002,5.7443850096346125,0.0,false
ALSOTAME,2,1,2P_SAR0_PH0_ATR0_RRU0,false,1,false,false,false,SMALL_STEP,9,4.521119,0.0820849986238988,0.0,false
ALSOTAME,2,1,2P_SAR0_PH1_ATR0_RRU0,false,1,true,false,false,SMALL_STEP,9,3.715159,0.0820849986238988,0.0,false
ALSOTAME,2,1,2P_SAR0_PH1_ATR1_RRU0,false,1,true,true,false,SMALL_STEP,12,4.0809940000000005,0.0820849986238988,0.0,false
ALSOTAME,2,1,2P_SAR0_PH0_ATR0_RRU1,false,1,false,false,true,SMALL_STEP,9,3.653343,0.0820849986238988,0.0,false
ALSOTAME,2,1,2P_SAR0_PH1_ATR0_RRU1,false,1,true,false,true,SMALL_STEP,9,3.659134,0.0820849986238988,0.0,false
ALSOTAME,2,1,2P_SAR0_PH1_ATR1_RRU1,false,1,true,true,true,SMALL_STEP,12,4.079261,0.0820849986238988,0.0,false
ALSOTAME,2,1,BASE_2P,true,1,false,false,false,SMALL_STEP,13,4.202392,0.0820849986238988,0.0,true
ALSOTAME,2,1,2P_SAR1_PH1_ATR0_RRU0,true,1,true,false,false,SMALL_STEP,9,3.655717,0.0820849986238988,0.0,false
ALSOTAME,2,1,2P_SAR1_PH1_ATR1_RRU0,true,1,true,true,false,SMALL_STEP,12,3.9933499999999995,0.0820849986238988,0.0,false
ALSOTAME,2,1,2P_SAR1_PH0_ATR0_RRU1,true,1,false,false,true,SMALL_STEP,13,4.129415,0.0820849986238988,0.0,false
ALSOTAME,2,1,2P_SAR1_PH1_ATR0_RRU1,true,1,true,false,true,SMALL_STEP,9,3.579264,0.0820849986238988,0.0,false
ALSOTAME,2,1,2P_SAR1_PH1_ATR1_RRU1,true,1,true,true,true,SMALL_STEP,12,3.9774,0.0820849986238988,0.0,false
ARGLINA,200,0,2P_SAR0_PH0_ATR0_RRU0,false,1,false,false,false,KKT_OK,11,17.609192999999998,200.0004882812483,0.0,false
ARGLINA,200,0,2P_SAR0_PH1_ATR0_RRU0,false,1,true,false,false,KKT_OK,8,14.319382000000001,199.99999999999713,0.0,false
ARGLINA,200,0,2P_SAR0_PH1_ATR1_RRU0,false,1,true,true,false,KKT_OK,13,22.699047999999998,200.00008902838238,0.0,false
ARGLINA,200,0,2P_SAR0_PH0_ATR0_RRU1,false,1,false,false,true,KKT_OK,11,16.848859,200.0004882812483,0.0,false
ARGLINA,200,0,2P_SAR0_PH1_ATR0_RRU1,false,1,true,false,true,KKT_OK,8,14.341934,199.99999999999713,0.0,false
ARGLINA,200,0,2P_SAR0_PH1_ATR1_RRU1,false,1,true,true,true,KKT_OK,13,22.817339,200.00008902838238,0.0,false
ARGLINA,200,0,BASE_2P,true,1,false,false,false,KKT_OK,23,35.19852100000001,200.0000000000001,0.0,true
ARGLINA,200,0,2P_SAR1_PH1_ATR0_RRU0,true,1,true,false,false,KKT_OK,8,14.495211,199.99999999999713,0.0,false
ARGLINA,200,0,2P_SAR1_PH1_ATR1_RRU0,true,1,true,true,false,KKT_OK,13,22.643474,200.00008902838238,0.0,false
ARGLINA,200,0,2P_SAR1_PH0_ATR0_RRU1,true,1,false,false,true,KKT_OK,23,34.283366,200.0000000000001,0.0,false
ARGLINA,200,0,2P_SAR1_PH1_ATR0_RRU1,true,1,true,false,true,KKT_OK,8,14.567626,199.99999999999713,0.0,false
ARGLINA,200,0,2P_SAR1_PH1_ATR1_RRU1,true,1,true,true,true,KKT_OK,13,23.199805,200.00008902838238,0.0,false
ARGLINB,200,0,2P_SAR0_PH0_ATR0_RRU0,false,1,false,false,false,SMALL_STEP,8,19.116006000000002,99.64292195080802,0.0,false
ARGLINB,200,0,2P_SAR0_PH1_ATR0_RRU0,false,1,true,false,false,KKT_OK,7,15.198107,99.62546816479401,0.0,false
ARGLINB,200,0,2P_SAR0_PH1_ATR1_RRU0,false,1,true,true,false,KKT_OK,13,34.110432,99.62546816508603,0.0,false
ARGLINB,200,0,2P_SAR0_PH0_ATR0_RRU1,false,1,false,false,true,SMALL_STEP,8,18.386570000000003,99.64292195080802,0.0,false
ARGLINB,200,0,2P_SAR0_PH1_ATR0_RRU1,false,1,true,false,true,KKT_OK,7,15.180625,99.62546816479401,0.0,false
ARGLINB,200,0,2P_SAR0_PH1_ATR1_RRU1,false,1,true,true,true,KKT_OK,13,34.280862,99.62546816508603,0.0,false
ARGLINB,200,0,BASE_2P,true,1,false,false,false,SMALL_STEP,13,21.113388,99.64651767462888,0.0,true
ARGLINB,200,0,2P_SAR1_PH1_ATR0_RRU0,true,1,true,false,false,KKT_OK,7,15.168441,99.62546816479401,0.0,false
ARGLINB,200,0,2P_SAR1_PH1_ATR1_RRU0,true,1,true,true,false,KKT_OK,13,34.091146,99.62546816508603,0.0,false
ARGLINB,200,0,2P_SAR1_PH0_ATR0_RRU1,true,1,false,false,true,SMALL_STEP,13,21.062572000000003,99.64651767462888,0.0,false
ARGLINB,200,0,2P_SAR1_PH1_ATR0_RRU1,true,1,true,false,true,KKT_OK,7,15.18335,99.62546816479401,0.0,false
ARGLINB,200,0,2P_SAR1_PH1_ATR1_RRU1,true,1,true,true,true,KKT_OK,13,34.138073,99.62546816508603,0.0,false
ARGLINC,200,0,2P_SAR0_PH0_ATR0_RRU0,false,1,false,false,false,SMALL_STEP,8,20.690025000000002,101.12548203971018,0.0,false
ARGLINC,200,0,2P_SAR0_PH1_ATR0_RRU0,false,1,true,false,false,KKT_OK,7,15.165045000000001,101.12547051442907,0.0,false
ARGLINC,200,0,2P_SAR0_PH1_ATR1_RRU0,false,1,true,true,false,KKT_OK,12,31.333690999999998,101.12547051293362,0.0,false
ARGLINC,200,0,2P_SAR0_PH0_ATR0_RRU1,false,1,false,false,true,SMALL_STEP,8,19.982268,101.12548203971018,0.0,false
ARGLINC,200,0,2P_SAR0_PH1_ATR0_RRU1,false,1,true,false,true,KKT_OK,7,15.090406000000002,101.12547051442907,0.0,false
ARGLINC,200,0,2P_SAR0_PH1_ATR1_RRU1,false,1,true,true,true,KKT_OK,12,31.272686,101.12547051293362,0.0,false
ARGLINC,200,0,BASE_2P,true,1,false,false,false,SMALL_STEP,13,21.546177999999998,101.12552904805783,0.0,true
ARGLINC,200,0,2P_SAR1_PH1_ATR0_RRU0,true,1,true,false,false,KKT_OK,7,15.237151,101.12547051442907,0.0,false
ARGLINC,200,0,2P_SAR1_PH1_ATR1_RRU0,true,1,true,true,false,KKT_OK,12,31.457242000000004,101.12547051293362,0.0,false
ARGLINC,200,0,2P_SAR1_PH0_ATR0_RRU1,true,1,false,false,true,SMALL_STEP,13,29.18166,101.12552904805783,0.0,false
ARGLINC,200,0,2P_SAR1_PH1_ATR0_RRU1,true,1,true,false,true,KKT_OK,7,15.129760000000001,101.12547051442907,0.0,false
ARGLINC,200,0,2P_SAR1_PH1_ATR1_RRU1,true,1,true,true,true,KKT_OK,12,31.245827000000002,101.12547051293362,0.0,false
ARGTRIGLS,200,0,2P_SAR0_PH0_ATR0_RRU0,false,1,false,false,false,SMALL_STEP,6,14.474703,0.03756047608775836,0.0,false
ARGTRIGLS,200,0,2P_SAR0_PH1_ATR0_RRU0,false,1,true,false,false,SMALL_STEP,4,9.653903,0.03677664145471042,0.0,false
ARGTRIGLS,200,0,2P_SAR0_PH1_ATR1_RRU0,false,1,true,true,false,SMALL_STEP,8,20.173977999999998,0.011906637511683584,0.0,false
ARGTRIGLS,200,0,2P_SAR0_PH0_ATR0_RRU1,false,1,false,false,true,SMALL_STEP,6,13.954538000000001,0.03756047608775836,0.0,false
ARGTRIGLS,200,0,2P_SAR0_PH1_ATR0_RRU1,false,1,true,false,true,SMALL_STEP,4,9.763909,0.03677664145471042,0.0,false
ARGTRIGLS,200,0,2P_SAR0_PH1_ATR1_RRU1,false,1,true,true,true,SMALL_STEP,8,20.705993999999997,0.011906637511683584,0.0,false
ARGTRIGLS,200,0,BASE_2P,true,1,false,false,false,SMALL_STEP,6,12.409854,0.03172186488757797,0.0,true
ARGTRIGLS,200,0,2P_SAR1_PH1_ATR0_RRU0,true,1,true,false,false,SMALL_STEP,4,9.587699,0.03677664145471042,0.0,false
ARGTRIGLS,200,0,2P_SAR1_PH1_ATR1_RRU0,true,1,true,true,false,SMALL_STEP,8,20.540154,0.011906637511683584,0.0,false
ARGTRIGLS,200,0,2P_SAR1_PH0_ATR0_RRU1,true,1,false,false,true,SMALL_STEP,6,12.461511,0.03172186488757797,0.0,false
ARGTRIGLS,200,0,2P_SAR1_PH1_ATR0_RRU1,true,1,true,false,true,SMALL_STEP,4,9.5507,0.03677664145471042,0.0,false
ARGTRIGLS,200,0,2P_SAR1_PH1_ATR1_RRU1,true,1,true,true,true,SMALL_STEP,8,20.114114999999998,0.011906637511683584,0.0,false
ARWHEAD,5000,0,2P_SAR0_PH0_ATR0_RRU0,false,1,false,false,false,KKT_OK,8,194.06431099999998,0.0,0.0,false
ARWHEAD,5000,0,2P_SAR0_PH1_ATR0_RRU0,false,1,true,false,false,KKT_OK,15,157.857513,6.944363711181012e-5,0.0,false
ARWHEAD,5000,0,2P_SAR0_PH1_ATR1_RRU0,false,1,true,true,false,KKT_OK,36,468.77790600000003,0.008846430921016779,0.0,false
ARWHEAD,5000,0,2P_SAR0_PH0_ATR0_RRU1,false,1,false,false,true,KKT_OK,8,215.167441,0.0,0.0,false
ARWHEAD,5000,0,2P_SAR0_PH1_ATR0_RRU1,false,1,true,false,true,KKT_OK,15,176.439108,6.944363711181012e-5,0.0,false
ARWHEAD,5000,0,2P_SAR0_PH1_ATR1_RRU1,false,1,true,true,true,KKT_OK,36,493.647371,0.008846430921016779,0.0,false
ARWHEAD,5000,0,BASE_2P,true,1,false,false,false,KKT_OK,13,212.023792,0.0,0.0,true
ARWHEAD,5000,0,2P_SAR1_PH1_ATR0_RRU0,true,1,true,false,false,KKT_OK,15,172.90084,6.944363711181012e-5,0.0,false
ARWHEAD,5000,0,2P_SAR1_PH1_ATR1_RRU0,true,1,true,true,false,KKT_OK,36,494.918272,0.008846430921016779,0.0,false
ARWHEAD,5000,0,2P_SAR1_PH0_ATR0_RRU1,true,1,false,false,true,KKT_OK,13,201.632288,0.0,0.0,false
ARWHEAD,5000,0,2P_SAR1_PH1_ATR0_RRU1,true,1,true,false,true,KKT_OK,15,165.823474,6.944363711181012e-5,0.0,false
ARWHEAD,5000,0,2P_SAR1_PH1_ATR1_RRU1,true,1,true,true,true,KKT_OK,36,470.488433,0.008846430921016779,0.0,false
BA-L1LS,57,0,2P_SAR0_PH0_ATR0_RRU0,false,1,false,false,false,SMALL_STEP,19,10.144290999999999,0.09965435425944352,0.0,false
BA-L1LS,57,0,2P_SAR0_PH1_ATR0_RRU0,false,1,true,false,false,SMALL_STEP,20,8.48843,0.028030140426816227,0.0,false
BA-L1LS,57,0,2P_SAR0_PH1_ATR1_RRU0,false,1,true,true,false,SMALL_STEP,41,24.913085000000002,0.022179585179805207,0.0,false
BA-L1LS,57,0,2P_SAR0_PH0_ATR0_RRU1,false,1,false,false,true,SMALL_STEP,19,9.214019,0.09965435425944352,0.0,false
BA-L1LS,57,0,2P_SAR0_PH1_ATR0_RRU1,false,1,true,false,true,SMALL_STEP,20,8.602273,0.028030140426816227,0.0,false
BA-L1LS,57,0,2P_SAR0_PH1_ATR1_RRU1,false,1,true,true,true,SMALL_STEP,41,25.792733000000002,0.022179585179805207,0.0,false
BA-L1LS,57,0,BASE_2P,true,1,false,false,false,SMALL_STEP,21,8.05097,0.931335544576583,0.0,true
BA-L1LS,57,0,2P_SAR1_PH1_ATR0_RRU0,true,1,true,false,false,SMALL_STEP,20,8.412307,0.028030140426816227,0.0,false
BA-L1LS,57,0,2P_SAR1_PH1_ATR1_RRU0,true,1,true,true,false,SMALL_STEP,41,24.74474,0.022179585179805207,0.0,false
BA-L1LS,57,0,2P_SAR1_PH0_ATR0_RRU1,true,1,false,false,true,SMALL_STEP,21,7.488847,0.931335544576583,0.0,false
BA-L1LS,57,0,2P_SAR1_PH1_ATR0_RRU1,true,1,true,false,true,SMALL_STEP,20,8.335342,0.028030140426816227,0.0,false
BA-L1LS,57,0,2P_SAR1_PH1_ATR1_RRU1,true,1,true,true,true,SMALL_STEP,41,25.704988,0.022179585179805207,0.0,false
BA-L1SPLS,57,0,2P_SAR0_PH0_ATR0_RRU0,false,1,false,false,false,SMALL_STEP,37,19.687788,10.905919434936523,0.0,false
BA-L1SPLS,57,0,2P_SAR0_PH1_ATR0_RRU0,false,1,true,false,false,SMALL_STEP,16,8.287644,0.15220515854712113,0.0,false
BA-L1SPLS,57,0,2P_SAR0_PH1_ATR1_RRU0,false,1,true,true,false,SMALL_STEP,43,34.884202,0.057724652231033326,0.0,false
BA-L1SPLS,57,0,2P_SAR0_PH0_ATR0_RRU1,false,1,false,false,true,SMALL_STEP,37,19.276227,10.905919434936523,0.0,false
BA-L1SPLS,57,0,2P_SAR0_PH1_ATR0_RRU1,false,1,true,false,true,SMALL_STEP,16,8.535578000000001,0.15220515854712113,0.0,false
BA-L1SPLS,57,0,2P_SAR0_PH1_ATR1_RRU1,false,1,true,true,true,SMALL_STEP,43,35.071443,0.057724652231033326,0.0,false
BA-L1SPLS,57,0,BASE_2P,true,1,false,false,false,SMALL_STEP,17,7.792717000000001,0.2530918737312008,0.0,true
BA-L1SPLS,57,0,2P_SAR1_PH1_ATR0_RRU0,true,1,true,false,false,SMALL_STEP,16,8.172397,0.15220515854712113,0.0,false
BA-L1SPLS,57,0,2P_SAR1_PH1_ATR1_RRU0,true,1,true,true,false,SMALL_STEP,43,35.599672999999996,0.057724652231033326,0.0,false
BA-L1SPLS,57,0,2P_SAR1_PH0_ATR0_RRU1,true,1,false,false,true,SMALL_STEP,17,8.475295000000001,0.2530918737312008,0.0,false
BA-L1SPLS,57,0,2P_SAR1_PH1_ATR0_RRU1,true,1,true,false,true,SMALL_STEP,16,8.29064,0.15220515854712113,0.0,false
BA-L1SPLS,57,0,2P_SAR1_PH1_ATR1_RRU1,true,1,true,true,true,SMALL_STEP,43,34.858674,0.057724652231033326,0.0,false
BA-L21LS,34134,0,2P_SAR0_PH0_ATR0_RRU0,false,1,false,false,false,SMALL_STEP,167,43639.194308,9.265902905792015e6,0.0,false
BA-L21LS,34134,0,2P_SAR0_PH1_ATR0_RRU0,false,1,true,false,false,SMALL_STEP,312,66257.892221,5.449770305936231e6,0.0,false
BA-L21LS,34134,0,2P_SAR0_PH1_ATR1_RRU0,false,1,true,true,false,MAX_IT,500,155357.445616,8.21150483628514e6,0.0,false
BA-L21LS,34134,0,2P_SAR0_PH0_ATR0_RRU1,false,1,false,false,true,SMALL_STEP,167,43386.494298000005,9.265902905792015e6,0.0,false
BA-L21LS,34134,0,2P_SAR0_PH1_ATR0_RRU1,false,1,true,false,true,SMALL_STEP,312,69008.065554,5.449770305936231e6,0.0,false
BA-L21LS,34134,0,2P_SAR0_PH1_ATR1_RRU1,false,1,true,true,true,MAX_IT,500,153101.616473,8.21150483628514e6,0.0,false
BA-L21LS,34134,0,BASE_2P,true,1,false,false,false,SMALL_STEP,120,25268.781833999998,6.962182010828889e6,0.0,true
BA-L21LS,34134,0,2P_SAR1_PH1_ATR0_RRU0,true,1,true,false,false,SMALL_STEP,312,66128.726214,5.449770305936231e6,0.0,false
BA-L21LS,34134,0,2P_SAR1_PH1_ATR1_RRU0,true,1,true,true,false,MAX_IT,500,150453.151695,8.21150483628514e6,0.0,false
BA-L21LS,34134,0,2P_SAR1_PH0_ATR0_RRU1,true,1,false,false,true,SMALL_STEP,120,25315.126088,6.962182010828889e6,0.0,false
BA-L21LS,34134,0,2P_SAR1_PH1_ATR0_RRU1,true,1,true,false,true,SMALL_STEP,312,64382.18543799999,5.449770305936231e6,0.0,false
BA-L21LS,34134,0,2P_SAR1_PH1_ATR1_RRU1,true,1,true,true,true,MAX_IT,500,159390.425404,8.21150483628514e6,0.0,false
BA-L49LS,23769,0,2P_SAR0_PH0_ATR0_RRU0,false,1,false,false,false,MAX_IT,500,106034.493139,4.268066428250196e6,0.0,false
BA-L49LS,23769,0,2P_SAR0_PH1_ATR0_RRU0,false,1,true,false,false,MAX_IT,500,87384.614491,4.146813117608522e6,0.0,false
BA-L49LS,23769,0,2P_SAR0_PH1_ATR1_RRU0,false,1,true,true,false,MAX_IT,500,114768.391728,6.344921933440053e7,0.0,false
BA-L49LS,23769,0,2P_SAR0_PH0_ATR0_RRU1,false,1,false,false,true,MAX_IT,500,107589.780761,4.268066428250196e6,0.0,false
BA-L49LS,23769,0,2P_SAR0_PH1_ATR0_RRU1,false,1,true,false,true,MAX_IT,500,88806.11442,4.146813117608522e6,0.0,false
BA-L49LS,23769,0,2P_SAR0_PH1_ATR1_RRU1,false,1,true,true,true,MAX_IT,500,115760.46233,6.344921933440053e7,0.0,false
BA-L49LS,23769,0,BASE_2P,true,1,false,false,false,SMALL_STEP,428,74115.891141,4.649809973358853e6,0.0,true
BA-L49LS,23769,0,2P_SAR1_PH1_ATR0_RRU0,true,1,true,false,false,MAX_IT,500,86224.385782,4.146813117608522e6,0.0,false
BA-L49LS,23769,0,2P_SAR1_PH1_ATR1_RRU0,true,1,true,true,false,MAX_IT,500,114403.475189,6.344921933440053e7,0.0,false
BA-L49LS,23769,0,2P_SAR1_PH0_ATR0_RRU1,true,1,false,false,true,SMALL_STEP,428,74006.928507,4.649809973358853e6,0.0,false
BA-L49LS,23769,0,2P_SAR1_PH1_ATR0_RRU1,true,1,true,false,true,MAX_IT,500,86094.77662599999,4.146813117608522e6,0.0,false
BA-L49LS,23769,0,2P_SAR1_PH1_ATR1_RRU1,true,1,true,true,true,MAX_IT,500,116177.607436,6.344921933440053e7,0.0,false
BA-L73LS,33753,0,2P_SAR0_PH0_ATR0_RRU0,false,1,false,false,false,SMALL_STEP,13,4554.958051,1.7295438025867862e8,0.0,false
BA-L73LS,33753,0,2P_SAR0_PH1_ATR0_RRU0,false,1,true,false,false,MAX_IT,500,124647.085472,1.5020526785185736e7,0.0,false
BA-L73LS,33753,0,2P_SAR0_PH1_ATR1_RRU0,false,1,true,true,false,MAX_IT,500,164011.228232,8.519897457011533e7,0.0,false
BA-L73LS,33753,0,2P_SAR0_PH0_ATR0_RRU1,false,1,false,false,true,SMALL_STEP,13,4671.422754,1.7295438025867862e8,0.0,false
BA-L73LS,33753,0,2P_SAR0_PH1_ATR0_RRU1,false,1,true,false,true,MAX_IT,500,125055.184846,1.5020526785185736e7,0.0,false
BA-L73LS,33753,0,2P_SAR0_PH1_ATR1_RRU1,false,1,true,true,true,MAX_IT,500,162540.756016,8.519897457011533e7,0.0,false
BA-L73LS,33753,0,BASE_2P,true,1,false,false,false,MAX_IT,500,124650.56713600001,1.4537652359151857e7,0.0,true
BA-L73LS,33753,0,2P_SAR1_PH1_ATR0_RRU0,true,1,true,false,false,MAX_IT,500,124656.539826,1.5020526785185736e7,0.0,false
BA-L73LS,33753,0,2P_SAR1_PH1_ATR1_RRU0,true,1,true,true,false,MAX_IT,500,163719.189626,8.519897457011533e7,0.0,false
BA-L73LS,33753,0,2P_SAR1_PH0_ATR0_RRU1,true,1,false,false,true,MAX_IT,500,125678.96386300001,1.4537652359151857e7,0.0,false
BA-L73LS,33753,0,2P_SAR1_PH1_ATR0_RRU1,true,1,true,false,true,MAX_IT,500,125625.133608,1.5020526785185736e7,0.0,false
BA-L73LS,33753,0,2P_SAR1_PH1_ATR1_RRU1,true,1,true,true,true,MAX_IT,500,163281.211456,8.519897457011533e7,0.0,false
BARD,3,0,2P_SAR0_PH0_ATR0_RRU0,false,1,false,false,false,SMALL_STEP,72,20.494037,0.009878921640130885,0.0,false
BARD,3,0,2P_SAR0_PH1_ATR0_RRU0,false,1,true,false,false,MAX_IT,500,95.616138,0.009396959076745962,0.0,false
BARD,3,0,2P_SAR0_PH1_ATR1_RRU0,false,1,true,true,false,SMALL_STEP,90,27.091144,0.009669482525112821,0.0,false
BARD,3,0,2P_SAR0_PH0_ATR0_RRU1,false,1,false,false,true,SMALL_STEP,72,18.963007,0.009878921640130885,0.0,false
BARD,3,0,2P_SAR0_PH1_ATR0_RRU1,false,1,true,false,true,MAX_IT,500,95.640464,0.009396959076745962,0.0,false
BARD,3,0,2P_SAR0_PH1_ATR1_RRU1,false,1,true,true,true,SMALL_STEP,90,27.094801,0.009669482525112821,0.0,false
BARD,3,0,BASE_2P,true,1,false,false,false,SMALL_STEP,18,4.590375,0.009928185645949114,0.0,true
BARD,3,0,2P_SAR1_PH1_ATR0_RRU0,true,1,true,false,false,MAX_IT,500,99.71662400000001,0.009396959076745962,0.0,false
BARD,3,0,2P_SAR1_PH1_ATR1_RRU0,true,1,true,true,false,SMALL_STEP,90,28.315399000000003,0.009669482525112821,0.0,false
BARD,3,0,2P_SAR1_PH0_ATR0_RRU1,true,1,false,false,true,SMALL_STEP,18,4.786834,0.009928185645949114,0.0,false
BARD,3,0,2P_SAR1_PH1_ATR0_RRU1,true,1,true,false,true,MAX_IT,500,100.704847,0.009396959076745962,0.0,false
BARD,3,0,2P_SAR1_PH1_ATR1_RRU1,true,1,true,true,true,SMALL_STEP,90,28.328454,0.009669482525112821,0.0,false
BDEXP,5000,0,2P_SAR0_PH0_ATR0_RRU0,false,1,false,false,false,KKT_OK,8,148.044378,1.0263299859946325e-10,0.0,false
BDEXP,5000,0,2P_SAR0_PH1_ATR0_RRU0,false,1,true,false,false,KKT_OK,9,95.32346899999999,3.963050432776516e-8,0.0,false
BDEXP,5000,0,2P_SAR0_PH1_ATR1_RRU0,false,1,true,true,false,KKT_OK,8,295.092227,1.0256818995966929e-10,0.0,false
BDEXP,5000,0,2P_SAR0_PH0_ATR0_RRU1,false,1,false,false,true,KKT_OK,8,149.109084,1.0263299859946325e-10,0.0,false
BDEXP,5000,0,2P_SAR0_PH1_ATR0_RRU1,false,1,true,false,true,KKT_OK,9,97.279767,3.963050432776516e-8,0.0,false
BDEXP,5000,0,2P_SAR0_PH1_ATR1_RRU1,false,1,true,true,true,KKT_OK,8,306.01029400000004,1.0256818995966929e-10,0.0,false
BDEXP,5000,0,BASE_2P,true,1,false,false,false,KKT_OK,19,161.888849,0.0014367825995429554,0.0,true
BDEXP,5000,0,2P_SAR1_PH1_ATR0_RRU0,true,1,true,false,false,KKT_OK,9,96.00634,3.963050432776516e-8,0.0,false
BDEXP,5000,0,2P_SAR1_PH1_ATR1_RRU0,true,1,true,true,false,KKT_OK,8,308.555003,1.0256818995966929e-10,0.0,false
BDEXP,5000,0,2P_SAR1_PH0_ATR0_RRU1,true,1,false,false,true,KKT_OK,19,161.597614,0.0014367825995429554,0.0,false
BDEXP,5000,0,2P_SAR1_PH1_ATR0_RRU1,true,1,true,false,true,KKT_OK,9,95.51101100000001,3.963050432776516e-8,0.0,false
BDEXP,5000,0,2P_SAR1_PH1_ATR1_RRU1,true,1,true,true,true,KKT_OK,8,309.453909,1.0256818995966929e-10,0.0,false
BDQRTIC,5000,0,2P_SAR0_PH0_ATR0_RRU0,false,1,false,false,false,SMALL_STEP,19,270.720321,20006.2757709965,0.0,false
BDQRTIC,5000,0,2P_SAR0_PH1_ATR0_RRU0,false,1,true,false,false,SMALL_STEP,19,211.099588,20006.338311127092,0.0,false
BDQRTIC,5000,0,2P_SAR0_PH1_ATR1_RRU0,false,1,true,true,false,SMALL_STEP,31,474.516929,20008.075519569415,0.0,false
BDQRTIC,5000,0,2P_SAR0_PH0_ATR0_RRU1,false,1,false,false,true,SMALL_STEP,19,263.117799,20006.2757709965,0.0,false
BDQRTIC,5000,0,2P_SAR0_PH1_ATR0_RRU1,false,1,true,false,true,SMALL_STEP,19,194.284187,20006.338311127092,0.0,false
BDQRTIC,5000,0,2P_SAR0_PH1_ATR1_RRU1,false,1,true,true,true,SMALL_STEP,31,464.76757200000003,20008.075519569415,0.0,false
BDQRTIC,5000,0,BASE_2P,true,1,false,false,false,KKT_OK,39,346.560437,20006.25695594017,0.0,true
BDQRTIC,5000,0,2P_SAR1_PH1_ATR0_RRU0,true,1,true,false,false,SMALL_STEP,19,191.963056,20006.338311127092,0.0,false
BDQRTIC,5000,0,2P_SAR1_PH1_ATR1_RRU0,true,1,true,true,false,SMALL_STEP,31,464.382,20008.075519569415,0.0,false
BDQRTIC,5000,0,2P_SAR1_PH0_ATR0_RRU1,true,1,false,false,true,KKT_OK,39,347.121018,20006.25695594017,0.0,false
BDQRTIC,5000,0,2P_SAR1_PH1_ATR0_RRU1,true,1,true,false,true,SMALL_STEP,19,192.064495,20006.338311127092,0.0,false
BDQRTIC,5000,0,2P_SAR1_PH1_ATR1_RRU1,true,1,true,true,true,SMALL_STEP,31,466.362322,20008.075519569415,0.0,false
BEALE,2,0,2P_SAR0_PH0_ATR0_RRU0,false,1,false,false,false,SMALL_STEP,169,44.26655,6.657497370007271e-5,0.0,false
BEALE,2,0,2P_SAR0_PH1_ATR0_RRU0,false,1,true,false,false,SMALL_STEP,225,45.732217999999996,1.979965086077747e-5,0.0,false
BEALE,2,0,2P_SAR0_PH1_ATR1_RRU0,false,1,true,true,false,SMALL_STEP,59,16.506493,8.368796002543253e-6,0.0,false
BEALE,2,0,2P_SAR0_PH0_ATR0_RRU1,false,1,false,false,true,SMALL_STEP,169,40.826872,6.657497370007271e-5,0.0,false
BEALE,2,0,2P_SAR0_PH1_ATR0_RRU1,false,1,true,false,true,SMALL_STEP,225,44.473007,1.979965086077747e-5,0.0,false
BEALE,2,0,2P_SAR0_PH1_ATR1_RRU1,false,1,true,true,true,SMALL_STEP,59,17.362507,8.368796002543253e-6,0.0,false
BEALE,2,0,BASE_2P,true,1,false,false,false,SMALL_STEP,266,45.590212,0.00015886820243593084,0.0,true
BEALE,2,0,2P_SAR1_PH1_ATR0_RRU0,true,1,true,false,false,SMALL_STEP,225,45.656156,1.979965086077747e-5,0.0,false
BEALE,2,0,2P_SAR1_PH1_ATR1_RRU0,true,1,true,true,false,SMALL_STEP,59,17.566329,8.368796002543253e-6,0.0,false
BEALE,2,0,2P_SAR1_PH0_ATR0_RRU1,true,1,false,false,true,SMALL_STEP,266,46.530544,0.00015886820243593084,0.0,false
BEALE,2,0,2P_SAR1_PH1_ATR0_RRU1,true,1,true,false,true,SMALL_STEP,225,47.457792999999995,1.979965086077747e-5,0.0,false
BEALE,2,0,2P_SAR1_PH1_ATR1_RRU1,true,1,true,true,true,SMALL_STEP,59,17.881159,8.368796002543253e-6,0.0,false
BENNETT5LS,3,0,2P_SAR0_PH0_ATR0_RRU0,false,1,false,false,false,SMALL_STEP,10,5.701969,0.6431707095168238,0.0,false
BENNETT5LS,3,0,2P_SAR0_PH1_ATR0_RRU0,false,1,true,false,false,SMALL_STEP,7,3.697321,0.6431709430501813,0.0,false
BENNETT5LS,3,0,2P_SAR0_PH1_ATR1_RRU0,false,1,true,true,false,SMALL_STEP,8,6.448057,0.6605098696287927,0.0,false
BENNETT5LS,3,0,2P_SAR0_PH0_ATR0_RRU1,false,1,false,false,true,SMALL_STEP,10,4.902671,0.6431707095168238,0.0,false
BENNETT5LS,3,0,2P_SAR0_PH1_ATR0_RRU1,false,1,true,false,true,SMALL_STEP,7,3.475956,0.6431709430501813,0.0,false
BENNETT5LS,3,0,2P_SAR0_PH1_ATR1_RRU1,false,1,true,true,true,SMALL_STEP,8,6.282367,0.6605098696287927,0.0,false
BENNETT5LS,3,0,BASE_2P,true,1,false,false,false,SMALL_STEP,8,3.355871,0.6431744448973159,0.0,true
BENNETT5LS,3,0,2P_SAR1_PH1_ATR0_RRU0,true,1,true,false,false,SMALL_STEP,7,3.4614580000000004,0.6431709430501813,0.0,false
BENNETT5LS,3,0,2P_SAR1_PH1_ATR1_RRU0,true,1,true,true,false,SMALL_STEP,8,6.282206,0.6605098696287927,0.0,false
BENNETT5LS,3,0,2P_SAR1_PH0_ATR0_RRU1,true,1,false,false,true,SMALL_STEP,8,3.361602,0.6431744448973159,0.0,false
BENNETT5LS,3,0,2P_SAR1_PH1_ATR0_RRU1,true,1,true,false,true,SMALL_STEP,7,3.47824,0.6431709430501813,0.0,false
BENNETT5LS,3,0,2P_SAR1_PH1_ATR1_RRU1,true,1,true,true,true,SMALL_STEP,8,6.338031,0.6605098696287927,0.0,false
BIGGS3,6,0,2P_SAR0_PH0_ATR0_RRU0,false,1,false,false,false,KKT_OK,254,65.616913,0.0005780478433688171,0.0,false
BIGGS3,6,0,2P_SAR0_PH1_ATR0_RRU0,false,1,true,false,false,KKT_OK,252,47.839438,0.0006529176828080935,0.0,false
BIGGS3,6,0,2P_SAR0_PH1_ATR1_RRU0,false,1,true,true,false,KKT_OK,71,20.179848,0.0010864706387641323,0.0,false
BIGGS3,6,0,2P_SAR0_PH0_ATR0_RRU1,false,1,false,false,true,KKT_OK,254,63.128237000000006,0.0005780478433688171,0.0,false
BIGGS3,6,0,2P_SAR0_PH1_ATR0_RRU1,false,1,true,false,true,KKT_OK,252,48.533919000000004,0.0006529176828080935,0.0,false
BIGGS3,6,0,2P_SAR0_PH1_ATR1_RRU1,false,1,true,true,true,KKT_OK,71,20.779933,0.0010864706387641323,0.0,false
BIGGS3,6,0,BASE_2P,true,1,false,false,false,MAX_IT,500,90.05319,0.002936488822347738,0.0,true
BIGGS3,6,0,2P_SAR1_PH1_ATR0_RRU0,true,1,true,false,false,KKT_OK,252,51.02545,0.0006529176828080935,0.0,false
BIGGS3,6,0,2P_SAR1_PH1_ATR1_RRU0,true,1,true,true,false,KKT_OK,71,21.314425,0.0010864706387641323,0.0,false
BIGGS3,6,0,2P_SAR1_PH0_ATR0_RRU1,true,1,false,false,true,MAX_IT,500,90.54192599999999,0.002936488822347738,0.0,false
BIGGS3,6,0,2P_SAR1_PH1_ATR0_RRU1,true,1,true,false,true,KKT_OK,252,51.511812,0.0006529176828080935,0.0,false
BIGGS3,6,0,2P_SAR1_PH1_ATR1_RRU1,true,1,true,true,true,KKT_OK,71,21.5997,0.0010864706387641323,0.0,false
BIGGS5,6,0,2P_SAR0_PH0_ATR0_RRU0,false,1,false,false,false,MAX_IT,500,127.67499400000001,0.037635679368186084,0.0,false
BIGGS5,6,0,2P_SAR0_PH1_ATR0_RRU0,false,1,true,false,false,MAX_IT,500,103.41215199999999,0.044608072321963385,0.0,false
BIGGS5,6,0,2P_SAR0_PH1_ATR1_RRU0,false,1,true,true,false,MAX_IT,500,162.211535,0.04205375180984753,0.0,false
BIGGS5,6,0,2P_SAR0_PH0_ATR0_RRU1,false,1,false,false,true,MAX_IT,500,130.315314,0.037635679368186084,0.0,false
BIGGS5,6,0,2P_SAR0_PH1_ATR0_RRU1,false,1,true,false,true,MAX_IT,500,105.67822000000001,0.044608072321963385,0.0,false
BIGGS5,6,0,2P_SAR0_PH1_ATR1_RRU1,false,1,true,true,true,MAX_IT,500,153.269633,0.04205375180984753,0.0,false
BIGGS5,6,0,BASE_2P,true,1,false,false,false,MAX_IT,500,86.332516,0.0714498285819852,0.0,true
BIGGS5,6,0,2P_SAR1_PH1_ATR0_RRU0,true,1,true,false,false,MAX_IT,500,103.75850100000001,0.044608072321963385,0.0,false
BIGGS5,6,0,2P_SAR1_PH1_ATR1_RRU0,true,1,true,true,false,MAX_IT,500,158.88495899999998,0.04205375180984753,0.0,false
BIGGS5,6,0,2P_SAR1_PH0_ATR0_RRU1,true,1,false,false,true,MAX_IT,500,90.49031000000001,0.0714498285819852,0.0,false
BIGGS5,6,0,2P_SAR1_PH1_ATR0_RRU1,true,1,true,false,true,MAX_IT,500,104.93123999999999,0.044608072321963385,0.0,false
BIGGS5,6,0,2P_SAR1_PH1_ATR1_RRU1,true,1,true,true,true,MAX_IT,500,164.682537,0.04205375180984753,0.0,false
BIGGS6,6,0,2P_SAR0_PH0_ATR0_RRU0,false,1,false,false,false,MAX_IT,500,128.21717099999998,0.1278015131635636,0.0,false
BIGGS6,6,0,2P_SAR0_PH1_ATR0_RRU0,false,1,true,false,false,MAX_IT,500,109.974153,0.20912273455338473,0.0,false
BIGGS6,6,0,2P_SAR0_PH1_ATR1_RRU0,false,1,true,true,false,MAX_IT,500,174.41226600000002,0.05189653177280267,0.0,false
BIGGS6,6,0,2P_SAR0_PH0_ATR0_RRU1,false,1,false,false,true,MAX_IT,500,122.975776,0.1278015131635636,0.0,false
BIGGS6,6,0,2P_SAR0_PH1_ATR0_RRU1,false,1,true,false,true,MAX_IT,500,105.28326,0.20912273455338473,0.0,false
BIGGS6,6,0,2P_SAR0_PH1_ATR1_RRU1,false,1,true,true,true,MAX_IT,500,170.900262,0.05189653177280267,0.0,false
BIGGS6,6,0,BASE_2P,true,1,false,false,false,MAX_IT,500,89.277425,0.2380568548846915,0.0,true
BIGGS6,6,0,2P_SAR1_PH1_ATR0_RRU0,true,1,true,false,false,MAX_IT,500,109.92065199999999,0.20912273455338473,0.0,false
BIGGS6,6,0,2P_SAR1_PH1_ATR1_RRU0,true,1,true,true,false,MAX_IT,500,173.42737,0.05189653177280267,0.0,false
BIGGS6,6,0,2P_SAR1_PH0_ATR0_RRU1,true,1,false,false,true,MAX_IT,500,93.009602,0.2380568548846915,0.0,false
BIGGS6,6,0,2P_SAR1_PH1_ATR0_RRU1,true,1,true,false,true,MAX_IT,500,111.484595,0.20912273455338473,0.0,false
BIGGS6,6,0,2P_SAR1_PH1_ATR1_RRU1,true,1,true,true,true,MAX_IT,500,251.10439899999997,0.05189653177280267,0.0,false
BIGGSB1,5000,0,2P_SAR0_PH0_ATR0_RRU0,false,1,false,false,false,KKT_OK,0,13.647403,2.0,0.0,false
BIGGSB1,5000,0,2P_SAR0_PH1_ATR0_RRU0,false,1,true,false,false,KKT_OK,0,13.677429,2.0,0.0,false
BIGGSB1,5000,0,2P_SAR0_PH1_ATR1_RRU0,false,1,true,true,false,KKT_OK,0,8.658501000000001,2.0,0.0,false
BIGGSB1,5000,0,2P_SAR0_PH0_ATR0_RRU1,false,1,false,false,true,KKT_OK,0,8.764519,2.0,0.0,false
BIGGSB1,5000,0,2P_SAR0_PH1_ATR0_RRU1,false,1,true,false,true,KKT_OK,0,8.784026,2.0,0.0,false
BIGGSB1,5000,0,2P_SAR0_PH1_ATR1_RRU1,false,1,true,true,true,KKT_OK,0,12.131641,2.0,0.0,false
BIGGSB1,5000,0,BASE_2P,true,1,false,false,false,KKT_OK,0,12.069144,2.0,0.0,true
BIGGSB1,5000,0,2P_SAR1_PH1_ATR0_RRU0,true,1,true,false,false,KKT_OK,0,12.534336999999999,2.0,0.0,false
BIGGSB1,5000,0,2P_SAR1_PH1_ATR1_RRU0,true,1,true,true,false,KKT_OK,0,13.253103000000001,2.0,0.0,false
BIGGSB1,5000,0,2P_SAR1_PH0_ATR0_RRU1,true,1,false,false,true,KKT_OK,0,13.248325,2.0,0.0,false
BIGGSB1,5000,0,2P_SAR1_PH1_ATR0_RRU1,true,1,true,false,true,KKT_OK,0,13.941233,2.0,0.0,false
BIGGSB1,5000,0,2P_SAR1_PH1_ATR1_RRU1,true,1,true,true,true,KKT_OK,0,13.786794,2.0,0.0,false
BLEACHNG,17,0,2P_SAR0_PH0_ATR0_RRU0,false,1,false,false,false,SMALL_STEP,6,17379.772667,18916.115293529645,0.0,false
BLEACHNG,17,0,2P_SAR0_PH1_ATR0_RRU0,false,1,true,false,false,SMALL_STEP,7,27600.108003999998,18868.099715573488,0.0,false
BLEACHNG,17,0,2P_SAR0_PH1_ATR1_RRU0,false,1,true,true,false,SMALL_STEP,18,59584.22322,18927.24080008223,0.0,false
BLEACHNG,17,0,2P_SAR0_PH0_ATR0_RRU1,false,1,false,false,true,SMALL_STEP,6,17381.546715,18916.115293529645,0.0,false
BLEACHNG,17,0,2P_SAR0_PH1_ATR0_RRU1,false,1,true,false,true,SMALL_STEP,7,27484.310293,18868.099715573488,0.0,false
BLEACHNG,17,0,2P_SAR0_PH1_ATR1_RRU1,false,1,true,true,true,SMALL_STEP,18,59584.51676499999,18927.24080008223,0.0,false
BLEACHNG,17,0,BASE_2P,true,1,false,false,false,SMALL_STEP,8,20123.813936000002,18864.122225842173,0.0,true
BLEACHNG,17,0,2P_SAR1_PH1_ATR0_RRU0,true,1,true,false,false,SMALL_STEP,7,27465.747592,18868.099715573488,0.0,false
BLEACHNG,17,0,2P_SAR1_PH1_ATR1_RRU0,true,1,true,true,false,SMALL_STEP,18,59585.603372,18927.24080008223,0.0,false
BLEACHNG,17,0,2P_SAR1_PH0_ATR0_RRU1,true,1,false,false,true,SMALL_STEP,8,20125.018697000003,18864.122225842173,0.0,false
BLEACHNG,17,0,2P_SAR1_PH1_ATR0_RRU1,true,1,true,false,true,SMALL_STEP,7,27464.722377000002,18868.099715573488,0.0,false
BLEACHNG,17,0,2P_SAR1_PH1_ATR1_RRU1,true,1,true,true,true,SMALL_STEP,18,59585.625666,18927.24080008223,0.0,false
BOX,10000,0,2P_SAR0_PH0_ATR0_RRU0,false,1,false,false,false,KKT_OK,23,620.5934910000001,-1864.5378789422903,0.0,false
BOX,10000,0,2P_SAR0_PH1_ATR0_RRU0,false,1,true,false,false,KKT_OK,23,489.441769,-1864.5332554320303,0.0,false
BOX,10000,0,2P_SAR0_PH1_ATR1_RRU0,false,1,true,true,false,KKT_OK,109,3182.8829029999997,-1864.4969665496878,0.0,false
BOX,10000,0,2P_SAR0_PH0_ATR0_RRU1,false,1,false,false,true,KKT_OK,23,632.589848,-1864.5378789422903,0.0,false
BOX,10000,0,2P_SAR0_PH1_ATR0_RRU1,false,1,true,false,true,KKT_OK,23,496.434457,-1864.5332554320303,0.0,false
BOX,10000,0,2P_SAR0_PH1_ATR1_RRU1,false,1,true,true,true,KKT_OK,109,3183.7989439999997,-1864.4969665496878,0.0,false
BOX,10000,0,BASE_2P,true,1,false,false,false,KKT_OK,20,518.987292,-1864.5363449070128,0.0,true
BOX,10000,0,2P_SAR1_PH1_ATR0_RRU0,true,1,true,false,false,KKT_OK,23,483.294276,-1864.5332554320303,0.0,false
BOX,10000,0,2P_SAR1_PH1_ATR1_RRU0,true,1,true,true,false,KKT_OK,109,3135.7661000000003,-1864.4969665496878,0.0,false
BOX,10000,0,2P_SAR1_PH0_ATR0_RRU1,true,1,false,false,true,KKT_OK,20,505.69143,-1864.5363449070128,0.0,false
BOX,10000,0,2P_SAR1_PH1_ATR0_RRU1,true,1,true,false,true,KKT_OK,23,477.671568,-1864.5332554320303,0.0,false
BOX,10000,0,2P_SAR1_PH1_ATR1_RRU1,true,1,true,true,true,KKT_OK,109,3157.798102,-1864.4969665496878,0.0,false
BOX2,3,0,2P_SAR0_PH0_ATR0_RRU0,false,1,false,false,false,KKT_OK,69,20.389781,0.0006115253747671758,0.0,false
BOX2,3,0,2P_SAR0_PH1_ATR0_RRU0,false,1,true,false,false,KKT_OK,171,33.376173,0.000299930454553773,0.0,false
BOX2,3,0,2P_SAR0_PH1_ATR1_RRU0,false,1,true,true,false,KKT_OK,52,16.258036,0.00030437957469072005,0.0,false
BOX2,3,0,2P_SAR0_PH0_ATR0_RRU1,false,1,false,false,true,KKT_OK,69,18.021580999999998,0.0006115253747671758,0.0,false
BOX2,3,0,2P_SAR0_PH1_ATR0_RRU1,false,1,true,false,true,KKT_OK,171,33.008815,0.000299930454553773,0.0,false
BOX2,3,0,2P_SAR0_PH1_ATR1_RRU1,false,1,true,true,true,KKT_OK,52,15.880597999999999,0.00030437957469072005,0.0,false
BOX2,3,0,BASE_2P,true,1,false,false,false,KKT_OK,44,8.558713000000001,0.00046272694205973,0.0,true
BOX2,3,0,2P_SAR1_PH1_ATR0_RRU0,true,1,true,false,false,KKT_OK,171,32.654411,0.000299930454553773,0.0,false
BOX2,3,0,2P_SAR1_PH1_ATR1_RRU0,true,1,true,true,false,KKT_OK,52,16.016071999999998,0.00030437957469072005,0.0,false
BOX2,3,0,2P_SAR1_PH0_ATR0_RRU1,true,1,false,false,true,KKT_OK,44,8.690570999999998,0.00046272694205973,0.0,false
BOX2,3,0,2P_SAR1_PH1_ATR0_RRU1,true,1,true,false,true,KKT_OK,171,32.72158700000001,0.000299930454553773,0.0,false
BOX2,3,0,2P_SAR1_PH1_ATR1_RRU1,true,1,true,true,true,KKT_OK,52,16.052941,0.00030437957469072005,0.0,false
BOX3,3,0,2P_SAR0_PH0_ATR0_RRU0,false,1,false,false,false,KKT_OK,37,11.440785,6.757710799793164e-5,0.0,false
BOX3,3,0,2P_SAR0_PH1_ATR0_RRU0,false,1,true,false,false,KKT_OK,47,11.268012,6.691967024596166e-5,0.0,false
BOX3,3,0,2P_SAR0_PH1_ATR1_RRU0,false,1,true,true,false,KKT_OK,59,18.409398,1.4595815068097767e-5,0.0,false
BOX3,3,0,2P_SAR0_PH0_ATR0_RRU1,false,1,false,false,true,KKT_OK,37,10.623664,6.757710799793164e-5,0.0,false
BOX3,3,0,2P_SAR0_PH1_ATR0_RRU1,false,1,true,false,true,KKT_OK,47,11.391463,6.691967024596166e-5,0.0,false
BOX3,3,0,2P_SAR0_PH1_ATR1_RRU1,false,1,true,true,true,KKT_OK,59,18.411532,1.4595815068097767e-5,0.0,false
BOX3,3,0,BASE_2P,true,1,false,false,false,KKT_OK,100,18.525285,6.519388559341242e-5,0.0,true
BOX3,3,0,2P_SAR1_PH1_ATR0_RRU0,true,1,true,false,false,KKT_OK,47,11.312505,6.691967024596166e-5,0.0,false
BOX3,3,0,2P_SAR1_PH1_ATR1_RRU0,true,1,true,true,false,KKT_OK,59,18.360426,1.4595815068097767e-5,0.0,false
BOX3,3,0,2P_SAR1_PH0_ATR0_RRU1,true,1,false,false,true,KKT_OK,100,18.563567,6.519388559341242e-5,0.0,false
BOX3,3,0,2P_SAR1_PH1_ATR0_RRU1,true,1,true,false,true,KKT_OK,47,11.370764,6.691967024596166e-5,0.0,false
BOX3,3,0,2P_SAR1_PH1_ATR1_RRU1,true,1,true,true,true,KKT_OK,59,18.346611,1.4595815068097767e-5,0.0,false
BOXBODLS,2,0,2P_SAR0_PH0_ATR0_RRU0,false,1,false,false,false,KKT_OK,20,7.520427,9771.5,0.0,false
BOXBODLS,2,0,2P_SAR0_PH1_ATR0_RRU0,false,1,true,false,false,KKT_OK,15,4.818192,9771.5,0.0,false
BOXBODLS,2,0,2P_SAR0_PH1_ATR1_RRU0,false,1,true,true,false,KKT_OK,15,6.397051,9771.5,0.0,false
BOXBODLS,2,0,2P_SAR0_PH0_ATR0_RRU1,false,1,false,false,true,KKT_OK,20,7.391796,9771.5,0.0,false
BOXBODLS,2,0,2P_SAR0_PH1_ATR0_RRU1,false,1,true,false,true,KKT_OK,15,4.957202,9771.5,0.0,false
BOXBODLS,2,0,2P_SAR0_PH1_ATR1_RRU1,false,1,true,true,true,KKT_OK,15,6.878714,9771.5,0.0,false
BOXBODLS,2,0,BASE_2P,true,1,false,false,false,MAX_IT,500,85.026341,98344.99999999933,0.0,true
BOXBODLS,2,0,2P_SAR1_PH1_ATR0_RRU0,true,1,true,false,false,KKT_OK,15,4.77994,9771.5,0.0,false
BOXBODLS,2,0,2P_SAR1_PH1_ATR1_RRU0,true,1,true,true,false,KKT_OK,15,7.0165820000000005,9771.5,0.0,false
BOXBODLS,2,0,2P_SAR1_PH0_ATR0_RRU1,true,1,false,false,true,MAX_IT,500,85.819928,98344.99999999933,0.0,false
BOXBODLS,2,0,2P_SAR1_PH1_ATR0_RRU1,true,1,true,false,true,KKT_OK,15,4.815006,9771.5,0.0,false
BOXBODLS,2,0,2P_SAR1_PH1_ATR1_RRU1,true,1,true,true,true,KKT_OK,15,6.888452,9771.5,0.0,false
BOXPOWER,20000,0,2P_SAR0_PH0_ATR0_RRU0,false,1,false,false,false,KKT_OK,11,849.288362,2.4137601255164633e-6,0.0,false
BOXPOWER,20000,0,2P_SAR0_PH1_ATR0_RRU0,false,1,true,false,false,KKT_OK,7,691.79935,1.0591435571100663e-22,0.0,false
BOXPOWER,20000,0,2P_SAR0_PH1_ATR1_RRU0,false,1,true,true,false,KKT_OK,11,781.771562,0.12844590224523367,0.0,false
BOXPOWER,20000,0,2P_SAR0_PH0_ATR0_RRU1,false,1,false,false,true,KKT_OK,11,688.8181020000001,2.4137601255164633e-6,0.0,false
BOXPOWER,20000,0,2P_SAR0_PH1_ATR0_RRU1,false,1,true,false,true,KKT_OK,7,662.792269,1.0591435571100663e-22,0.0,false
BOXPOWER,20000,0,2P_SAR0_PH1_ATR1_RRU1,false,1,true,true,true,KKT_OK,11,857.238055,0.12844590224523367,0.0,false
BOXPOWER,20000,0,BASE_2P,true,1,false,false,false,KKT_OK,19,849.876375,3.862016200949514e-5,0.0,true
BOXPOWER,20000,0,2P_SAR1_PH1_ATR0_RRU0,true,1,true,false,false,KKT_OK,7,656.4684440000001,1.0591435571100663e-22,0.0,false
BOXPOWER,20000,0,2P_SAR1_PH1_ATR1_RRU0,true,1,true,true,false,KKT_OK,11,869.638159,0.12844590224523367,0.0,false
BOXPOWER,20000,0,2P_SAR1_PH0_ATR0_RRU1,true,1,false,false,true,KKT_OK,19,762.479852,3.862016200949514e-5,0.0,false
BOXPOWER,20000,0,2P_SAR1_PH1_ATR0_RRU1,true,1,true,false,true,KKT_OK,7,654.469337,1.0591435571100663e-22,0.0,false
BOXPOWER,20000,0,2P_SAR1_PH1_ATR1_RRU1,true,1,true,true,true,KKT_OK,11,856.059777,0.12844590224523367,0.0,false
PHP1VAR,1,0,2P_SAR0_PH0_ATR0_RRU0,false,1,false,false,false,KKT_OK,5,7.430038,0.0,0.0,false
PHP1VAR,1,0,2P_SAR0_PH1_ATR0_RRU0,false,1,true,false,false,KKT_OK,5,1.57868,0.0,0.0,false
PHP1VAR,1,0,2P_SAR0_PH1_ATR1_RRU0,false,1,true,true,false,KKT_OK,5,1.561928,0.0,0.0,false
PHP1VAR,1,0,2P_SAR0_PH0_ATR0_RRU1,false,1,false,false,true,KKT_OK,5,1.636087,0.0,0.0,false
PHP1VAR,1,0,2P_SAR0_PH1_ATR0_RRU1,false,1,true,false,true,KKT_OK,5,1.570073,0.0,0.0,false
PHP1VAR,1,0,2P_SAR0_PH1_ATR1_RRU1,false,1,true,true,true,KKT_OK,5,1.530448,0.0,0.0,false
PHP1VAR,1,0,BASE_2P,true,1,false,false,false,KKT_OK,6,1.697642,0.0,0.0,true
PHP1VAR,1,0,2P_SAR1_PH1_ATR0_RRU0,true,1,true,false,false,KKT_OK,5,1.5291759999999999,0.0,0.0,false
PHP1VAR,1,0,2P_SAR1_PH1_ATR1_RRU0,true,1,true,true,false,KKT_OK,5,1.5210810000000001,0.0,0.0,false
PHP1VAR,1,0,2P_SAR1_PH0_ATR0_RRU1,true,1,false,false,true,KKT_OK,6,1.687934,0.0,0.0,false
PHP1VAR,1,0,2P_SAR1_PH1_ATR0_RRU1,true,1,true,false,true,KKT_OK,5,1.520421,0.0,0.0,false
PHP1VAR,1,0,2P_SAR1_PH1_ATR1_RRU1,true,1,true,true,true,KKT_OK,5,1.513988,0.0,0.0,false
PHPGABIM,50,0,2P_SAR0_PH0_ATR0_RRU0,false,1,false,false,false,SMALL_STEP,3,3.052081,-2.5030652038392466e-5,0.0,false
PHPGABIM,50,0,2P_SAR0_PH1_ATR0_RRU0,false,1,true,false,false,SMALL_STEP,3,2.3992269999999998,-2.4716704316760233e-5,0.0,false
PHPGABIM,50,0,2P_SAR0_PH1_ATR1_RRU0,false,1,true,true,false,SMALL_STEP,5,4.7149790000000005,-3.252262607448872e-5,0.0,false
PHPGABIM,50,0,2P_SAR0_PH0_ATR0_RRU1,false,1,false,false,true,SMALL_STEP,3,3.2986429999999998,-2.5030652038392466e-5,0.0,false
PHPGABIM,50,0,2P_SAR0_PH1_ATR0_RRU1,false,1,true,false,true,SMALL_STEP,3,2.4150869999999998,-2.4716704316760233e-5,0.0,false
PHPGABIM,50,0,2P_SAR0_PH1_ATR1_RRU1,false,1,true,true,true,SMALL_STEP,5,4.724506,-3.252262607448872e-5,0.0,false
PHPGABIM,50,0,BASE_2P,true,1,false,false,false,SMALL_STEP,3,2.824785,-2.5712903226834726e-5,0.0,true
PHPGABIM,50,0,2P_SAR1_PH1_ATR0_RRU0,true,1,true,false,false,SMALL_STEP,3,2.4346340000000004,-2.4716704316760233e-5,0.0,false
PHPGABIM,50,0,2P_SAR1_PH1_ATR1_RRU0,true,1,true,true,false,SMALL_STEP,5,4.71068,-3.252262607448872e-5,0.0,false
PHPGABIM,50,0,2P_SAR1_PH0_ATR0_RRU1,true,1,false,false,true,SMALL_STEP,3,2.7995379999999996,-2.5712903226834726e-5,0.0,false
PHPGABIM,50,0,2P_SAR1_PH1_ATR0_RRU1,true,1,true,false,true,SMALL_STEP,3,2.56568,-2.4716704316760233e-5,0.0,false
PHPGABIM,50,0,2P_SAR1_PH1_ATR1_RRU1,true,1,true,true,true,SMALL_STEP,5,5.127141,-3.252262607448872e-5,0.0,false
PHPGASIM,50,0,2P_SAR0_PH0_ATR0_RRU0,false,1,false,false,false,SMALL_STEP,3,4.172923,-3.220626083554934e-5,0.0,false
PHPGASIM,50,0,2P_SAR0_PH1_ATR0_RRU0,false,1,true,false,false,SMALL_STEP,3,23.39859,-3.096313496358982e-5,0.0,false
PHPGASIM,50,0,2P_SAR0_PH1_ATR1_RRU0,false,1,true,true,false,KKT_OK,7,5.791977,-4.9640424828530724e-5,0.0,false
PHPGASIM,50,0,2P_SAR0_PH0_ATR0_RRU1,false,1,false,false,true,SMALL_STEP,3,2.997349,-3.220626083554934e-5,0.0,false
PHPGASIM,50,0,2P_SAR0_PH1_ATR0_RRU1,false,1,true,false,true,SMALL_STEP,3,2.3797710000000003,-3.096313496358982e-5,0.0,false
PHPGASIM,50,0,2P_SAR0_PH1_ATR1_RRU1,false,1,true,true,true,KKT_OK,7,5.732525,-4.9640424828530724e-5,0.0,false
PHPGASIM,50,0,BASE_2P,true,1,false,false,false,SMALL_STEP,3,2.997329,-3.220626083554934e-5,0.0,true
PHPGASIM,50,0,2P_SAR1_PH1_ATR0_RRU0,true,1,true,false,false,SMALL_STEP,3,2.37974,-3.096313496358982e-5,0.0,false
PHPGASIM,50,0,2P_SAR1_PH1_ATR1_RRU0,true,1,true,true,false,KKT_OK,7,5.733217,-4.9640424828530724e-5,0.0,false
PHPGASIM,50,0,2P_SAR1_PH0_ATR0_RRU1,true,1,false,false,true,SMALL_STEP,3,3.001586,-3.220626083554934e-5,0.0,false
PHPGASIM,50,0,2P_SAR1_PH1_ATR0_RRU1,true,1,true,false,true,SMALL_STEP,3,2.4080540000000004,-3.096313496358982e-5,0.0,false
PHPGASIM,50,0,2P_SAR1_PH1_ATR1_RRU1,true,1,true,true,true,KKT_OK,7,5.749858,-4.9640424828530724e-5,0.0,false
PHPGAUSS,2003,0,2P_SAR0_PH0_ATR0_RRU0,false,1,false,false,false,KKT_OK,0,4.453498,0.0,0.0,false
PHPGAUSS,2003,0,2P_SAR0_PH1_ATR0_RRU0,false,1,true,false,false,KKT_OK,0,4.103131,0.0,0.0,false
PHPGAUSS,2003,0,2P_SAR0_PH1_ATR1_RRU0,false,1,true,true,false,KKT_OK,0,5.121721,0.0,0.0,false
PHPGAUSS,2003,0,2P_SAR0_PH0_ATR0_RRU1,false,1,false,false,true,KKT_OK,0,5.0606160000000004,0.0,0.0,false
PHPGAUSS,2003,0,2P_SAR0_PH1_ATR0_RRU1,false,1,true,false,true,KKT_OK,0,5.0891399999999996,0.0,0.0,false
PHPGAUSS,2003,0,2P_SAR0_PH1_ATR1_RRU1,false,1,true,true,true,KKT_OK,0,5.33486,0.0,0.0,false
PHPGAUSS,2003,0,BASE_2P,true,1,false,false,false,KKT_OK,0,5.483429,0.0,0.0,true
PHPGAUSS,2003,0,2P_SAR1_PH1_ATR0_RRU0,true,1,true,false,false,KKT_OK,0,5.493958,0.0,0.0,false
PHPGAUSS,2003,0,2P_SAR1_PH1_ATR1_RRU0,true,1,true,true,false,KKT_OK,0,5.867178,0.0,0.0,false
PHPGAUSS,2003,0,2P_SAR1_PH0_ATR0_RRU1,true,1,false,false,true,KKT_OK,0,5.877588,0.0,0.0,false
PHPGAUSS,2003,0,2P_SAR1_PH1_ATR0_RRU1,true,1,true,false,true,KKT_OK,0,5.866326,0.0,0.0,false
PHPGAUSS,2003,0,2P_SAR1_PH1_ATR1_RRU1,true,1,true,true,true,KKT_OK,0,6.305479999999999,0.0,0.0,false
BRANIN,2,0,2P_SAR0_PH0_ATR0_RRU0,false,1,false,false,false,KKT_OK,28,9.423956,0.3978873656638599,0.0,false
BRANIN,2,0,2P_SAR0_PH1_ATR0_RRU0,false,1,true,false,false,KKT_OK,21,5.276651,0.3978873634811446,0.0,false
BRANIN,2,0,2P_SAR0_PH1_ATR1_RRU0,false,1,true,true,false,KKT_OK,16,6.699909000000001,0.39788736185115287,0.0,false
BRANIN,2,0,2P_SAR0_PH0_ATR0_RRU1,false,1,false,false,true,KKT_OK,28,8.166969,0.3978873656638599,0.0,false
BRANIN,2,0,2P_SAR0_PH1_ATR0_RRU1,false,1,true,false,true,KKT_OK,21,5.253428,0.3978873634811446,0.0,false
BRANIN,2,0,2P_SAR0_PH1_ATR1_RRU1,false,1,true,true,true,KKT_OK,16,6.681445,0.39788736185115287,0.0,false
BRANIN,2,0,BASE_2P,true,1,false,false,false,KKT_OK,97,17.587428,0.39788735775311795,0.0,true
BRANIN,2,0,2P_SAR1_PH1_ATR0_RRU0,true,1,true,false,false,KKT_OK,21,5.269788,0.3978873634811446,0.0,false
BRANIN,2,0,2P_SAR1_PH1_ATR1_RRU0,true,1,true,true,false,KKT_OK,16,6.673259,0.39788736185115287,0.0,false
BRANIN,2,0,2P_SAR1_PH0_ATR0_RRU1,true,1,false,false,true,KKT_OK,97,17.438388,0.39788735775311795,0.0,false
BRANIN,2,0,2P_SAR1_PH1_ATR0_RRU1,true,1,true,false,true,KKT_OK,21,5.2684560000000005,0.3978873634811446,0.0,false
BRANIN,2,0,2P_SAR1_PH1_ATR1_RRU1,true,1,true,true,true,KKT_OK,16,6.70609,0.39788736185115287,0.0,false
BRATU1D,5003,0,2P_SAR0_PH0_ATR0_RRU0,false,1,false,false,false,MAX_IT,500,6217.766186999999,6.658132937534567e8,0.0,false
BRATU1D,5003,0,2P_SAR0_PH1_ATR0_RRU0,false,1,true,false,false,MAX_IT,500,4377.296816,4.0192068431579065e8,0.0,false
BRATU1D,5003,0,2P_SAR0_PH1_ATR1_RRU0,false,1,true,true,false,MAX_IT,500,7240.060708,1.2541649800451678e8,0.0,false
BRATU1D,5003,0,2P_SAR0_PH0_ATR0_RRU1,false,1,false,false,true,MAX_IT,500,6025.704831999999,6.658132937534567e8,0.0,false
BRATU1D,5003,0,2P_SAR0_PH1_ATR0_RRU1,false,1,true,false,true,MAX_IT,500,4555.624586000001,4.0192068431579065e8,0.0,false
BRATU1D,5003,0,2P_SAR0_PH1_ATR1_RRU1,false,1,true,true,true,MAX_IT,500,7270.378994,1.2541649800451678e8,0.0,false
BRATU1D,5003,0,BASE_2P,true,1,false,false,false,MAX_IT,500,4237.377472,1.0138751964800111e9,0.0,true
BRATU1D,5003,0,2P_SAR1_PH1_ATR0_RRU0,true,1,true,false,false,MAX_IT,500,4350.670974,4.0192068431579065e8,0.0,false
BRATU1D,5003,0,2P_SAR1_PH1_ATR1_RRU0,true,1,true,true,false,MAX_IT,500,7209.935152,1.2541649800451678e8,0.0,false
BRATU1D,5003,0,2P_SAR1_PH0_ATR0_RRU1,true,1,false,false,true,MAX_IT,500,4274.66583,1.0138751964800111e9,0.0,false
BRATU1D,5003,0,2P_SAR1_PH1_ATR0_RRU1,true,1,true,false,true,MAX_IT,500,4394.35409,4.0192068431579065e8,0.0,false
BRATU1D,5003,0,2P_SAR1_PH1_ATR1_RRU1,true,1,true,true,true,MAX_IT,500,7146.490564,1.2541649800451678e8,0.0,false
BRKMCC,2,0,2P_SAR0_PH0_ATR0_RRU0,false,1,false,false,false,SMALL_STEP,68,20.504766,0.16904786524002643,0.0,false
BRKMCC,2,0,2P_SAR0_PH1_ATR0_RRU0,false,1,true,false,false,SMALL_STEP,96,22.407653,0.16904402795002452,0.0,false
BRKMCC,2,0,2P_SAR0_PH1_ATR1_RRU0,false,1,true,true,false,KKT_OK,80,23.440029000000003,0.1690427366922912,0.0,false
BRKMCC,2,0,2P_SAR0_PH0_ATR0_RRU1,false,1,false,false,true,SMALL_STEP,68,17.788815,0.16904786524002643,0.0,false
BRKMCC,2,0,2P_SAR0_PH1_ATR0_RRU1,false,1,true,false,true,SMALL_STEP,96,21.088890999999997,0.16904402795002452,0.0,false
BRKMCC,2,0,2P_SAR0_PH1_ATR1_RRU1,false,1,true,true,true,KKT_OK,80,23.433005,0.1690427366922912,0.0,false
BRKMCC,2,0,BASE_2P,true,1,false,false,false,SMALL_STEP,119,20.923591,0.16905343069567272,0.0,true
BRKMCC,2,0,2P_SAR1_PH1_ATR0_RRU0,true,1,true,false,false,SMALL_STEP,96,21.228883,0.16904402795002452,0.0,false
BRKMCC,2,0,2P_SAR1_PH1_ATR1_RRU0,true,1,true,true,false,KKT_OK,80,23.240454,0.1690427366922912,0.0,false
BRKMCC,2,0,2P_SAR1_PH0_ATR0_RRU1,true,1,false,false,true,SMALL_STEP,119,20.890359,0.16905343069567272,0.0,false
BRKMCC,2,0,2P_SAR1_PH1_ATR0_RRU1,true,1,true,false,true,SMALL_STEP,96,21.254973,0.16904402795002452,0.0,false
BRKMCC,2,0,2P_SAR1_PH1_ATR1_RRU1,true,1,true,true,true,KKT_OK,80,23.258759,0.1690427366922912,0.0,false
BROWNAL,200,0,2P_SAR0_PH0_ATR0_RRU0,false,1,false,false,false,SMALL_STEP,15,18.854984,0.004792153224767899,0.0,false
BROWNAL,200,0,2P_SAR0_PH1_ATR0_RRU0,false,1,true,false,false,KKT_OK,6,12.174902,5.850916235619972e-22,0.0,false
BROWNAL,200,0,2P_SAR0_PH1_ATR1_RRU0,false,1,true,true,false,SMALL_STEP,7,13.039382,0.07498198787369245,0.0,false
BROWNAL,200,0,2P_SAR0_PH0_ATR0_RRU1,false,1,false,false,true,SMALL_STEP,15,18.190237,0.004792153224767899,0.0,false
BROWNAL,200,0,2P_SAR0_PH1_ATR0_RRU1,false,1,true,false,true,KKT_OK,6,12.564832999999998,5.850916235619972e-22,0.0,false
BROWNAL,200,0,2P_SAR0_PH1_ATR1_RRU1,false,1,true,true,true,SMALL_STEP,7,13.462135,0.07498198787369245,0.0,false
BROWNAL,200,0,BASE_2P,true,1,false,false,false,KKT_OK,8,16.186973000000002,3.784067154732041e-30,0.0,true
BROWNAL,200,0,2P_SAR1_PH1_ATR0_RRU0,true,1,true,false,false,KKT_OK,6,12.553021,5.850916235619972e-22,0.0,false
BROWNAL,200,0,2P_SAR1_PH1_ATR1_RRU0,true,1,true,true,false,SMALL_STEP,7,14.137972,0.07498198787369245,0.0,false
BROWNAL,200,0,2P_SAR1_PH0_ATR0_RRU1,true,1,false,false,true,KKT_OK,8,17.542443000000002,3.784067154732041e-30,0.0,false
BROWNAL,200,0,2P_SAR1_PH1_ATR0_RRU1,true,1,true,false,true,KKT_OK,6,13.367498,5.850916235619972e-22,0.0,false
BROWNAL,200,0,2P_SAR1_PH1_ATR1_RRU1,true,1,true,true,true,SMALL_STEP,7,14.338928000000001,0.07498198787369245,0.0,false
BROWNBS,2,0,2P_SAR0_PH0_ATR0_RRU0,false,1,false,false,false,MAX_IT,500,122.485149,9.969576599129808e11,0.0,false
BROWNBS,2,0,2P_SAR0_PH1_ATR0_RRU0,false,1,true,false,false,MAX_IT,500,87.309793,9.962292116768251e11,0.0,false
BROWNBS,2,0,2P_SAR0_PH1_ATR1_RRU0,false,1,true,true,false,MAX_IT,500,134.894451,9.828652425431132e11,0.0,false
BROWNBS,2,0,2P_SAR0_PH0_ATR0_RRU1,false,1,false,false,true,MAX_IT,500,128.30694300000002,9.969576599129808e11,0.0,false
BROWNBS,2,0,2P_SAR0_PH1_ATR0_RRU1,false,1,true,false,true,MAX_IT,500,82.472175,9.962292116768251e11,0.0,false
BROWNBS,2,0,2P_SAR0_PH1_ATR1_RRU1,false,1,true,true,true,MAX_IT,500,128.70434699999998,9.828652425431132e11,0.0,false
BROWNBS,2,0,BASE_2P,true,1,false,false,false,MAX_IT,500,82.075972,9.99898002605e11,0.0,true
BROWNBS,2,0,2P_SAR1_PH1_ATR0_RRU0,true,1,true,false,false,MAX_IT,500,84.536695,9.962292116768251e11,0.0,false
BROWNBS,2,0,2P_SAR1_PH1_ATR1_RRU0,true,1,true,true,false,MAX_IT,500,135.80589,9.828652425431132e11,0.0,false
BROWNBS,2,0,2P_SAR1_PH0_ATR0_RRU1,true,1,false,false,true,MAX_IT,500,86.921525,9.99898002605e11,0.0,false
BROWNBS,2,0,2P_SAR1_PH1_ATR0_RRU1,true,1,true,false,true,MAX_IT,500,85.998114,9.962292116768251e11,0.0,false
BROWNBS,2,0,2P_SAR1_PH1_ATR1_RRU1,true,1,true,true,true,MAX_IT,500,136.72589399999998,9.828652425431132e11,0.0,false
BROWNDEN,4,0,2P_SAR0_PH0_ATR0_RRU0,false,1,false,false,false,SMALL_STEP,189,48.852926,85822.20248345901,0.0,false
BROWNDEN,4,0,2P_SAR0_PH1_ATR0_RRU0,false,1,true,false,false,SMALL_STEP,212,45.748426,85822.20772791785,0.0,false
BROWNDEN,4,0,2P_SAR0_PH1_ATR1_RRU0,false,1,true,true,false,SMALL_STEP,97,31.206688,85822.20181943609,0.0,false
BROWNDEN,4,0,2P_SAR0_PH0_ATR0_RRU1,false,1,false,false,true,SMALL_STEP,189,49.470753,85822.20248345901,0.0,false
BROWNDEN,4,0,2P_SAR0_PH1_ATR0_RRU1,false,1,true,false,true,SMALL_STEP,212,46.313896,85822.20772791785,0.0,false
BROWNDEN,4,0,2P_SAR0_PH1_ATR1_RRU1,false,1,true,true,true,SMALL_STEP,97,31.421190000000003,85822.20181943609,0.0,false
BROWNDEN,4,0,BASE_2P,true,1,false,false,false,SMALL_STEP,469,83.832295,85822.21272085716,0.0,true
BROWNDEN,4,0,2P_SAR1_PH1_ATR0_RRU0,true,1,true,false,false,SMALL_STEP,212,46.441285,85822.20772791785,0.0,false
BROWNDEN,4,0,2P_SAR1_PH1_ATR1_RRU0,true,1,true,true,false,SMALL_STEP,97,32.13654,85822.20181943609,0.0,false
BROWNDEN,4,0,2P_SAR1_PH0_ATR0_RRU1,true,1,false,false,true,SMALL_STEP,469,84.025246,85822.21272085716,0.0,false
BROWNDEN,4,0,2P_SAR1_PH1_ATR0_RRU1,true,1,true,false,true,SMALL_STEP,212,44.861923999999995,85822.20772791785,0.0,false
BROWNDEN,4,0,2P_SAR1_PH1_ATR1_RRU1,true,1,true,true,true,SMALL_STEP,97,30.239083,85822.20181943609,0.0,false
BROYDN3DLS,5000,0,2P_SAR0_PH0_ATR0_RRU0,false,1,false,false,false,SMALL_STEP,393,4578.30298,0.4051183849424273,0.0,false
BROYDN3DLS,5000,0,2P_SAR0_PH1_ATR0_RRU0,false,1,true,false,false,KKT_OK,372,2891.8147040000003,0.2828773199835051,0.0,false
BROYDN3DLS,5000,0,2P_SAR0_PH1_ATR1_RRU0,false,1,true,true,false,KKT_OK,11,150.237291,0.24682240052622717,0.0,false
BROYDN3DLS,5000,0,2P_SAR0_PH0_ATR0_RRU1,false,1,false,false,true,SMALL_STEP,393,4475.888358,0.4051183849424273,0.0,false
BROYDN3DLS,5000,0,2P_SAR0_PH1_ATR0_RRU1,false,1,true,false,true,KKT_OK,372,2879.028338,0.2828773199835051,0.0,false
BROYDN3DLS,5000,0,2P_SAR0_PH1_ATR1_RRU1,false,1,true,true,true,KKT_OK,11,172.83693399999999,0.24682240052622717,0.0,false
BROYDN3DLS,5000,0,BASE_2P,true,1,false,false,false,KKT_OK,116,898.3641530000001,0.3882752964019858,0.0,true
BROYDN3DLS,5000,0,2P_SAR1_PH1_ATR0_RRU0,true,1,true,false,false,KKT_OK,372,2845.458313,0.2828773199835051,0.0,false
BROYDN3DLS,5000,0,2P_SAR1_PH1_ATR1_RRU0,true,1,true,true,false,KKT_OK,11,151.872607,0.24682240052622717,0.0,false
BROYDN3DLS,5000,0,2P_SAR1_PH0_ATR0_RRU1,true,1,false,false,true,KKT_OK,116,880.498505,0.3882752964019858,0.0,false
BROYDN3DLS,5000,0,2P_SAR1_PH1_ATR0_RRU1,true,1,true,false,true,KKT_OK,372,2883.6619790000004,0.2828773199835051,0.0,false
BROYDN3DLS,5000,0,2P_SAR1_PH1_ATR1_RRU1,true,1,true,true,true,KKT_OK,11,168.13968000000003,0.24682240052622717,0.0,false
BROYDN7D,5000,0,2P_SAR0_PH0_ATR0_RRU0,false,1,false,false,false,KKT_OK,40,495.177728,3443.404340856881,0.0,false
BROYDN7D,5000,0,2P_SAR0_PH1_ATR0_RRU0,false,1,true,false,false,KKT_OK,24,205.705738,3444.787648550192,0.0,false
BROYDN7D,5000,0,2P_SAR0_PH1_ATR1_RRU0,false,1,true,true,false,KKT_OK,17,309.10377900000003,3443.875370371937,0.0,false
BROYDN7D,5000,0,2P_SAR0_PH0_ATR0_RRU1,false,1,false,false,true,KKT_OK,40,485.53234699999996,3443.404340856881,0.0,false
BROYDN7D,5000,0,2P_SAR0_PH1_ATR0_RRU1,false,1,true,false,true,KKT_OK,24,205.98630400000002,3444.787648550192,0.0,false
BROYDN7D,5000,0,2P_SAR0_PH1_ATR1_RRU1,false,1,true,true,true,KKT_OK,17,284.003709,3443.875370371937,0.0,false
BROYDN7D,5000,0,BASE_2P,true,1,false,false,false,KKT_OK,11,119.094805,3444.770897831325,0.0,true
BROYDN7D,5000,0,2P_SAR1_PH1_ATR0_RRU0,true,1,true,false,false,KKT_OK,24,233.55102499999998,3444.787648550192,0.0,false
BROYDN7D,5000,0,2P_SAR1_PH1_ATR1_RRU0,true,1,true,true,false,KKT_OK,17,312.076983,3443.875370371937,0.0,false
BROYDN7D,5000,0,2P_SAR1_PH0_ATR0_RRU1,true,1,false,false,true,KKT_OK,11,118.453823,3444.770897831325,0.0,false
BROYDN7D,5000,0,2P_SAR1_PH1_ATR0_RRU1,true,1,true,false,true,KKT_OK,24,207.141961,3444.787648550192,0.0,false
BROYDN7D,5000,0,2P_SAR1_PH1_ATR1_RRU1,true,1,true,true,true,KKT_OK,17,281.601807,3443.875370371937,0.0,false
BROYDNBDLS,5000,0,2P_SAR0_PH0_ATR0_RRU0,false,1,false,false,false,SMALL_STEP,157,1899.5983489999999,0.37881247550424096,0.0,false
BROYDNBDLS,5000,0,2P_SAR0_PH1_ATR0_RRU0,false,1,true,false,false,KKT_OK,146,1223.179491,0.1293635817770651,0.0,false
BROYDNBDLS,5000,0,2P_SAR0_PH1_ATR1_RRU0,false,1,true,true,false,KKT_OK,62,915.231948,0.15257001520680866,0.0,false
BROYDNBDLS,5000,0,2P_SAR0_PH0_ATR0_RRU1,false,1,false,false,true,SMALL_STEP,157,1863.1932980000001,0.37881247550424096,0.0,false
BROYDNBDLS,5000,0,2P_SAR0_PH1_ATR0_RRU1,false,1,true,false,true,KKT_OK,146,1229.2306740000001,0.1293635817770651,0.0,false
BROYDNBDLS,5000,0,2P_SAR0_PH1_ATR1_RRU1,false,1,true,true,true,KKT_OK,62,942.083161,0.15257001520680866,0.0,false
BROYDNBDLS,5000,0,BASE_2P,true,1,false,false,false,SMALL_STEP,97,814.3448639999999,0.3008058883960132,0.0,true
BROYDNBDLS,5000,0,2P_SAR1_PH1_ATR0_RRU0,true,1,true,false,false,KKT_OK,146,1227.078349,0.1293635817770651,0.0,false
BROYDNBDLS,5000,0,2P_SAR1_PH1_ATR1_RRU0,true,1,true,true,false,KKT_OK,62,954.540834,0.15257001520680866,0.0,false
BROYDNBDLS,5000,0,2P_SAR1_PH0_ATR0_RRU1,true,1,false,false,true,SMALL_STEP,97,818.116313,0.3008058883960132,0.0,false
BROYDNBDLS,5000,0,2P_SAR1_PH1_ATR0_RRU1,true,1,true,false,true,KKT_OK,146,1269.357142,0.1293635817770651,0.0,false
BROYDNBDLS,5000,0,2P_SAR1_PH1_ATR1_RRU1,true,1,true,true,true,KKT_OK,62,942.407971,0.15257001520680866,0.0,false
BRYBND,5000,0,2P_SAR0_PH0_ATR0_RRU0,false,1,false,false,false,SMALL_STEP,157,1863.2047650000002,0.37881247550424096,0.0,false
BRYBND,5000,0,2P_SAR0_PH1_ATR0_RRU0,false,1,true,false,false,KKT_OK,146,1222.765327,0.1293635817770651,0.0,false
BRYBND,5000,0,2P_SAR0_PH1_ATR1_RRU0,false,1,true,true,false,KKT_OK,62,919.648189,0.15257001520680866,0.0,false
BRYBND,5000,0,2P_SAR0_PH0_ATR0_RRU1,false,1,false,false,true,SMALL_STEP,157,1877.016585,0.37881247550424096,0.0,false
BRYBND,5000,0,2P_SAR0_PH1_ATR0_RRU1,false,1,true,false,true,KKT_OK,146,1250.049172,0.1293635817770651,0.0,false
BRYBND,5000,0,2P_SAR0_PH1_ATR1_RRU1,false,1,true,true,true,KKT_OK,62,925.215505,0.15257001520680866,0.0,false
BRYBND,5000,0,BASE_2P,true,1,false,false,false,SMALL_STEP,97,786.89995,0.3008058883960132,0.0,true
BRYBND,5000,0,2P_SAR1_PH1_ATR0_RRU0,true,1,true,false,false,KKT_OK,146,1225.429823,0.1293635817770651,0.0,false
BRYBND,5000,0,2P_SAR1_PH1_ATR1_RRU0,true,1,true,true,false,KKT_OK,62,935.1434859999999,0.15257001520680866,0.0,false
BRYBND,5000,0,2P_SAR1_PH0_ATR0_RRU1,true,1,false,false,true,SMALL_STEP,97,810.651434,0.3008058883960132,0.0,false
BRYBND,5000,0,2P_SAR1_PH1_ATR0_RRU1,true,1,true,false,true,KKT_OK,146,1230.193524,0.1293635817770651,0.0,false
BRYBND,5000,0,2P_SAR1_PH1_ATR1_RRU1,true,1,true,true,true,KKT_OK,62,973.162754,0.15257001520680866,0.0,false
BT1,2,1,2P_SAR0_PH0_ATR0_RRU0,false,1,false,false,false,MAX_IT,500,147.879794,-0.972287497406155,6.441880999207006e-5,false
BT1,2,1,2P_SAR0_PH1_ATR0_RRU0,false,1,true,false,false,MAX_IT,500,127.96889,-0.9566551025383454,2.6938696864473033e-5,false
BT1,2,1,2P_SAR0_PH1_ATR1_RRU0,false,1,true,true,false,MAX_IT,500,90.379609,-0.9778512714972427,2.9523182689304706e-5,false
BT1,2,1,2P_SAR0_PH0_ATR0_RRU1,false,1,false,false,true,MAX_IT,500,126.365235,-0.972287497406155,6.441880999207006e-5,false
BT1,2,1,2P_SAR0_PH1_ATR0_RRU1,false,1,true,false,true,MAX_IT,500,126.412433,-0.9566551025383454,2.6938696864473033e-5,false
BT1,2,1,2P_SAR0_PH1_ATR1_RRU1,false,1,true,true,true,MAX_IT,500,90.30510899999999,-0.9778512714972427,2.9523182689304706e-5,false
BT1,2,1,BASE_2P,true,1,false,false,false,MAX_IT,500,126.30808800000001,-0.972287497406155,6.441880999207006e-5,true
BT1,2,1,2P_SAR1_PH1_ATR0_RRU0,true,1,true,false,false,MAX_IT,500,126.405941,-0.9566551025383454,2.6938696864473033e-5,false
BT1,2,1,2P_SAR1_PH1_ATR1_RRU0,true,1,true,true,false,MAX_IT,500,89.82762299999999,-0.9778512714972427,2.9523182689304706e-5,false
BT1,2,1,2P_SAR1_PH0_ATR0_RRU1,true,1,false,false,true,MAX_IT,500,127.47473400000001,-0.972287497406155,6.441880999207006e-5,false
BT1,2,1,2P_SAR1_PH1_ATR0_RRU1,true,1,true,false,true,MAX_IT,500,127.006236,-0.9566551025383454,2.6938696864473033e-5,false
BT1,2,1,2P_SAR1_PH1_ATR1_RRU1,true,1,true,true,true,MAX_IT,500,89.725613,-0.9778512714972427,2.9523182689304706e-5,false
BT13,5,1,2P_SAR0_PH0_ATR0_RRU0,false,1,false,false,false,MAX_IT,500,273.061199,0.6627046721335488,6.609959764844478,false
BT13,5,1,2P_SAR0_PH1_ATR0_RRU0,false,1,true,false,false,MAX_IT,500,270.395923,0.6627046721335488,6.609959764844478,false
BT13,5,1,2P_SAR0_PH1_ATR1_RRU0,false,1,true,true,false,MAX_IT,500,272.930004,0.6627046721335488,6.609959764844478,false
BT13,5,1,2P_SAR0_PH0_ATR0_RRU1,false,1,false,false,true,MAX_IT,500,380.122588,0.6627046721335488,6.609959764844478,false
BT13,5,1,2P_SAR0_PH1_ATR0_RRU1,false,1,true,false,true,MAX_IT,500,261.03174,0.6627046721335488,6.609959764844478,false
BT13,5,1,2P_SAR0_PH1_ATR1_RRU1,false,1,true,true,true,MAX_IT,500,260.027999,0.6627046721335488,6.609959764844478,false
BT13,5,1,BASE_2P,true,1,false,false,false,MAX_IT,500,226.67622,142.60000000000485,0.2528753373953805,true
BT13,5,1,2P_SAR1_PH1_ATR0_RRU0,true,1,true,false,false,MAX_IT,500,272.748202,0.6627046721335488,6.609959764844478,false
BT13,5,1,2P_SAR1_PH1_ATR1_RRU0,true,1,true,true,false,MAX_IT,500,273.266685,0.6627046721335488,6.609959764844478,false
BT13,5,1,2P_SAR1_PH0_ATR0_RRU1,true,1,false,false,true,MAX_IT,500,239.686127,142.60000000000485,0.2528753373953805,false
BT13,5,1,2P_SAR1_PH1_ATR0_RRU1,true,1,true,false,true,MAX_IT,500,273.467571,0.6627046721335488,6.609959764844478,false
BT13,5,1,2P_SAR1_PH1_ATR1_RRU1,true,1,true,true,true,MAX_IT,500,272.582361,0.6627046721335488,6.609959764844478,false
BT2,3,1,2P_SAR0_PH0_ATR0_RRU0,false,1,false,false,false,SMALL_STEP,60,33.620693,0.03256765183762695,5.115367979247054e-5,false
BT2,3,1,2P_SAR0_PH1_ATR0_RRU0,false,1,true,false,false,SMALL_STEP,58,27.807145,0.032568229776081946,2.7392164820838616e-6,false
BT2,3,1,2P_SAR0_PH1_ATR1_RRU0,false,1,true,true,false,SMALL_STEP,78,40.940905,0.032568307274184194,9.938331889003393e-6,false
BT2,3,1,2P_SAR0_PH0_ATR0_RRU1,false,1,false,false,true,SMALL_STEP,60,32.376780000000004,0.03256765183762695,5.115367979247054e-5,false
BT2,3,1,2P_SAR0_PH1_ATR0_RRU1,false,1,true,false,true,SMALL_STEP,58,27.834516,0.032568229776081946,2.7392164820838616e-6,false
BT2,3,1,2P_SAR0_PH1_ATR1_RRU1,false,1,true,true,true,SMALL_STEP,78,41.404053000000005,0.032568307274184194,9.938331889003393e-6,false
BT2,3,1,BASE_2P,true,1,false,false,false,SMALL_STEP,60,28.035473000000003,0.03256777318670343,5.219869417594225e-5,true
BT2,3,1,2P_SAR1_PH1_ATR0_RRU0,true,1,true,false,false,SMALL_STEP,58,28.27408,0.032568229776081946,2.7392164820838616e-6,false
BT2,3,1,2P_SAR1_PH1_ATR1_RRU0,true,1,true,true,false,SMALL_STEP,78,41.370089,0.032568307274184194,9.938331889003393e-6,false
BT2,3,1,2P_SAR1_PH0_ATR0_RRU1,true,1,false,false,true,SMALL_STEP,60,28.112828,0.03256777318670343,5.219869417594225e-5,false
BT2,3,1,2P_SAR1_PH1_ATR0_RRU1,true,1,true,false,true,SMALL_STEP,58,28.177189,0.032568229776081946,2.7392164820838616e-6,false
BT2,3,1,2P_SAR1_PH1_ATR1_RRU1,true,1,true,true,true,SMALL_STEP,78,41.668589,0.032568307274184194,9.938331889003393e-6,false
BURKEHAN,1,1,2P_SAR0_PH0_ATR0_RRU0,false,1,false,false,false,INFEASIBLE_STATIONARY,0,9.740479,0.0,1.0,false
BURKEHAN,1,1,2P_SAR0_PH1_ATR0_RRU0,false,1,true,false,false,INFEASIBLE_STATIONARY,0,0.5437989999999999,0.0,1.0,false
BURKEHAN,1,1,2P_SAR0_PH1_ATR1_RRU0,false,1,true,true,false,INFEASIBLE_STATIONARY,0,0.511088,0.0,1.0,false
BURKEHAN,1,1,2P_SAR0_PH0_ATR0_RRU1,false,1,false,false,true,INFEASIBLE_STATIONARY,0,0.5035540000000001,0.0,1.0,false
BURKEHAN,1,1,2P_SAR0_PH1_ATR0_RRU1,false,1,true,false,true,INFEASIBLE_STATIONARY,0,0.524062,0.0,1.0,false
BURKEHAN,1,1,2P_SAR0_PH1_ATR1_RRU1,false,1,true,true,true,INFEASIBLE_STATIONARY,0,0.49985700000000005,0.0,1.0,false
BURKEHAN,1,1,BASE_2P,true,1,false,false,false,INFEASIBLE_STATIONARY,0,0.49897600000000003,0.0,1.0,true
BURKEHAN,1,1,2P_SAR1_PH1_ATR0_RRU0,true,1,true,false,false,INFEASIBLE_STATIONARY,0,0.53876,0.0,1.0,false
BURKEHAN,1,1,2P_SAR1_PH1_ATR1_RRU0,true,1,true,true,false,INFEASIBLE_STATIONARY,0,0.498725,0.0,1.0,false
BURKEHAN,1,1,2P_SAR1_PH0_ATR0_RRU1,true,1,false,false,true,INFEASIBLE_STATIONARY,0,0.498364,0.0,1.0,false
BURKEHAN,1,1,2P_SAR1_PH1_ATR0_RRU1,true,1,true,false,true,INFEASIBLE_STATIONARY,0,0.483126,0.0,1.0,false
BURKEHAN,1,1,2P_SAR1_PH1_ATR1_RRU1,true,1,true,true,true,INFEASIBLE_STATIONARY,0,0.509675,0.0,1.0,false
CAMEL6,2,0,2P_SAR0_PH0_ATR0_RRU0,false,1,false,false,false,KKT_OK,18,6.616473,-1.0316284445057275,0.0,false
CAMEL6,2,0,2P_SAR0_PH1_ATR0_RRU0,false,1,true,false,false,KKT_OK,15,4.756115,-1.0316284530460296,0.0,false
CAMEL6,2,0,2P_SAR0_PH1_ATR1_RRU0,false,1,true,true,false,KKT_OK,16,6.2830580000000005,-1.0316282817510771,0.0,false
CAMEL6,2,0,2P_SAR0_PH0_ATR0_RRU1,false,1,false,false,true,KKT_OK,18,5.769184,-1.0316284445057275,0.0,false
CAMEL6,2,0,2P_SAR0_PH1_ATR0_RRU1,false,1,true,false,true,KKT_OK,15,4.710299,-1.0316284530460296,0.0,false
CAMEL6,2,0,2P_SAR0_PH1_ATR1_RRU1,false,1,true,true,true,KKT_OK,16,6.183440999999999,-1.0316282817510771,0.0,false
CAMEL6,2,0,BASE_2P,true,1,false,false,false,KKT_OK,22,6.255145,-1.0316284445057275,0.0,true
CAMEL6,2,0,2P_SAR1_PH1_ATR0_RRU0,true,1,true,false,false,KKT_OK,15,4.683449,-1.0316284530460296,0.0,false
CAMEL6,2,0,2P_SAR1_PH1_ATR1_RRU0,true,1,true,true,false,KKT_OK,16,6.192218,-1.0316282817510771,0.0,false
CAMEL6,2,0,2P_SAR1_PH0_ATR0_RRU1,true,1,false,false,true,KKT_OK,22,6.26291,-1.0316284445057275,0.0,false
CAMEL6,2,0,2P_SAR1_PH1_ATR0_RRU1,true,1,true,false,true,KKT_OK,15,4.946161,-1.0316284530460296,0.0,false
CAMEL6,2,0,2P_SAR1_PH1_ATR1_RRU1,true,1,true,true,true,KKT_OK,16,6.199521000000001,-1.0316282817510771,0.0,false
CANTILVR,5,1,2P_SAR0_PH0_ATR0_RRU0,false,1,false,false,false,SMALL_STEP,65,29.010651,1.3399270441285338,6.564025641739302e-5,false
CANTILVR,5,1,2P_SAR0_PH1_ATR0_RRU0,false,1,true,false,false,SMALL_STEP,65,28.23106,1.3399270441285338,6.564025641739302e-5,false
CANTILVR,5,1,2P_SAR0_PH1_ATR1_RRU0,false,1,true,true,false,SMALL_STEP,67,28.061582,1.3399138736603766,9.517593768819388e-5,false
CANTILVR,5,1,2P_SAR0_PH0_ATR0_RRU1,false,1,false,false,true,SMALL_STEP,65,28.22634,1.3399270441285338,6.564025641739302e-5,false
CANTILVR,5,1,2P_SAR0_PH1_ATR0_RRU1,false,1,true,false,true,SMALL_STEP,65,28.274,1.3399270441285338,6.564025641739302e-5,false
CANTILVR,5,1,2P_SAR0_PH1_ATR1_RRU1,false,1,true,true,true,SMALL_STEP,67,27.962055,1.3399138736603766,9.517593768819388e-5,false
CANTILVR,5,1,BASE_2P,true,1,false,false,false,SMALL_STEP,68,24.14999,1.3399453593268766,2.4632598065205125e-5,true
CANTILVR,5,1,2P_SAR1_PH1_ATR0_RRU0,true,1,true,false,false,SMALL_STEP,65,28.351165,1.3399270441285338,6.564025641739302e-5,false
CANTILVR,5,1,2P_SAR1_PH1_ATR1_RRU0,true,1,true,true,false,SMALL_STEP,67,27.850446,1.3399138736603766,9.517593768819388e-5,false
CANTILVR,5,1,2P_SAR1_PH0_ATR0_RRU1,true,1,false,false,true,SMALL_STEP,68,24.164277000000002,1.3399453593268766,2.4632598065205125e-5,false
CANTILVR,5,1,2P_SAR1_PH1_ATR0_RRU1,true,1,true,false,true,SMALL_STEP,65,28.265003,1.3399270441285338,6.564025641739302e-5,false
CANTILVR,5,1,2P_SAR1_PH1_ATR1_RRU1,true,1,true,true,true,SMALL_STEP,67,27.998935,1.3399138736603766,9.517593768819388e-5,false
CERI651ALS,7,0,2P_SAR0_PH0_ATR0_RRU0,false,1,false,false,false,SMALL_STEP,5,4.079677,9085.398213638713,0.0,false
CERI651ALS,7,0,2P_SAR0_PH1_ATR0_RRU0,false,1,true,false,false,SMALL_STEP,4,2.320029,9211.539672993416,0.0,false
CERI651ALS,7,0,2P_SAR0_PH1_ATR1_RRU0,false,1,true,true,false,SMALL_STEP,4,3.8585730000000003,9293.510990177732,0.0,false
CERI651ALS,7,0,2P_SAR0_PH0_ATR0_RRU1,false,1,false,false,true,SMALL_STEP,5,3.336744,9085.398213638713,0.0,false
CERI651ALS,7,0,2P_SAR0_PH1_ATR0_RRU1,false,1,true,false,true,SMALL_STEP,4,2.3170040000000003,9211.539672993416,0.0,false
CERI651ALS,7,0,2P_SAR0_PH1_ATR1_RRU1,false,1,true,true,true,SMALL_STEP,4,3.81984,9293.510990177732,0.0,false
CERI651ALS,7,0,BASE_2P,true,1,false,false,false,SMALL_STEP,4,2.621704,9097.30853656203,0.0,true
CERI651ALS,7,0,2P_SAR1_PH1_ATR0_RRU0,true,1,true,false,false,SMALL_STEP,4,2.294802,9211.539672993416,0.0,false
CERI651ALS,7,0,2P_SAR1_PH1_ATR1_RRU0,true,1,true,true,false,SMALL_STEP,4,3.850137,9293.510990177732,0.0,false
CERI651ALS,7,0,2P_SAR1_PH0_ATR0_RRU1,true,1,false,false,true,SMALL_STEP,4,2.667921,9097.30853656203,0.0,false
CERI651ALS,7,0,2P_SAR1_PH1_ATR0_RRU1,true,1,true,false,true,SMALL_STEP,4,2.337762,9211.539672993416,0.0,false
CERI651ALS,7,0,2P_SAR1_PH1_ATR1_RRU1,true,1,true,true,true,SMALL_STEP,4,3.82532,9293.510990177732,0.0,false
CERI651BLS,7,0,2P_SAR0_PH0_ATR0_RRU0,false,1,false,false,false,SMALL_STEP,3,3.774265,448.89933098549824,0.0,false
CERI651BLS,7,0,2P_SAR0_PH1_ATR0_RRU0,false,1,true,false,false,SMALL_STEP,3,2.486451,448.8962850266481,0.0,false
CERI651BLS,7,0,2P_SAR0_PH1_ATR1_RRU0,false,1,true,true,false,SMALL_STEP,3,4.14523,448.93611165635656,0.0,false
CERI651BLS,7,0,2P_SAR0_PH0_ATR0_RRU1,false,1,false,false,true,SMALL_STEP,3,2.963766,448.89933098549824,0.0,false
CERI651BLS,7,0,2P_SAR0_PH1_ATR0_RRU1,false,1,true,false,true,SMALL_STEP,3,2.439162,448.8962850266481,0.0,false
CERI651BLS,7,0,2P_SAR0_PH1_ATR1_RRU1,false,1,true,true,true,SMALL_STEP,3,4.124331,448.93611165635656,0.0,false
CERI651BLS,7,0,BASE_2P,true,1,false,false,false,SMALL_STEP,3,2.989514,448.90964160832146,0.0,true
CERI651BLS,7,0,2P_SAR1_PH1_ATR0_RRU0,true,1,true,false,false,SMALL_STEP,3,2.4848779999999997,448.8962850266481,0.0,false
CERI651BLS,7,0,2P_SAR1_PH1_ATR1_RRU0,true,1,true,true,false,SMALL_STEP,3,4.164556,448.93611165635656,0.0,false
CERI651BLS,7,0,2P_SAR1_PH0_ATR0_RRU1,true,1,false,false,true,SMALL_STEP,3,2.9522939999999998,448.90964160832146,0.0,false
CERI651BLS,7,0,2P_SAR1_PH1_ATR0_RRU1,true,1,true,false,true,SMALL_STEP,3,2.478386,448.8962850266481,0.0,false
CERI651BLS,7,0,2P_SAR1_PH1_ATR1_RRU1,true,1,true,true,true,SMALL_STEP,3,4.120884,448.93611165635656,0.0,false
CERI651CLS,7,0,2P_SAR0_PH0_ATR0_RRU0,false,1,false,false,false,SMALL_STEP,3,3.83562,112.92663626313147,0.0,false
CERI651CLS,7,0,2P_SAR0_PH1_ATR0_RRU0,false,1,true,false,false,SMALL_STEP,3,2.615072,112.93692584826923,0.0,false
CERI651CLS,7,0,2P_SAR0_PH1_ATR1_RRU0,false,1,true,true,false,SMALL_STEP,3,4.1089020000000005,112.96512734562891,0.0,false
CERI651CLS,7,0,2P_SAR0_PH0_ATR0_RRU1,false,1,false,false,true,SMALL_STEP,3,3.118786,112.92663626313147,0.0,false
CERI651CLS,7,0,2P_SAR0_PH1_ATR0_RRU1,false,1,true,false,true,SMALL_STEP,3,2.6391370000000003,112.93692584826923,0.0,false
CERI651CLS,7,0,2P_SAR0_PH1_ATR1_RRU1,false,1,true,true,true,SMALL_STEP,3,4.138768,112.96512734562891,0.0,false
CERI651CLS,7,0,BASE_2P,true,1,false,false,false,SMALL_STEP,3,2.842699,112.93499022222294,0.0,true
CERI651CLS,7,0,2P_SAR1_PH1_ATR0_RRU0,true,1,true,false,false,SMALL_STEP,3,2.63002,112.93692584826923,0.0,false
CERI651CLS,7,0,2P_SAR1_PH1_ATR1_RRU0,true,1,true,true,false,SMALL_STEP,3,4.11833,112.96512734562891,0.0,false
CERI651CLS,7,0,2P_SAR1_PH0_ATR0_RRU1,true,1,false,false,true,SMALL_STEP,3,2.808395,112.93499022222294,0.0,false
CERI651CLS,7,0,2P_SAR1_PH1_ATR0_RRU1,true,1,true,false,true,SMALL_STEP,3,2.622946,112.93692584826923,0.0,false
CERI651CLS,7,0,2P_SAR1_PH1_ATR1_RRU1,true,1,true,true,true,SMALL_STEP,3,4.124542,112.96512734562891,0.0,false
CERI651DLS,7,0,2P_SAR0_PH0_ATR0_RRU0,false,1,false,false,false,SMALL_STEP,3,3.584259,27.92457658210521,0.0,false
CERI651DLS,7,0,2P_SAR0_PH1_ATR0_RRU0,false,1,true,false,false,SMALL_STEP,3,3.033957,27.885481092821365,0.0,false
CERI651DLS,7,0,2P_SAR0_PH1_ATR1_RRU0,false,1,true,true,false,SMALL_STEP,3,4.812111,27.885600804975862,0.0,false
CERI651DLS,7,0,2P_SAR0_PH0_ATR0_RRU1,false,1,false,false,true,SMALL_STEP,3,2.7040089999999997,27.92457658210521,0.0,false
CERI651DLS,7,0,2P_SAR0_PH1_ATR0_RRU1,false,1,true,false,true,SMALL_STEP,3,2.84862,27.885481092821365,0.0,false
CERI651DLS,7,0,2P_SAR0_PH1_ATR1_RRU1,false,1,true,true,true,SMALL_STEP,3,4.6472809999999996,27.885600804975862,0.0,false
CERI651DLS,7,0,BASE_2P,true,1,false,false,false,SMALL_STEP,3,2.701614,27.887049872725385,0.0,true
CERI651DLS,7,0,2P_SAR1_PH1_ATR0_RRU0,true,1,true,false,false,SMALL_STEP,3,2.851275,27.885481092821365,0.0,false
CERI651DLS,7,0,2P_SAR1_PH1_ATR1_RRU0,true,1,true,true,false,SMALL_STEP,3,4.640318,27.885600804975862,0.0,false
CERI651DLS,7,0,2P_SAR1_PH0_ATR0_RRU1,true,1,false,false,true,SMALL_STEP,3,2.686265,27.887049872725385,0.0,false
CERI651DLS,7,0,2P_SAR1_PH1_ATR0_RRU1,true,1,true,false,true,SMALL_STEP,3,2.847368,27.885481092821365,0.0,false
CERI651DLS,7,0,2P_SAR1_PH1_ATR1_RRU1,true,1,true,true,true,SMALL_STEP,3,4.642442,27.885600804975862,0.0,false
CERI651ELS,7,0,2P_SAR0_PH0_ATR0_RRU0,false,1,false,false,false,SMALL_STEP,3,3.655823,27.50008535480976,0.0,false
CERI651ELS,7,0,2P_SAR0_PH1_ATR0_RRU0,false,1,true,false,false,SMALL_STEP,3,2.7275329999999998,27.493251919712666,0.0,false
CERI651ELS,7,0,2P_SAR0_PH1_ATR1_RRU0,false,1,true,true,false,SMALL_STEP,3,4.332832,27.49442826063487,0.0,false
CERI651ELS,7,0,2P_SAR0_PH0_ATR0_RRU1,false,1,false,false,true,SMALL_STEP,3,2.8326599999999997,27.50008535480976,0.0,false
CERI651ELS,7,0,2P_SAR0_PH1_ATR0_RRU1,false,1,true,false,true,SMALL_STEP,3,2.666929,27.493251919712666,0.0,false
CERI651ELS,7,0,2P_SAR0_PH1_ATR1_RRU1,false,1,true,true,true,SMALL_STEP,3,4.280624,27.49442826063487,0.0,false
CERI651ELS,7,0,BASE_2P,true,1,false,false,false,SMALL_STEP,3,2.83798,27.494559352224574,0.0,true
CERI651ELS,7,0,2P_SAR1_PH1_ATR0_RRU0,true,1,true,false,false,SMALL_STEP,3,2.684402,27.493251919712666,0.0,false
CERI651ELS,7,0,2P_SAR1_PH1_ATR1_RRU0,true,1,true,true,false,SMALL_STEP,3,4.290071999999999,27.49442826063487,0.0,false
CERI651ELS,7,0,2P_SAR1_PH0_ATR0_RRU1,true,1,false,false,true,SMALL_STEP,3,2.846656,27.494559352224574,0.0,false
CERI651ELS,7,0,2P_SAR1_PH1_ATR0_RRU1,true,1,true,false,true,SMALL_STEP,3,2.678782,27.493251919712666,0.0,false
CERI651ELS,7,0,2P_SAR1_PH1_ATR1_RRU1,true,1,true,true,true,SMALL_STEP,3,4.282939000000001,27.49442826063487,0.0,false
CHAINWOO,4000,0,2P_SAR0_PH0_ATR0_RRU0,false,1,false,false,false,MAX_IT,500,4745.436168,355.33546375768447,0.0,false
CHAINWOO,4000,0,2P_SAR0_PH1_ATR0_RRU0,false,1,true,false,false,SMALL_STEP,76,597.5351129999999,24.884963712595265,0.0,false
CHAINWOO,4000,0,2P_SAR0_PH1_ATR1_RRU0,false,1,true,true,false,SMALL_STEP,461,5550.140437,1.360630407787812,0.0,false
CHAINWOO,4000,0,2P_SAR0_PH0_ATR0_RRU1,false,1,false,false,true,MAX_IT,500,4799.087622,355.33546375768447,0.0,false
CHAINWOO,4000,0,2P_SAR0_PH1_ATR0_RRU1,false,1,true,false,true,SMALL_STEP,76,657.314231,24.884963712595265,0.0,false
CHAINWOO,4000,0,2P_SAR0_PH1_ATR1_RRU1,false,1,true,true,true,SMALL_STEP,461,5541.594621,1.360630407787812,0.0,false
CHAINWOO,4000,0,BASE_2P,true,1,false,false,false,SMALL_STEP,163,1077.2279789999998,13.366546596016855,0.0,true
CHAINWOO,4000,0,2P_SAR1_PH1_ATR0_RRU0,true,1,true,false,false,SMALL_STEP,76,600.114379,24.884963712595265,0.0,false
CHAINWOO,4000,0,2P_SAR1_PH1_ATR1_RRU0,true,1,true,true,false,SMALL_STEP,461,5490.715078,1.360630407787812,0.0,false
CHAINWOO,4000,0,2P_SAR1_PH0_ATR0_RRU1,true,1,false,false,true,SMALL_STEP,163,1036.2715469999998,13.366546596016855,0.0,false
CHAINWOO,4000,0,2P_SAR1_PH1_ATR0_RRU1,true,1,true,false,true,SMALL_STEP,76,633.681311,24.884963712595265,0.0,false
CHAINWOO,4000,0,2P_SAR1_PH1_ATR1_RRU1,true,1,true,true,true,SMALL_STEP,461,5516.940191,1.360630407787812,0.0,false
CHARDIS0,2000,0,2P_SAR0_PH0_ATR0_RRU0,false,1,false,false,false,SMALL_STEP,165,10896.96967,88.64741090206634,0.0,false
CHARDIS0,2000,0,2P_SAR0_PH1_ATR0_RRU0,false,1,true,false,false,SMALL_STEP,34,2167.484577,0.0432728952966244,0.0,false
CHARDIS0,2000,0,2P_SAR0_PH1_ATR1_RRU0,false,1,true,true,false,SMALL_STEP,165,12603.560684,0.0030641667050536436,0.0,false
CHARDIS0,2000,0,2P_SAR0_PH0_ATR0_RRU1,false,1,false,false,true,SMALL_STEP,165,10876.899478000001,88.64741090206634,0.0,false
CHARDIS0,2000,0,2P_SAR0_PH1_ATR0_RRU1,false,1,true,false,true,SMALL_STEP,34,2184.868386,0.0432728952966244,0.0,false
CHARDIS0,2000,0,2P_SAR0_PH1_ATR1_RRU1,false,1,true,true,true,SMALL_STEP,165,12622.82725,0.0030641667050536436,0.0,false
CHARDIS0,2000,0,BASE_2P,true,1,false,false,false,SMALL_STEP,58,3310.2859160000003,0.6289697331228241,0.0,true
CHARDIS0,2000,0,2P_SAR1_PH1_ATR0_RRU0,true,1,true,false,false,SMALL_STEP,34,2162.828555,0.0432728952966244,0.0,false
CHARDIS0,2000,0,2P_SAR1_PH1_ATR1_RRU0,true,1,true,true,false,SMALL_STEP,165,13204.39438,0.0030641667050536436,0.0,false
CHARDIS0,2000,0,2P_SAR1_PH0_ATR0_RRU1,true,1,false,false,true,SMALL_STEP,58,3326.212355,0.6289697331228241,0.0,false
CHARDIS0,2000,0,2P_SAR1_PH1_ATR0_RRU1,true,1,true,false,true,SMALL_STEP,34,2161.985838,0.0432728952966244,0.0,false
CHARDIS0,2000,0,2P_SAR1_PH1_ATR1_RRU1,true,1,true,true,true,SMALL_STEP,165,12656.481893,0.0030641667050536436,0.0,false
CHARDIS02,2000,0,2P_SAR0_PH0_ATR0_RRU0,false,1,false,false,false,MAX_IT,500,50211.971781,2.359001213231859e7,0.0,false
CHARDIS02,2000,0,2P_SAR0_PH1_ATR0_RRU0,false,1,true,false,false,MAX_IT,500,42687.00655,1.9933775833882778e6,0.0,false
CHARDIS02,2000,0,2P_SAR0_PH1_ATR1_RRU0,false,1,true,true,false,MAX_IT,500,56673.321598,1.99411715970559e7,0.0,false
CHARDIS02,2000,0,2P_SAR0_PH0_ATR0_RRU1,false,1,false,false,true,MAX_IT,500,50051.862162,2.359001213231859e7,0.0,false
CHARDIS02,2000,0,2P_SAR0_PH1_ATR0_RRU1,false,1,true,false,true,MAX_IT,500,42990.621783999995,1.9933775833882778e6,0.0,false
CHARDIS02,2000,0,2P_SAR0_PH1_ATR1_RRU1,false,1,true,true,true,MAX_IT,500,56184.713838,1.99411715970559e7,0.0,false
CHARDIS02,2000,0,BASE_2P,true,1,false,false,false,MAX_IT,500,42827.538982,1.9936499754687382e6,0.0,true
CHARDIS02,2000,0,2P_SAR1_PH1_ATR0_RRU0,true,1,true,false,false,MAX_IT,500,42688.090234,1.9933775833882778e6,0.0,false
CHARDIS02,2000,0,2P_SAR1_PH1_ATR1_RRU0,true,1,true,true,false,MAX_IT,500,56137.518115,1.99411715970559e7,0.0,false
CHARDIS02,2000,0,2P_SAR1_PH0_ATR0_RRU1,true,1,false,false,true,MAX_IT,500,43139.69801199999,1.9936499754687382e6,0.0,false
CHARDIS02,2000,0,2P_SAR1_PH1_ATR0_RRU1,true,1,true,false,true,MAX_IT,500,42617.714277,1.9933775833882778e6,0.0,false
CHARDIS02,2000,0,2P_SAR1_PH1_ATR1_RRU1,true,1,true,true,true,MAX_IT,500,56546.816057000004,1.99411715970559e7,0.0,false
CHEBYQAD,100,0,2P_SAR0_PH0_ATR0_RRU0,false,1,false,false,false,SMALL_STEP,9,35.12053100000001,0.00972623809713493,0.0,false
CHEBYQAD,100,0,2P_SAR0_PH1_ATR0_RRU0,false,1,true,false,false,SMALL_STEP,12,37.220414,0.00962661529108137,0.0,false
CHEBYQAD,100,0,2P_SAR0_PH1_ATR1_RRU0,false,1,true,true,false,SMALL_STEP,28,102.55657699999999,0.009655038916923583,0.0,false
CHEBYQAD,100,0,2P_SAR0_PH0_ATR0_RRU1,false,1,false,false,true,SMALL_STEP,9,34.382478,0.00972623809713493,0.0,false
CHEBYQAD,100,0,2P_SAR0_PH1_ATR0_RRU1,false,1,true,false,true,SMALL_STEP,12,37.196209,0.00962661529108137,0.0,false
CHEBYQAD,100,0,2P_SAR0_PH1_ATR1_RRU1,false,1,true,true,true,SMALL_STEP,28,103.64909399999999,0.009655038916923583,0.0,false
CHEBYQAD,100,0,BASE_2P,true,1,false,false,false,SMALL_STEP,7,24.668882,0.009712213581839898,0.0,true
CHEBYQAD,100,0,2P_SAR1_PH1_ATR0_RRU0,true,1,true,false,false,SMALL_STEP,12,37.62912,0.00962661529108137,0.0,false
CHEBYQAD,100,0,2P_SAR1_PH1_ATR1_RRU0,true,1,true,true,false,SMALL_STEP,28,103.09357399999999,0.009655038916923583,0.0,false
CHEBYQAD,100,0,2P_SAR1_PH0_ATR0_RRU1,true,1,false,false,true,SMALL_STEP,7,24.795198,0.009712213581839898,0.0,false
CHEBYQAD,100,0,2P_SAR1_PH1_ATR0_RRU1,true,1,true,false,true,SMALL_STEP,12,37.447981,0.00962661529108137,0.0,false
CHEBYQAD,100,0,2P_SAR1_PH1_ATR1_RRU1,true,1,true,true,true,SMALL_STEP,28,103.170177,0.009655038916923583,0.0,false
CHENHARK,5000,0,2P_SAR0_PH0_ATR0_RRU0,false,1,false,false,false,KKT_OK,9,115.193049,-1.9056250000000001,0.0,false
CHENHARK,5000,0,2P_SAR0_PH1_ATR0_RRU0,false,1,true,false,false,KKT_OK,8,99.593035,-1.9149343760841355,0.0,false
CHENHARK,5000,0,2P_SAR0_PH1_ATR1_RRU0,false,1,true,true,false,KKT_OK,10,111.165374,-1.6900841460225937,0.0,false
CHENHARK,5000,0,2P_SAR0_PH0_ATR0_RRU1,false,1,false,false,true,KKT_OK,9,118.19091499999999,-1.9056250000000001,0.0,false
CHENHARK,5000,0,2P_SAR0_PH1_ATR0_RRU1,false,1,true,false,true,KKT_OK,8,77.725762,-1.9149343760841355,0.0,false
CHENHARK,5000,0,2P_SAR0_PH1_ATR1_RRU1,false,1,true,true,true,KKT_OK,10,136.088943,-1.6900841460225937,0.0,false
CHENHARK,5000,0,BASE_2P,true,1,false,false,false,KKT_OK,9,77.945454,-1.87,0.0,true
CHENHARK,5000,0,2P_SAR1_PH1_ATR0_RRU0,true,1,true,false,false,KKT_OK,8,93.396748,-1.9149343760841355,0.0,false
CHENHARK,5000,0,2P_SAR1_PH1_ATR1_RRU0,true,1,true,true,false,KKT_OK,10,110.37415200000001,-1.6900841460225937,0.0,false
CHENHARK,5000,0,2P_SAR1_PH0_ATR0_RRU1,true,1,false,false,true,KKT_OK,9,78.320146,-1.87,0.0,false
CHENHARK,5000,0,2P_SAR1_PH1_ATR0_RRU1,true,1,true,false,true,KKT_OK,8,89.705544,-1.9149343760841355,0.0,false
CHENHARK,5000,0,2P_SAR1_PH1_ATR1_RRU1,true,1,true,true,true,KKT_OK,10,141.47300900000002,-1.6900841460225937,0.0,false
CHNROSNB,50,0,2P_SAR0_PH0_ATR0_RRU0,false,1,false,false,false,MAX_IT,500,165.994787,9.078386019674273,0.0,false
CHNROSNB,50,0,2P_SAR0_PH1_ATR0_RRU0,false,1,true,false,false,MAX_IT,500,126.737517,23.41099909422404,0.0,false
CHNROSNB,50,0,2P_SAR0_PH1_ATR1_RRU0,false,1,true,true,false,MAX_IT,500,239.771133,14.812067397561197,0.0,false
CHNROSNB,50,0,2P_SAR0_PH0_ATR0_RRU1,false,1,false,false,true,MAX_IT,500,168.922231,9.078386019674273,0.0,false
CHNROSNB,50,0,2P_SAR0_PH1_ATR0_RRU1,false,1,true,false,true,MAX_IT,500,125.20641800000001,23.41099909422404,0.0,false
CHNROSNB,50,0,2P_SAR0_PH1_ATR1_RRU1,false,1,true,true,true,MAX_IT,500,239.772505,14.812067397561197,0.0,false
CHNROSNB,50,0,BASE_2P,true,1,false,false,false,MAX_IT,500,114.527084,22.461053379089403,0.0,true
CHNROSNB,50,0,2P_SAR1_PH1_ATR0_RRU0,true,1,true,false,false,MAX_IT,500,121.046706,23.41099909422404,0.0,false
CHNROSNB,50,0,2P_SAR1_PH1_ATR1_RRU0,true,1,true,true,false,MAX_IT,500,239.968853,14.812067397561197,0.0,false
CHNROSNB,50,0,2P_SAR1_PH0_ATR0_RRU1,true,1,false,false,true,MAX_IT,500,128.696667,22.461053379089403,0.0,false
CHNROSNB,50,0,2P_SAR1_PH1_ATR0_RRU1,true,1,true,false,true,MAX_IT,500,114.68700299999999,23.41099909422404,0.0,false
CHNROSNB,50,0,2P_SAR1_PH1_ATR1_RRU1,true,1,true,true,true,MAX_IT,500,235.283406,14.812067397561197,0.0,false
CHNRSNBM,50,0,2P_SAR0_PH0_ATR0_RRU0,false,1,false,false,false,MAX_IT,500,171.907053,0.22649772940048798,0.0,false
CHNRSNBM,50,0,2P_SAR0_PH1_ATR0_RRU0,false,1,true,false,false,MAX_IT,500,124.666127,33.07465352690724,0.0,false
CHNRSNBM,50,0,2P_SAR0_PH1_ATR1_RRU0,false,1,true,true,false,MAX_IT,500,239.966078,0.3800988692692101,0.0,false
CHNRSNBM,50,0,2P_SAR0_PH0_ATR0_RRU1,false,1,false,false,true,MAX_IT,500,171.340292,0.22649772940048798,0.0,false
CHNRSNBM,50,0,2P_SAR0_PH1_ATR0_RRU1,false,1,true,false,true,MAX_IT,500,125.668475,33.07465352690724,0.0,false
CHNRSNBM,50,0,2P_SAR0_PH1_ATR1_RRU1,false,1,true,true,true,MAX_IT,500,242.468396,0.3800988692692101,0.0,false
CHNRSNBM,50,0,BASE_2P,true,1,false,false,false,MAX_IT,500,114.29974800000001,37.01407770688902,0.0,true
CHNRSNBM,50,0,2P_SAR1_PH1_ATR0_RRU0,true,1,true,false,false,MAX_IT,500,120.913927,33.07465352690724,0.0,false
CHNRSNBM,50,0,2P_SAR1_PH1_ATR1_RRU0,true,1,true,true,false,MAX_IT,500,241.71600700000002,0.3800988692692101,0.0,false
CHNRSNBM,50,0,2P_SAR1_PH0_ATR0_RRU1,true,1,false,false,true,MAX_IT,500,128.969418,37.01407770688902,0.0,false
CHNRSNBM,50,0,2P_SAR1_PH1_ATR0_RRU1,true,1,true,false,true,MAX_IT,500,114.403122,33.07465352690724,0.0,false
CHNRSNBM,50,0,2P_SAR1_PH1_ATR1_RRU1,true,1,true,true,true,MAX_IT,500,237.24104300000002,0.3800988692692101,0.0,false
CHWIRUT1LS,3,0,2P_SAR0_PH0_ATR0_RRU0,false,1,false,false,false,SMALL_STEP,5,4.2144449999999996,2662.986716499607,0.0,false
CHWIRUT1LS,3,0,2P_SAR0_PH1_ATR0_RRU0,false,1,true,false,false,SMALL_STEP,8,3.823393,2658.045798277729,0.0,false
CHWIRUT1LS,3,0,2P_SAR0_PH1_ATR1_RRU0,false,1,true,true,false,SMALL_STEP,14,6.710201,2728.4380878179772,0.0,false
CHWIRUT1LS,3,0,2P_SAR0_PH0_ATR0_RRU1,false,1,false,false,true,SMALL_STEP,5,3.225081,2662.986716499607,0.0,false
CHWIRUT1LS,3,0,2P_SAR0_PH1_ATR0_RRU1,false,1,true,false,true,SMALL_STEP,8,3.487102,2658.045798277729,0.0,false
CHWIRUT1LS,3,0,2P_SAR0_PH1_ATR1_RRU1,false,1,true,true,true,SMALL_STEP,14,6.397594000000001,2728.4380878179772,0.0,false
CHWIRUT1LS,3,0,BASE_2P,true,1,false,false,false,SMALL_STEP,7,3.125485,2660.2889345993326,0.0,true
CHWIRUT1LS,3,0,2P_SAR1_PH1_ATR0_RRU0,true,1,true,false,false,SMALL_STEP,8,3.468788,2658.045798277729,0.0,false
CHWIRUT1LS,3,0,2P_SAR1_PH1_ATR1_RRU0,true,1,true,true,false,SMALL_STEP,14,6.403265,2728.4380878179772,0.0,false
CHWIRUT1LS,3,0,2P_SAR1_PH0_ATR0_RRU1,true,1,false,false,true,SMALL_STEP,7,3.1009789999999997,2660.2889345993326,0.0,false
CHWIRUT1LS,3,0,2P_SAR1_PH1_ATR0_RRU1,true,1,true,false,true,SMALL_STEP,8,3.4527479999999997,2658.045798277729,0.0,false
CHWIRUT1LS,3,0,2P_SAR1_PH1_ATR1_RRU1,true,1,true,true,true,SMALL_STEP,14,6.395401000000001,2728.4380878179772,0.0,false
CHWIRUT2LS,3,0,2P_SAR0_PH0_ATR0_RRU0,false,1,false,false,false,SMALL_STEP,7,4.110701,557.0024757181252,0.0,false
CHWIRUT2LS,3,0,2P_SAR0_PH1_ATR0_RRU0,false,1,true,false,false,SMALL_STEP,10,3.654325,555.0515930637912,0.0,false
CHWIRUT2LS,3,0,2P_SAR0_PH1_ATR1_RRU0,false,1,true,true,false,SMALL_STEP,7,4.325353,910.1344984972473,0.0,false
CHWIRUT2LS,3,0,2P_SAR0_PH0_ATR0_RRU1,false,1,false,false,true,SMALL_STEP,7,3.383829,557.0024757181252,0.0,false
CHWIRUT2LS,3,0,2P_SAR0_PH1_ATR0_RRU1,false,1,true,false,true,SMALL_STEP,10,3.5712800000000002,555.0515930637912,0.0,false
CHWIRUT2LS,3,0,2P_SAR0_PH1_ATR1_RRU1,false,1,true,true,true,SMALL_STEP,7,4.281701,910.1344984972473,0.0,false
CHWIRUT2LS,3,0,BASE_2P,true,1,false,false,false,SMALL_STEP,6,2.593969,559.9207055016203,0.0,true
CHWIRUT2LS,3,0,2P_SAR1_PH1_ATR0_RRU0,true,1,true,false,false,SMALL_STEP,10,3.589845,555.0515930637912,0.0,false
CHWIRUT2LS,3,0,2P_SAR1_PH1_ATR1_RRU0,true,1,true,true,false,SMALL_STEP,7,4.2952069999999996,910.1344984972473,0.0,false
CHWIRUT2LS,3,0,2P_SAR1_PH0_ATR0_RRU1,true,1,false,false,true,SMALL_STEP,6,2.59425,559.9207055016203,0.0,false
CHWIRUT2LS,3,0,2P_SAR1_PH1_ATR0_RRU1,true,1,true,false,true,SMALL_STEP,10,3.5955459999999997,555.0515930637912,0.0,false
CHWIRUT2LS,3,0,2P_SAR1_PH1_ATR1_RRU1,true,1,true,true,true,SMALL_STEP,7,4.32384,910.1344984972473,0.0,false
CLIFF,2,0,2P_SAR0_PH0_ATR0_RRU0,false,1,false,false,false,KKT_OK,11,4.978225999999999,0.20106458057320525,0.0,false
CLIFF,2,0,2P_SAR0_PH1_ATR0_RRU0,false,1,true,false,false,KKT_OK,13,3.695973,0.20106457276690767,0.0,false
CLIFF,2,0,2P_SAR0_PH1_ATR1_RRU0,false,1,true,true,false,KKT_OK,11,4.989387,0.2009993316049826,0.0,false
CLIFF,2,0,2P_SAR0_PH0_ATR0_RRU1,false,1,false,false,true,KKT_OK,11,4.238199,0.20106458057320525,0.0,false
CLIFF,2,0,2P_SAR0_PH1_ATR0_RRU1,false,1,true,false,true,KKT_OK,13,3.669745,0.20106457276690767,0.0,false
CLIFF,2,0,2P_SAR0_PH1_ATR1_RRU1,false,1,true,true,true,KKT_OK,11,4.999145,0.2009993316049826,0.0,false
CLIFF,2,0,BASE_2P,true,1,false,false,false,KKT_OK,10,3.334737,0.20106458090372806,0.0,true
CLIFF,2,0,2P_SAR1_PH1_ATR0_RRU0,true,1,true,false,false,KKT_OK,13,3.674694,0.20106457276690767,0.0,false
CLIFF,2,0,2P_SAR1_PH1_ATR1_RRU0,true,1,true,true,false,KKT_OK,11,4.999245,0.2009993316049826,0.0,false
CLIFF,2,0,2P_SAR1_PH0_ATR0_RRU1,true,1,false,false,true,KKT_OK,10,3.323265,0.20106458090372806,0.0,false
CLIFF,2,0,2P_SAR1_PH1_ATR0_RRU1,true,1,true,false,true,KKT_OK,13,3.659816,0.20106457276690767,0.0,false
CLIFF,2,0,2P_SAR1_PH1_ATR1_RRU1,true,1,true,true,true,KKT_OK,11,4.979749,0.2009993316049826,0.0,false
CLPLATEA,5041,0,2P_SAR0_PH0_ATR0_RRU0,false,1,false,false,false,KKT_OK,0,11.099042,0.0,0.0,false
CLPLATEA,5041,0,2P_SAR0_PH1_ATR0_RRU0,false,1,true,false,false,KKT_OK,0,14.135911,0.0,0.0,false
CLPLATEA,5041,0,2P_SAR0_PH1_ATR1_RRU0,false,1,true,true,false,KKT_OK,0,14.326137,0.0,0.0,false
CLPLATEA,5041,0,2P_SAR0_PH0_ATR0_RRU1,false,1,false,false,true,KKT_OK,0,14.417719,0.0,0.0,false
CLPLATEA,5041,0,2P_SAR0_PH1_ATR0_RRU1,false,1,true,false,true,KKT_OK,0,14.201073,0.0,0.0,false
CLPLATEA,5041,0,2P_SAR0_PH1_ATR1_RRU1,false,1,true,true,true,KKT_OK,0,14.326348,0.0,0.0,false
CLPLATEA,5041,0,BASE_2P,true,1,false,false,false,KKT_OK,0,14.17837,0.0,0.0,true
CLPLATEA,5041,0,2P_SAR1_PH1_ATR0_RRU0,true,1,true,false,false,KKT_OK,0,14.216793000000001,0.0,0.0,false
CLPLATEA,5041,0,2P_SAR1_PH1_ATR1_RRU0,true,1,true,true,false,KKT_OK,0,14.218856,0.0,0.0,false
CLPLATEA,5041,0,2P_SAR1_PH0_ATR0_RRU1,true,1,false,false,true,KKT_OK,0,14.1517,0.0,0.0,false
CLPLATEA,5041,0,2P_SAR1_PH1_ATR0_RRU1,true,1,true,false,true,KKT_OK,0,9.003015,0.0,0.0,false
CLPLATEA,5041,0,2P_SAR1_PH1_ATR1_RRU1,true,1,true,true,true,KKT_OK,0,9.168024,0.0,0.0,false
CLPLATEB,5041,0,2P_SAR0_PH0_ATR0_RRU0,false,1,false,false,false,KKT_OK,0,9.959677,0.0,0.0,false
CLPLATEB,5041,0,2P_SAR0_PH1_ATR0_RRU0,false,1,true,false,false,KKT_OK,0,10.980189,0.0,0.0,false
CLPLATEB,5041,0,2P_SAR0_PH1_ATR1_RRU0,false,1,true,true,false,KKT_OK,0,14.014163,0.0,0.0,false
CLPLATEB,5041,0,2P_SAR0_PH0_ATR0_RRU1,false,1,false,false,true,KKT_OK,0,14.437826000000001,0.0,0.0,false
CLPLATEB,5041,0,2P_SAR0_PH1_ATR0_RRU1,false,1,true,false,true,KKT_OK,0,13.766629,0.0,0.0,false
CLPLATEB,5041,0,2P_SAR0_PH1_ATR1_RRU1,false,1,true,true,true,KKT_OK,0,13.256764,0.0,0.0,false
CLPLATEB,5041,0,BASE_2P,true,1,false,false,false,KKT_OK,0,13.587152,0.0,0.0,true
CLPLATEB,5041,0,2P_SAR1_PH1_ATR0_RRU0,true,1,true,false,false,KKT_OK,0,13.117102000000001,0.0,0.0,false
CLPLATEB,5041,0,2P_SAR1_PH1_ATR1_RRU0,true,1,true,true,false,KKT_OK,0,70.034325,0.0,0.0,false
CLPLATEB,5041,0,2P_SAR1_PH0_ATR0_RRU1,true,1,false,false,true,KKT_OK,0,8.884463,0.0,0.0,false
CLPLATEB,5041,0,2P_SAR1_PH1_ATR0_RRU1,true,1,true,false,true,KKT_OK,0,8.96274,0.0,0.0,false
CLPLATEB,5041,0,2P_SAR1_PH1_ATR1_RRU1,true,1,true,true,true,KKT_OK,0,9.10718,0.0,0.0,false
CLPLATEC,5041,0,2P_SAR0_PH0_ATR0_RRU0,false,1,false,false,false,KKT_OK,0,13.598624000000001,0.0,0.0,false
CLPLATEC,5041,0,2P_SAR0_PH1_ATR0_RRU0,false,1,true,false,false,KKT_OK,0,14.773265,0.0,0.0,false
CLPLATEC,5041,0,2P_SAR0_PH1_ATR1_RRU0,false,1,true,true,false,KKT_OK,0,14.479645,0.0,0.0,false
CLPLATEC,5041,0,2P_SAR0_PH0_ATR0_RRU1,false,1,false,false,true,KKT_OK,0,13.967466,0.0,0.0,false
CLPLATEC,5041,0,2P_SAR0_PH1_ATR0_RRU1,false,1,true,false,true,KKT_OK,0,13.952658,0.0,0.0,false
CLPLATEC,5041,0,2P_SAR0_PH1_ATR1_RRU1,false,1,true,true,true,KKT_OK,0,13.741091,0.0,0.0,false
CLPLATEC,5041,0,BASE_2P,true,1,false,false,false,KKT_OK,0,8.994580000000001,0.0,0.0,true
CLPLATEC,5041,0,2P_SAR1_PH1_ATR0_RRU0,true,1,true,false,false,KKT_OK,0,9.231804,0.0,0.0,false
CLPLATEC,5041,0,2P_SAR1_PH1_ATR1_RRU0,true,1,true,true,false,KKT_OK,0,9.163876,0.0,0.0,false
CLPLATEC,5041,0,2P_SAR1_PH0_ATR0_RRU1,true,1,false,false,true,KKT_OK,0,10.793279,0.0,0.0,false
CLPLATEC,5041,0,2P_SAR1_PH1_ATR0_RRU1,true,1,true,false,true,KKT_OK,0,12.143298,0.0,0.0,false
CLPLATEC,5041,0,2P_SAR1_PH1_ATR1_RRU1,true,1,true,true,true,KKT_OK,0,13.921971,0.0,0.0,false
CLUSTERLS,2,0,2P_SAR0_PH0_ATR0_RRU0,false,1,false,false,false,KKT_OK,6,3.469309,2.529870768724452e-7,0.0,false
CLUSTERLS,2,0,2P_SAR0_PH1_ATR0_RRU0,false,1,true,false,false,KKT_OK,7,2.942191,1.711439774269525e-8,0.0,false
CLUSTERLS,2,0,2P_SAR0_PH1_ATR1_RRU0,false,1,true,true,false,KKT_OK,6,3.084558,4.8173018452256675e-8,0.0,false
CLUSTERLS,2,0,2P_SAR0_PH0_ATR0_RRU1,false,1,false,false,true,KKT_OK,6,2.6884159999999997,2.529870768724452e-7,0.0,false
CLUSTERLS,2,0,2P_SAR0_PH1_ATR0_RRU1,false,1,true,false,true,KKT_OK,7,2.85628,1.711439774269525e-8,0.0,false
CLUSTERLS,2,0,2P_SAR0_PH1_ATR1_RRU1,false,1,true,true,true,KKT_OK,6,3.029014,4.8173018452256675e-8,0.0,false
CLUSTERLS,2,0,BASE_2P,true,1,false,false,false,KKT_OK,11,3.26152,3.3647473439096057e-7,0.0,true
CLUSTERLS,2,0,2P_SAR1_PH1_ATR0_RRU0,true,1,true,false,false,KKT_OK,7,2.78641,1.711439774269525e-8,0.0,false
CLUSTERLS,2,0,2P_SAR1_PH1_ATR1_RRU0,true,1,true,true,false,KKT_OK,6,3.747701,4.8173018452256675e-8,0.0,false
CLUSTERLS,2,0,2P_SAR1_PH0_ATR0_RRU1,true,1,false,false,true,KKT_OK,11,3.193713,3.3647473439096057e-7,0.0,false
CLUSTERLS,2,0,2P_SAR1_PH1_ATR0_RRU1,true,1,true,false,true,KKT_OK,7,2.7780050000000003,1.711439774269525e-8,0.0,false
CLUSTERLS,2,0,2P_SAR1_PH1_ATR1_RRU1,true,1,true,true,true,KKT_OK,6,2.92008,4.8173018452256675e-8,0.0,false
COATING,134,0,2P_SAR0_PH0_ATR0_RRU0,false,1,false,false,false,MAX_IT,500,286.348468,9.507568344188469,0.0,false
COATING,134,0,2P_SAR0_PH1_ATR0_RRU0,false,1,true,false,false,MAX_IT,500,215.079049,12.824273063257001,0.0,false
COATING,134,0,2P_SAR0_PH1_ATR1_RRU0,false,1,true,true,false,MAX_IT,500,391.09998,24.127901503852367,0.0,false
COATING,134,0,2P_SAR0_PH0_ATR0_RRU1,false,1,false,false,true,MAX_IT,500,273.28918400000003,9.507568344188469,0.0,false
COATING,134,0,2P_SAR0_PH1_ATR0_RRU1,false,1,true,false,true,MAX_IT,500,212.507211,12.824273063257001,0.0,false
COATING,134,0,2P_SAR0_PH1_ATR1_RRU1,false,1,true,true,true,MAX_IT,500,394.557077,24.127901503852367,0.0,false
COATING,134,0,BASE_2P,true,1,false,false,false,MAX_IT,500,188.846577,47.512860040947885,0.0,true
COATING,134,0,2P_SAR1_PH1_ATR0_RRU0,true,1,true,false,false,MAX_IT,500,227.044834,12.824273063257001,0.0,false
COATING,134,0,2P_SAR1_PH1_ATR1_RRU0,true,1,true,true,false,MAX_IT,500,378.189525,24.127901503852367,0.0,false
COATING,134,0,2P_SAR1_PH0_ATR0_RRU1,true,1,false,false,true,MAX_IT,500,184.626472,47.512860040947885,0.0,false
COATING,134,0,2P_SAR1_PH1_ATR0_RRU1,true,1,true,false,true,MAX_IT,500,227.73080000000002,12.824273063257001,0.0,false
COATING,134,0,2P_SAR1_PH1_ATR1_RRU1,true,1,true,true,true,MAX_IT,500,373.87893,24.127901503852367,0.0,false
COOLHANSLS,9,0,2P_SAR0_PH0_ATR0_RRU0,false,1,false,false,false,SMALL_STEP,37,13.011785,0.06403629418723744,0.0,false
COOLHANSLS,9,0,2P_SAR0_PH1_ATR0_RRU0,false,1,true,false,false,SMALL_STEP,168,33.470701,0.2361197032923937,0.0,false
COOLHANSLS,9,0,2P_SAR0_PH1_ATR1_RRU0,false,1,true,true,false,SMALL_STEP,79,25.685236,0.1896059878220557,0.0,false
COOLHANSLS,9,0,2P_SAR0_PH0_ATR0_RRU1,false,1,false,false,true,SMALL_STEP,37,12.343914,0.06403629418723744,0.0,false
COOLHANSLS,9,0,2P_SAR0_PH1_ATR0_RRU1,false,1,true,false,true,SMALL_STEP,168,33.524932,0.2361197032923937,0.0,false
COOLHANSLS,9,0,2P_SAR0_PH1_ATR1_RRU1,false,1,true,true,true,SMALL_STEP,79,25.959830999999998,0.1896059878220557,0.0,false
COOLHANSLS,9,0,BASE_2P,true,1,false,false,false,SMALL_STEP,128,26.490304,10.705002185429299,0.0,true
COOLHANSLS,9,0,2P_SAR1_PH1_ATR0_RRU0,true,1,true,false,false,SMALL_STEP,168,34.41537,0.2361197032923937,0.0,false
COOLHANSLS,9,0,2P_SAR1_PH1_ATR1_RRU0,true,1,true,true,false,SMALL_STEP,79,26.243372,0.1896059878220557,0.0,false
COOLHANSLS,9,0,2P_SAR1_PH0_ATR0_RRU1,true,1,false,false,true,SMALL_STEP,128,26.02375,10.705002185429299,0.0,false
COOLHANSLS,9,0,2P_SAR1_PH1_ATR0_RRU1,true,1,true,false,true,SMALL_STEP,168,33.758911000000005,0.2361197032923937,0.0,false
COOLHANSLS,9,0,2P_SAR1_PH1_ATR1_RRU1,true,1,true,true,true,SMALL_STEP,79,25.993895,0.1896059878220557,0.0,false
COSINE,10000,0,2P_SAR0_PH0_ATR0_RRU0,false,1,false,false,false,KKT_OK,11,339.220275,-9998.983584220736,0.0,false
COSINE,10000,0,2P_SAR0_PH1_ATR0_RRU0,false,1,true,false,false,KKT_OK,9,209.419868,-9998.828487140376,0.0,false
COSINE,10000,0,2P_SAR0_PH1_ATR1_RRU0,false,1,true,true,false,KKT_OK,14,544.6934,-9998.984810400654,0.0,false
COSINE,10000,0,2P_SAR0_PH0_ATR0_RRU1,false,1,false,false,true,KKT_OK,11,311.78495,-9998.983584220736,0.0,false
COSINE,10000,0,2P_SAR0_PH1_ATR0_RRU1,false,1,true,false,true,KKT_OK,9,223.837989,-9998.828487140376,0.0,false
COSINE,10000,0,2P_SAR0_PH1_ATR1_RRU1,false,1,true,true,true,KKT_OK,14,515.935308,-9998.984810400654,0.0,false
COSINE,10000,0,BASE_2P,true,1,false,false,false,KKT_OK,16,411.819246,-9998.973192889374,0.0,true
COSINE,10000,0,2P_SAR1_PH1_ATR0_RRU0,true,1,true,false,false,KKT_OK,9,231.26629400000002,-9998.828487140376,0.0,false
COSINE,10000,0,2P_SAR1_PH1_ATR1_RRU0,true,1,true,true,false,KKT_OK,14,516.185106,-9998.984810400654,0.0,false
COSINE,10000,0,2P_SAR1_PH0_ATR0_RRU1,true,1,false,false,true,KKT_OK,16,427.509298,-9998.973192889374,0.0,false
COSINE,10000,0,2P_SAR1_PH1_ATR0_RRU1,true,1,true,false,true,KKT_OK,9,246.365971,-9998.828487140376,0.0,false
COSINE,10000,0,2P_SAR1_PH1_ATR1_RRU1,true,1,true,true,true,KKT_OK,14,480.061456,-9998.984810400654,0.0,false
CRAGGLVY,5000,0,2P_SAR0_PH0_ATR0_RRU0,false,1,false,false,false,SMALL_STEP,111,1352.4251510000001,1689.9228409849788,0.0,false
CRAGGLVY,5000,0,2P_SAR0_PH1_ATR0_RRU0,false,1,true,false,false,SMALL_STEP,205,1812.044054,1689.9970794212938,0.0,false
CRAGGLVY,5000,0,2P_SAR0_PH1_ATR1_RRU0,false,1,true,true,false,MAX_IT,500,7217.230538,1692.171298962696,0.0,false
CRAGGLVY,5000,0,2P_SAR0_PH0_ATR0_RRU1,false,1,false,false,true,SMALL_STEP,111,1362.8065760000002,1689.9228409849788,0.0,false
CRAGGLVY,5000,0,2P_SAR0_PH1_ATR0_RRU1,false,1,true,false,true,SMALL_STEP,205,1837.084771,1689.9970794212938,0.0,false
CRAGGLVY,5000,0,2P_SAR0_PH1_ATR1_RRU1,false,1,true,true,true,MAX_IT,500,7142.057519999999,1692.171298962696,0.0,false
CRAGGLVY,5000,0,BASE_2P,true,1,false,false,false,KKT_OK,127,1059.5385740000002,1688.703772242601,0.0,true
CRAGGLVY,5000,0,2P_SAR1_PH1_ATR0_RRU0,true,1,true,false,false,SMALL_STEP,205,1844.248247,1689.9970794212938,0.0,false
CRAGGLVY,5000,0,2P_SAR1_PH1_ATR1_RRU0,true,1,true,true,false,MAX_IT,500,7196.520336,1692.171298962696,0.0,false
CRAGGLVY,5000,0,2P_SAR1_PH0_ATR0_RRU1,true,1,false,false,true,KKT_OK,127,1043.750195,1688.703772242601,0.0,false
CRAGGLVY,5000,0,2P_SAR1_PH1_ATR0_RRU1,true,1,true,false,true,SMALL_STEP,205,1812.900675,1689.9970794212938,0.0,false
CRAGGLVY,5000,0,2P_SAR1_PH1_ATR1_RRU1,true,1,true,true,true,MAX_IT,500,7355.3286880000005,1692.171298962696,0.0,false
CUBE,2,0,2P_SAR0_PH0_ATR0_RRU0,false,1,false,false,false,SMALL_STEP,429,104.534643,0.03006128215822373,0.0,false
CUBE,2,0,2P_SAR0_PH1_ATR0_RRU0,false,1,true,false,false,MAX_IT,500,102.518951,0.04028087380323,0.0,false
CUBE,2,0,2P_SAR0_PH1_ATR1_RRU0,false,1,true,true,false,MAX_IT,500,138.32707399999998,0.03743724706867513,0.0,false
CUBE,2,0,2P_SAR0_PH0_ATR0_RRU1,false,1,false,false,true,SMALL_STEP,429,105.744989,0.03006128215822373,0.0,false
CUBE,2,0,2P_SAR0_PH1_ATR0_RRU1,false,1,true,false,true,MAX_IT,500,110.762739,0.04028087380323,0.0,false
CUBE,2,0,2P_SAR0_PH1_ATR1_RRU1,false,1,true,true,true,MAX_IT,500,147.062984,0.03743724706867513,0.0,false
CUBE,2,0,BASE_2P,true,1,false,false,false,MAX_IT,500,89.92374,0.08803223925283192,0.0,true
CUBE,2,0,2P_SAR1_PH1_ATR0_RRU0,true,1,true,false,false,MAX_IT,500,111.65373600000001,0.04028087380323,0.0,false
CUBE,2,0,2P_SAR1_PH1_ATR1_RRU0,true,1,true,true,false,MAX_IT,500,140.193238,0.03743724706867513,0.0,false
CUBE,2,0,2P_SAR1_PH0_ATR0_RRU1,true,1,false,false,true,MAX_IT,500,81.64708,0.08803223925283192,0.0,false
CUBE,2,0,2P_SAR1_PH1_ATR0_RRU1,true,1,true,false,true,MAX_IT,500,102.52017400000001,0.04028087380323,0.0,false
CUBE,2,0,2P_SAR1_PH1_ATR1_RRU1,true,1,true,true,true,MAX_IT,500,141.367075,0.03743724706867513,0.0,false
CURLY10,10000,0,2P_SAR0_PH0_ATR0_RRU0,false,1,false,false,false,SMALL_STEP,7,366.82142,-1.0026969993450397e6,0.0,false
CURLY10,10000,0,2P_SAR0_PH1_ATR0_RRU0,false,1,true,false,false,SMALL_STEP,8,195.077916,-1.0026751140335802e6,0.0,false
CURLY10,10000,0,2P_SAR0_PH1_ATR1_RRU0,false,1,true,true,false,MAX_IT,500,13967.931983999999,-1.0030363141004378e6,0.0,false
CURLY10,10000,0,2P_SAR0_PH0_ATR0_RRU1,false,1,false,false,true,SMALL_STEP,7,232.465729,-1.0026969993450397e6,0.0,false
CURLY10,10000,0,2P_SAR0_PH1_ATR0_RRU1,false,1,true,false,true,SMALL_STEP,8,205.40806,-1.0026751140335802e6,0.0,false
CURLY10,10000,0,2P_SAR0_PH1_ATR1_RRU1,false,1,true,true,true,MAX_IT,500,13898.49778,-1.0030363141004378e6,0.0,false
CURLY10,10000,0,BASE_2P,true,1,false,false,false,SMALL_STEP,7,236.206604,-1.0026969993450397e6,0.0,true
CURLY10,10000,0,2P_SAR1_PH1_ATR0_RRU0,true,1,true,false,false,SMALL_STEP,8,203.321113,-1.0026751140335802e6,0.0,false
CURLY10,10000,0,2P_SAR1_PH1_ATR1_RRU0,true,1,true,true,false,MAX_IT,500,14006.844958,-1.0030363141004378e6,0.0,false
CURLY10,10000,0,2P_SAR1_PH0_ATR0_RRU1,true,1,false,false,true,SMALL_STEP,7,237.260688,-1.0026969993450397e6,0.0,false
CURLY10,10000,0,2P_SAR1_PH1_ATR0_RRU1,true,1,true,false,true,SMALL_STEP,8,209.817091,-1.0026751140335802e6,0.0,false
CURLY10,10000,0,2P_SAR1_PH1_ATR1_RRU1,true,1,true,true,true,MAX_IT,500,14045.105997,-1.0030363141004378e6,0.0,false
CURLY20,10000,0,2P_SAR0_PH0_ATR0_RRU0,false,1,false,false,false,SMALL_STEP,7,231.263953,-1.0020910717543256e6,0.0,false
CURLY20,10000,0,2P_SAR0_PH1_ATR0_RRU0,false,1,true,false,false,MAX_IT,500,7912.666043,-1.0025242750562911e6,0.0,false
CURLY20,10000,0,2P_SAR0_PH1_ATR1_RRU0,false,1,true,true,false,MAX_IT,500,14154.541324,-1.0029183692195809e6,0.0,false
CURLY20,10000,0,2P_SAR0_PH0_ATR0_RRU1,false,1,false,false,true,SMALL_STEP,7,243.34292799999997,-1.0020910717543256e6,0.0,false
CURLY20,10000,0,2P_SAR0_PH1_ATR0_RRU1,false,1,true,false,true,MAX_IT,500,8559.348112,-1.0025242750562911e6,0.0,false
CURLY20,10000,0,2P_SAR0_PH1_ATR1_RRU1,false,1,true,true,true,MAX_IT,500,14522.801216,-1.0029183692195809e6,0.0,false
CURLY20,10000,0,BASE_2P,true,1,false,false,false,SMALL_STEP,7,219.67892,-1.0020910717543256e6,0.0,true
CURLY20,10000,0,2P_SAR1_PH1_ATR0_RRU0,true,1,true,false,false,MAX_IT,500,8105.299989000001,-1.0025242750562911e6,0.0,false
CURLY20,10000,0,2P_SAR1_PH1_ATR1_RRU0,true,1,true,true,false,MAX_IT,500,14346.755317,-1.0029183692195809e6,0.0,false
CURLY20,10000,0,2P_SAR1_PH0_ATR0_RRU1,true,1,false,false,true,SMALL_STEP,7,223.13584,-1.0020910717543256e6,0.0,false
CURLY20,10000,0,2P_SAR1_PH1_ATR0_RRU1,true,1,true,false,true,MAX_IT,500,8019.443576000001,-1.0025242750562911e6,0.0,false
CURLY20,10000,0,2P_SAR1_PH1_ATR1_RRU1,true,1,true,true,true,MAX_IT,500,14309.509025000001,-1.0029183692195809e6,0.0,false
CURLY30,10000,0,2P_SAR0_PH0_ATR0_RRU0,false,1,false,false,false,SMALL_STEP,8,268.95985900000005,-1.0016149932185571e6,0.0,false
CURLY30,10000,0,2P_SAR0_PH1_ATR0_RRU0,false,1,true,false,false,SMALL_STEP,5,156.59688899999998,-1.0015582772186594e6,0.0,false
CURLY30,10000,0,2P_SAR0_PH1_ATR1_RRU0,false,1,true,true,false,MAX_IT,500,14586.97538,-1.0027682499906418e6,0.0,false
CURLY30,10000,0,2P_SAR0_PH0_ATR0_RRU1,false,1,false,false,true,SMALL_STEP,8,267.508647,-1.0016149932185571e6,0.0,false
CURLY30,10000,0,2P_SAR0_PH1_ATR0_RRU1,false,1,true,false,true,SMALL_STEP,5,138.073225,-1.0015582772186594e6,0.0,false
CURLY30,10000,0,2P_SAR0_PH1_ATR1_RRU1,false,1,true,true,true,MAX_IT,500,14530.998628000001,-1.0027682499906418e6,0.0,false
CURLY30,10000,0,BASE_2P,true,1,false,false,false,SMALL_STEP,8,281.199296,-1.0016149932185571e6,0.0,true
CURLY30,10000,0,2P_SAR1_PH1_ATR0_RRU0,true,1,true,false,false,SMALL_STEP,5,157.09904699999998,-1.0015582772186594e6,0.0,false
CURLY30,10000,0,2P_SAR1_PH1_ATR1_RRU0,true,1,true,true,false,MAX_IT,500,14623.236692,-1.0027682499906418e6,0.0,false
CURLY30,10000,0,2P_SAR1_PH0_ATR0_RRU1,true,1,false,false,true,SMALL_STEP,8,265.830403,-1.0016149932185571e6,0.0,false
CURLY30,10000,0,2P_SAR1_PH1_ATR0_RRU1,true,1,true,false,true,SMALL_STEP,5,152.085056,-1.0015582772186594e6,0.0,false
CURLY30,10000,0,2P_SAR1_PH1_ATR1_RRU1,true,1,true,true,true,MAX_IT,500,15204.064435999999,-1.0027682499906418e6,0.0,false
CVXPHP1,100000,0,2P_SAR0_PH0_ATR0_RRU0,false,1,false,false,false,KKT_OK,6,1310.22801,2.2500225e8,0.0,false
CVXPHP1,100000,0,2P_SAR0_PH1_ATR0_RRU0,false,1,true,false,false,KKT_OK,6,1334.119614,2.2500225e8,0.0,false
CVXPHP1,100000,0,2P_SAR0_PH1_ATR1_RRU0,false,1,true,true,false,KKT_OK,6,1373.457674,2.2500225e8,0.0,false
CVXPHP1,100000,0,2P_SAR0_PH0_ATR0_RRU1,false,1,false,false,true,KKT_OK,6,1372.002543,2.2500225e8,0.0,false
CVXPHP1,100000,0,2P_SAR0_PH1_ATR0_RRU1,false,1,true,false,true,KKT_OK,6,1425.878547,2.2500225e8,0.0,false
CVXPHP1,100000,0,2P_SAR0_PH1_ATR1_RRU1,false,1,true,true,true,KKT_OK,6,1334.248646,2.2500225e8,0.0,false
CVXPHP1,100000,0,BASE_2P,true,1,false,false,false,KKT_OK,7,1641.361482,2.2500225e8,0.0,true
CVXPHP1,100000,0,2P_SAR1_PH1_ATR0_RRU0,true,1,true,false,false,KKT_OK,6,1337.604851,2.2500225e8,0.0,false
CVXPHP1,100000,0,2P_SAR1_PH1_ATR1_RRU0,true,1,true,true,false,KKT_OK,6,1405.329879,2.2500225e8,0.0,false
CVXPHP1,100000,0,2P_SAR1_PH0_ATR0_RRU1,true,1,false,false,true,KKT_OK,7,2030.0449070000002,2.2500225e8,0.0,false
CVXPHP1,100000,0,2P_SAR1_PH1_ATR0_RRU1,true,1,true,false,true,KKT_OK,6,1276.161898,2.2500225e8,0.0,false
CVXPHP1,100000,0,2P_SAR1_PH1_ATR1_RRU1,true,1,true,true,true,KKT_OK,6,1368.730929,2.2500225e8,0.0,false
CYCLIC3LS,100002,0,2P_SAR0_PH0_ATR0_RRU0,false,1,false,false,false,SMALL_STEP,125,33330.613502,6.64333567461329e6,0.0,false
CYCLIC3LS,100002,0,2P_SAR0_PH1_ATR0_RRU0,false,1,true,false,false,SMALL_STEP,84,16746.814808,6.817531958669607e6,0.0,false
CYCLIC3LS,100002,0,2P_SAR0_PH1_ATR1_RRU0,false,1,true,true,false,MAX_IT,500,150738.67488799998,1.1600705587057549e8,0.0,false
CYCLIC3LS,100002,0,2P_SAR0_PH0_ATR0_RRU1,false,1,false,false,true,SMALL_STEP,125,32983.982016,6.64333567461329e6,0.0,false
CYCLIC3LS,100002,0,2P_SAR0_PH1_ATR0_RRU1,false,1,true,false,true,SMALL_STEP,84,16805.584702,6.817531958669607e6,0.0,false
CYCLIC3LS,100002,0,2P_SAR0_PH1_ATR1_RRU1,false,1,true,true,true,MAX_IT,500,149062.613144,1.1600705587057549e8,0.0,false
CYCLIC3LS,100002,0,BASE_2P,true,1,false,false,false,MAX_IT,500,85392.766259,7.33545138203522e22,0.0,true
CYCLIC3LS,100002,0,2P_SAR1_PH1_ATR0_RRU0,true,1,true,false,false,SMALL_STEP,84,17531.575513,6.817531958669607e6,0.0,false
CYCLIC3LS,100002,0,2P_SAR1_PH1_ATR1_RRU0,true,1,true,true,false,MAX_IT,500,149598.08415500002,1.1600705587057549e8,0.0,false
CYCLIC3LS,100002,0,2P_SAR1_PH0_ATR0_RRU1,true,1,false,false,true,MAX_IT,500,86981.494293,7.33545138203522e22,0.0,false
CYCLIC3LS,100002,0,2P_SAR1_PH1_ATR0_RRU1,true,1,true,false,true,SMALL_STEP,84,16936.193967000003,6.817531958669607e6,0.0,false
CYCLIC3LS,100002,0,2P_SAR1_PH1_ATR1_RRU1,true,1,true,true,true,MAX_IT,500,147432.08577499999,1.1600705587057549e8,0.0,false
CYCLOOCFLS,29996,0,2P_SAR0_PH0_ATR0_RRU0,false,1,false,false,false,KKT_OK,0,86.337102,50012.99339817859,0.0,false
CYCLOOCFLS,29996,0,2P_SAR0_PH1_ATR0_RRU0,false,1,true,false,false,KKT_OK,0,87.667407,50012.99339817859,0.0,false
CYCLOOCFLS,29996,0,2P_SAR0_PH1_ATR1_RRU0,false,1,true,true,false,KKT_OK,0,167.75733400000001,50012.99339817859,0.0,false
CYCLOOCFLS,29996,0,2P_SAR0_PH0_ATR0_RRU1,false,1,false,false,true,KKT_OK,0,86.53837899999999,50012.99339817859,0.0,false
CYCLOOCFLS,29996,0,2P_SAR0_PH1_ATR0_RRU1,false,1,true,false,true,KKT_OK,0,151.27603200000001,50012.99339817859,0.0,false
CYCLOOCFLS,29996,0,2P_SAR0_PH1_ATR1_RRU1,false,1,true,true,true,KKT_OK,0,100.21726699999999,50012.99339817859,0.0,false
CYCLOOCFLS,29996,0,BASE_2P,true,1,false,false,false,KKT_OK,0,100.974877,50012.99339817859,0.0,true
CYCLOOCFLS,29996,0,2P_SAR1_PH1_ATR0_RRU0,true,1,true,false,false,KKT_OK,0,91.595311,50012.99339817859,0.0,false
CYCLOOCFLS,29996,0,2P_SAR1_PH1_ATR1_RRU0,true,1,true,true,false,KKT_OK,0,169.917113,50012.99339817859,0.0,false
CYCLOOCFLS,29996,0,2P_SAR1_PH0_ATR0_RRU1,true,1,false,false,true,KKT_OK,0,80.551684,50012.99339817859,0.0,false
CYCLOOCFLS,29996,0,2P_SAR1_PH1_ATR0_RRU1,true,1,true,false,true,KKT_OK,0,112.40575999999999,50012.99339817859,0.0,false
CYCLOOCFLS,29996,0,2P_SAR1_PH1_ATR1_RRU1,true,1,true,true,true,KKT_OK,0,140.65497699999997,50012.99339817859,0.0,false
CYCLOOCTLS,30000,0,2P_SAR0_PH0_ATR0_RRU0,false,1,false,false,false,KKT_OK,0,55.334675,50012.99180073872,0.0,false
CYCLOOCTLS,30000,0,2P_SAR0_PH1_ATR0_RRU0,false,1,true,false,false,KKT_OK,0,84.32077100000001,50012.99180073872,0.0,false
CYCLOOCTLS,30000,0,2P_SAR0_PH1_ATR1_RRU0,false,1,true,true,false,KKT_OK,0,86.43834,50012.99180073872,0.0,false
CYCLOOCTLS,30000,0,2P_SAR0_PH0_ATR0_RRU1,false,1,false,false,true,KKT_OK,0,57.103021,50012.99180073872,0.0,false
CYCLOOCTLS,30000,0,2P_SAR0_PH1_ATR0_RRU1,false,1,true,false,true,KKT_OK,0,87.871407,50012.99180073872,0.0,false
CYCLOOCTLS,30000,0,2P_SAR0_PH1_ATR1_RRU1,false,1,true,true,true,KKT_OK,0,88.42087699999999,50012.99180073872,0.0,false
CYCLOOCTLS,30000,0,BASE_2P,true,1,false,false,false,KKT_OK,0,179.755738,50012.99180073872,0.0,true
CYCLOOCTLS,30000,0,2P_SAR1_PH1_ATR0_RRU0,true,1,true,false,false,KKT_OK,0,81.316317,50012.99180073872,0.0,false
CYCLOOCTLS,30000,0,2P_SAR1_PH1_ATR1_RRU0,true,1,true,true,false,KKT_OK,0,87.417776,50012.99180073872,0.0,false
CYCLOOCTLS,30000,0,2P_SAR1_PH0_ATR0_RRU1,true,1,false,false,true,KKT_OK,0,88.376865,50012.99180073872,0.0,false
CYCLOOCTLS,30000,0,2P_SAR1_PH1_ATR0_RRU1,true,1,true,false,true,KKT_OK,0,57.19883,50012.99180073872,0.0,false
CYCLOOCTLS,30000,0,2P_SAR1_PH1_ATR1_RRU1,true,1,true,true,true,KKT_OK,0,87.44644,50012.99180073872,0.0,false
DANIWOODLS,2,0,2P_SAR0_PH0_ATR0_RRU0,false,1,false,false,false,MAX_IT,500,119.44032899999999,0.015251670329428832,0.0,false
DANIWOODLS,2,0,2P_SAR0_PH1_ATR0_RRU0,false,1,true,false,false,MAX_IT,500,100.087047,0.016539844381774936,0.0,false
DANIWOODLS,2,0,2P_SAR0_PH1_ATR1_RRU0,false,1,true,true,false,SMALL_STEP,296,82.27933499999999,0.019663546584475847,0.0,false
DANIWOODLS,2,0,2P_SAR0_PH0_ATR0_RRU1,false,1,false,false,true,MAX_IT,500,123.27409,0.015251670329428832,0.0,false
DANIWOODLS,2,0,2P_SAR0_PH1_ATR0_RRU1,false,1,true,false,true,MAX_IT,500,106.085348,0.016539844381774936,0.0,false
DANIWOODLS,2,0,2P_SAR0_PH1_ATR1_RRU1,false,1,true,true,true,SMALL_STEP,296,85.015417,0.019663546584475847,0.0,false
DANIWOODLS,2,0,BASE_2P,true,1,false,false,false,MAX_IT,500,86.965174,0.09743093846834874,0.0,true
DANIWOODLS,2,0,2P_SAR1_PH1_ATR0_RRU0,true,1,true,false,false,MAX_IT,500,105.407397,0.016539844381774936,0.0,false
DANIWOODLS,2,0,2P_SAR1_PH1_ATR1_RRU0,true,1,true,true,false,SMALL_STEP,296,81.19974,0.019663546584475847,0.0,false
DANIWOODLS,2,0,2P_SAR1_PH0_ATR0_RRU1,true,1,false,false,true,MAX_IT,500,81.49936100000001,0.09743093846834874,0.0,false
DANIWOODLS,2,0,2P_SAR1_PH1_ATR0_RRU1,true,1,true,false,true,MAX_IT,500,99.386714,0.016539844381774936,0.0,false
DANIWOODLS,2,0,2P_SAR1_PH1_ATR1_RRU1,true,1,true,true,true,SMALL_STEP,296,79.43405800000001,0.019663546584475847,0.0,false
DANWOODLS,2,0,2P_SAR0_PH0_ATR0_RRU0,false,1,false,false,false,SMALL_STEP,353,87.404227,0.3176186572253561,0.0,false
DANWOODLS,2,0,2P_SAR0_PH1_ATR0_RRU0,false,1,true,false,false,MAX_IT,500,94.162494,0.29699101779597414,0.0,false
DANWOODLS,2,0,2P_SAR0_PH1_ATR1_RRU0,false,1,true,true,false,SMALL_STEP,11,5.510796999999999,0.4071122260494114,0.0,false
DANWOODLS,2,0,2P_SAR0_PH0_ATR0_RRU1,false,1,false,false,true,SMALL_STEP,353,87.902933,0.3176186572253561,0.0,false
DANWOODLS,2,0,2P_SAR0_PH1_ATR0_RRU1,false,1,true,false,true,MAX_IT,500,94.532959,0.29699101779597414,0.0,false
DANWOODLS,2,0,2P_SAR0_PH1_ATR1_RRU1,false,1,true,true,true,SMALL_STEP,11,5.302667,0.4071122260494114,0.0,false
DANWOODLS,2,0,BASE_2P,true,1,false,false,false,SMALL_STEP,19,4.909469,0.3776711309129729,0.0,true
DANWOODLS,2,0,2P_SAR1_PH1_ATR0_RRU0,true,1,true,false,false,MAX_IT,500,94.97562900000001,0.29699101779597414,0.0,false
DANWOODLS,2,0,2P_SAR1_PH1_ATR1_RRU0,true,1,true,true,false,SMALL_STEP,11,5.502392,0.4071122260494114,0.0,false
DANWOODLS,2,0,2P_SAR1_PH0_ATR0_RRU1,true,1,false,false,true,SMALL_STEP,19,5.044061,0.3776711309129729,0.0,false
DANWOODLS,2,0,2P_SAR1_PH1_ATR0_RRU1,true,1,true,false,true,MAX_IT,500,95.481307,0.29699101779597414,0.0,false
DANWOODLS,2,0,2P_SAR1_PH1_ATR1_RRU1,true,1,true,true,true,SMALL_STEP,11,5.62486,0.4071122260494114,0.0,false
DECONVB,63,0,2P_SAR0_PH0_ATR0_RRU0,false,1,false,false,false,KKT_OK,137,55.822798,0.014027536553585412,0.0,false
DECONVB,63,0,2P_SAR0_PH1_ATR0_RRU0,false,1,true,false,false,KKT_OK,259,74.04527900000001,0.01810330515932024,0.0,false
DECONVB,63,0,2P_SAR0_PH1_ATR1_RRU0,false,1,true,true,false,KKT_OK,143,83.638323,0.00485662716083929,0.0,false
DECONVB,63,0,2P_SAR0_PH0_ATR0_RRU1,false,1,false,false,true,KKT_OK,137,57.435514,0.014027536553585412,0.0,false
DECONVB,63,0,2P_SAR0_PH1_ATR0_RRU1,false,1,true,false,true,KKT_OK,259,77.566574,0.01810330515932024,0.0,false
DECONVB,63,0,2P_SAR0_PH1_ATR1_RRU1,false,1,true,true,true,KKT_OK,143,84.065825,0.00485662716083929,0.0,false
DECONVB,63,0,BASE_2P,true,1,false,false,false,KKT_OK,344,98.52669999999999,0.0116135254107739,0.0,true
DECONVB,63,0,2P_SAR1_PH1_ATR0_RRU0,true,1,true,false,false,KKT_OK,259,78.155458,0.01810330515932024,0.0,false
DECONVB,63,0,2P_SAR1_PH1_ATR1_RRU0,true,1,true,true,false,KKT_OK,143,84.52167,0.00485662716083929,0.0,false
DECONVB,63,0,2P_SAR1_PH0_ATR0_RRU1,true,1,false,false,true,KKT_OK,344,86.802107,0.0116135254107739,0.0,false
DECONVB,63,0,2P_SAR1_PH1_ATR0_RRU1,true,1,true,false,true,KKT_OK,259,71.903982,0.01810330515932024,0.0,false
DECONVB,63,0,2P_SAR1_PH1_ATR1_RRU1,true,1,true,true,true,KKT_OK,143,80.07415700000001,0.00485662716083929,0.0,false
DECONVC,63,1,2P_SAR0_PH0_ATR0_RRU0,false,1,false,false,false,KKT_OK,140,76.01433200000001,0.0077319891239687275,4.8884491916056406e-5,false
DECONVC,63,1,2P_SAR0_PH1_ATR0_RRU0,false,1,true,false,false,KKT_OK,151,79.780957,0.006463832014617786,3.7144079631862975e-5,false
DECONVC,63,1,2P_SAR0_PH1_ATR1_RRU0,false,1,true,true,false,KKT_OK,221,148.313325,0.004059125396615821,7.651386954368473e-5,false
DECONVC,63,1,2P_SAR0_PH0_ATR0_RRU1,false,1,false,false,true,KKT_OK,140,78.30930599999999,0.0077319891239687275,4.8884491916056406e-5,false
DECONVC,63,1,2P_SAR0_PH1_ATR0_RRU1,false,1,true,false,true,KKT_OK,151,79.352854,0.006463832014617786,3.7144079631862975e-5,false
DECONVC,63,1,2P_SAR0_PH1_ATR1_RRU1,false,1,true,true,true,KKT_OK,221,147.349247,0.004059125396615821,7.651386954368473e-5,false
DECONVC,63,1,BASE_2P,true,1,false,false,false,KKT_OK,160,82.21913,0.014633846939291446,3.509435786892834e-5,true
DECONVC,63,1,2P_SAR1_PH1_ATR0_RRU0,true,1,true,false,false,KKT_OK,151,80.70447,0.006463832014617786,3.7144079631862975e-5,false
DECONVC,63,1,2P_SAR1_PH1_ATR1_RRU0,true,1,true,true,false,KKT_OK,221,147.836891,0.004059125396615821,7.651386954368473e-5,false
DECONVC,63,1,2P_SAR1_PH0_ATR0_RRU1,true,1,false,false,true,KKT_OK,160,75.977172,0.014633846939291446,3.509435786892834e-5,false
DECONVC,63,1,2P_SAR1_PH1_ATR0_RRU1,true,1,true,false,true,KKT_OK,151,74.65110399999999,0.006463832014617786,3.7144079631862975e-5,false
DECONVC,63,1,2P_SAR1_PH1_ATR1_RRU1,true,1,true,true,true,KKT_OK,221,147.90202299999999,0.004059125396615821,7.651386954368473e-5,false
DECONVU,63,0,2P_SAR0_PH0_ATR0_RRU0,false,1,false,false,false,KKT_OK,147,61.118141,0.01352758750904112,0.0,false
DECONVU,63,0,2P_SAR0_PH1_ATR0_RRU0,false,1,true,false,false,KKT_OK,437,126.111399,0.013135870502667547,0.0,false
DECONVU,63,0,2P_SAR0_PH1_ATR1_RRU0,false,1,true,true,false,KKT_OK,49,33.26302200000001,0.0018750981473254066,0.0,false
DECONVU,63,0,2P_SAR0_PH0_ATR0_RRU1,false,1,false,false,true,KKT_OK,147,225.344773,0.01352758750904112,0.0,false
DECONVU,63,0,2P_SAR0_PH1_ATR0_RRU1,false,1,true,false,true,KKT_OK,437,116.42430900000001,0.013135870502667547,0.0,false
DECONVU,63,0,2P_SAR0_PH1_ATR1_RRU1,false,1,true,true,true,KKT_OK,49,31.034191,0.0018750981473254066,0.0,false
DECONVU,63,0,BASE_2P,true,1,false,false,false,SMALL_STEP,159,44.051998000000005,0.025781895150094308,0.0,true
DECONVU,63,0,2P_SAR1_PH1_ATR0_RRU0,true,1,true,false,false,KKT_OK,437,124.19459400000001,0.013135870502667547,0.0,false
DECONVU,63,0,2P_SAR1_PH1_ATR1_RRU0,true,1,true,true,false,KKT_OK,49,32.655703,0.0018750981473254066,0.0,false
DECONVU,63,0,2P_SAR1_PH0_ATR0_RRU1,true,1,false,false,true,SMALL_STEP,159,46.026663,0.025781895150094308,0.0,false
DECONVU,63,0,2P_SAR1_PH1_ATR0_RRU1,true,1,true,false,true,KKT_OK,437,125.60379599999999,0.013135870502667547,0.0,false
DECONVU,63,0,2P_SAR1_PH1_ATR1_RRU1,true,1,true,true,true,KKT_OK,49,30.741923,0.0018750981473254066,0.0,false
DEGDIAG,100001,0,2P_SAR0_PH0_ATR0_RRU0,false,1,false,false,false,KKT_OK,8,1588.031419,16666.58333417036,0.0,false
DEGDIAG,100001,0,2P_SAR0_PH1_ATR0_RRU0,false,1,true,false,false,KKT_OK,8,1717.8994910000001,16666.58333417036,0.0,false
DEGDIAG,100001,0,2P_SAR0_PH1_ATR1_RRU0,false,1,true,true,false,KKT_OK,8,1721.354497,16666.58333417036,0.0,false
DEGDIAG,100001,0,2P_SAR0_PH0_ATR0_RRU1,false,1,false,false,true,KKT_OK,8,1732.4082649999998,16666.58333417036,0.0,false
DEGDIAG,100001,0,2P_SAR0_PH1_ATR0_RRU1,false,1,true,false,true,KKT_OK,8,1609.1226080000001,16666.58333417036,0.0,false
DEGDIAG,100001,0,2P_SAR0_PH1_ATR1_RRU1,false,1,true,true,true,KKT_OK,8,1760.507442,16666.58333417036,0.0,false
DEGDIAG,100001,0,BASE_2P,true,1,false,false,false,KKT_OK,23,3887.324477,16666.58333417036,0.0,true
DEGDIAG,100001,0,2P_SAR1_PH1_ATR0_RRU0,true,1,true,false,false,KKT_OK,8,1680.297227,16666.58333417036,0.0,false
DEGDIAG,100001,0,2P_SAR1_PH1_ATR1_RRU0,true,1,true,true,false,KKT_OK,8,1624.994435,16666.58333417036,0.0,false
DEGDIAG,100001,0,2P_SAR1_PH0_ATR0_RRU1,true,1,false,false,true,KKT_OK,23,4294.811022,16666.58333417036,0.0,false
DEGDIAG,100001,0,2P_SAR1_PH1_ATR0_RRU1,true,1,true,false,true,KKT_OK,8,1569.320397,16666.58333417036,0.0,false
DEGDIAG,100001,0,2P_SAR1_PH1_ATR1_RRU1,true,1,true,true,true,KKT_OK,8,1695.976632,16666.58333417036,0.0,false
DEGTRID,100001,0,2P_SAR0_PH0_ATR0_RRU0,false,1,false,false,false,KKT_OK,8,3234.223003,-99999.0000732389,0.0,false
DEGTRID,100001,0,2P_SAR0_PH1_ATR0_RRU0,false,1,true,false,false,KKT_OK,7,2529.710004,-99999.00007598307,0.0,false
DEGTRID,100001,0,2P_SAR0_PH1_ATR1_RRU0,false,1,true,true,false,KKT_OK,14,4482.779965,-99999.0736716101,0.0,false
DEGTRID,100001,0,2P_SAR0_PH0_ATR0_RRU1,false,1,false,false,true,KKT_OK,8,3178.035786,-99999.0000732389,0.0,false
DEGTRID,100001,0,2P_SAR0_PH1_ATR0_RRU1,false,1,true,false,true,KKT_OK,7,2958.4173589999996,-99999.00007598307,0.0,false
DEGTRID,100001,0,2P_SAR0_PH1_ATR1_RRU1,false,1,true,true,true,KKT_OK,14,4571.47423,-99999.0736716101,0.0,false
DEGTRID,100001,0,BASE_2P,true,1,false,false,false,KKT_OK,8,3186.5563429999997,-99999.0000732389,0.0,true
DEGTRID,100001,0,2P_SAR1_PH1_ATR0_RRU0,true,1,true,false,false,KKT_OK,7,2600.4590369999996,-99999.00007598307,0.0,false
DEGTRID,100001,0,2P_SAR1_PH1_ATR1_RRU0,true,1,true,true,false,KKT_OK,14,4846.357353,-99999.0736716101,0.0,false
DEGTRID,100001,0,2P_SAR1_PH0_ATR0_RRU1,true,1,false,false,true,KKT_OK,8,3378.501221,-99999.0000732389,0.0,false
DEGTRID,100001,0,2P_SAR1_PH1_ATR0_RRU1,true,1,true,false,true,KKT_OK,7,2420.418206,-99999.00007598307,0.0,false
DEGTRID,100001,0,2P_SAR1_PH1_ATR1_RRU1,true,1,true,true,true,KKT_OK,14,4840.717062000001,-99999.0736716101,0.0,false
DEGTRID2,100001,0,2P_SAR0_PH0_ATR0_RRU0,false,1,false,false,false,KKT_OK,8,1667.211041,-99999.5,0.0,false
DEGTRID2,100001,0,2P_SAR0_PH1_ATR0_RRU0,false,1,true,false,false,KKT_OK,8,1659.813752,-99999.5,0.0,false
DEGTRID2,100001,0,2P_SAR0_PH1_ATR1_RRU0,false,1,true,true,false,KKT_OK,8,1661.636402,-99999.5,0.0,false
DEGTRID2,100001,0,2P_SAR0_PH0_ATR0_RRU1,false,1,false,false,true,KKT_OK,8,1678.826945,-99999.5,0.0,false
DEGTRID2,100001,0,2P_SAR0_PH1_ATR0_RRU1,false,1,true,false,true,KKT_OK,8,1660.136164,-99999.5,0.0,false
DEGTRID2,100001,0,2P_SAR0_PH1_ATR1_RRU1,false,1,true,true,true,KKT_OK,8,1746.611694,-99999.5,0.0,false
DEGTRID2,100001,0,BASE_2P,true,1,false,false,false,KKT_OK,8,1615.392509,-99999.5,0.0,true
DEGTRID2,100001,0,2P_SAR1_PH1_ATR0_RRU0,true,1,true,false,false,KKT_OK,8,1707.081606,-99999.5,0.0,false
DEGTRID2,100001,0,2P_SAR1_PH1_ATR1_RRU0,true,1,true,true,false,KKT_OK,8,1622.3552240000001,-99999.5,0.0,false
DEGTRID2,100001,0,2P_SAR1_PH0_ATR0_RRU1,true,1,false,false,true,KKT_OK,8,1527.045284,-99999.5,0.0,false
DEGTRID2,100001,0,2P_SAR1_PH1_ATR0_RRU1,true,1,true,false,true,KKT_OK,8,1576.743521,-99999.5,0.0,false
DEGTRID2,100001,0,2P_SAR1_PH1_ATR1_RRU1,true,1,true,true,true,KKT_OK,8,1658.177004,-99999.5,0.0,false
DEGTRIDL,100001,1,2P_SAR0_PH0_ATR0_RRU0,false,1,false,false,false,SMALL_STEP,14,158484.639636,0.6048737588571385,1.3623266559292802e-7,false
DEGTRIDL,100001,1,2P_SAR0_PH1_ATR0_RRU0,false,1,true,false,false,SMALL_STEP,13,127965.650281,0.7445955151779344,2.1941984007511905e-8,false
DEGTRIDL,100001,1,2P_SAR0_PH1_ATR1_RRU0,false,1,true,true,false,MAX_IT,500,3.26167495389e6,0.5673519715637667,1.413626240509558e-7,false
DEGTRIDL,100001,1,2P_SAR0_PH0_ATR0_RRU1,false,1,false,false,true,SMALL_STEP,14,157184.068093,0.6048737588571385,1.3623266559292802e-7,false
DEGTRIDL,100001,1,2P_SAR0_PH1_ATR0_RRU1,false,1,true,false,true,SMALL_STEP,13,127141.09228,0.7445955151779344,2.1941984007511905e-8,false
DEGTRIDL,100001,1,2P_SAR0_PH1_ATR1_RRU1,false,1,true,true,true,MAX_IT,500,3.2562236528140004e6,0.5673519715637667,1.413626240509558e-7,false
DEGTRIDL,100001,1,BASE_2P,true,1,false,false,false,SMALL_STEP,13,134538.375484,0.6247820234129904,4.7561819016550544e-7,true
DEGTRIDL,100001,1,2P_SAR1_PH1_ATR0_RRU0,true,1,true,false,false,SMALL_STEP,13,128692.63769400002,0.7445955151779344,2.1941984007511905e-8,false
DEGTRIDL,100001,1,2P_SAR1_PH1_ATR1_RRU0,true,1,true,true,false,MAX_IT,500,3.265703083589e6,0.5673519715637667,1.413626240509558e-7,false
DEGTRIDL,100001,1,2P_SAR1_PH0_ATR0_RRU1,true,1,false,false,true,SMALL_STEP,13,134282.144639,0.6247820234129904,4.7561819016550544e-7,false
DEGTRIDL,100001,1,2P_SAR1_PH1_ATR0_RRU1,true,1,true,false,true,SMALL_STEP,13,128676.821504,0.7445955151779344,2.1941984007511905e-8,false
DEGTRIDL,100001,1,2P_SAR1_PH1_ATR1_RRU1,true,1,true,true,true,MAX_IT,500,3.262484342437e6,0.5673519715637667,1.413626240509558e-7,false
DENSCHNA,2,0,2P_SAR0_PH0_ATR0_RRU0,false,1,false,false,false,KKT_OK,8,6.208317,4.0059342843254506e-32,0.0,false
DENSCHNA,2,0,2P_SAR0_PH1_ATR0_RRU0,false,1,true,false,false,KKT_OK,8,4.013778,1.440826749979943e-20,0.0,false
DENSCHNA,2,0,2P_SAR0_PH1_ATR1_RRU0,false,1,true,true,false,KKT_OK,26,8.925838,1.6005167461234862e-7,0.0,false
DENSCHNA,2,0,2P_SAR0_PH0_ATR0_RRU1,false,1,false,false,true,KKT_OK,8,5.977635,4.0059342843254506e-32,0.0,false
DENSCHNA,2,0,2P_SAR0_PH1_ATR0_RRU1,false,1,true,false,true,KKT_OK,8,4.011914,1.440826749979943e-20,0.0,false
DENSCHNA,2,0,2P_SAR0_PH1_ATR1_RRU1,false,1,true,true,true,KKT_OK,26,8.879481,1.6005167461234862e-7,0.0,false
DENSCHNA,2,0,BASE_2P,true,1,false,false,false,KKT_OK,13,5.781779,1.2634100435180267e-31,0.0,true
DENSCHNA,2,0,2P_SAR1_PH1_ATR0_RRU0,true,1,true,false,false,KKT_OK,8,3.9928280000000003,1.440826749979943e-20,0.0,false
DENSCHNA,2,0,2P_SAR1_PH1_ATR1_RRU0,true,1,true,true,false,KKT_OK,26,8.88942,1.6005167461234862e-7,0.0,false
DENSCHNA,2,0,2P_SAR1_PH0_ATR0_RRU1,true,1,false,false,true,KKT_OK,13,5.673446,1.2634100435180267e-31,0.0,false
DENSCHNA,2,0,2P_SAR1_PH1_ATR0_RRU1,true,1,true,false,true,KKT_OK,8,3.973662,1.440826749979943e-20,0.0,false
DENSCHNA,2,0,2P_SAR1_PH1_ATR1_RRU1,true,1,true,true,true,KKT_OK,26,8.817043,1.6005167461234862e-7,0.0,false
DENSCHNB,2,0,2P_SAR0_PH0_ATR0_RRU0,false,1,false,false,false,KKT_OK,15,5.743317,2.8608366938087475e-8,0.0,false
DENSCHNB,2,0,2P_SAR0_PH1_ATR0_RRU0,false,1,true,false,false,KKT_OK,14,4.224753000000001,1.9755804567830457e-9,0.0,false
DENSCHNB,2,0,2P_SAR0_PH1_ATR1_RRU0,false,1,true,true,false,KKT_OK,21,7.3963730000000005,2.270182097895053e-10,0.0,false
DENSCHNB,2,0,2P_SAR0_PH0_ATR0_RRU1,false,1,false,false,true,KKT_OK,15,5.384174000000001,2.8608366938087475e-8,0.0,false
DENSCHNB,2,0,2P_SAR0_PH1_ATR0_RRU1,false,1,true,false,true,KKT_OK,14,4.243358,1.9755804567830457e-9,0.0,false
DENSCHNB,2,0,2P_SAR0_PH1_ATR1_RRU1,false,1,true,true,true,KKT_OK,21,7.449342000000001,2.270182097895053e-10,0.0,false
DENSCHNB,2,0,BASE_2P,true,1,false,false,false,KKT_OK,22,7.1132729999999995,1.6270256170183365e-30,0.0,true
DENSCHNB,2,0,2P_SAR1_PH1_ATR0_RRU0,true,1,true,false,false,KKT_OK,14,4.238399,1.9755804567830457e-9,0.0,false
DENSCHNB,2,0,2P_SAR1_PH1_ATR1_RRU0,true,1,true,true,false,KKT_OK,21,7.433452999999999,2.270182097895053e-10,0.0,false
DENSCHNB,2,0,2P_SAR1_PH0_ATR0_RRU1,true,1,false,false,true,KKT_OK,22,7.108042,1.6270256170183365e-30,0.0,false
DENSCHNB,2,0,2P_SAR1_PH1_ATR0_RRU1,true,1,true,false,true,KKT_OK,14,4.255509999999999,1.9755804567830457e-9,0.0,false
DENSCHNB,2,0,2P_SAR1_PH1_ATR1_RRU1,true,1,true,true,true,KKT_OK,21,7.429194,2.270182097895053e-10,0.0,false
DENSCHNC,2,0,2P_SAR0_PH0_ATR0_RRU0,false,1,false,false,false,KKT_OK,55,15.852151,3.6464432126998796,0.0,false
DENSCHNC,2,0,2P_SAR0_PH1_ATR0_RRU0,false,1,true,false,false,SMALL_STEP,108,23.29518,7.30997152216264e-7,0.0,false
DENSCHNC,2,0,2P_SAR0_PH1_ATR1_RRU0,false,1,true,true,false,KKT_OK,35,11.220435,3.646441755903212,0.0,false
DENSCHNC,2,0,2P_SAR0_PH0_ATR0_RRU1,false,1,false,false,true,KKT_OK,55,14.434845,3.6464432126998796,0.0,false
DENSCHNC,2,0,2P_SAR0_PH1_ATR0_RRU1,false,1,true,false,true,SMALL_STEP,108,22.987454,7.30997152216264e-7,0.0,false
DENSCHNC,2,0,2P_SAR0_PH1_ATR1_RRU1,false,1,true,true,true,KKT_OK,35,11.238168,3.646441755903212,0.0,false
DENSCHNC,2,0,BASE_2P,true,1,false,false,false,SMALL_STEP,177,29.725763999999998,1.0111462562794263e-5,0.0,true
DENSCHNC,2,0,2P_SAR1_PH1_ATR0_RRU0,true,1,true,false,false,SMALL_STEP,108,23.072954,7.30997152216264e-7,0.0,false
DENSCHNC,2,0,2P_SAR1_PH1_ATR1_RRU0,true,1,true,true,false,KKT_OK,35,11.3781,3.646441755903212,0.0,false
DENSCHNC,2,0,2P_SAR1_PH0_ATR0_RRU1,true,1,false,false,true,SMALL_STEP,177,30.10231,1.0111462562794263e-5,0.0,false
DENSCHNC,2,0,2P_SAR1_PH1_ATR0_RRU1,true,1,true,false,true,SMALL_STEP,108,23.399034999999998,7.30997152216264e-7,0.0,false
DENSCHNC,2,0,2P_SAR1_PH1_ATR1_RRU1,true,1,true,true,true,KKT_OK,35,11.325462,3.646441755903212,0.0,false
DENSCHND,3,0,2P_SAR0_PH0_ATR0_RRU0,false,1,false,false,false,KKT_OK,123,31.406933,1.6002210279109572e-5,0.0,false
DENSCHND,3,0,2P_SAR0_PH1_ATR0_RRU0,false,1,true,false,false,MAX_IT,500,107.367662,812.6009211532232,0.0,false
DENSCHND,3,0,2P_SAR0_PH1_ATR1_RRU0,false,1,true,true,false,KKT_OK,260,77.200582,0.00011958480345395777,0.0,false
DENSCHND,3,0,2P_SAR0_PH0_ATR0_RRU1,false,1,false,false,true,KKT_OK,123,31.30411,1.6002210279109572e-5,0.0,false
DENSCHND,3,0,2P_SAR0_PH1_ATR0_RRU1,false,1,true,false,true,MAX_IT,500,107.87527299999999,812.6009211532232,0.0,false
DENSCHND,3,0,2P_SAR0_PH1_ATR1_RRU1,false,1,true,true,true,KKT_OK,260,76.510178,0.00011958480345395777,0.0,false
DENSCHND,3,0,BASE_2P,true,1,false,false,false,MAX_IT,500,82.94286600000001,3500.7905759541445,0.0,true
DENSCHND,3,0,2P_SAR1_PH1_ATR0_RRU0,true,1,true,false,false,MAX_IT,500,107.085484,812.6009211532232,0.0,false
DENSCHND,3,0,2P_SAR1_PH1_ATR1_RRU0,true,1,true,true,false,KKT_OK,260,76.46499399999999,0.00011958480345395777,0.0,false
DENSCHND,3,0,2P_SAR1_PH0_ATR0_RRU1,true,1,false,false,true,MAX_IT,500,82.64757300000001,3500.7905759541445,0.0,false
DENSCHND,3,0,2P_SAR1_PH1_ATR0_RRU1,true,1,true,false,true,MAX_IT,500,107.432123,812.6009211532232,0.0,false
DENSCHND,3,0,2P_SAR1_PH1_ATR1_RRU1,true,1,true,true,true,KKT_OK,260,76.311577,0.00011958480345395777,0.0,false
DENSCHNE,3,0,2P_SAR0_PH0_ATR0_RRU0,false,1,false,false,false,KKT_OK,61,18.909516,1.1800714437057453e-30,0.0,false
DENSCHNE,3,0,2P_SAR0_PH1_ATR0_RRU0,false,1,true,false,false,KKT_OK,60,13.157092,2.416959093698002e-7,0.0,false
DENSCHNE,3,0,2P_SAR0_PH1_ATR1_RRU0,false,1,true,true,false,KKT_OK,87,24.37866,3.884183370240185e-8,0.0,false
DENSCHNE,3,0,2P_SAR0_PH0_ATR0_RRU1,false,1,false,false,true,KKT_OK,61,17.823052,1.1800714437057453e-30,0.0,false
DENSCHNE,3,0,2P_SAR0_PH1_ATR0_RRU1,false,1,true,false,true,KKT_OK,60,13.111588000000001,2.416959093698002e-7,0.0,false
DENSCHNE,3,0,2P_SAR0_PH1_ATR1_RRU1,false,1,true,true,true,KKT_OK,87,24.386815,3.884183370240185e-8,0.0,false
DENSCHNE,3,0,BASE_2P,true,1,false,false,false,MAX_IT,500,86.69990299999999,0.7618920287241036,0.0,true
DENSCHNE,3,0,2P_SAR1_PH1_ATR0_RRU0,true,1,true,false,false,KKT_OK,60,13.701913,2.416959093698002e-7,0.0,false
DENSCHNE,3,0,2P_SAR1_PH1_ATR1_RRU0,true,1,true,true,false,KKT_OK,87,24.438201,3.884183370240185e-8,0.0,false
DENSCHNE,3,0,2P_SAR1_PH0_ATR0_RRU1,true,1,false,false,true,MAX_IT,500,82.421069,0.7618920287241036,0.0,false
DENSCHNE,3,0,2P_SAR1_PH1_ATR0_RRU1,true,1,true,false,true,KKT_OK,60,13.23638,2.416959093698002e-7,0.0,false
DENSCHNE,3,0,2P_SAR1_PH1_ATR1_RRU1,true,1,true,true,true,KKT_OK,87,24.498564000000002,3.884183370240185e-8,0.0,false
DENSCHNF,2,0,2P_SAR0_PH0_ATR0_RRU0,false,1,false,false,false,KKT_OK,8,5.818327,3.1554436208840472e-30,0.0,false
DENSCHNF,2,0,2P_SAR0_PH1_ATR0_RRU0,false,1,true,false,false,KKT_OK,10,4.893635000000001,1.5974433330725489e-27,0.0,false
DENSCHNF,2,0,2P_SAR0_PH1_ATR1_RRU0,false,1,true,true,false,SMALL_STEP,23,8.349017,2.548176644961335e-7,0.0,false
DENSCHNF,2,0,2P_SAR0_PH0_ATR0_RRU1,false,1,false,false,true,KKT_OK,8,5.634052,3.1554436208840472e-30,0.0,false
DENSCHNF,2,0,2P_SAR0_PH1_ATR0_RRU1,false,1,true,false,true,KKT_OK,10,4.920236,1.5974433330725489e-27,0.0,false
DENSCHNF,2,0,2P_SAR0_PH1_ATR1_RRU1,false,1,true,true,true,SMALL_STEP,23,8.374505000000001,2.548176644961335e-7,0.0,false
DENSCHNF,2,0,BASE_2P,true,1,false,false,false,KKT_OK,13,5.704754,1.1438483125704671e-28,0.0,true
DENSCHNF,2,0,2P_SAR1_PH1_ATR0_RRU0,true,1,true,false,false,KKT_OK,10,4.943218,1.5974433330725489e-27,0.0,false
DENSCHNF,2,0,2P_SAR1_PH1_ATR1_RRU0,true,1,true,true,false,SMALL_STEP,23,8.385455,2.548176644961335e-7,0.0,false
DENSCHNF,2,0,2P_SAR1_PH0_ATR0_RRU1,true,1,false,false,true,KKT_OK,13,6.459727999999999,1.1438483125704671e-28,0.0,false
DENSCHNF,2,0,2P_SAR1_PH1_ATR0_RRU1,true,1,true,false,true,KKT_OK,10,5.066949999999999,1.5974433330725489e-27,0.0,false
DENSCHNF,2,0,2P_SAR1_PH1_ATR1_RRU1,true,1,true,true,true,SMALL_STEP,23,8.469313,2.548176644961335e-7,0.0,false
DEVGLA1,4,0,2P_SAR0_PH0_ATR0_RRU0,false,1,false,false,false,MAX_IT,500,131.435289,22932.036352520423,0.0,false
DEVGLA1,4,0,2P_SAR0_PH1_ATR0_RRU0,false,1,true,false,false,MAX_IT,500,96.62375,22336.694529270095,0.0,false
DEVGLA1,4,0,2P_SAR0_PH1_ATR1_RRU0,false,1,true,true,false,MAX_IT,500,146.923037,26583.475556024136,0.0,false
DEVGLA1,4,0,2P_SAR0_PH0_ATR0_RRU1,false,1,false,false,true,MAX_IT,500,124.379645,22932.036352520423,0.0,false
DEVGLA1,4,0,2P_SAR0_PH1_ATR0_RRU1,false,1,true,false,true,MAX_IT,500,96.984856,22336.694529270095,0.0,false
DEVGLA1,4,0,2P_SAR0_PH1_ATR1_RRU1,false,1,true,true,true,MAX_IT,500,151.851908,26583.475556024136,0.0,false
DEVGLA1,4,0,BASE_2P,true,1,false,false,false,MAX_IT,500,87.19195500000001,23617.058752686786,0.0,true
DEVGLA1,4,0,2P_SAR1_PH1_ATR0_RRU0,true,1,true,false,false,MAX_IT,500,95.87148099999999,22336.694529270095,0.0,false
DEVGLA1,4,0,2P_SAR1_PH1_ATR1_RRU0,true,1,true,true,false,MAX_IT,500,147.172514,26583.475556024136,0.0,false
DEVGLA1,4,0,2P_SAR1_PH0_ATR0_RRU1,true,1,false,false,true,MAX_IT,500,87.00060699999999,23617.058752686786,0.0,false
DEVGLA1,4,0,2P_SAR1_PH1_ATR0_RRU1,true,1,true,false,true,MAX_IT,500,100.729299,22336.694529270095,0.0,false
DEVGLA1,4,0,2P_SAR1_PH1_ATR1_RRU1,true,1,true,true,true,MAX_IT,500,146.426306,26583.475556024136,0.0,false
DEVGLA1B,4,0,2P_SAR0_PH0_ATR0_RRU0,false,1,false,false,false,MAX_IT,500,125.977598,22932.036352520423,0.0,false
DEVGLA1B,4,0,2P_SAR0_PH1_ATR0_RRU0,false,1,true,false,false,MAX_IT,500,96.47476,22336.694529270095,0.0,false
DEVGLA1B,4,0,2P_SAR0_PH1_ATR1_RRU0,false,1,true,true,false,MAX_IT,500,149.11243800000003,26583.475556024136,0.0,false
DEVGLA1B,4,0,2P_SAR0_PH0_ATR0_RRU1,false,1,false,false,true,MAX_IT,500,130.278593,22932.036352520423,0.0,false
DEVGLA1B,4,0,2P_SAR0_PH1_ATR0_RRU1,false,1,true,false,true,MAX_IT,500,96.423525,22336.694529270095,0.0,false
DEVGLA1B,4,0,2P_SAR0_PH1_ATR1_RRU1,false,1,true,true,true,MAX_IT,500,154.787176,26583.475556024136,0.0,false
DEVGLA1B,4,0,BASE_2P,true,1,false,false,false,MAX_IT,500,91.269581,23617.058752686786,0.0,true
DEVGLA1B,4,0,2P_SAR1_PH1_ATR0_RRU0,true,1,true,false,false,MAX_IT,500,96.196449,22336.694529270095,0.0,false
DEVGLA1B,4,0,2P_SAR1_PH1_ATR1_RRU0,true,1,true,true,false,MAX_IT,500,148.21105,26583.475556024136,0.0,false
DEVGLA1B,4,0,2P_SAR1_PH0_ATR0_RRU1,true,1,false,false,true,MAX_IT,500,87.400595,23617.058752686786,0.0,false
DEVGLA1B,4,0,2P_SAR1_PH1_ATR0_RRU1,true,1,true,false,true,MAX_IT,500,97.597373,22336.694529270095,0.0,false
DEVGLA1B,4,0,2P_SAR1_PH1_ATR1_RRU1,true,1,true,true,true,MAX_IT,500,147.254808,26583.475556024136,0.0,false
DEVGLA2,5,0,2P_SAR0_PH0_ATR0_RRU0,false,1,false,false,false,MAX_IT,500,133.008336,1679.9967268821922,0.0,false
DEVGLA2,5,0,2P_SAR0_PH1_ATR0_RRU0,false,1,true,false,false,MAX_IT,500,95.096851,1672.1394520078434,0.0,false
DEVGLA2,5,0,2P_SAR0_PH1_ATR1_RRU0,false,1,true,true,false,MAX_IT,500,147.57253400000002,2218.4017995711606,0.0,false
DEVGLA2,5,0,2P_SAR0_PH0_ATR0_RRU1,false,1,false,false,true,MAX_IT,500,126.44983200000001,1679.9967268821922,0.0,false
DEVGLA2,5,0,2P_SAR0_PH1_ATR0_RRU1,false,1,true,false,true,MAX_IT,500,95.821237,1672.1394520078434,0.0,false
DEVGLA2,5,0,2P_SAR0_PH1_ATR1_RRU1,false,1,true,true,true,MAX_IT,500,145.37089,2218.4017995711606,0.0,false
DEVGLA2,5,0,BASE_2P,true,1,false,false,false,MAX_IT,500,88.768527,1916.6876153080634,0.0,true
DEVGLA2,5,0,2P_SAR1_PH1_ATR0_RRU0,true,1,true,false,false,MAX_IT,500,94.82991100000001,1672.1394520078434,0.0,false
DEVGLA2,5,0,2P_SAR1_PH1_ATR1_RRU0,true,1,true,true,false,MAX_IT,500,147.499346,2218.4017995711606,0.0,false
DEVGLA2,5,0,2P_SAR1_PH0_ATR0_RRU1,true,1,false,false,true,MAX_IT,500,91.43393900000001,1916.6876153080634,0.0,false
DEVGLA2,5,0,2P_SAR1_PH1_ATR0_RRU1,true,1,true,false,true,MAX_IT,500,100.43100000000001,1672.1394520078434,0.0,false
DEVGLA2,5,0,2P_SAR1_PH1_ATR1_RRU1,true,1,true,true,true,MAX_IT,500,144.977734,2218.4017995711606,0.0,false
DEVGLA2B,5,0,2P_SAR0_PH0_ATR0_RRU0,false,1,false,false,false,MAX_IT,500,128.225908,10672.723556902485,0.0,false
DEVGLA2B,5,0,2P_SAR0_PH1_ATR0_RRU0,false,1,true,false,false,MAX_IT,500,104.656855,10675.42881840783,0.0,false
DEVGLA2B,5,0,2P_SAR0_PH1_ATR1_RRU0,false,1,true,true,false,SMALL_STEP,162,48.221286,10643.50321753109,0.0,false
DEVGLA2B,5,0,2P_SAR0_PH0_ATR0_RRU1,false,1,false,false,true,MAX_IT,500,126.85842699999999,10672.723556902485,0.0,false
DEVGLA2B,5,0,2P_SAR0_PH1_ATR0_RRU1,false,1,true,false,true,MAX_IT,500,99.310441,10675.42881840783,0.0,false
DEVGLA2B,5,0,2P_SAR0_PH1_ATR1_RRU1,false,1,true,true,true,SMALL_STEP,162,47.447525999999996,10643.50321753109,0.0,false
DEVGLA2B,5,0,BASE_2P,true,1,false,false,false,MAX_IT,500,89.025559,10703.748630478649,0.0,true
DEVGLA2B,5,0,2P_SAR1_PH1_ATR0_RRU0,true,1,true,false,false,MAX_IT,500,99.569707,10675.42881840783,0.0,false
DEVGLA2B,5,0,2P_SAR1_PH1_ATR1_RRU0,true,1,true,true,false,SMALL_STEP,162,47.4389,10643.50321753109,0.0,false
DEVGLA2B,5,0,2P_SAR1_PH0_ATR0_RRU1,true,1,false,false,true,MAX_IT,500,89.455995,10703.748630478649,0.0,false
DEVGLA2B,5,0,2P_SAR1_PH1_ATR0_RRU1,true,1,true,false,true,MAX_IT,500,104.041613,10675.42881840783,0.0,false
DEVGLA2B,5,0,2P_SAR1_PH1_ATR1_RRU1,true,1,true,true,true,SMALL_STEP,162,47.018212,10643.50321753109,0.0,false
DGOSPEC,3,0,2P_SAR0_PH0_ATR0_RRU0,false,1,false,false,false,SMALL_STEP,11,5.1281740000000005,-989.358184313305,0.0,false
DGOSPEC,3,0,2P_SAR0_PH1_ATR0_RRU0,false,1,true,false,false,MAX_IT,500,82.342421,-989.8099292251727,0.0,false
DGOSPEC,3,0,2P_SAR0_PH1_ATR1_RRU0,false,1,true,true,false,SMALL_STEP,7,5.054356,-989.2176513188497,0.0,false
DGOSPEC,3,0,2P_SAR0_PH0_ATR0_RRU1,false,1,false,false,true,SMALL_STEP,11,4.407605,-989.358184313305,0.0,false
DGOSPEC,3,0,2P_SAR0_PH1_ATR0_RRU1,false,1,true,false,true,MAX_IT,500,82.79373700000001,-989.8099292251727,0.0,false
DGOSPEC,3,0,2P_SAR0_PH1_ATR1_RRU1,false,1,true,true,true,SMALL_STEP,7,5.1376420000000005,-989.2176513188497,0.0,false
DGOSPEC,3,0,BASE_2P,true,1,false,false,false,SMALL_STEP,13,4.700092000000001,-990.259453844555,0.0,true
DGOSPEC,3,0,2P_SAR1_PH1_ATR0_RRU0,true,1,true,false,false,MAX_IT,500,82.702535,-989.8099292251727,0.0,false
DGOSPEC,3,0,2P_SAR1_PH1_ATR1_RRU0,true,1,true,true,false,SMALL_STEP,7,5.075646,-989.2176513188497,0.0,false
DGOSPEC,3,0,2P_SAR1_PH0_ATR0_RRU1,true,1,false,false,true,SMALL_STEP,13,4.634209,-990.259453844555,0.0,false
DGOSPEC,3,0,2P_SAR1_PH1_ATR0_RRU1,true,1,true,false,true,MAX_IT,500,82.054953,-989.8099292251727,0.0,false
DGOSPEC,3,0,2P_SAR1_PH1_ATR1_RRU1,true,1,true,true,true,SMALL_STEP,7,4.422904,-989.2176513188497,0.0,false
DIAGIQB,10,0,2P_SAR0_PH0_ATR0_RRU0,false,1,false,false,false,MAX_IT,500,125.59248600000001,-1.0149994100000588e13,0.0,false
DIAGIQB,10,0,2P_SAR0_PH1_ATR0_RRU0,false,1,true,false,false,MAX_IT,500,88.157923,-1.0149994100000588e13,0.0,false
DIAGIQB,10,0,2P_SAR0_PH1_ATR1_RRU0,false,1,true,true,false,SMALL_STEP,60,19.892307000000002,-1.0149994100000588e13,0.0,false
DIAGIQB,10,0,2P_SAR0_PH0_ATR0_RRU1,false,1,false,false,true,MAX_IT,500,125.670732,-1.0149994100000588e13,0.0,false
DIAGIQB,10,0,2P_SAR0_PH1_ATR0_RRU1,false,1,true,false,true,MAX_IT,500,88.386993,-1.0149994100000588e13,0.0,false
DIAGIQB,10,0,2P_SAR0_PH1_ATR1_RRU1,false,1,true,true,true,SMALL_STEP,60,19.898939000000002,-1.0149994100000588e13,0.0,false
DIAGIQB,10,0,BASE_2P,true,1,false,false,false,MAX_IT,500,126.091079,-1.0149994100000588e13,0.0,true
DIAGIQB,10,0,2P_SAR1_PH1_ATR0_RRU0,true,1,true,false,false,MAX_IT,500,88.742668,-1.0149994100000588e13,0.0,false
DIAGIQB,10,0,2P_SAR1_PH1_ATR1_RRU0,true,1,true,true,false,SMALL_STEP,60,19.930719,-1.0149994100000588e13,0.0,false
DIAGIQB,10,0,2P_SAR1_PH0_ATR0_RRU1,true,1,false,false,true,MAX_IT,500,126.308697,-1.0149994100000588e13,0.0,false
DIAGIQB,10,0,2P_SAR1_PH1_ATR0_RRU1,true,1,true,false,true,MAX_IT,500,89.126177,-1.0149994100000588e13,0.0,false
DIAGIQB,10,0,2P_SAR1_PH1_ATR1_RRU1,true,1,true,true,true,SMALL_STEP,60,19.945687,-1.0149994100000588e13,0.0,false
DIAGIQE,1000,0,2P_SAR0_PH0_ATR0_RRU0,false,1,false,false,false,MAX_IT,500,1127.509456,-6.237394577717318e16,0.0,false
DIAGIQE,1000,0,2P_SAR0_PH1_ATR0_RRU0,false,1,true,false,false,MAX_IT,500,768.974485,-6.237410698660158e16,0.0,false
DIAGIQE,1000,0,2P_SAR0_PH1_ATR1_RRU0,false,1,true,true,false,SMALL_STEP,484,1395.403763,-6.23745045022e16,0.0,false
DIAGIQE,1000,0,2P_SAR0_PH0_ATR0_RRU1,false,1,false,false,true,MAX_IT,500,1156.7903159999998,-6.237394577717318e16,0.0,false
DIAGIQE,1000,0,2P_SAR0_PH1_ATR0_RRU1,false,1,true,false,true,MAX_IT,500,786.828052,-6.237410698660158e16,0.0,false
DIAGIQE,1000,0,2P_SAR0_PH1_ATR1_RRU1,false,1,true,true,true,SMALL_STEP,484,1410.08614,-6.23745045022e16,0.0,false
DIAGIQE,1000,0,BASE_2P,true,1,false,false,false,MAX_IT,500,1166.428246,-6.237394577717318e16,0.0,true
DIAGIQE,1000,0,2P_SAR1_PH1_ATR0_RRU0,true,1,true,false,false,MAX_IT,500,787.3809269999999,-6.237410698660158e16,0.0,false
DIAGIQE,1000,0,2P_SAR1_PH1_ATR1_RRU0,true,1,true,true,false,SMALL_STEP,484,1472.7216,-6.23745045022e16,0.0,false
DIAGIQE,1000,0,2P_SAR1_PH0_ATR0_RRU1,true,1,false,false,true,MAX_IT,500,1176.0773159999999,-6.237394577717318e16,0.0,false
DIAGIQE,1000,0,2P_SAR1_PH1_ATR0_RRU1,true,1,true,false,true,MAX_IT,500,772.6949109999999,-6.237410698660158e16,0.0,false
DIAGIQE,1000,0,2P_SAR1_PH1_ATR1_RRU1,true,1,true,true,true,SMALL_STEP,484,1440.1442229999998,-6.23745045022e16,0.0,false
DIAGIQT,1000,0,2P_SAR0_PH0_ATR0_RRU0,false,1,false,false,false,MAX_IT,500,1150.019099,-3.4642374394645108e16,0.0,false
DIAGIQT,1000,0,2P_SAR0_PH1_ATR0_RRU0,false,1,true,false,false,MAX_IT,500,811.422923,-3.46426872946707e16,0.0,false
DIAGIQT,1000,0,2P_SAR0_PH1_ATR1_RRU0,false,1,true,true,false,MAX_IT,500,1552.706871,-3.4642708206975344e16,0.0,false
DIAGIQT,1000,0,2P_SAR0_PH0_ATR0_RRU1,false,1,false,false,true,MAX_IT,500,1151.10437,-3.4642374394645108e16,0.0,false
DIAGIQT,1000,0,2P_SAR0_PH1_ATR0_RRU1,false,1,true,false,true,MAX_IT,500,826.4348379999999,-3.46426872946707e16,0.0,false
DIAGIQT,1000,0,2P_SAR0_PH1_ATR1_RRU1,false,1,true,true,true,MAX_IT,500,1505.713716,-3.4642708206975344e16,0.0,false
DIAGIQT,1000,0,BASE_2P,true,1,false,false,false,MAX_IT,500,1163.1200239999998,-3.4642704662716068e16,0.0,true
DIAGIQT,1000,0,2P_SAR1_PH1_ATR0_RRU0,true,1,true,false,false,MAX_IT,500,777.990455,-3.46426872946707e16,0.0,false
DIAGIQT,1000,0,2P_SAR1_PH1_ATR1_RRU0,true,1,true,true,false,MAX_IT,500,1503.872095,-3.4642708206975344e16,0.0,false
DIAGIQT,1000,0,2P_SAR1_PH0_ATR0_RRU1,true,1,false,false,true,MAX_IT,500,1185.4620579999998,-3.4642704662716068e16,0.0,false
DIAGIQT,1000,0,2P_SAR1_PH1_ATR0_RRU1,true,1,true,false,true,MAX_IT,500,805.707717,-3.46426872946707e16,0.0,false
DIAGIQT,1000,0,2P_SAR1_PH1_ATR1_RRU1,true,1,true,true,true,MAX_IT,500,1541.014509,-3.4642708206975344e16,0.0,false
DIAGNQB,1000,0,2P_SAR0_PH0_ATR0_RRU0,false,1,false,false,false,KKT_OK,27,38.878085,-3.330837485061e17,0.0,false
DIAGNQB,1000,0,2P_SAR0_PH1_ATR0_RRU0,false,1,true,false,false,KKT_OK,27,39.589238,-3.330837485061e17,0.0,false
DIAGNQB,1000,0,2P_SAR0_PH1_ATR1_RRU0,false,1,true,true,false,KKT_OK,27,40.231992,-3.330837485061e17,0.0,false
DIAGNQB,1000,0,2P_SAR0_PH0_ATR0_RRU1,false,1,false,false,true,KKT_OK,27,39.693243,-3.330837485061e17,0.0,false
DIAGNQB,1000,0,2P_SAR0_PH1_ATR0_RRU1,false,1,true,false,true,KKT_OK,27,39.663767,-3.330837485061e17,0.0,false
DIAGNQB,1000,0,2P_SAR0_PH1_ATR1_RRU1,false,1,true,true,true,KKT_OK,27,39.928233,-3.330837485061e17,0.0,false
DIAGNQB,1000,0,BASE_2P,true,1,false,false,false,KKT_OK,27,39.659259000000006,-3.330837485061e17,0.0,true
DIAGNQB,1000,0,2P_SAR1_PH1_ATR0_RRU0,true,1,true,false,false,KKT_OK,27,39.507575,-3.330837485061e17,0.0,false
DIAGNQB,1000,0,2P_SAR1_PH1_ATR1_RRU0,true,1,true,true,false,KKT_OK,27,40.05505,-3.330837485061e17,0.0,false
DIAGNQB,1000,0,2P_SAR1_PH0_ATR0_RRU1,true,1,false,false,true,KKT_OK,27,39.689586,-3.330837485061e17,0.0,false
DIAGNQB,1000,0,2P_SAR1_PH1_ATR0_RRU1,true,1,true,false,true,KKT_OK,27,39.631898,-3.330837485061e17,0.0,false
DIAGNQB,1000,0,2P_SAR1_PH1_ATR1_RRU1,true,1,true,true,true,KKT_OK,27,40.315698,-3.330837485061e17,0.0,false
DIAGNQE,1000,0,2P_SAR0_PH0_ATR0_RRU0,false,1,false,false,false,KKT_OK,27,39.422916,-2.502495040011e17,0.0,false
DIAGNQE,1000,0,2P_SAR0_PH1_ATR0_RRU0,false,1,true,false,false,KKT_OK,27,39.561766,-2.502495040011e17,0.0,false
DIAGNQE,1000,0,2P_SAR0_PH1_ATR1_RRU0,false,1,true,true,false,KKT_OK,27,40.593087,-2.502495040011e17,0.0,false
DIAGNQE,1000,0,2P_SAR0_PH0_ATR0_RRU1,false,1,false,false,true,KKT_OK,27,39.992513,-2.502495040011e17,0.0,false
DIAGNQE,1000,0,2P_SAR0_PH1_ATR0_RRU1,false,1,true,false,true,KKT_OK,27,45.333085000000004,-2.502495040011e17,0.0,false
DIAGNQE,1000,0,2P_SAR0_PH1_ATR1_RRU1,false,1,true,true,true,KKT_OK,27,40.417209,-2.502495040011e17,0.0,false
DIAGNQE,1000,0,BASE_2P,true,1,false,false,false,KKT_OK,27,39.614314,-2.502495040011e17,0.0,true
DIAGNQE,1000,0,2P_SAR1_PH1_ATR0_RRU0,true,1,true,false,false,KKT_OK,27,40.214298,-2.502495040011e17,0.0,false
DIAGNQE,1000,0,2P_SAR1_PH1_ATR1_RRU0,true,1,true,true,false,KKT_OK,27,40.128377,-2.502495040011e17,0.0,false
DIAGNQE,1000,0,2P_SAR1_PH0_ATR0_RRU1,true,1,false,false,true,KKT_OK,27,76.99240999999999,-2.502495040011e17,0.0,false
DIAGNQE,1000,0,2P_SAR1_PH1_ATR0_RRU1,true,1,true,false,true,KKT_OK,27,39.702499,-2.502495040011e17,0.0,false
DIAGNQE,1000,0,2P_SAR1_PH1_ATR1_RRU1,true,1,true,true,true,KKT_OK,27,45.062388,-2.502495040011e17,0.0,false
DIAGNQT,1000,0,2P_SAR0_PH0_ATR0_RRU0,false,1,false,false,false,KKT_OK,27,39.36133,-1.669115931141e17,0.0,false
DIAGNQT,1000,0,2P_SAR0_PH1_ATR0_RRU0,false,1,true,false,false,KKT_OK,27,41.878665000000005,-1.669115931141e17,0.0,false
DIAGNQT,1000,0,2P_SAR0_PH1_ATR1_RRU0,false,1,true,true,false,KKT_OK,27,39.968628,-1.669115931141e17,0.0,false
DIAGNQT,1000,0,2P_SAR0_PH0_ATR0_RRU1,false,1,false,false,true,KKT_OK,27,39.322047,-1.669115931141e17,0.0,false
DIAGNQT,1000,0,2P_SAR0_PH1_ATR0_RRU1,false,1,true,false,true,KKT_OK,27,40.164054,-1.669115931141e17,0.0,false
DIAGNQT,1000,0,2P_SAR0_PH1_ATR1_RRU1,false,1,true,true,true,KKT_OK,27,40.323001,-1.669115931141e17,0.0,false
DIAGNQT,1000,0,BASE_2P,true,1,false,false,false,KKT_OK,27,44.247963,-1.669115931141e17,0.0,true
DIAGNQT,1000,0,2P_SAR1_PH1_ATR0_RRU0,true,1,true,false,false,KKT_OK,27,39.562748,-1.669115931141e17,0.0,false
DIAGNQT,1000,0,2P_SAR1_PH1_ATR1_RRU0,true,1,true,true,false,KKT_OK,27,39.408218000000005,-1.669115931141e17,0.0,false
DIAGNQT,1000,0,2P_SAR1_PH0_ATR0_RRU1,true,1,false,false,true,KKT_OK,27,39.556675999999996,-1.669115931141e17,0.0,false
DIAGNQT,1000,0,2P_SAR1_PH1_ATR0_RRU1,true,1,true,false,true,KKT_OK,27,39.175723000000005,-1.669115931141e17,0.0,false
DIAGNQT,1000,0,2P_SAR1_PH1_ATR1_RRU1,true,1,true,true,true,KKT_OK,27,39.872267,-1.669115931141e17,0.0,false
DIAGPQB,1000,0,2P_SAR0_PH0_ATR0_RRU0,false,1,false,false,false,MAX_IT,500,1172.399383,-20.986378077773878,0.0,false
DIAGPQB,1000,0,2P_SAR0_PH1_ATR0_RRU0,false,1,true,false,false,MAX_IT,500,779.499335,-29.552502054172436,0.0,false
DIAGPQB,1000,0,2P_SAR0_PH1_ATR1_RRU0,false,1,true,true,false,MAX_IT,500,2130.628253,-21.325693622696683,0.0,false
DIAGPQB,1000,0,2P_SAR0_PH0_ATR0_RRU1,false,1,false,false,true,MAX_IT,500,1141.779264,-20.986378077773878,0.0,false
DIAGPQB,1000,0,2P_SAR0_PH1_ATR0_RRU1,false,1,true,false,true,MAX_IT,500,756.81,-29.552502054172436,0.0,false
DIAGPQB,1000,0,2P_SAR0_PH1_ATR1_RRU1,false,1,true,true,true,MAX_IT,500,2059.7295940000004,-21.325693622696683,0.0,false
DIAGPQB,1000,0,BASE_2P,true,1,false,false,false,MAX_IT,500,1153.0021720000002,-20.969425563354648,0.0,true
DIAGPQB,1000,0,2P_SAR1_PH1_ATR0_RRU0,true,1,true,false,false,MAX_IT,500,778.5786,-29.552502054172436,0.0,false
DIAGPQB,1000,0,2P_SAR1_PH1_ATR1_RRU0,true,1,true,true,false,MAX_IT,500,2065.090362,-21.325693622696683,0.0,false
DIAGPQB,1000,0,2P_SAR1_PH0_ATR0_RRU1,true,1,false,false,true,MAX_IT,500,1164.113171,-20.969425563354648,0.0,false
DIAGPQB,1000,0,2P_SAR1_PH1_ATR0_RRU1,true,1,true,false,true,MAX_IT,500,771.359799,-29.552502054172436,0.0,false
DIAGPQB,1000,0,2P_SAR1_PH1_ATR1_RRU1,true,1,true,true,true,MAX_IT,500,2103.4678790000003,-21.325693622696683,0.0,false
DIAGPQE,1000,0,2P_SAR0_PH0_ATR0_RRU0,false,1,false,false,false,SMALL_STEP,69,144.015909,-2.245493741035479,0.0,false
DIAGPQE,1000,0,2P_SAR0_PH1_ATR0_RRU0,false,1,true,false,false,MAX_IT,500,847.124418,-3.1589540505690836,0.0,false
DIAGPQE,1000,0,2P_SAR0_PH1_ATR1_RRU0,false,1,true,true,false,KKT_OK,115,330.030618,-3.7054437545067667,0.0,false
DIAGPQE,1000,0,2P_SAR0_PH0_ATR0_RRU1,false,1,false,false,true,SMALL_STEP,69,143.299286,-2.245493741035479,0.0,false
DIAGPQE,1000,0,2P_SAR0_PH1_ATR0_RRU1,false,1,true,false,true,MAX_IT,500,834.09807,-3.1589540505690836,0.0,false
DIAGPQE,1000,0,2P_SAR0_PH1_ATR1_RRU1,false,1,true,true,true,KKT_OK,115,345.834687,-3.7054437545067667,0.0,false
DIAGPQE,1000,0,BASE_2P,true,1,false,false,false,SMALL_STEP,71,141.65820300000001,-2.226320891380282,0.0,true
DIAGPQE,1000,0,2P_SAR1_PH1_ATR0_RRU0,true,1,true,false,false,MAX_IT,500,813.056451,-3.1589540505690836,0.0,false
DIAGPQE,1000,0,2P_SAR1_PH1_ATR1_RRU0,true,1,true,true,false,KKT_OK,115,422.070991,-3.7054437545067667,0.0,false
DIAGPQE,1000,0,2P_SAR1_PH0_ATR0_RRU1,true,1,false,false,true,SMALL_STEP,71,146.107396,-2.226320891380282,0.0,false
DIAGPQE,1000,0,2P_SAR1_PH1_ATR0_RRU1,true,1,true,false,true,MAX_IT,500,764.892545,-3.1589540505690836,0.0,false
DIAGPQE,1000,0,2P_SAR1_PH1_ATR1_RRU1,true,1,true,true,true,KKT_OK,115,370.644423,-3.7054437545067667,0.0,false
DIAGPQT,1000,0,2P_SAR0_PH0_ATR0_RRU0,false,1,false,false,false,SMALL_STEP,35,77.950795,-1.249012537589085,0.0,false
DIAGPQT,1000,0,2P_SAR0_PH1_ATR0_RRU0,false,1,true,false,false,MAX_IT,500,870.849962,-2.031274473019879,0.0,false
DIAGPQT,1000,0,2P_SAR0_PH1_ATR1_RRU0,false,1,true,true,false,KKT_OK,80,205.945036,-498.6219127811671,0.0,false
DIAGPQT,1000,0,2P_SAR0_PH0_ATR0_RRU1,false,1,false,false,true,SMALL_STEP,35,77.599096,-1.249012537589085,0.0,false
DIAGPQT,1000,0,2P_SAR0_PH1_ATR0_RRU1,false,1,true,false,true,MAX_IT,500,784.14934,-2.031274473019879,0.0,false
DIAGPQT,1000,0,2P_SAR0_PH1_ATR1_RRU1,false,1,true,true,true,KKT_OK,80,201.057352,-498.6219127811671,0.0,false
DIAGPQT,1000,0,BASE_2P,true,1,false,false,false,SMALL_STEP,38,119.79393300000001,-1.245960574545855,0.0,true
DIAGPQT,1000,0,2P_SAR1_PH1_ATR0_RRU0,true,1,true,false,false,MAX_IT,500,781.89614,-2.031274473019879,0.0,false
DIAGPQT,1000,0,2P_SAR1_PH1_ATR1_RRU0,true,1,true,true,false,KKT_OK,80,295.140892,-498.6219127811671,0.0,false
DIAGPQT,1000,0,2P_SAR1_PH0_ATR0_RRU1,true,1,false,false,true,SMALL_STEP,38,86.37650500000001,-1.245960574545855,0.0,false
DIAGPQT,1000,0,2P_SAR1_PH1_ATR0_RRU1,true,1,true,false,true,MAX_IT,500,769.51939,-2.031274473019879,0.0,false
DIAGPQT,1000,0,2P_SAR1_PH1_ATR1_RRU1,true,1,true,true,true,KKT_OK,80,248.310904,-498.6219127811671,0.0,false
DIAMON2DLS,66,0,2P_SAR0_PH0_ATR0_RRU0,false,1,false,false,false,MAX_IT,500,3697.058368,8966.214630882127,0.0,false
DIAMON2DLS,66,0,2P_SAR0_PH1_ATR0_RRU0,false,1,true,false,false,MAX_IT,500,3200.083728,8958.128598613783,0.0,false
DIAMON2DLS,66,0,2P_SAR0_PH1_ATR1_RRU0,false,1,true,true,false,MAX_IT,500,4133.6456689999995,9470.87110222537,0.0,false
DIAMON2DLS,66,0,2P_SAR0_PH0_ATR0_RRU1,false,1,false,false,true,MAX_IT,500,3705.140065,8966.214630882127,0.0,false
DIAMON2DLS,66,0,2P_SAR0_PH1_ATR0_RRU1,false,1,true,false,true,MAX_IT,500,3202.2171479999997,8958.128598613783,0.0,false
DIAMON2DLS,66,0,2P_SAR0_PH1_ATR1_RRU1,false,1,true,true,true,MAX_IT,500,4135.077371,9470.87110222537,0.0,false
DIAMON2DLS,66,0,BASE_2P,true,1,false,false,false,MAX_IT,500,3165.460419,8996.359867137746,0.0,true
DIAMON2DLS,66,0,2P_SAR1_PH1_ATR0_RRU0,true,1,true,false,false,MAX_IT,500,3203.540477,8958.128598613783,0.0,false
DIAMON2DLS,66,0,2P_SAR1_PH1_ATR1_RRU0,true,1,true,true,false,MAX_IT,500,4133.294673,9470.87110222537,0.0,false
DIAMON2DLS,66,0,2P_SAR1_PH0_ATR0_RRU1,true,1,false,false,true,MAX_IT,500,3167.5066150000002,8996.359867137746,0.0,false
DIAMON2DLS,66,0,2P_SAR1_PH1_ATR0_RRU1,true,1,true,false,true,MAX_IT,500,3199.424472,8958.128598613783,0.0,false
DIAMON2DLS,66,0,2P_SAR1_PH1_ATR1_RRU1,true,1,true,true,true,MAX_IT,500,4128.752378,9470.87110222537,0.0,false
DIAMON3DLS,99,0,2P_SAR0_PH0_ATR0_RRU0,false,1,false,false,false,SMALL_STEP,451,4384.688382,1214.7561947924708,0.0,false
DIAMON3DLS,99,0,2P_SAR0_PH1_ATR0_RRU0,false,1,true,false,false,SMALL_STEP,452,3807.473825,934.8100521672778,0.0,false
DIAMON3DLS,99,0,2P_SAR0_PH1_ATR1_RRU0,false,1,true,true,false,SMALL_STEP,301,3142.050885,5128.467115495902,0.0,false
DIAMON3DLS,99,0,2P_SAR0_PH0_ATR0_RRU1,false,1,false,false,true,SMALL_STEP,451,4346.8049200000005,1214.7561947924708,0.0,false
DIAMON3DLS,99,0,2P_SAR0_PH1_ATR0_RRU1,false,1,true,false,true,SMALL_STEP,452,3828.183073,934.8100521672778,0.0,false
DIAMON3DLS,99,0,2P_SAR0_PH1_ATR1_RRU1,false,1,true,true,true,SMALL_STEP,301,3149.709101,5128.467115495902,0.0,false
DIAMON3DLS,99,0,BASE_2P,true,1,false,false,false,MAX_IT,500,4126.308215,7923.128717103129,0.0,true
DIAMON3DLS,99,0,2P_SAR1_PH1_ATR0_RRU0,true,1,true,false,false,SMALL_STEP,452,3828.460967,934.8100521672778,0.0,false
DIAMON3DLS,99,0,2P_SAR1_PH1_ATR1_RRU0,true,1,true,true,false,SMALL_STEP,301,3131.6754699999997,5128.467115495902,0.0,false
DIAMON3DLS,99,0,2P_SAR1_PH0_ATR0_RRU1,true,1,false,false,true,MAX_IT,500,4135.641899,7923.128717103129,0.0,false
DIAMON3DLS,99,0,2P_SAR1_PH1_ATR0_RRU1,true,1,true,false,true,SMALL_STEP,452,3958.2292319999997,934.8100521672778,0.0,false
DIAMON3DLS,99,0,2P_SAR1_PH1_ATR1_RRU1,true,1,true,true,true,SMALL_STEP,301,3142.737974,5128.467115495902,0.0,false
DIXMAANA1,3,0,2P_SAR0_PH0_ATR0_RRU0,false,1,false,false,false,KKT_OK,14,6.17232,1.0000001192092896,0.0,false
DIXMAANA1,3,0,2P_SAR0_PH1_ATR0_RRU0,false,1,true,false,false,KKT_OK,9,4.248116,1.0,0.0,false
DIXMAANA1,3,0,2P_SAR0_PH1_ATR1_RRU0,false,1,true,true,false,KKT_OK,29,10.992537,1.0000000040060932,0.0,false
DIXMAANA1,3,0,2P_SAR0_PH0_ATR0_RRU1,false,1,false,false,true,KKT_OK,14,5.24861,1.0000001192092896,0.0,false
DIXMAANA1,3,0,2P_SAR0_PH1_ATR0_RRU1,false,1,true,false,true,KKT_OK,9,4.127078999999999,1.0,0.0,false
DIXMAANA1,3,0,2P_SAR0_PH1_ATR1_RRU1,false,1,true,true,true,KKT_OK,29,10.832618,1.0000000040060932,0.0,false
DIXMAANA1,3,0,BASE_2P,true,1,false,false,false,KKT_OK,22,6.963612,1.0,0.0,true
DIXMAANA1,3,0,2P_SAR1_PH1_ATR0_RRU0,true,1,true,false,false,KKT_OK,9,4.102744,1.0,0.0,false
DIXMAANA1,3,0,2P_SAR1_PH1_ATR1_RRU0,true,1,true,true,false,KKT_OK,29,10.752107,1.0000000040060932,0.0,false
DIXMAANA1,3,0,2P_SAR1_PH0_ATR0_RRU1,true,1,false,false,true,KKT_OK,22,6.867582,1.0,0.0,false
DIXMAANA1,3,0,2P_SAR1_PH1_ATR0_RRU1,true,1,true,false,true,KKT_OK,9,4.048813,1.0,0.0,false
DIXMAANA1,3,0,2P_SAR1_PH1_ATR1_RRU1,true,1,true,true,true,KKT_OK,29,10.527597,1.0000000040060932,0.0,false
DIXMAANB,3000,0,2P_SAR0_PH0_ATR0_RRU0,false,1,false,false,false,KKT_OK,10,112.438896,1.0,0.0,false
DIXMAANB,3000,0,2P_SAR0_PH1_ATR0_RRU0,false,1,true,false,false,KKT_OK,9,100.504504,1.0,0.0,false
DIXMAANB,3000,0,2P_SAR0_PH1_ATR1_RRU0,false,1,true,true,false,KKT_OK,15,151.59916800000002,1.0036930700221498,0.0,false
DIXMAANB,3000,0,2P_SAR0_PH0_ATR0_RRU1,false,1,false,false,true,KKT_OK,10,112.611188,1.0,0.0,false
DIXMAANB,3000,0,2P_SAR0_PH1_ATR0_RRU1,false,1,true,false,true,KKT_OK,9,92.091137,1.0,0.0,false
DIXMAANB,3000,0,2P_SAR0_PH1_ATR1_RRU1,false,1,true,true,true,KKT_OK,15,152.145051,1.0036930700221498,0.0,false
DIXMAANB,3000,0,BASE_2P,true,1,false,false,false,KKT_OK,23,142.858759,1.0,0.0,true
DIXMAANB,3000,0,2P_SAR1_PH1_ATR0_RRU0,true,1,true,false,false,KKT_OK,9,105.362032,1.0,0.0,false
DIXMAANB,3000,0,2P_SAR1_PH1_ATR1_RRU0,true,1,true,true,false,KKT_OK,15,152.11211899999998,1.0036930700221498,0.0,false
DIXMAANB,3000,0,2P_SAR1_PH0_ATR0_RRU1,true,1,false,false,true,KKT_OK,23,142.829654,1.0,0.0,false
DIXMAANB,3000,0,2P_SAR1_PH1_ATR0_RRU1,true,1,true,false,true,KKT_OK,9,636.1467819999999,1.0,0.0,false
DIXMAANB,3000,0,2P_SAR1_PH1_ATR1_RRU1,true,1,true,true,true,KKT_OK,15,121.183503,1.0036930700221498,0.0,false
DIXMAANC,3000,0,2P_SAR0_PH0_ATR0_RRU0,false,1,false,false,false,KKT_OK,10,233.086055,1.0,0.0,false
DIXMAANC,3000,0,2P_SAR0_PH1_ATR0_RRU0,false,1,true,false,false,KKT_OK,9,83.830325,1.0,0.0,false
DIXMAANC,3000,0,2P_SAR0_PH1_ATR1_RRU0,false,1,true,true,false,KKT_OK,15,135.84879999999998,1.0044663146143422,0.0,false
DIXMAANC,3000,0,2P_SAR0_PH0_ATR0_RRU1,false,1,false,false,true,KKT_OK,10,143.93636700000002,1.0,0.0,false
DIXMAANC,3000,0,2P_SAR0_PH1_ATR0_RRU1,false,1,true,false,true,KKT_OK,9,83.588693,1.0,0.0,false
DIXMAANC,3000,0,2P_SAR0_PH1_ATR1_RRU1,false,1,true,true,true,KKT_OK,15,135.11426400000002,1.0044663146143422,0.0,false
DIXMAANC,3000,0,BASE_2P,true,1,false,false,false,KKT_OK,23,183.939358,1.0,0.0,true
DIXMAANC,3000,0,2P_SAR1_PH1_ATR0_RRU0,true,1,true,false,false,KKT_OK,9,83.43172799999999,1.0,0.0,false
DIXMAANC,3000,0,2P_SAR1_PH1_ATR1_RRU0,true,1,true,true,false,KKT_OK,15,145.61011200000002,1.0044663146143422,0.0,false
DIXMAANC,3000,0,2P_SAR1_PH0_ATR0_RRU1,true,1,false,false,true,KKT_OK,23,196.56789,1.0,0.0,false
DIXMAANC,3000,0,2P_SAR1_PH1_ATR0_RRU1,true,1,true,false,true,KKT_OK,9,102.062011,1.0,0.0,false
DIXMAANC,3000,0,2P_SAR1_PH1_ATR1_RRU1,true,1,true,true,true,KKT_OK,15,153.705243,1.0044663146143422,0.0,false
DIXMAAND,3000,0,2P_SAR0_PH0_ATR0_RRU0,false,1,false,false,false,KKT_OK,10,143.898105,1.0,0.0,false
DIXMAAND,3000,0,2P_SAR0_PH1_ATR0_RRU0,false,1,true,false,false,KKT_OK,10,110.346096,1.0,0.0,false
DIXMAAND,3000,0,2P_SAR0_PH1_ATR1_RRU0,false,1,true,true,false,KKT_OK,15,120.296972,1.005317182653872,0.0,false
DIXMAAND,3000,0,2P_SAR0_PH0_ATR0_RRU1,false,1,false,false,true,KKT_OK,10,115.855024,1.0,0.0,false
DIXMAAND,3000,0,2P_SAR0_PH1_ATR0_RRU1,false,1,true,false,true,KKT_OK,10,106.189712,1.0,0.0,false
DIXMAAND,3000,0,2P_SAR0_PH1_ATR1_RRU1,false,1,true,true,true,KKT_OK,15,152.261509,1.005317182653872,0.0,false
DIXMAAND,3000,0,BASE_2P,true,1,false,false,false,KKT_OK,23,150.221107,1.0,0.0,true
DIXMAAND,3000,0,2P_SAR1_PH1_ATR0_RRU0,true,1,true,false,false,KKT_OK,10,86.665034,1.0,0.0,false
DIXMAAND,3000,0,2P_SAR1_PH1_ATR1_RRU0,true,1,true,true,false,KKT_OK,15,140.776308,1.005317182653872,0.0,false
DIXMAAND,3000,0,2P_SAR1_PH0_ATR0_RRU1,true,1,false,false,true,KKT_OK,23,146.371156,1.0,0.0,false
DIXMAAND,3000,0,2P_SAR1_PH1_ATR0_RRU1,true,1,true,false,true,KKT_OK,10,109.32241900000001,1.0,0.0,false
DIXMAAND,3000,0,2P_SAR1_PH1_ATR1_RRU1,true,1,true,true,true,KKT_OK,15,122.08672499999999,1.005317182653872,0.0,false
DIXMAANE1,3000,0,2P_SAR0_PH0_ATR0_RRU0,false,1,false,false,false,KKT_OK,12,95.53038799999999,1.0009285608927379,0.0,false
DIXMAANE1,3000,0,2P_SAR0_PH1_ATR0_RRU0,false,1,true,false,false,KKT_OK,9,91.76425400000001,1.0000000013156258,0.0,false
DIXMAANE1,3000,0,2P_SAR0_PH1_ATR1_RRU0,false,1,true,true,false,KKT_OK,15,118.5174,1.003923820340224,0.0,false
DIXMAANE1,3000,0,2P_SAR0_PH0_ATR0_RRU1,false,1,false,false,true,KKT_OK,12,103.041626,1.0009285608927379,0.0,false
DIXMAANE1,3000,0,2P_SAR0_PH1_ATR0_RRU1,false,1,true,false,true,KKT_OK,9,71.3393,1.0000000013156258,0.0,false
DIXMAANE1,3000,0,2P_SAR0_PH1_ATR1_RRU1,false,1,true,true,true,KKT_OK,15,137.784575,1.003923820340224,0.0,false
DIXMAANE1,3000,0,BASE_2P,true,1,false,false,false,KKT_OK,23,139.50157099999998,1.0,0.0,true
DIXMAANE1,3000,0,2P_SAR1_PH1_ATR0_RRU0,true,1,true,false,false,KKT_OK,9,90.83314,1.0000000013156258,0.0,false
DIXMAANE1,3000,0,2P_SAR1_PH1_ATR1_RRU0,true,1,true,true,false,KKT_OK,15,118.10822399999999,1.003923820340224,0.0,false
DIXMAANE1,3000,0,2P_SAR1_PH0_ATR0_RRU1,true,1,false,false,true,KKT_OK,23,173.849431,1.0,0.0,false
DIXMAANE1,3000,0,2P_SAR1_PH1_ATR0_RRU1,true,1,true,false,true,KKT_OK,9,71.955044,1.0000000013156258,0.0,false
DIXMAANE1,3000,0,2P_SAR1_PH1_ATR1_RRU1,true,1,true,true,true,KKT_OK,15,142.356638,1.003923820340224,0.0,false
DIXMAANF,3000,0,2P_SAR0_PH0_ATR0_RRU0,false,1,false,false,false,KKT_OK,10,115.35332399999999,1.0,0.0,false
DIXMAANF,3000,0,2P_SAR0_PH1_ATR0_RRU0,false,1,true,false,false,KKT_OK,9,97.78035200000001,1.000000001524564,0.0,false
DIXMAANF,3000,0,2P_SAR0_PH1_ATR1_RRU0,false,1,true,true,false,KKT_OK,15,121.879597,1.0036586606695488,0.0,false
DIXMAANF,3000,0,2P_SAR0_PH0_ATR0_RRU1,false,1,false,false,true,KKT_OK,10,139.702877,1.0,0.0,false
DIXMAANF,3000,0,2P_SAR0_PH1_ATR0_RRU1,false,1,true,false,true,KKT_OK,9,76.476933,1.000000001524564,0.0,false
DIXMAANF,3000,0,2P_SAR0_PH1_ATR1_RRU1,false,1,true,true,true,KKT_OK,15,133.214085,1.0036586606695488,0.0,false
DIXMAANF,3000,0,BASE_2P,true,1,false,false,false,KKT_OK,23,231.625419,1.0,0.0,true
DIXMAANF,3000,0,2P_SAR1_PH1_ATR0_RRU0,true,1,true,false,false,KKT_OK,9,76.094476,1.000000001524564,0.0,false
DIXMAANF,3000,0,2P_SAR1_PH1_ATR1_RRU0,true,1,true,true,false,KKT_OK,15,151.018732,1.0036586606695488,0.0,false
DIXMAANF,3000,0,2P_SAR1_PH0_ATR0_RRU1,true,1,false,false,true,KKT_OK,23,146.46105500000002,1.0,0.0,false
DIXMAANF,3000,0,2P_SAR1_PH1_ATR0_RRU1,true,1,true,false,true,KKT_OK,9,96.15436600000001,1.000000001524564,0.0,false
DIXMAANF,3000,0,2P_SAR1_PH1_ATR1_RRU1,true,1,true,true,true,KKT_OK,15,176.76974,1.0036586606695488,0.0,false
DIXMAANG,3000,0,2P_SAR0_PH0_ATR0_RRU0,false,1,false,false,false,KKT_OK,10,114.77804599999999,1.0,0.0,false
DIXMAANG,3000,0,2P_SAR0_PH1_ATR0_RRU0,false,1,true,false,false,KKT_OK,10,109.450679,1.0,0.0,false
DIXMAANG,3000,0,2P_SAR0_PH1_ATR1_RRU0,false,1,true,true,false,KKT_OK,15,198.018045,1.0039319934754152,0.0,false
DIXMAANG,3000,0,2P_SAR0_PH0_ATR0_RRU1,false,1,false,false,true,KKT_OK,10,114.599061,1.0,0.0,false
DIXMAANG,3000,0,2P_SAR0_PH1_ATR0_RRU1,false,1,true,false,true,KKT_OK,10,104.937256,1.0,0.0,false
DIXMAANG,3000,0,2P_SAR0_PH1_ATR1_RRU1,false,1,true,true,true,KKT_OK,15,122.76562700000001,1.0039319934754152,0.0,false
DIXMAANG,3000,0,BASE_2P,true,1,false,false,false,KKT_OK,23,165.783503,1.0,0.0,true
DIXMAANG,3000,0,2P_SAR1_PH1_ATR0_RRU0,true,1,true,false,false,KKT_OK,10,106.163412,1.0,0.0,false
DIXMAANG,3000,0,2P_SAR1_PH1_ATR1_RRU0,true,1,true,true,false,KKT_OK,15,120.65753799999999,1.0039319934754152,0.0,false
DIXMAANG,3000,0,2P_SAR1_PH0_ATR0_RRU1,true,1,false,false,true,KKT_OK,23,176.11848999999998,1.0,0.0,false
DIXMAANG,3000,0,2P_SAR1_PH1_ATR0_RRU1,true,1,true,false,true,KKT_OK,10,84.183365,1.0,0.0,false
DIXMAANG,3000,0,2P_SAR1_PH1_ATR1_RRU1,true,1,true,true,true,KKT_OK,15,130.56087599999998,1.0039319934754152,0.0,false
DIXMAANH,3000,0,2P_SAR0_PH0_ATR0_RRU0,false,1,false,false,false,KKT_OK,10,111.01646099999999,1.0,0.0,false
DIXMAANH,3000,0,2P_SAR0_PH1_ATR0_RRU0,false,1,true,false,false,KKT_OK,10,100.349654,1.0,0.0,false
DIXMAANH,3000,0,2P_SAR0_PH1_ATR1_RRU0,false,1,true,true,false,KKT_OK,15,204.014215,1.0042301881942592,0.0,false
DIXMAANH,3000,0,2P_SAR0_PH0_ATR0_RRU1,false,1,false,false,true,KKT_OK,10,111.041077,1.0,0.0,false
DIXMAANH,3000,0,2P_SAR0_PH1_ATR0_RRU1,false,1,true,false,true,KKT_OK,10,104.416049,1.0,0.0,false
DIXMAANH,3000,0,2P_SAR0_PH1_ATR1_RRU1,false,1,true,true,true,KKT_OK,15,179.926723,1.0042301881942592,0.0,false
DIXMAANH,3000,0,BASE_2P,true,1,false,false,false,KKT_OK,23,175.04323599999998,1.0,0.0,true
DIXMAANH,3000,0,2P_SAR1_PH1_ATR0_RRU0,true,1,true,false,false,KKT_OK,10,101.895308,1.0,0.0,false
DIXMAANH,3000,0,2P_SAR1_PH1_ATR1_RRU0,true,1,true,true,false,KKT_OK,15,120.723271,1.0042301881942592,0.0,false
DIXMAANH,3000,0,2P_SAR1_PH0_ATR0_RRU1,true,1,false,false,true,KKT_OK,23,189.618033,1.0,0.0,false
DIXMAANH,3000,0,2P_SAR1_PH1_ATR0_RRU1,true,1,true,false,true,KKT_OK,10,80.239139,1.0,0.0,false
DIXMAANH,3000,0,2P_SAR1_PH1_ATR1_RRU1,true,1,true,true,true,KKT_OK,15,129.420289,1.0042301881942592,0.0,false
DIXMAANI1,3000,0,2P_SAR0_PH0_ATR0_RRU0,false,1,false,false,false,KKT_OK,12,87.747341,1.0006134867138317,0.0,false
DIXMAANI1,3000,0,2P_SAR0_PH1_ATR0_RRU0,false,1,true,false,false,KKT_OK,9,96.45266500000001,1.0,0.0,false
DIXMAANI1,3000,0,2P_SAR0_PH1_ATR1_RRU0,false,1,true,true,false,KKT_OK,15,132.371877,1.000951423701131,0.0,false
DIXMAANI1,3000,0,2P_SAR0_PH0_ATR0_RRU1,false,1,false,false,true,KKT_OK,12,97.606887,1.0006134867138317,0.0,false
DIXMAANI1,3000,0,2P_SAR0_PH1_ATR0_RRU1,false,1,true,false,true,KKT_OK,9,98.98129999999999,1.0,0.0,false
DIXMAANI1,3000,0,2P_SAR0_PH1_ATR1_RRU1,false,1,true,true,true,KKT_OK,15,133.563429,1.000951423701131,0.0,false
DIXMAANI1,3000,0,BASE_2P,true,1,false,false,false,KKT_OK,23,159.917557,1.0,0.0,true
DIXMAANI1,3000,0,2P_SAR1_PH1_ATR0_RRU0,true,1,true,false,false,KKT_OK,9,156.105277,1.0,0.0,false
DIXMAANI1,3000,0,2P_SAR1_PH1_ATR1_RRU0,true,1,true,true,false,KKT_OK,15,134.688326,1.000951423701131,0.0,false
DIXMAANI1,3000,0,2P_SAR1_PH0_ATR0_RRU1,true,1,false,false,true,KKT_OK,23,170.654386,1.0,0.0,false
DIXMAANI1,3000,0,2P_SAR1_PH1_ATR0_RRU1,true,1,true,false,true,KKT_OK,9,78.810273,1.0,0.0,false
DIXMAANI1,3000,0,2P_SAR1_PH1_ATR1_RRU1,true,1,true,true,true,KKT_OK,15,140.746782,1.000951423701131,0.0,false
DIXMAANJ,3000,0,2P_SAR0_PH0_ATR0_RRU0,false,1,false,false,false,KKT_OK,10,124.770982,1.0,0.0,false
DIXMAANJ,3000,0,2P_SAR0_PH1_ATR0_RRU0,false,1,true,false,false,KKT_OK,9,77.82884499999999,1.000000040527129,0.0,false
DIXMAANJ,3000,0,2P_SAR0_PH1_ATR1_RRU0,false,1,true,true,false,KKT_OK,15,145.302685,1.0009613085980564,0.0,false
DIXMAANJ,3000,0,2P_SAR0_PH0_ATR0_RRU1,false,1,false,false,true,KKT_OK,10,137.866618,1.0,0.0,false
DIXMAANJ,3000,0,2P_SAR0_PH1_ATR0_RRU1,false,1,true,false,true,KKT_OK,9,76.480068,1.000000040527129,0.0,false
DIXMAANJ,3000,0,2P_SAR0_PH1_ATR1_RRU1,false,1,true,true,true,KKT_OK,15,141.53123200000002,1.0009613085980564,0.0,false
DIXMAANJ,3000,0,BASE_2P,true,1,false,false,false,KKT_OK,23,178.389292,1.0,0.0,true
DIXMAANJ,3000,0,2P_SAR1_PH1_ATR0_RRU0,true,1,true,false,false,KKT_OK,9,77.238168,1.000000040527129,0.0,false
DIXMAANJ,3000,0,2P_SAR1_PH1_ATR1_RRU0,true,1,true,true,false,KKT_OK,15,142.012774,1.0009613085980564,0.0,false
DIXMAANJ,3000,0,2P_SAR1_PH0_ATR0_RRU1,true,1,false,false,true,KKT_OK,23,178.05166,1.0,0.0,false
DIXMAANJ,3000,0,2P_SAR1_PH1_ATR0_RRU1,true,1,true,false,true,KKT_OK,9,144.97791700000002,1.000000040527129,0.0,false
DIXMAANJ,3000,0,2P_SAR1_PH1_ATR1_RRU1,true,1,true,true,true,KKT_OK,15,138.44931899999997,1.0009613085980564,0.0,false
DIXMAANK,3000,0,2P_SAR0_PH0_ATR0_RRU0,false,1,false,false,false,KKT_OK,10,189.24180800000002,1.0,0.0,false
DIXMAANK,3000,0,2P_SAR0_PH1_ATR0_RRU0,false,1,true,false,false,KKT_OK,10,73.564848,1.0000000099566275,0.0,false
DIXMAANK,3000,0,2P_SAR0_PH1_ATR1_RRU0,false,1,true,true,false,KKT_OK,15,148.107528,1.001224581218484,0.0,false
DIXMAANK,3000,0,2P_SAR0_PH0_ATR0_RRU1,false,1,false,false,true,KKT_OK,10,140.92021699999998,1.0,0.0,false
DIXMAANK,3000,0,2P_SAR0_PH1_ATR0_RRU1,false,1,true,false,true,KKT_OK,10,74.21301299999999,1.0000000099566275,0.0,false
DIXMAANK,3000,0,2P_SAR0_PH1_ATR1_RRU1,false,1,true,true,true,KKT_OK,15,137.447013,1.001224581218484,0.0,false
DIXMAANK,3000,0,BASE_2P,true,1,false,false,false,KKT_OK,23,173.815186,1.0,0.0,true
DIXMAANK,3000,0,2P_SAR1_PH1_ATR0_RRU0,true,1,true,false,false,KKT_OK,10,140.541448,1.0000000099566275,0.0,false
DIXMAANK,3000,0,2P_SAR1_PH1_ATR1_RRU0,true,1,true,true,false,KKT_OK,15,139.615774,1.001224581218484,0.0,false
DIXMAANK,3000,0,2P_SAR1_PH0_ATR0_RRU1,true,1,false,false,true,KKT_OK,23,175.919677,1.0,0.0,false
DIXMAANK,3000,0,2P_SAR1_PH1_ATR0_RRU1,true,1,true,false,true,KKT_OK,10,159.081992,1.0000000099566275,0.0,false
DIXMAANK,3000,0,2P_SAR1_PH1_ATR1_RRU1,true,1,true,true,true,KKT_OK,15,136.584217,1.001224581218484,0.0,false
DIXMAANL,3000,0,2P_SAR0_PH0_ATR0_RRU0,false,1,false,false,false,KKT_OK,10,152.47029,1.0,0.0,false
DIXMAANL,3000,0,2P_SAR0_PH1_ATR0_RRU0,false,1,true,false,false,KKT_OK,10,158.02096400000002,1.0000000000161775,0.0,false
DIXMAANL,3000,0,2P_SAR0_PH1_ATR1_RRU0,false,1,true,true,false,KKT_OK,15,153.9232,1.001711425502572,0.0,false
DIXMAANL,3000,0,2P_SAR0_PH0_ATR0_RRU1,false,1,false,false,true,KKT_OK,10,165.950246,1.0,0.0,false
DIXMAANL,3000,0,2P_SAR0_PH1_ATR0_RRU1,false,1,true,false,true,KKT_OK,10,105.203394,1.0000000000161775,0.0,false
DIXMAANL,3000,0,2P_SAR0_PH1_ATR1_RRU1,false,1,true,true,true,KKT_OK,15,170.291607,1.001711425502572,0.0,false
DIXMAANL,3000,0,BASE_2P,true,1,false,false,false,KKT_OK,23,141.93623,1.0,0.0,true
DIXMAANL,3000,0,2P_SAR1_PH1_ATR0_RRU0,true,1,true,false,false,KKT_OK,10,118.05212800000001,1.0000000000161775,0.0,false
DIXMAANL,3000,0,2P_SAR1_PH1_ATR1_RRU0,true,1,true,true,false,KKT_OK,15,134.38969600000001,1.001711425502572,0.0,false
DIXMAANL,3000,0,2P_SAR1_PH0_ATR0_RRU1,true,1,false,false,true,KKT_OK,23,178.226968,1.0,0.0,false
DIXMAANL,3000,0,2P_SAR1_PH1_ATR0_RRU1,true,1,true,false,true,KKT_OK,10,94.0472,1.0000000000161775,0.0,false
DIXMAANL,3000,0,2P_SAR1_PH1_ATR1_RRU1,true,1,true,true,true,KKT_OK,15,165.23030699999998,1.001711425502572,0.0,false
DIXMAANM1,3000,0,2P_SAR0_PH0_ATR0_RRU0,false,1,false,false,false,KKT_OK,12,83.147165,1.0006134867138317,0.0,false
DIXMAANM1,3000,0,2P_SAR0_PH1_ATR0_RRU0,false,1,true,false,false,KKT_OK,10,86.180747,1.0000005365141895,0.0,false
DIXMAANM1,3000,0,2P_SAR0_PH1_ATR1_RRU0,false,1,true,true,false,KKT_OK,15,186.551299,1.0009391221975212,0.0,false
DIXMAANM1,3000,0,2P_SAR0_PH0_ATR0_RRU1,false,1,false,false,true,KKT_OK,12,87.049714,1.0006134867138317,0.0,false
DIXMAANM1,3000,0,2P_SAR0_PH1_ATR0_RRU1,false,1,true,false,true,KKT_OK,10,138.160538,1.0000005365141895,0.0,false
DIXMAANM1,3000,0,2P_SAR0_PH1_ATR1_RRU1,false,1,true,true,true,KKT_OK,15,133.16229800000002,1.0009391221975212,0.0,false
DIXMAANM1,3000,0,BASE_2P,true,1,false,false,false,KKT_OK,23,209.082077,1.0,0.0,true
DIXMAANM1,3000,0,2P_SAR1_PH1_ATR0_RRU0,true,1,true,false,false,KKT_OK,10,79.05408,1.0000005365141895,0.0,false
DIXMAANM1,3000,0,2P_SAR1_PH1_ATR1_RRU0,true,1,true,true,false,KKT_OK,15,164.586601,1.0009391221975212,0.0,false
DIXMAANM1,3000,0,2P_SAR1_PH0_ATR0_RRU1,true,1,false,false,true,KKT_OK,23,135.174857,1.0,0.0,false
DIXMAANM1,3000,0,2P_SAR1_PH1_ATR0_RRU1,true,1,true,false,true,KKT_OK,10,124.435794,1.0000005365141895,0.0,false
DIXMAANM1,3000,0,2P_SAR1_PH1_ATR1_RRU1,true,1,true,true,true,KKT_OK,15,140.091275,1.0009391221975212,0.0,false
DIXMAANN,3000,0,2P_SAR0_PH0_ATR0_RRU0,false,1,false,false,false,KKT_OK,10,126.32675600000002,1.000000457777737,0.0,false
DIXMAANN,3000,0,2P_SAR0_PH1_ATR0_RRU0,false,1,true,false,false,KKT_OK,9,80.18845400000001,1.0,0.0,false
DIXMAANN,3000,0,2P_SAR0_PH1_ATR1_RRU0,false,1,true,true,false,KKT_OK,15,152.74041499999998,1.0008738865369984,0.0,false
DIXMAANN,3000,0,2P_SAR0_PH0_ATR0_RRU1,false,1,false,false,true,KKT_OK,10,175.047043,1.000000457777737,0.0,false
DIXMAANN,3000,0,2P_SAR0_PH1_ATR0_RRU1,false,1,true,false,true,KKT_OK,9,81.11917700000001,1.0,0.0,false
DIXMAANN,3000,0,2P_SAR0_PH1_ATR1_RRU1,false,1,true,true,true,KKT_OK,15,168.083601,1.0008738865369984,0.0,false
DIXMAANN,3000,0,BASE_2P,true,1,false,false,false,KKT_OK,23,142.282869,1.0,0.0,true
DIXMAANN,3000,0,2P_SAR1_PH1_ATR0_RRU0,true,1,true,false,false,KKT_OK,9,99.15192,1.0,0.0,false
DIXMAANN,3000,0,2P_SAR1_PH1_ATR1_RRU0,true,1,true,true,false,KKT_OK,15,216.62862099999998,1.0008738865369984,0.0,false
DIXMAANN,3000,0,2P_SAR1_PH0_ATR0_RRU1,true,1,false,false,true,KKT_OK,23,147.936067,1.0,0.0,false
DIXMAANN,3000,0,2P_SAR1_PH1_ATR0_RRU1,true,1,true,false,true,KKT_OK,9,100.592618,1.0,0.0,false
DIXMAANN,3000,0,2P_SAR1_PH1_ATR1_RRU1,true,1,true,true,true,KKT_OK,15,136.52440399999998,1.0008738865369984,0.0,false
DIXMAANO,3000,0,2P_SAR0_PH0_ATR0_RRU0,false,1,false,false,false,KKT_OK,10,109.726054,1.0000003893332856,0.0,false
DIXMAANO,3000,0,2P_SAR0_PH1_ATR0_RRU0,false,1,true,false,false,KKT_OK,9,90.735778,1.000000040862142,0.0,false
DIXMAANO,3000,0,2P_SAR0_PH1_ATR1_RRU0,false,1,true,true,false,KKT_OK,15,171.732465,1.0010402032525811,0.0,false
DIXMAANO,3000,0,2P_SAR0_PH0_ATR0_RRU1,false,1,false,false,true,KKT_OK,10,110.366855,1.0000003893332856,0.0,false
DIXMAANO,3000,0,2P_SAR0_PH1_ATR0_RRU1,false,1,true,false,true,KKT_OK,9,88.83500699999999,1.000000040862142,0.0,false
DIXMAANO,3000,0,2P_SAR0_PH1_ATR1_RRU1,false,1,true,true,true,KKT_OK,15,170.818583,1.0010402032525811,0.0,false
DIXMAANO,3000,0,BASE_2P,true,1,false,false,false,KKT_OK,23,139.338605,1.0,0.0,true
DIXMAANO,3000,0,2P_SAR1_PH1_ATR0_RRU0,true,1,true,false,false,KKT_OK,9,96.726277,1.000000040862142,0.0,false
DIXMAANO,3000,0,2P_SAR1_PH1_ATR1_RRU0,true,1,true,true,false,KKT_OK,15,225.036027,1.0010402032525811,0.0,false
DIXMAANO,3000,0,2P_SAR1_PH0_ATR0_RRU1,true,1,false,false,true,KKT_OK,23,138.840672,1.0,0.0,false
DIXMAANO,3000,0,2P_SAR1_PH1_ATR0_RRU1,true,1,true,false,true,KKT_OK,9,96.817117,1.000000040862142,0.0,false
DIXMAANO,3000,0,2P_SAR1_PH1_ATR1_RRU1,true,1,true,true,true,KKT_OK,15,137.09881,1.0010402032525811,0.0,false
DIXMAANP,3000,0,2P_SAR0_PH0_ATR0_RRU0,false,1,false,false,false,KKT_OK,10,109.776328,1.0000003284621894,0.0,false
DIXMAANP,3000,0,2P_SAR0_PH1_ATR0_RRU0,false,1,true,false,false,KKT_OK,10,91.712537,1.0000000233082327,0.0,false
DIXMAANP,3000,0,2P_SAR0_PH1_ATR1_RRU0,false,1,true,true,false,KKT_OK,15,175.084653,1.0012827733698844,0.0,false
DIXMAANP,3000,0,2P_SAR0_PH0_ATR0_RRU1,false,1,false,false,true,KKT_OK,10,111.4694,1.0000003284621894,0.0,false
DIXMAANP,3000,0,2P_SAR0_PH1_ATR0_RRU1,false,1,true,false,true,KKT_OK,10,77.832211,1.0000000233082327,0.0,false
DIXMAANP,3000,0,2P_SAR0_PH1_ATR1_RRU1,false,1,true,true,true,KKT_OK,15,170.175999,1.0012827733698844,0.0,false
DIXMAANP,3000,0,BASE_2P,true,1,false,false,false,KKT_OK,23,230.307279,1.0,0.0,true
DIXMAANP,3000,0,2P_SAR1_PH1_ATR0_RRU0,true,1,true,false,false,KKT_OK,10,75.17688799999999,1.0000000233082327,0.0,false
DIXMAANP,3000,0,2P_SAR1_PH1_ATR1_RRU0,true,1,true,true,false,KKT_OK,15,170.182111,1.0012827733698844,0.0,false
DIXMAANP,3000,0,2P_SAR1_PH0_ATR0_RRU1,true,1,false,false,true,KKT_OK,23,179.17113700000002,1.0,0.0,false
DIXMAANP,3000,0,2P_SAR1_PH1_ATR0_RRU1,true,1,true,false,true,KKT_OK,10,73.81715,1.0000000233082327,0.0,false
DIXMAANP,3000,0,2P_SAR1_PH1_ATR1_RRU1,true,1,true,true,true,KKT_OK,15,150.367551,1.0012827733698844,0.0,false
DIXON3DQ,10000,0,2P_SAR0_PH0_ATR0_RRU0,false,1,false,false,false,KKT_OK,0,18.065334,8.0,0.0,false
DIXON3DQ,10000,0,2P_SAR0_PH1_ATR0_RRU0,false,1,true,false,false,KKT_OK,0,17.283981,8.0,0.0,false
DIXON3DQ,10000,0,2P_SAR0_PH1_ATR1_RRU0,false,1,true,true,false,KKT_OK,0,26.065007,8.0,0.0,false
DIXON3DQ,10000,0,2P_SAR0_PH0_ATR0_RRU1,false,1,false,false,true,KKT_OK,0,26.437555000000003,8.0,0.0,false
DIXON3DQ,10000,0,2P_SAR0_PH1_ATR0_RRU1,false,1,true,false,true,KKT_OK,0,26.83557,8.0,0.0,false
DIXON3DQ,10000,0,2P_SAR0_PH1_ATR1_RRU1,false,1,true,true,true,KKT_OK,0,29.485322,8.0,0.0,false
DIXON3DQ,10000,0,BASE_2P,true,1,false,false,false,KKT_OK,0,96.46104,8.0,0.0,true
DIXON3DQ,10000,0,2P_SAR1_PH1_ATR0_RRU0,true,1,true,false,false,KKT_OK,0,19.115321,8.0,0.0,false
DIXON3DQ,10000,0,2P_SAR1_PH1_ATR1_RRU0,true,1,true,true,false,KKT_OK,0,23.081468,8.0,0.0,false
DIXON3DQ,10000,0,2P_SAR1_PH0_ATR0_RRU1,true,1,false,false,true,KKT_OK,0,25.825698000000003,8.0,0.0,false
DIXON3DQ,10000,0,2P_SAR1_PH1_ATR0_RRU1,true,1,true,false,true,KKT_OK,0,26.325955,8.0,0.0,false
DIXON3DQ,10000,0,2P_SAR1_PH1_ATR1_RRU1,true,1,true,true,true,KKT_OK,0,27.977629,8.0,0.0,false
DJTL,2,0,2P_SAR0_PH0_ATR0_RRU0,false,1,false,false,false,SMALL_STEP,323,78.78471400000001,-8940.9902774099,0.0,false
DJTL,2,0,2P_SAR0_PH1_ATR0_RRU0,false,1,true,false,false,SMALL_STEP,455,94.19797100000001,-8944.336477366114,0.0,false
DJTL,2,0,2P_SAR0_PH1_ATR1_RRU0,false,1,true,true,false,MAX_IT,500,150.28220000000002,-8252.178069877631,0.0,false
DJTL,2,0,2P_SAR0_PH0_ATR0_RRU1,false,1,false,false,true,SMALL_STEP,323,79.517196,-8940.9902774099,0.0,false
DJTL,2,0,2P_SAR0_PH1_ATR0_RRU1,false,1,true,false,true,SMALL_STEP,455,98.73035,-8944.336477366114,0.0,false
DJTL,2,0,2P_SAR0_PH1_ATR1_RRU1,false,1,true,true,true,MAX_IT,500,158.61646,-8252.178069877631,0.0,false
DJTL,2,0,BASE_2P,true,1,false,false,false,SMALL_STEP,323,82.381952,-8940.9902774099,0.0,true
DJTL,2,0,2P_SAR1_PH1_ATR0_RRU0,true,1,true,false,false,SMALL_STEP,455,99.84364599999999,-8944.336477366114,0.0,false
DJTL,2,0,2P_SAR1_PH1_ATR1_RRU0,true,1,true,true,false,MAX_IT,500,159.141112,-8252.178069877631,0.0,false
DJTL,2,0,2P_SAR1_PH0_ATR0_RRU1,true,1,false,false,true,SMALL_STEP,323,82.845269,-8940.9902774099,0.0,false
DJTL,2,0,2P_SAR1_PH1_ATR0_RRU1,true,1,true,false,true,SMALL_STEP,455,99.597484,-8944.336477366114,0.0,false
DJTL,2,0,2P_SAR1_PH1_ATR1_RRU1,true,1,true,true,true,MAX_IT,500,159.846984,-8252.178069877631,0.0,false
DMN15102LS,66,0,2P_SAR0_PH0_ATR0_RRU0,false,1,false,false,false,MAX_IT,500,3710.64742,8966.214630882127,0.0,false
DMN15102LS,66,0,2P_SAR0_PH1_ATR0_RRU0,false,1,true,false,false,MAX_IT,500,3205.44739,8958.128598613783,0.0,false
DMN15102LS,66,0,2P_SAR0_PH1_ATR1_RRU0,false,1,true,true,false,MAX_IT,500,4113.809612,9470.87110222537,0.0,false
DMN15102LS,66,0,2P_SAR0_PH0_ATR0_RRU1,false,1,false,false,true,MAX_IT,500,3718.1097529999997,8966.214630882127,0.0,false
DMN15102LS,66,0,2P_SAR0_PH1_ATR0_RRU1,false,1,true,false,true,MAX_IT,500,3326.8980500000002,8958.128598613783,0.0,false
DMN15102LS,66,0,2P_SAR0_PH1_ATR1_RRU1,false,1,true,true,true,MAX_IT,500,4142.626018999999,9470.87110222537,0.0,false
DMN15102LS,66,0,BASE_2P,true,1,false,false,false,MAX_IT,500,3176.144605,8996.359867137746,0.0,true
DMN15102LS,66,0,2P_SAR1_PH1_ATR0_RRU0,true,1,true,false,false,MAX_IT,500,3184.896987,8958.128598613783,0.0,false
DMN15102LS,66,0,2P_SAR1_PH1_ATR1_RRU0,true,1,true,true,false,MAX_IT,500,4132.044599000001,9470.87110222537,0.0,false
DMN15102LS,66,0,2P_SAR1_PH0_ATR0_RRU1,true,1,false,false,true,MAX_IT,500,3175.698018,8996.359867137746,0.0,false
DMN15102LS,66,0,2P_SAR1_PH1_ATR0_RRU1,true,1,true,false,true,MAX_IT,500,3185.973791,8958.128598613783,0.0,false
DMN15102LS,66,0,2P_SAR1_PH1_ATR1_RRU1,true,1,true,true,true,MAX_IT,500,4137.251488999999,9470.87110222537,0.0,false
DMN15103LS,99,0,2P_SAR0_PH0_ATR0_RRU0,false,1,false,false,false,SMALL_STEP,451,4342.587666,1214.7561947924708,0.0,false
DMN15103LS,99,0,2P_SAR0_PH1_ATR0_RRU0,false,1,true,false,false,SMALL_STEP,452,3773.868314,934.8100521672778,0.0,false
DMN15103LS,99,0,2P_SAR0_PH1_ATR1_RRU0,false,1,true,true,false,SMALL_STEP,301,3122.9019120000003,5128.467115495902,0.0,false
DMN15103LS,99,0,2P_SAR0_PH0_ATR0_RRU1,false,1,false,false,true,SMALL_STEP,451,4332.2275899999995,1214.7561947924708,0.0,false
DMN15103LS,99,0,2P_SAR0_PH1_ATR0_RRU1,false,1,true,false,true,SMALL_STEP,452,3806.1594680000003,934.8100521672778,0.0,false
DMN15103LS,99,0,2P_SAR0_PH1_ATR1_RRU1,false,1,true,true,true,SMALL_STEP,301,3094.632967,5128.467115495902,0.0,false
DMN15103LS,99,0,BASE_2P,true,1,false,false,false,MAX_IT,500,4108.639034000001,7923.128717103129,0.0,true
DMN15103LS,99,0,2P_SAR1_PH1_ATR0_RRU0,true,1,true,false,false,SMALL_STEP,452,3781.068344,934.8100521672778,0.0,false
DMN15103LS,99,0,2P_SAR1_PH1_ATR1_RRU0,true,1,true,true,false,SMALL_STEP,301,3124.072952,5128.467115495902,0.0,false
DMN15103LS,99,0,2P_SAR1_PH0_ATR0_RRU1,true,1,false,false,true,MAX_IT,500,4092.7608739999996,7923.128717103129,0.0,false
DMN15103LS,99,0,2P_SAR1_PH1_ATR0_RRU1,true,1,true,false,true,SMALL_STEP,452,3803.721027,934.8100521672778,0.0,false
DMN15103LS,99,0,2P_SAR1_PH1_ATR1_RRU1,true,1,true,true,true,SMALL_STEP,301,3228.016214,5128.467115495902,0.0,false
DMN15332LS,66,0,2P_SAR0_PH0_ATR0_RRU0,false,1,false,false,false,MAX_IT,500,3715.308629,1124.2608130839922,0.0,false
DMN15332LS,66,0,2P_SAR0_PH1_ATR0_RRU0,false,1,true,false,false,MAX_IT,500,3226.697342,1225.5280331064637,0.0,false
DMN15332LS,66,0,2P_SAR0_PH1_ATR1_RRU0,false,1,true,true,false,MAX_IT,500,4066.4949669999996,1300.9186834754057,0.0,false
DMN15332LS,66,0,2P_SAR0_PH0_ATR0_RRU1,false,1,false,false,true,MAX_IT,500,3727.043537,1124.2608130839922,0.0,false
DMN15332LS,66,0,2P_SAR0_PH1_ATR0_RRU1,false,1,true,false,true,MAX_IT,500,3226.646045,1225.5280331064637,0.0,false
DMN15332LS,66,0,2P_SAR0_PH1_ATR1_RRU1,false,1,true,true,true,MAX_IT,500,4070.488345,1300.9186834754057,0.0,false
DMN15332LS,66,0,BASE_2P,true,1,false,false,false,MAX_IT,500,3182.082942,1125.5380921672568,0.0,true
DMN15332LS,66,0,2P_SAR1_PH1_ATR0_RRU0,true,1,true,false,false,MAX_IT,500,3226.475534,1225.5280331064637,0.0,false
DMN15332LS,66,0,2P_SAR1_PH1_ATR1_RRU0,true,1,true,true,false,MAX_IT,500,4065.537592,1300.9186834754057,0.0,false
DMN15332LS,66,0,2P_SAR1_PH0_ATR0_RRU1,true,1,false,false,true,MAX_IT,500,3182.054109,1125.5380921672568,0.0,false
DMN15332LS,66,0,2P_SAR1_PH1_ATR0_RRU1,true,1,true,false,true,MAX_IT,500,3226.957166,1225.5280331064637,0.0,false
DMN15332LS,66,0,2P_SAR1_PH1_ATR1_RRU1,true,1,true,true,true,MAX_IT,500,4069.6475120000005,1300.9186834754057,0.0,false
DMN15333LS,99,0,2P_SAR0_PH0_ATR0_RRU0,false,1,false,false,false,SMALL_STEP,375,3739.53902,457.3946225263843,0.0,false
DMN15333LS,99,0,2P_SAR0_PH1_ATR0_RRU0,false,1,true,false,false,MAX_IT,500,4630.343913,528.9450656614426,0.0,false
DMN15333LS,99,0,2P_SAR0_PH1_ATR1_RRU0,false,1,true,true,false,MAX_IT,500,5191.288266,922.1645595960571,0.0,false
DMN15333LS,99,0,2P_SAR0_PH0_ATR0_RRU1,false,1,false,false,true,SMALL_STEP,375,3604.144769,457.3946225263843,0.0,false
DMN15333LS,99,0,2P_SAR0_PH1_ATR0_RRU1,false,1,true,false,true,MAX_IT,500,4224.545298999999,528.9450656614426,0.0,false
DMN15333LS,99,0,2P_SAR0_PH1_ATR1_RRU1,false,1,true,true,true,MAX_IT,500,5197.096676,922.1645595960571,0.0,false
DMN15333LS,99,0,BASE_2P,true,1,false,false,false,SMALL_STEP,171,1406.8352049999999,531.917897991282,0.0,true
DMN15333LS,99,0,2P_SAR1_PH1_ATR0_RRU0,true,1,true,false,false,MAX_IT,500,4110.217471,528.9450656614426,0.0,false
DMN15333LS,99,0,2P_SAR1_PH1_ATR1_RRU0,true,1,true,true,false,MAX_IT,500,5188.463212000001,922.1645595960571,0.0,false
DMN15333LS,99,0,2P_SAR1_PH0_ATR0_RRU1,true,1,false,false,true,SMALL_STEP,171,1409.530138,531.917897991282,0.0,false
DMN15333LS,99,0,2P_SAR1_PH1_ATR0_RRU1,true,1,true,false,true,MAX_IT,500,4115.794325999999,528.9450656614426,0.0,false
DMN15333LS,99,0,2P_SAR1_PH1_ATR1_RRU1,true,1,true,true,true,MAX_IT,500,5175.419301,922.1645595960571,0.0,false
DMN37142LS,66,0,2P_SAR0_PH0_ATR0_RRU0,false,1,false,false,false,MAX_IT,500,3717.070865,311.4610403117137,0.0,false
DMN37142LS,66,0,2P_SAR0_PH1_ATR0_RRU0,false,1,true,false,false,MAX_IT,500,3203.705241,307.1716356168833,0.0,false
DMN37143LS,99,0,2P_SAR0_PH0_ATR0_RRU0,false,1,false,false,false,MAX_IT,500,4958.373173,351.4452902360428,0.0,false
DMN37143LS,99,0,2P_SAR0_PH1_ATR0_RRU0,false,1,true,false,false,MAX_IT,500,4272.428508,350.40155645616795,0.0,false
DMN37143LS,99,0,2P_SAR0_PH1_ATR1_RRU0,false,1,true,true,false,SMALL_STEP,241,2633.651721,337.8962842566353,0.0,false
DMN37143LS,99,0,2P_SAR0_PH0_ATR0_RRU1,false,1,false,false,true,MAX_IT,500,4813.3822820000005,351.4452902360428,0.0,false
DMN37143LS,99,0,2P_SAR0_PH1_ATR0_RRU1,false,1,true,false,true,MAX_IT,500,4284.533627,350.40155645616795,0.0,false
DMN37143LS,99,0,2P_SAR0_PH1_ATR1_RRU1,false,1,true,true,true,SMALL_STEP,241,2616.80336,337.8962842566353,0.0,false
DMN37143LS,99,0,BASE_2P,true,1,false,false,false,MAX_IT,500,4120.8774410000005,353.6088035133563,0.0,true
DMN37143LS,99,0,2P_SAR1_PH1_ATR0_RRU0,true,1,true,false,false,MAX_IT,500,4253.138628000001,350.40155645616795,0.0,false
DMN37143LS,99,0,2P_SAR1_PH1_ATR1_RRU0,true,1,true,true,false,SMALL_STEP,241,2635.416858,337.8962842566353,0.0,false
DMN37143LS,99,0,2P_SAR1_PH0_ATR0_RRU1,true,1,false,false,true,MAX_IT,500,4235.41128,353.6088035133563,0.0,false
DMN37143LS,99,0,2P_SAR1_PH1_ATR0_RRU1,true,1,true,false,true,MAX_IT,500,4282.225453999999,350.40155645616795,0.0,false
DMN37143LS,99,0,2P_SAR1_PH1_ATR1_RRU1,true,1,true,true,true,SMALL_STEP,241,2634.4831489999997,337.8962842566353,0.0,false
DQDRTIC,5000,0,2P_SAR0_PH0_ATR0_RRU0,false,1,false,false,false,KKT_OK,17,242.36823299999998,0.0005987870693358067,0.0,false
DQDRTIC,5000,0,2P_SAR0_PH1_ATR0_RRU0,false,1,true,false,false,KKT_OK,10,165.826119,2.236611888033887e-25,0.0,false
DQDRTIC,5000,0,2P_SAR0_PH1_ATR1_RRU0,false,1,true,true,false,KKT_OK,20,400.279882,0.001317652999216838,0.0,false
DQDRTIC,5000,0,2P_SAR0_PH0_ATR0_RRU1,false,1,false,false,true,KKT_OK,17,212.917055,0.0005987870693358067,0.0,false
DQDRTIC,5000,0,2P_SAR0_PH1_ATR0_RRU1,false,1,true,false,true,KKT_OK,10,218.74695699999998,2.236611888033887e-25,0.0,false
DQDRTIC,5000,0,2P_SAR0_PH1_ATR1_RRU1,false,1,true,true,true,KKT_OK,20,377.27895900000004,0.001317652999216838,0.0,false
DQDRTIC,5000,0,BASE_2P,true,1,false,false,false,KKT_OK,33,412.63169300000004,2.3410902980285493e-24,0.0,true
DQDRTIC,5000,0,2P_SAR1_PH1_ATR0_RRU0,true,1,true,false,false,KKT_OK,10,234.10863700000002,2.236611888033887e-25,0.0,false
DQDRTIC,5000,0,2P_SAR1_PH1_ATR1_RRU0,true,1,true,true,false,KKT_OK,20,368.314333,0.001317652999216838,0.0,false
DQDRTIC,5000,0,2P_SAR1_PH0_ATR0_RRU1,true,1,false,false,true,KKT_OK,33,427.20632800000004,2.3410902980285493e-24,0.0,false
DQDRTIC,5000,0,2P_SAR1_PH1_ATR0_RRU1,true,1,true,false,true,KKT_OK,10,252.382492,2.236611888033887e-25,0.0,false
DQDRTIC,5000,0,2P_SAR1_PH1_ATR1_RRU1,true,1,true,true,true,KKT_OK,20,349.656657,0.001317652999216838,0.0,false
DQRTIC,5000,0,2P_SAR0_PH0_ATR0_RRU0,false,1,false,false,false,KKT_OK,67,761.2136840000001,0.062499999999090505,0.0,false
DQRTIC,5000,0,2P_SAR0_PH1_ATR0_RRU0,false,1,true,false,false,KKT_OK,43,415.288794,0.00034998156101499956,0.0,false
DQRTIC,5000,0,2P_SAR0_PH1_ATR1_RRU0,false,1,true,true,false,KKT_OK,48,582.0620520000001,0.006187728791084819,0.0,false
DQRTIC,5000,0,2P_SAR0_PH0_ATR0_RRU1,false,1,false,false,true,KKT_OK,67,782.399232,0.062499999999090505,0.0,false
DQRTIC,5000,0,2P_SAR0_PH1_ATR0_RRU1,false,1,true,false,true,KKT_OK,43,407.319201,0.00034998156101499956,0.0,false
DQRTIC,5000,0,2P_SAR0_PH1_ATR1_RRU1,false,1,true,true,true,KKT_OK,48,572.230291,0.006187728791084819,0.0,false
DQRTIC,5000,0,BASE_2P,true,1,false,false,false,MAX_IT,500,3827.632751,5.934687478597532e17,0.0,true
DQRTIC,5000,0,2P_SAR1_PH1_ATR0_RRU0,true,1,true,false,false,KKT_OK,43,416.826559,0.00034998156101499956,0.0,false
DQRTIC,5000,0,2P_SAR1_PH1_ATR1_RRU0,true,1,true,true,false,KKT_OK,48,575.789032,0.006187728791084819,0.0,false
DQRTIC,5000,0,2P_SAR1_PH0_ATR0_RRU1,true,1,false,false,true,MAX_IT,500,3709.641397,5.934687478597532e17,0.0,false
DQRTIC,5000,0,2P_SAR1_PH1_ATR0_RRU1,true,1,true,false,true,KKT_OK,43,416.342537,0.00034998156101499956,0.0,false
DQRTIC,5000,0,2P_SAR1_PH1_ATR1_RRU1,true,1,true,true,true,KKT_OK,48,580.865958,0.006187728791084819,0.0,false
DRCAV1LQ,4489,0,2P_SAR0_PH0_ATR0_RRU0,false,1,false,false,false,KKT_OK,5,83.24571399999999,0.06164530922247697,0.0,false
DRCAV1LQ,4489,0,2P_SAR0_PH1_ATR0_RRU0,false,1,true,false,false,SMALL_STEP,9,125.20605400000001,0.04049191052455096,0.0,false
DRCAV1LQ,4489,0,2P_SAR0_PH1_ATR1_RRU0,false,1,true,true,false,KKT_OK,9,167.96665199999998,0.05815308733820527,0.0,false
DRCAV1LQ,4489,0,2P_SAR0_PH0_ATR0_RRU1,false,1,false,false,true,KKT_OK,5,107.019082,0.06164530922247697,0.0,false
DRCAV1LQ,4489,0,2P_SAR0_PH1_ATR0_RRU1,false,1,true,false,true,SMALL_STEP,9,100.61590600000001,0.04049191052455096,0.0,false
DRCAV1LQ,4489,0,2P_SAR0_PH1_ATR1_RRU1,false,1,true,true,true,KKT_OK,9,198.88378300000002,0.05815308733820527,0.0,false
DRCAV1LQ,4489,0,BASE_2P,true,1,false,false,false,KKT_OK,3,55.436336000000004,0.06986259901048428,0.0,true
DRCAV1LQ,4489,0,2P_SAR1_PH1_ATR0_RRU0,true,1,true,false,false,SMALL_STEP,9,114.167343,0.04049191052455096,0.0,false
DRCAV1LQ,4489,0,2P_SAR1_PH1_ATR1_RRU0,true,1,true,true,false,KKT_OK,9,244.159543,0.05815308733820527,0.0,false
DRCAV1LQ,4489,0,2P_SAR1_PH0_ATR0_RRU1,true,1,false,false,true,KKT_OK,3,58.711541,0.06986259901048428,0.0,false
DRCAV1LQ,4489,0,2P_SAR1_PH1_ATR0_RRU1,true,1,true,false,true,SMALL_STEP,9,125.95532700000001,0.04049191052455096,0.0,false
DRCAV1LQ,4489,0,2P_SAR1_PH1_ATR1_RRU1,true,1,true,true,true,KKT_OK,9,164.568696,0.05815308733820527,0.0,false
DRCAV2LQ,4489,0,2P_SAR0_PH0_ATR0_RRU0,false,1,false,false,false,KKT_OK,5,104.77114999999999,0.06161704683358463,0.0,false
DRCAV2LQ,4489,0,2P_SAR0_PH1_ATR0_RRU0,false,1,true,false,false,SMALL_STEP,9,99.37608300000001,0.040438423447437095,0.0,false
DRCAV2LQ,4489,0,2P_SAR0_PH1_ATR1_RRU0,false,1,true,true,false,KKT_OK,9,190.820075,0.05802716227904086,0.0,false
DRCAV2LQ,4489,0,2P_SAR0_PH0_ATR0_RRU1,false,1,false,false,true,KKT_OK,5,83.57129400000001,0.06161704683358463,0.0,false
DRCAV2LQ,4489,0,2P_SAR0_PH1_ATR0_RRU1,false,1,true,false,true,SMALL_STEP,9,115.428356,0.040438423447437095,0.0,false
DRCAV2LQ,4489,0,2P_SAR0_PH1_ATR1_RRU1,false,1,true,true,true,KKT_OK,9,199.49500700000002,0.05802716227904086,0.0,false
DRCAV2LQ,4489,0,BASE_2P,true,1,false,false,false,KKT_OK,3,55.168363,0.06984915467459944,0.0,true
DRCAV2LQ,4489,0,2P_SAR1_PH1_ATR0_RRU0,true,1,true,false,false,SMALL_STEP,9,124.91542799999999,0.040438423447437095,0.0,false
DRCAV2LQ,4489,0,2P_SAR1_PH1_ATR1_RRU0,true,1,true,true,false,KKT_OK,9,161.07016199999998,0.05802716227904086,0.0,false
DRCAV2LQ,4489,0,2P_SAR1_PH0_ATR0_RRU1,true,1,false,false,true,KKT_OK,3,71.14679699999999,0.06984915467459944,0.0,false
DRCAV2LQ,4489,0,2P_SAR1_PH1_ATR0_RRU1,true,1,true,false,true,SMALL_STEP,9,99.251038,0.040438423447437095,0.0,false
DRCAV2LQ,4489,0,2P_SAR1_PH1_ATR1_RRU1,true,1,true,true,true,KKT_OK,9,191.213211,0.05802716227904086,0.0,false
DRCAV3LQ,4489,0,2P_SAR0_PH0_ATR0_RRU0,false,1,false,false,false,KKT_OK,5,151.600721,0.06185088443550052,0.0,false
DRCAV3LQ,4489,0,2P_SAR0_PH1_ATR0_RRU0,false,1,true,false,false,SMALL_STEP,9,101.486226,0.0416305605730971,0.0,false
DRCAV3LQ,4489,0,2P_SAR0_PH1_ATR1_RRU0,false,1,true,true,false,KKT_OK,9,213.023922,0.06041373333131857,0.0,false
DRCAV3LQ,4489,0,2P_SAR0_PH0_ATR0_RRU1,false,1,false,false,true,KKT_OK,5,83.46314100000001,0.06185088443550052,0.0,false
DRCAV3LQ,4489,0,2P_SAR0_PH1_ATR0_RRU1,false,1,true,false,true,SMALL_STEP,9,126.49608,0.0416305605730971,0.0,false
DRCAV3LQ,4489,0,2P_SAR0_PH1_ATR1_RRU1,false,1,true,true,true,KKT_OK,9,179.38926,0.06041373333131857,0.0,false
DRCAV3LQ,4489,0,BASE_2P,true,1,false,false,false,SMALL_STEP,4,63.086507,0.06751917593994873,0.0,true
DRCAV3LQ,4489,0,2P_SAR1_PH1_ATR0_RRU0,true,1,true,false,false,SMALL_STEP,9,112.137509,0.0416305605730971,0.0,false
DRCAV3LQ,4489,0,2P_SAR1_PH1_ATR1_RRU0,true,1,true,true,false,KKT_OK,9,215.636706,0.06041373333131857,0.0,false
DRCAV3LQ,4489,0,2P_SAR1_PH0_ATR0_RRU1,true,1,false,false,true,SMALL_STEP,4,61.497541000000005,0.06751917593994873,0.0,false
DRCAV3LQ,4489,0,2P_SAR1_PH1_ATR0_RRU1,true,1,true,false,true,SMALL_STEP,9,126.12110700000001,0.0416305605730971,0.0,false
DRCAV3LQ,4489,0,2P_SAR1_PH1_ATR1_RRU1,true,1,true,true,true,KKT_OK,9,177.52061899999998,0.06041373333131857,0.0,false
DUAL1,85,1,2P_SAR0_PH0_ATR0_RRU0,false,1,false,false,false,SMALL_STEP,53,39.830599,0.041496114107850146,1.2836953722228372e-16,false
DUAL1,85,1,2P_SAR0_PH1_ATR0_RRU0,false,1,true,false,false,SMALL_STEP,109,62.017955,0.03960889818921119,2.426878142891553e-15,false
DUAL1,85,1,2P_SAR0_PH1_ATR1_RRU0,false,1,true,true,false,SMALL_STEP,303,223.741519,0.040151832448992154,2.237793284010081e-16,false
DUAL1,85,1,2P_SAR0_PH0_ATR0_RRU1,false,1,false,false,true,SMALL_STEP,53,38.942935999999996,0.041496114107850146,1.2836953722228372e-16,false
DUAL1,85,1,2P_SAR0_PH1_ATR0_RRU1,false,1,true,false,true,SMALL_STEP,109,56.423865,0.03960889818921119,2.426878142891553e-15,false
DUAL1,85,1,2P_SAR0_PH1_ATR1_RRU1,false,1,true,true,true,SMALL_STEP,303,199.159037,0.040151832448992154,2.237793284010081e-16,false
DUAL1,85,1,BASE_2P,true,1,false,false,false,SMALL_STEP,66,35.736489000000006,0.05006486673176844,5.9761223747401e-16,true
DUAL1,85,1,2P_SAR1_PH1_ATR0_RRU0,true,1,true,false,false,SMALL_STEP,109,61.648613,0.03960889818921119,2.426878142891553e-15,false
DUAL1,85,1,2P_SAR1_PH1_ATR1_RRU0,true,1,true,true,false,SMALL_STEP,303,224.115059,0.040151832448992154,2.237793284010081e-16,false
DUAL1,85,1,2P_SAR1_PH0_ATR0_RRU1,true,1,false,false,true,SMALL_STEP,66,36.421913,0.05006486673176844,5.9761223747401e-16,false
DUAL1,85,1,2P_SAR1_PH1_ATR0_RRU1,true,1,true,false,true,SMALL_STEP,109,62.56756500000001,0.03960889818921119,2.426878142891553e-15,false
DUAL1,85,1,2P_SAR1_PH1_ATR1_RRU1,true,1,true,true,true,SMALL_STEP,303,228.100255,0.040151832448992154,2.237793284010081e-16,false
DUAL2,96,1,2P_SAR0_PH0_ATR0_RRU0,false,1,false,false,false,SMALL_STEP,69,55.765792000000005,0.03626335295030864,3.0531133177191805e-16,false
DUAL2,96,1,2P_SAR0_PH1_ATR0_RRU0,false,1,true,false,false,SMALL_STEP,79,51.861487999999994,0.036463173240999514,8.673617379884035e-17,false
DUAL2,96,1,2P_SAR0_PH1_ATR1_RRU0,false,1,true,true,false,SMALL_STEP,257,213.878963,0.038115162850584694,5.377642775528102e-17,false
DUAL2,96,1,2P_SAR0_PH0_ATR0_RRU1,false,1,false,false,true,SMALL_STEP,69,55.601354,0.03626335295030864,3.0531133177191805e-16,false
DUAL2,96,1,2P_SAR0_PH1_ATR0_RRU1,false,1,true,false,true,SMALL_STEP,79,51.624103,0.036463173240999514,8.673617379884035e-17,false
DUAL2,96,1,2P_SAR0_PH1_ATR1_RRU1,false,1,true,true,true,SMALL_STEP,257,324.690868,0.038115162850584694,5.377642775528102e-17,false
DUAL2,96,1,BASE_2P,true,1,false,false,false,SMALL_STEP,47,25.853123,0.0409314696898145,3.139849491518021e-16,true
DUAL2,96,1,2P_SAR1_PH1_ATR0_RRU0,true,1,true,false,false,SMALL_STEP,79,46.783986,0.036463173240999514,8.673617379884035e-17,false
DUAL2,96,1,2P_SAR1_PH1_ATR1_RRU0,true,1,true,true,false,SMALL_STEP,257,206.08959900000002,0.038115162850584694,5.377642775528102e-17,false
DUAL2,96,1,2P_SAR1_PH0_ATR0_RRU1,true,1,false,false,true,SMALL_STEP,47,29.297015,0.0409314696898145,3.139849491518021e-16,false
DUAL2,96,1,2P_SAR1_PH1_ATR0_RRU1,true,1,true,false,true,SMALL_STEP,79,50.517109,0.036463173240999514,8.673617379884035e-17,false
DUAL2,96,1,2P_SAR1_PH1_ATR1_RRU1,true,1,true,true,true,SMALL_STEP,257,211.412191,0.038115162850584694,5.377642775528102e-17,false
DUAL3,111,1,2P_SAR0_PH0_ATR0_RRU0,false,1,false,false,false,SMALL_STEP,77,69.59506999999999,0.13874771875966788,2.5066754227864863e-16,false
DUAL3,111,1,2P_SAR0_PH1_ATR0_RRU0,false,1,true,false,false,SMALL_STEP,86,62.998682,0.13746548458347846,1.689186984732416e-16,false
DUAL3,111,1,2P_SAR0_PH1_ATR1_RRU0,false,1,true,true,false,SMALL_STEP,357,331.475839,0.14378727806861794,9.73613550891983e-17,false
DUAL3,111,1,2P_SAR0_PH0_ATR0_RRU1,false,1,false,false,true,SMALL_STEP,77,70.298528,0.13874771875966788,2.5066754227864863e-16,false
DUAL3,111,1,2P_SAR0_PH1_ATR0_RRU1,false,1,true,false,true,SMALL_STEP,86,63.64982199999999,0.13746548458347846,1.689186984732416e-16,false
DUAL3,111,1,2P_SAR0_PH1_ATR1_RRU1,false,1,true,true,true,SMALL_STEP,357,304.383324,0.14378727806861794,9.73613550891983e-17,false
DUAL3,111,1,BASE_2P,true,1,false,false,false,SMALL_STEP,37,27.310973999999998,0.1514486533699412,2.3548871186385156e-16,true
DUAL3,111,1,2P_SAR1_PH1_ATR0_RRU0,true,1,true,false,false,SMALL_STEP,86,60.823176,0.13746548458347846,1.689186984732416e-16,false
DUAL3,111,1,2P_SAR1_PH1_ATR1_RRU0,true,1,true,true,false,SMALL_STEP,357,329.026279,0.14378727806861794,9.73613550891983e-17,false
DUAL3,111,1,2P_SAR1_PH0_ATR0_RRU1,true,1,false,false,true,SMALL_STEP,37,28.090305,0.1514486533699412,2.3548871186385156e-16,false
DUAL3,111,1,2P_SAR1_PH1_ATR0_RRU1,true,1,true,false,true,SMALL_STEP,86,61.289019,0.13746548458347846,1.689186984732416e-16,false
DUAL3,111,1,2P_SAR1_PH1_ATR1_RRU1,true,1,true,true,true,SMALL_STEP,357,331.17512500000004,0.14378727806861794,9.73613550891983e-17,false
DUAL4,75,1,2P_SAR0_PH0_ATR0_RRU0,false,1,false,false,false,SMALL_STEP,45,32.395880000000005,0.747647614638853,1.929879867024198e-17,false
DUAL4,75,1,2P_SAR0_PH1_ATR0_RRU0,false,1,true,false,false,SMALL_STEP,37,21.405271,0.7461877676990804,2.3180242447740085e-16,false
DUAL4,75,1,2P_SAR0_PH1_ATR1_RRU0,false,1,true,true,false,SMALL_STEP,216,155.02495399999998,0.7466974530619754,6.678685382510707e-17,false
DUAL4,75,1,2P_SAR0_PH0_ATR0_RRU1,false,1,false,false,true,SMALL_STEP,45,31.265924000000002,0.747647614638853,1.929879867024198e-17,false
DUAL4,75,1,2P_SAR0_PH1_ATR0_RRU1,false,1,true,false,true,SMALL_STEP,37,21.439495,0.7461877676990804,2.3180242447740085e-16,false
DUAL4,75,1,2P_SAR0_PH1_ATR1_RRU1,false,1,true,true,true,SMALL_STEP,216,250.472326,0.7466974530619754,6.678685382510707e-17,false
DUAL4,75,1,BASE_2P,true,1,false,false,false,SMALL_STEP,38,17.81224,0.7491109244522369,4.85722573273506e-17,true
DUAL4,75,1,2P_SAR1_PH1_ATR0_RRU0,true,1,true,false,false,SMALL_STEP,37,20.661357000000002,0.7461877676990804,2.3180242447740085e-16,false
DUAL4,75,1,2P_SAR1_PH1_ATR1_RRU0,true,1,true,true,false,SMALL_STEP,216,144.702576,0.7466974530619754,6.678685382510707e-17,false
DUAL4,75,1,2P_SAR1_PH0_ATR0_RRU1,true,1,false,false,true,SMALL_STEP,38,20.1506,0.7491109244522369,4.85722573273506e-17,false
DUAL4,75,1,2P_SAR1_PH1_ATR0_RRU1,true,1,true,false,true,SMALL_STEP,37,21.346661,0.7461877676990804,2.3180242447740085e-16,false
DUAL4,75,1,2P_SAR1_PH1_ATR1_RRU1,true,1,true,true,true,SMALL_STEP,216,149.37366699999998,0.7466974530619754,6.678685382510707e-17,false
ECKERLE4LS,3,0,2P_SAR0_PH0_ATR0_RRU0,false,1,false,false,false,KKT_OK,7,4.012006,0.6996958989261236,0.0,false
ECKERLE4LS,3,0,2P_SAR0_PH1_ATR0_RRU0,false,1,true,false,false,KKT_OK,6,2.878402,0.6996958936997179,0.0,false
ECKERLE4LS,3,0,2P_SAR0_PH1_ATR1_RRU0,false,1,true,true,false,KKT_OK,6,3.670216,0.6996959755564918,0.0,false
ECKERLE4LS,3,0,2P_SAR0_PH0_ATR0_RRU1,false,1,false,false,true,KKT_OK,7,3.002996,0.6996958989261236,0.0,false
ECKERLE4LS,3,0,2P_SAR0_PH1_ATR0_RRU1,false,1,true,false,true,KKT_OK,6,2.6456660000000003,0.6996958936997179,0.0,false
ECKERLE4LS,3,0,2P_SAR0_PH1_ATR1_RRU1,false,1,true,true,true,KKT_OK,6,3.591879,0.6996959755564918,0.0,false
ECKERLE4LS,3,0,BASE_2P,true,1,false,false,false,KKT_OK,12,3.387276,0.6996958977270552,0.0,true
ECKERLE4LS,3,0,2P_SAR1_PH1_ATR0_RRU0,true,1,true,false,false,KKT_OK,6,2.6295960000000003,0.6996958936997179,0.0,false
ECKERLE4LS,3,0,2P_SAR1_PH1_ATR1_RRU0,true,1,true,true,false,KKT_OK,6,3.586429,0.6996959755564918,0.0,false
ECKERLE4LS,3,0,2P_SAR1_PH0_ATR0_RRU1,true,1,false,false,true,KKT_OK,12,3.411461,0.6996958977270552,0.0,false
ECKERLE4LS,3,0,2P_SAR1_PH1_ATR0_RRU1,true,1,true,false,true,KKT_OK,6,2.6586700000000003,0.6996958936997179,0.0,false
ECKERLE4LS,3,0,2P_SAR1_PH1_ATR1_RRU1,true,1,true,true,true,KKT_OK,6,3.5931420000000003,0.6996959755564918,0.0,false
EDENSCH,2000,0,2P_SAR0_PH0_ATR0_RRU0,false,1,false,false,false,MAX_IT,500,2468.663318,12005.594098415422,0.0,false
EDENSCH,2000,0,2P_SAR0_PH1_ATR0_RRU0,false,1,true,false,false,KKT_OK,379,1227.9721809999999,12003.785612962762,0.0,false
EDENSCH,2000,0,2P_SAR0_PH1_ATR1_RRU0,false,1,true,true,false,KKT_OK,19,106.099116,12003.430189524976,0.0,false
EDENSCH,2000,0,2P_SAR0_PH0_ATR0_RRU1,false,1,false,false,true,MAX_IT,500,2434.263627,12005.594098415422,0.0,false
EDENSCH,2000,0,2P_SAR0_PH1_ATR0_RRU1,false,1,true,false,true,KKT_OK,379,1232.208449,12003.785612962762,0.0,false
EDENSCH,2000,0,2P_SAR0_PH1_ATR1_RRU1,false,1,true,true,true,KKT_OK,19,120.214438,12003.430189524976,0.0,false
EDENSCH,2000,0,BASE_2P,true,1,false,false,false,MAX_IT,500,1661.740475,12006.89484106457,0.0,true
EDENSCH,2000,0,2P_SAR1_PH1_ATR0_RRU0,true,1,true,false,false,KKT_OK,379,1245.556448,12003.785612962762,0.0,false
EDENSCH,2000,0,2P_SAR1_PH1_ATR1_RRU0,true,1,true,true,false,KKT_OK,19,110.992492,12003.430189524976,0.0,false
EDENSCH,2000,0,2P_SAR1_PH0_ATR0_RRU1,true,1,false,false,true,MAX_IT,500,1741.559527,12006.89484106457,0.0,false
EDENSCH,2000,0,2P_SAR1_PH1_ATR0_RRU1,true,1,true,false,true,KKT_OK,379,1239.9877290000002,12003.785612962762,0.0,false
EDENSCH,2000,0,2P_SAR1_PH1_ATR1_RRU1,true,1,true,true,true,KKT_OK,19,121.27891100000001,12003.430189524976,0.0,false
EG1,3,0,2P_SAR0_PH0_ATR0_RRU0,false,1,false,false,false,KKT_OK,27,9.340487999999999,-1.4293066128977339,0.0,false
EG1,3,0,2P_SAR0_PH1_ATR0_RRU0,false,1,true,false,false,KKT_OK,33,8.119060000000001,-1.4293065973563095,0.0,false
EG1,3,0,2P_SAR0_PH1_ATR1_RRU0,false,1,true,true,false,KKT_OK,65,19.39264,-1.429306698261818,0.0,false
EG1,3,0,2P_SAR0_PH0_ATR0_RRU1,false,1,false,false,true,KKT_OK,27,8.267468000000001,-1.4293066128977339,0.0,false
EG1,3,0,2P_SAR0_PH1_ATR0_RRU1,false,1,true,false,true,KKT_OK,33,8.426746000000001,-1.4293065973563095,0.0,false
EG1,3,0,2P_SAR0_PH1_ATR1_RRU1,false,1,true,true,true,KKT_OK,65,19.335021,-1.429306698261818,0.0,false
EG1,3,0,BASE_2P,true,1,false,false,false,KKT_OK,27,7.911760999999999,-1.4293066128977339,0.0,true
EG1,3,0,2P_SAR1_PH1_ATR0_RRU0,true,1,true,false,false,KKT_OK,33,8.108981,-1.4293065973563095,0.0,false
EG1,3,0,2P_SAR1_PH1_ATR1_RRU0,true,1,true,true,false,KKT_OK,65,19.346083,-1.429306698261818,0.0,false
EG1,3,0,2P_SAR1_PH0_ATR0_RRU1,true,1,false,false,true,KKT_OK,27,8.453586000000001,-1.4293066128977339,0.0,false
EG1,3,0,2P_SAR1_PH1_ATR0_RRU1,true,1,true,false,true,KKT_OK,33,8.39148,-1.4293065973563095,0.0,false
EG1,3,0,2P_SAR1_PH1_ATR1_RRU1,true,1,true,true,true,KKT_OK,65,19.883469,-1.429306698261818,0.0,false
EG2,1000,0,2P_SAR0_PH0_ATR0_RRU0,false,1,false,false,false,KKT_OK,10,32.987898,-998.9008482754952,0.0,false
EG2,1000,0,2P_SAR0_PH1_ATR0_RRU0,false,1,true,false,false,KKT_OK,6,19.972296,-998.9265224539223,0.0,false
EG2,1000,0,2P_SAR0_PH1_ATR1_RRU0,false,1,true,true,false,KKT_OK,7,26.285843,-998.8972391003107,0.0,false
EG2,1000,0,2P_SAR0_PH0_ATR0_RRU1,false,1,false,false,true,KKT_OK,10,28.886324000000002,-998.9008482754952,0.0,false
EG2,1000,0,2P_SAR0_PH1_ATR0_RRU1,false,1,true,false,true,KKT_OK,6,15.785532000000002,-998.9265224539223,0.0,false
EG2,1000,0,2P_SAR0_PH1_ATR1_RRU1,false,1,true,true,true,KKT_OK,7,26.413762000000002,-998.8972391003107,0.0,false
EG2,1000,0,BASE_2P,true,1,false,false,false,KKT_OK,10,28.894741000000003,-998.9008482754952,0.0,true
EG2,1000,0,2P_SAR1_PH1_ATR0_RRU0,true,1,true,false,false,KKT_OK,6,15.665005999999998,-998.9265224539223,0.0,false
EG2,1000,0,2P_SAR1_PH1_ATR1_RRU0,true,1,true,true,false,KKT_OK,7,29.976978000000003,-998.8972391003107,0.0,false
EG2,1000,0,2P_SAR1_PH0_ATR0_RRU1,true,1,false,false,true,KKT_OK,10,34.280761,-998.9008482754952,0.0,false
EG2,1000,0,2P_SAR1_PH1_ATR0_RRU1,true,1,true,false,true,KKT_OK,6,15.879278,-998.9265224539223,0.0,false
EG2,1000,0,2P_SAR1_PH1_ATR1_RRU1,true,1,true,true,true,KKT_OK,7,26.209400000000002,-998.8972391003107,0.0,false
EGGCRATE,2,0,2P_SAR0_PH0_ATR0_RRU0,false,1,false,false,false,SMALL_STEP,15,6.687368,9.488197354775195,0.0,false
EGGCRATE,2,0,2P_SAR0_PH1_ATR0_RRU0,false,1,true,false,false,KKT_OK,10,4.476866,9.488197339106259,0.0,false
EGGCRATE,2,0,2P_SAR0_PH1_ATR1_RRU0,false,1,true,true,false,KKT_OK,20,8.640066000000001,9.488197350735197,0.0,false
EGGCRATE,2,0,2P_SAR0_PH0_ATR0_RRU1,false,1,false,false,true,SMALL_STEP,15,5.69023,9.488197354775195,0.0,false
EGGCRATE,2,0,2P_SAR0_PH1_ATR0_RRU1,false,1,true,false,true,KKT_OK,10,4.326024,9.488197339106259,0.0,false
EGGCRATE,2,0,2P_SAR0_PH1_ATR1_RRU1,false,1,true,true,true,KKT_OK,20,8.349141,9.488197350735197,0.0,false
EGGCRATE,2,0,BASE_2P,true,1,false,false,false,SMALL_STEP,23,5.9866850000000005,9.488197346303552,0.0,true
EGGCRATE,2,0,2P_SAR1_PH1_ATR0_RRU0,true,1,true,false,false,KKT_OK,10,4.120389,9.488197339106259,0.0,false
EGGCRATE,2,0,2P_SAR1_PH1_ATR1_RRU0,true,1,true,true,false,KKT_OK,20,7.943891999999999,9.488197350735197,0.0,false
EGGCRATE,2,0,2P_SAR1_PH0_ATR0_RRU1,true,1,false,false,true,SMALL_STEP,23,6.028894,9.488197346303552,0.0,false
EGGCRATE,2,0,2P_SAR1_PH1_ATR0_RRU1,true,1,true,false,true,KKT_OK,10,4.184429,9.488197339106259,0.0,false
EGGCRATE,2,0,2P_SAR1_PH1_ATR1_RRU1,true,1,true,true,true,KKT_OK,20,8.129709,9.488197350735197,0.0,false
EGGCRATEB,2,0,2P_SAR0_PH0_ATR0_RRU0,false,1,false,false,false,SMALL_STEP,15,6.645779999999999,9.488197354775195,0.0,false
EGGCRATEB,2,0,2P_SAR0_PH1_ATR0_RRU0,false,1,true,false,false,KKT_OK,10,4.390816,9.488197339106259,0.0,false
EGGCRATEB,2,0,2P_SAR0_PH1_ATR1_RRU0,false,1,true,true,false,KKT_OK,20,8.103391,9.488197350735197,0.0,false
EGGCRATEB,2,0,2P_SAR0_PH0_ATR0_RRU1,false,1,false,false,true,SMALL_STEP,15,5.371824,9.488197354775195,0.0,false
EGGCRATEB,2,0,2P_SAR0_PH1_ATR0_RRU1,false,1,true,false,true,KKT_OK,10,4.064324,9.488197339106259,0.0,false
EGGCRATEB,2,0,2P_SAR0_PH1_ATR1_RRU1,false,1,true,true,true,KKT_OK,20,7.920137,9.488197350735197,0.0,false
EGGCRATEB,2,0,BASE_2P,true,1,false,false,false,SMALL_STEP,23,5.758026999999999,9.488197346303552,0.0,true
EGGCRATEB,2,0,2P_SAR1_PH1_ATR0_RRU0,true,1,true,false,false,KKT_OK,10,4.034277,9.488197339106259,0.0,false
EGGCRATEB,2,0,2P_SAR1_PH1_ATR1_RRU0,true,1,true,true,false,KKT_OK,20,7.897784999999999,9.488197350735197,0.0,false
EGGCRATEB,2,0,2P_SAR1_PH0_ATR0_RRU1,true,1,false,false,true,SMALL_STEP,23,5.730916,9.488197346303552,0.0,false
EGGCRATEB,2,0,2P_SAR1_PH1_ATR0_RRU1,true,1,true,false,true,KKT_OK,10,4.018848,9.488197339106259,0.0,false
EGGCRATEB,2,0,2P_SAR1_PH1_ATR1_RRU1,true,1,true,true,true,KKT_OK,20,7.947388,9.488197350735197,0.0,false
EIGENALS,2550,0,2P_SAR0_PH0_ATR0_RRU0,false,1,false,false,false,MAX_IT,500,6059.3942,1459.000689421569,0.0,false
EIGENALS,2550,0,2P_SAR0_PH1_ATR0_RRU0,false,1,true,false,false,MAX_IT,500,4604.71205,1078.9065317786424,0.0,false
EIGENALS,2550,0,2P_SAR0_PH1_ATR1_RRU0,false,1,true,true,false,MAX_IT,500,8209.58226,1531.5014587517899,0.0,false
EIGENALS,2550,0,2P_SAR0_PH0_ATR0_RRU1,false,1,false,false,true,MAX_IT,500,6010.826199,1459.000689421569,0.0,false
EIGENALS,2550,0,2P_SAR0_PH1_ATR0_RRU1,false,1,true,false,true,MAX_IT,500,4606.5638690000005,1078.9065317786424,0.0,false
EIGENALS,2550,0,2P_SAR0_PH1_ATR1_RRU1,false,1,true,true,true,MAX_IT,500,8269.65979,1531.5014587517899,0.0,false
EIGENALS,2550,0,BASE_2P,true,1,false,false,false,MAX_IT,500,4584.226614,1105.8889506276375,0.0,true
EIGENALS,2550,0,2P_SAR1_PH1_ATR0_RRU0,true,1,true,false,false,MAX_IT,500,4599.499535999999,1078.9065317786424,0.0,false
EIGENALS,2550,0,2P_SAR1_PH1_ATR1_RRU0,true,1,true,true,false,MAX_IT,500,8244.403652,1531.5014587517899,0.0,false
EIGENALS,2550,0,2P_SAR1_PH0_ATR0_RRU1,true,1,false,false,true,MAX_IT,500,4568.391061,1105.8889506276375,0.0,false
EIGENALS,2550,0,2P_SAR1_PH1_ATR0_RRU1,true,1,true,false,true,MAX_IT,500,4663.646994,1078.9065317786424,0.0,false
EIGENALS,2550,0,2P_SAR1_PH1_ATR1_RRU1,true,1,true,true,true,MAX_IT,500,8319.094929,1531.5014587517899,0.0,false
EIGENBLS,2550,0,2P_SAR0_PH0_ATR0_RRU0,false,1,false,false,false,KKT_OK,334,4047.2688100000005,12.624882132598154,0.0,false
EIGENBLS,2550,0,2P_SAR0_PH1_ATR0_RRU0,false,1,true,false,false,KKT_OK,133,1291.05541,9.600006881082674,0.0,false
EIGENBLS,2550,0,2P_SAR0_PH1_ATR1_RRU0,false,1,true,true,false,KKT_OK,332,5412.876096999999,12.112491244177296,0.0,false
EIGENBLS,2550,0,2P_SAR0_PH0_ATR0_RRU1,false,1,false,false,true,KKT_OK,334,4154.648495,12.624882132598154,0.0,false
EIGENBLS,2550,0,2P_SAR0_PH1_ATR0_RRU1,false,1,true,false,true,KKT_OK,133,1239.304094,9.600006881082674,0.0,false
EIGENBLS,2550,0,2P_SAR0_PH1_ATR1_RRU1,false,1,true,true,true,KKT_OK,332,5365.505405999999,12.112491244177296,0.0,false
EIGENBLS,2550,0,BASE_2P,true,1,false,false,false,KKT_OK,98,882.260497,11.34970101121585,0.0,true
EIGENBLS,2550,0,2P_SAR1_PH1_ATR0_RRU0,true,1,true,false,false,KKT_OK,133,1273.8386619999999,9.600006881082674,0.0,false
EIGENBLS,2550,0,2P_SAR1_PH1_ATR1_RRU0,true,1,true,true,false,KKT_OK,332,5393.439084,12.112491244177296,0.0,false
EIGENBLS,2550,0,2P_SAR1_PH0_ATR0_RRU1,true,1,false,false,true,KKT_OK,98,886.366511,11.34970101121585,0.0,false
EIGENBLS,2550,0,2P_SAR1_PH1_ATR0_RRU1,true,1,true,false,true,KKT_OK,133,1233.652084,9.600006881082674,0.0,false
EIGENBLS,2550,0,2P_SAR1_PH1_ATR1_RRU1,true,1,true,true,true,KKT_OK,332,5401.7426510000005,12.112491244177296,0.0,false
EIGENCLS,2652,0,2P_SAR0_PH0_ATR0_RRU0,false,1,false,false,false,MAX_IT,500,6292.548757,530.1282007778569,0.0,false
EIGENCLS,2652,0,2P_SAR0_PH1_ATR0_RRU0,false,1,true,false,false,MAX_IT,500,4825.564156,182.33377316474866,0.0,false
EIGENCLS,2652,0,2P_SAR0_PH1_ATR1_RRU0,false,1,true,true,false,MAX_IT,500,8830.778623,557.2686675658235,0.0,false
EIGENCLS,2652,0,2P_SAR0_PH0_ATR0_RRU1,false,1,false,false,true,MAX_IT,500,6324.556408,530.1282007778569,0.0,false
EIGENCLS,2652,0,2P_SAR0_PH1_ATR0_RRU1,false,1,true,false,true,MAX_IT,500,4917.930862,182.33377316474866,0.0,false
EIGENCLS,2652,0,2P_SAR0_PH1_ATR1_RRU1,false,1,true,true,true,MAX_IT,500,8745.6882,557.2686675658235,0.0,false
EIGENCLS,2652,0,BASE_2P,true,1,false,false,false,MAX_IT,500,4840.343382,569.7081002525449,0.0,true
EIGENCLS,2652,0,2P_SAR1_PH1_ATR0_RRU0,true,1,true,false,false,MAX_IT,500,4845.947676,182.33377316474866,0.0,false
EIGENCLS,2652,0,2P_SAR1_PH1_ATR1_RRU0,true,1,true,true,false,MAX_IT,500,8770.752836,557.2686675658235,0.0,false
EIGENCLS,2652,0,2P_SAR1_PH0_ATR0_RRU1,true,1,false,false,true,MAX_IT,500,4923.189530000001,569.7081002525449,0.0,false
EIGENCLS,2652,0,2P_SAR1_PH1_ATR0_RRU1,true,1,true,false,true,MAX_IT,500,4948.413173,182.33377316474866,0.0,false
EIGENCLS,2652,0,2P_SAR1_PH1_ATR1_RRU1,true,1,true,true,true,MAX_IT,500,8724.307513,557.2686675658235,0.0,false
ELATVIDU,2,0,2P_SAR0_PH0_ATR0_RRU0,false,1,false,false,false,SMALL_STEP,21,8.278877,54.751118666211696,0.0,false
ELATVIDU,2,0,2P_SAR0_PH1_ATR0_RRU0,false,1,true,false,false,SMALL_STEP,48,11.750129,99.02055812369235,0.0,false
ELATVIDU,2,0,2P_SAR0_PH1_ATR1_RRU0,false,1,true,true,false,SMALL_STEP,33,11.625787,54.75111864364972,0.0,false
ELATVIDU,2,0,2P_SAR0_PH0_ATR0_RRU1,false,1,false,false,true,SMALL_STEP,21,7.072287,54.751118666211696,0.0,false
ELATVIDU,2,0,2P_SAR0_PH1_ATR0_RRU1,false,1,true,false,true,SMALL_STEP,48,11.254280999999999,99.02055812369235,0.0,false
ELATVIDU,2,0,2P_SAR0_PH1_ATR1_RRU1,false,1,true,true,true,SMALL_STEP,33,11.244452,54.75111864364972,0.0,false
ELATVIDU,2,0,BASE_2P,true,1,false,false,false,SMALL_STEP,60,12.023892,54.751119000744296,0.0,true
ELATVIDU,2,0,2P_SAR1_PH1_ATR0_RRU0,true,1,true,false,false,SMALL_STEP,48,10.877244,99.02055812369235,0.0,false
ELATVIDU,2,0,2P_SAR1_PH1_ATR1_RRU0,true,1,true,true,false,SMALL_STEP,33,11.096645,54.75111864364972,0.0,false
ELATVIDU,2,0,2P_SAR1_PH0_ATR0_RRU1,true,1,false,false,true,SMALL_STEP,60,11.745230000000001,54.751119000744296,0.0,false
ELATVIDU,2,0,2P_SAR1_PH1_ATR0_RRU1,true,1,true,false,true,SMALL_STEP,48,10.75204,99.02055812369235,0.0,false
ELATVIDU,2,0,2P_SAR1_PH1_ATR1_RRU1,true,1,true,true,true,SMALL_STEP,33,11.117495,54.75111864364972,0.0,false
ELATVIDUB,2,0,2P_SAR0_PH0_ATR0_RRU0,false,1,false,false,false,SMALL_STEP,21,7.602431,54.751118666211696,0.0,false
ELATVIDUB,2,0,2P_SAR0_PH1_ATR0_RRU0,false,1,true,false,false,SMALL_STEP,48,10.762179,99.02055812369235,0.0,false
ELATVIDUB,2,0,2P_SAR0_PH1_ATR1_RRU0,false,1,true,true,false,SMALL_STEP,33,10.972071999999999,54.75111864364972,0.0,false
ELATVIDUB,2,0,2P_SAR0_PH0_ATR0_RRU1,false,1,false,false,true,SMALL_STEP,21,6.800688,54.751118666211696,0.0,false
ELATVIDUB,2,0,2P_SAR0_PH1_ATR0_RRU1,false,1,true,false,true,SMALL_STEP,48,10.672229999999999,99.02055812369235,0.0,false
ELATVIDUB,2,0,2P_SAR0_PH1_ATR1_RRU1,false,1,true,true,true,SMALL_STEP,33,10.9922,54.75111864364972,0.0,false
ELATVIDUB,2,0,BASE_2P,true,1,false,false,false,SMALL_STEP,60,11.715134,54.751119000744296,0.0,true
ELATVIDUB,2,0,2P_SAR1_PH1_ATR0_RRU0,true,1,true,false,false,SMALL_STEP,48,10.721072,99.02055812369235,0.0,false
ELATVIDUB,2,0,2P_SAR1_PH1_ATR1_RRU0,true,1,true,true,false,SMALL_STEP,33,11.000334,54.75111864364972,0.0,false
ELATVIDUB,2,0,2P_SAR1_PH0_ATR0_RRU1,true,1,false,false,true,SMALL_STEP,60,11.740791999999999,54.751119000744296,0.0,false
ELATVIDUB,2,0,2P_SAR1_PH1_ATR0_RRU1,true,1,true,false,true,SMALL_STEP,48,10.820398,99.02055812369235,0.0,false
ELATVIDUB,2,0,2P_SAR1_PH1_ATR1_RRU1,true,1,true,true,true,SMALL_STEP,33,11.099381000000001,54.75111864364972,0.0,false
ENGVAL1,5000,0,2P_SAR0_PH0_ATR0_RRU0,false,1,false,false,false,KKT_OK,12,148.754554,5548.985374219621,0.0,false
ENGVAL1,5000,0,2P_SAR0_PH1_ATR0_RRU0,false,1,true,false,false,KKT_OK,9,122.877764,5549.153190721017,0.0,false
ENGVAL1,5000,0,2P_SAR0_PH1_ATR1_RRU0,false,1,true,true,false,KKT_OK,17,459.295564,5548.789769781087,0.0,false
ENGVAL1,5000,0,2P_SAR0_PH0_ATR0_RRU1,false,1,false,false,true,KKT_OK,12,187.743525,5548.985374219621,0.0,false
ENGVAL1,5000,0,2P_SAR0_PH1_ATR0_RRU1,false,1,true,false,true,KKT_OK,9,99.244467,5549.153190721017,0.0,false
ENGVAL1,5000,0,2P_SAR0_PH1_ATR1_RRU1,false,1,true,true,true,KKT_OK,17,288.113009,5548.789769781087,0.0,false
ENGVAL1,5000,0,BASE_2P,true,1,false,false,false,KKT_OK,20,251.877746,5549.093156814119,0.0,true
ENGVAL1,5000,0,2P_SAR1_PH1_ATR0_RRU0,true,1,true,false,false,KKT_OK,9,112.49956399999999,5549.153190721017,0.0,false
ENGVAL1,5000,0,2P_SAR1_PH1_ATR1_RRU0,true,1,true,true,false,KKT_OK,17,252.06040800000002,5548.789769781087,0.0,false
ENGVAL1,5000,0,2P_SAR1_PH0_ATR0_RRU1,true,1,false,false,true,KKT_OK,20,176.880537,5549.093156814119,0.0,false
ENGVAL1,5000,0,2P_SAR1_PH1_ATR0_RRU1,true,1,true,false,true,KKT_OK,9,157.524722,5549.153190721017,0.0,false
ENGVAL1,5000,0,2P_SAR1_PH1_ATR1_RRU1,true,1,true,true,true,KKT_OK,17,264.785725,5548.789769781087,0.0,false
ENGVAL2,3,0,2P_SAR0_PH0_ATR0_RRU0,false,1,false,false,false,MAX_IT,500,120.640073,0.28901584711403844,0.0,false
ENGVAL2,3,0,2P_SAR0_PH1_ATR0_RRU0,false,1,true,false,false,MAX_IT,500,95.623654,0.5885250164071408,0.0,false
ENGVAL2,3,0,2P_SAR0_PH1_ATR1_RRU0,false,1,true,true,false,SMALL_STEP,129,35.732941999999994,0.005019496149787249,0.0,false
ENGVAL2,3,0,2P_SAR0_PH0_ATR0_RRU1,false,1,false,false,true,MAX_IT,500,123.397408,0.28901584711403844,0.0,false
ENGVAL2,3,0,2P_SAR0_PH1_ATR0_RRU1,false,1,true,false,true,MAX_IT,500,99.269052,0.5885250164071408,0.0,false
ENGVAL2,3,0,2P_SAR0_PH1_ATR1_RRU1,false,1,true,true,true,SMALL_STEP,129,38.288268,0.005019496149787249,0.0,false
ENGVAL2,3,0,BASE_2P,true,1,false,false,false,MAX_IT,500,88.623191,1.211658193181349,0.0,true
ENGVAL2,3,0,2P_SAR1_PH1_ATR0_RRU0,true,1,true,false,false,MAX_IT,500,100.136988,0.5885250164071408,0.0,false
ENGVAL2,3,0,2P_SAR1_PH1_ATR1_RRU0,true,1,true,true,false,SMALL_STEP,129,38.627003,0.005019496149787249,0.0,false
ENGVAL2,3,0,2P_SAR1_PH0_ATR0_RRU1,true,1,false,false,true,MAX_IT,500,88.215157,1.211658193181349,0.0,false
ENGVAL2,3,0,2P_SAR1_PH1_ATR0_RRU1,true,1,true,false,true,MAX_IT,500,101.26307700000001,0.5885250164071408,0.0,false
ENGVAL2,3,0,2P_SAR1_PH1_ATR1_RRU1,true,1,true,true,true,SMALL_STEP,129,39.206058,0.005019496149787249,0.0,false
ENSOLS,9,0,2P_SAR0_PH0_ATR0_RRU0,false,1,false,false,false,SMALL_STEP,499,201.97505199999998,788.54052587606,0.0,false
ENSOLS,9,0,2P_SAR0_PH1_ATR0_RRU0,false,1,true,false,false,SMALL_STEP,347,110.965972,788.5398483561542,0.0,false
ENSOLS,9,0,2P_SAR0_PH1_ATR1_RRU0,false,1,true,true,false,SMALL_STEP,311,146.545226,788.5399077543118,0.0,false
ENSOLS,9,0,2P_SAR0_PH0_ATR0_RRU1,false,1,false,false,true,SMALL_STEP,499,204.74559200000002,788.54052587606,0.0,false
ENSOLS,9,0,2P_SAR0_PH1_ATR0_RRU1,false,1,true,false,true,SMALL_STEP,347,112.076482,788.5398483561542,0.0,false
ENSOLS,9,0,2P_SAR0_PH1_ATR1_RRU1,false,1,true,true,true,SMALL_STEP,311,141.553165,788.5399077543118,0.0,false
ENSOLS,9,0,BASE_2P,true,1,false,false,false,SMALL_STEP,494,147.183562,788.5413687347079,0.0,true
ENSOLS,9,0,2P_SAR1_PH1_ATR0_RRU0,true,1,true,false,false,SMALL_STEP,347,110.501141,788.5398483561542,0.0,false
ENSOLS,9,0,2P_SAR1_PH1_ATR1_RRU0,true,1,true,true,false,SMALL_STEP,311,145.603321,788.5399077543118,0.0,false
ENSOLS,9,0,2P_SAR1_PH0_ATR0_RRU1,true,1,false,false,true,SMALL_STEP,494,150.826415,788.5413687347079,0.0,false
ENSOLS,9,0,2P_SAR1_PH1_ATR0_RRU1,true,1,true,false,true,SMALL_STEP,347,110.868389,788.5398483561542,0.0,false
ENSOLS,9,0,2P_SAR1_PH1_ATR1_RRU1,true,1,true,true,true,SMALL_STEP,311,147.956639,788.5399077543118,0.0,false
ERRINROS,50,0,2P_SAR0_PH0_ATR0_RRU0,false,1,false,false,false,SMALL_STEP,287,101.29736100000001,40.81852985025269,0.0,false
ERRINROS,50,0,2P_SAR0_PH1_ATR0_RRU0,false,1,true,false,false,MAX_IT,500,125.649906,40.76819694922495,0.0,false
ERRINROS,50,0,2P_SAR0_PH1_ATR1_RRU0,false,1,true,true,false,MAX_IT,500,217.784484,40.78358074967011,0.0,false
ERRINROS,50,0,2P_SAR0_PH0_ATR0_RRU1,false,1,false,false,true,SMALL_STEP,287,107.394572,40.81852985025269,0.0,false
ERRINROS,50,0,2P_SAR0_PH1_ATR0_RRU1,false,1,true,false,true,MAX_IT,500,118.353209,40.76819694922495,0.0,false
ERRINROS,50,0,2P_SAR0_PH1_ATR1_RRU1,false,1,true,true,true,MAX_IT,500,205.38277499999998,40.78358074967011,0.0,false
ERRINROS,50,0,BASE_2P,true,1,false,false,false,SMALL_STEP,324,82.92714199999999,40.77224066169866,0.0,true
ERRINROS,50,0,2P_SAR1_PH1_ATR0_RRU0,true,1,true,false,false,MAX_IT,500,129.86422,40.76819694922495,0.0,false
ERRINROS,50,0,2P_SAR1_PH1_ATR1_RRU0,true,1,true,true,false,MAX_IT,500,193.471384,40.78358074967011,0.0,false
ERRINROS,50,0,2P_SAR1_PH0_ATR0_RRU1,true,1,false,false,true,SMALL_STEP,324,83.50548500000001,40.77224066169866,0.0,false
ERRINROS,50,0,2P_SAR1_PH1_ATR0_RRU1,true,1,true,false,true,MAX_IT,500,128.29926799999998,40.76819694922495,0.0,false
ERRINROS,50,0,2P_SAR1_PH1_ATR1_RRU1,true,1,true,true,true,MAX_IT,500,219.499437,40.78358074967011,0.0,false
ERRINRSM,50,0,2P_SAR0_PH0_ATR0_RRU0,false,1,false,false,false,SMALL_STEP,101,38.758188,38.84651154479786,0.0,false
ERRINRSM,50,0,2P_SAR0_PH1_ATR0_RRU0,false,1,true,false,false,MAX_IT,500,126.313069,38.83239463519794,0.0,false
ERRINRSM,50,0,2P_SAR0_PH1_ATR1_RRU0,false,1,true,true,false,MAX_IT,500,210.41879799999998,38.794110303758615,0.0,false
ERRINRSM,50,0,2P_SAR0_PH0_ATR0_RRU1,false,1,false,false,true,SMALL_STEP,101,36.552898,38.84651154479786,0.0,false
ERRINRSM,50,0,2P_SAR0_PH1_ATR0_RRU1,false,1,true,false,true,MAX_IT,500,118.207856,38.83239463519794,0.0,false
ERRINRSM,50,0,2P_SAR0_PH1_ATR1_RRU1,false,1,true,true,true,MAX_IT,500,199.83276899999998,38.794110303758615,0.0,false
ERRINRSM,50,0,BASE_2P,true,1,false,false,false,MAX_IT,500,127.305407,38.82826650599976,0.0,true
ERRINRSM,50,0,2P_SAR1_PH1_ATR0_RRU0,true,1,true,false,false,MAX_IT,500,129.1541,38.83239463519794,0.0,false
ERRINRSM,50,0,2P_SAR1_PH1_ATR1_RRU0,true,1,true,true,false,MAX_IT,500,320.868853,38.794110303758615,0.0,false
ERRINRSM,50,0,2P_SAR1_PH0_ATR0_RRU1,true,1,false,false,true,MAX_IT,500,121.028941,38.82826650599976,0.0,false
ERRINRSM,50,0,2P_SAR1_PH1_ATR0_RRU1,true,1,true,false,true,MAX_IT,500,128.226382,38.83239463519794,0.0,false
ERRINRSM,50,0,2P_SAR1_PH1_ATR1_RRU1,true,1,true,true,true,MAX_IT,500,210.763594,38.794110303758615,0.0,false
EXP2,2,0,2P_SAR0_PH0_ATR0_RRU0,false,1,false,false,false,KKT_OK,38,11.217281000000002,1.2451026907263316e-6,0.0,false
EXP2,2,0,2P_SAR0_PH1_ATR0_RRU0,false,1,true,false,false,KKT_OK,34,7.694723,6.194146221373367e-8,0.0,false
EXP2,2,0,2P_SAR0_PH1_ATR1_RRU0,false,1,true,true,false,KKT_OK,17,6.111618,2.9022786521401172e-6,0.0,false
EXP2,2,0,2P_SAR0_PH0_ATR0_RRU1,false,1,false,false,true,KKT_OK,38,10.386044,1.2451026907263316e-6,0.0,false
EXP2,2,0,2P_SAR0_PH1_ATR0_RRU1,false,1,true,false,true,KKT_OK,34,7.698821,6.194146221373367e-8,0.0,false
EXP2,2,0,2P_SAR0_PH1_ATR1_RRU1,false,1,true,true,true,KKT_OK,17,6.107551,2.9022786521401172e-6,0.0,false
EXP2,2,0,BASE_2P,true,1,false,false,false,KKT_OK,63,11.483279000000001,3.6181332099822052e-6,0.0,true
EXP2,2,0,2P_SAR1_PH1_ATR0_RRU0,true,1,true,false,false,KKT_OK,34,7.7539940000000005,6.194146221373367e-8,0.0,false
EXP2,2,0,2P_SAR1_PH1_ATR1_RRU0,true,1,true,true,false,KKT_OK,17,6.174656,2.9022786521401172e-6,0.0,false
EXP2,2,0,2P_SAR1_PH0_ATR0_RRU1,true,1,false,false,true,KKT_OK,63,11.77172,3.6181332099822052e-6,0.0,false
EXP2,2,0,2P_SAR1_PH1_ATR0_RRU1,true,1,true,false,true,KKT_OK,34,7.729919,6.194146221373367e-8,0.0,false
EXP2,2,0,2P_SAR1_PH1_ATR1_RRU1,true,1,true,true,true,KKT_OK,17,6.1771009999999995,2.9022786521401172e-6,0.0,false
EXP2B,2,0,2P_SAR0_PH0_ATR0_RRU0,false,1,false,false,false,KKT_OK,43,12.446443,2.3439843643346246e-6,0.0,false
EXP2B,2,0,2P_SAR0_PH1_ATR0_RRU0,false,1,true,false,false,KKT_OK,34,7.887754,6.194146221373367e-8,0.0,false
EXP2B,2,0,2P_SAR0_PH1_ATR1_RRU0,false,1,true,true,false,KKT_OK,24,8.432115,2.0772959137121554e-7,0.0,false
EXP2B,2,0,2P_SAR0_PH0_ATR0_RRU1,false,1,false,false,true,KKT_OK,43,11.836421999999999,2.3439843643346246e-6,0.0,false
EXP2B,2,0,2P_SAR0_PH1_ATR0_RRU1,false,1,true,false,true,KKT_OK,34,7.948739,6.194146221373367e-8,0.0,false
EXP2B,2,0,2P_SAR0_PH1_ATR1_RRU1,false,1,true,true,true,KKT_OK,24,8.48287,2.0772959137121554e-7,0.0,false
EXP2B,2,0,BASE_2P,true,1,false,false,false,KKT_OK,63,11.836962,3.6181332099822052e-6,0.0,true
EXP2B,2,0,2P_SAR1_PH1_ATR0_RRU0,true,1,true,false,false,KKT_OK,34,7.889818,6.194146221373367e-8,0.0,false
EXP2B,2,0,2P_SAR1_PH1_ATR1_RRU0,true,1,true,true,false,KKT_OK,24,8.486657,2.0772959137121554e-7,0.0,false
EXP2B,2,0,2P_SAR1_PH0_ATR0_RRU1,true,1,false,false,true,KKT_OK,63,11.913775999999999,3.6181332099822052e-6,0.0,false
EXP2B,2,0,2P_SAR1_PH1_ATR0_RRU1,true,1,true,false,true,KKT_OK,34,7.9294020000000005,6.194146221373367e-8,0.0,false
EXP2B,2,0,2P_SAR1_PH1_ATR1_RRU1,true,1,true,true,true,KKT_OK,24,8.507895999999999,2.0772959137121554e-7,0.0,false
EXPFIT,2,0,2P_SAR0_PH0_ATR0_RRU0,false,1,false,false,false,KKT_OK,23,7.547538,0.24051060145742897,0.0,false
EXPFIT,2,0,2P_SAR0_PH1_ATR0_RRU0,false,1,true,false,false,KKT_OK,29,7.77847,0.2405105941361211,0.0,false
EXPFIT,2,0,2P_SAR0_PH1_ATR1_RRU0,false,1,true,true,false,SMALL_STEP,62,18.191505,0.24056810408237284,0.0,false
EXPFIT,2,0,2P_SAR0_PH0_ATR0_RRU1,false,1,false,false,true,KKT_OK,23,7.099759,0.24051060145742897,0.0,false
EXPFIT,2,0,2P_SAR0_PH1_ATR0_RRU1,false,1,true,false,true,KKT_OK,29,7.815429000000001,0.2405105941361211,0.0,false
EXPFIT,2,0,2P_SAR0_PH1_ATR1_RRU1,false,1,true,true,true,SMALL_STEP,62,18.351824999999998,0.24056810408237284,0.0,false
EXPFIT,2,0,BASE_2P,true,1,false,false,false,SMALL_STEP,117,21.263689,0.24052932695276627,0.0,true
EXPFIT,2,0,2P_SAR1_PH1_ATR0_RRU0,true,1,true,false,false,KKT_OK,29,7.809498,0.2405105941361211,0.0,false
EXPFIT,2,0,2P_SAR1_PH1_ATR1_RRU0,true,1,true,true,false,SMALL_STEP,62,18.379216,0.24056810408237284,0.0,false
EXPFIT,2,0,2P_SAR1_PH0_ATR0_RRU1,true,1,false,false,true,SMALL_STEP,117,21.259271,0.24052932695276627,0.0,false
EXPFIT,2,0,2P_SAR1_PH1_ATR0_RRU1,true,1,true,false,true,KKT_OK,29,7.798478,0.2405105941361211,0.0,false
EXPFIT,2,0,2P_SAR1_PH1_ATR1_RRU1,true,1,true,true,true,SMALL_STEP,62,18.375308999999998,0.24056810408237284,0.0,false
EXPLIN,1200,0,2P_SAR0_PH0_ATR0_RRU0,false,1,false,false,false,KKT_OK,306,921.8492550000001,-7.192422626711741e7,0.0,false
EXPLIN,1200,0,2P_SAR0_PH1_ATR0_RRU0,false,1,true,false,false,KKT_OK,495,922.144737,-7.192472800548798e7,0.0,false
EXPLIN,1200,0,2P_SAR0_PH1_ATR1_RRU0,false,1,true,true,false,MAX_IT,500,1628.1051479999999,-7.192417746280599e7,0.0,false
EXPLIN,1200,0,2P_SAR0_PH0_ATR0_RRU1,false,1,false,false,true,KKT_OK,306,831.111021,-7.192422626711741e7,0.0,false
EXPLIN,1200,0,2P_SAR0_PH1_ATR0_RRU1,false,1,true,false,true,KKT_OK,495,932.1460099999999,-7.192472800548798e7,0.0,false
EXPLIN,1200,0,2P_SAR0_PH1_ATR1_RRU1,false,1,true,true,true,MAX_IT,500,1671.031923,-7.192417746280599e7,0.0,false
EXPLIN,1200,0,BASE_2P,true,1,false,false,false,KKT_OK,306,812.677392,-7.192422626711741e7,0.0,true
EXPLIN,1200,0,2P_SAR1_PH1_ATR0_RRU0,true,1,true,false,false,KKT_OK,495,901.70557,-7.192472800548798e7,0.0,false
EXPLIN,1200,0,2P_SAR1_PH1_ATR1_RRU0,true,1,true,true,false,MAX_IT,500,1633.531107,-7.192417746280599e7,0.0,false
EXPLIN,1200,0,2P_SAR1_PH0_ATR0_RRU1,true,1,false,false,true,KKT_OK,306,812.653776,-7.192422626711741e7,0.0,false
EXPLIN,1200,0,2P_SAR1_PH1_ATR0_RRU1,true,1,true,false,true,KKT_OK,495,905.05863,-7.192472800548798e7,0.0,false
EXPLIN,1200,0,2P_SAR1_PH1_ATR1_RRU1,true,1,true,true,true,MAX_IT,500,1652.319478,-7.192417746280599e7,0.0,false
EXPLIN2,1200,0,2P_SAR0_PH0_ATR0_RRU0,false,1,false,false,false,MAX_IT,500,1385.590923,-7.199865149367346e7,0.0,false
EXPLIN2,1200,0,2P_SAR0_PH1_ATR0_RRU0,false,1,true,false,false,KKT_OK,127,231.29881699999999,-7.199883367971504e7,0.0,false
EXPLIN2,1200,0,2P_SAR0_PH1_ATR1_RRU0,false,1,true,true,false,KKT_OK,375,1247.1270359999999,-7.199883367931673e7,0.0,false
EXPLIN2,1200,0,2P_SAR0_PH0_ATR0_RRU1,false,1,false,false,true,MAX_IT,500,1382.45054,-7.199865149367346e7,0.0,false
EXPLIN2,1200,0,2P_SAR0_PH1_ATR0_RRU1,false,1,true,false,true,KKT_OK,127,247.514921,-7.199883367971504e7,0.0,false
EXPLIN2,1200,0,2P_SAR0_PH1_ATR1_RRU1,false,1,true,true,true,KKT_OK,375,1257.356645,-7.199883367931673e7,0.0,false
EXPLIN2,1200,0,BASE_2P,true,1,false,false,false,MAX_IT,500,1376.943032,-7.199865149367346e7,0.0,true
EXPLIN2,1200,0,2P_SAR1_PH1_ATR0_RRU0,true,1,true,false,false,KKT_OK,127,229.065202,-7.199883367971504e7,0.0,false
EXPLIN2,1200,0,2P_SAR1_PH1_ATR1_RRU0,true,1,true,true,false,KKT_OK,375,1233.840084,-7.199883367931673e7,0.0,false
EXPLIN2,1200,0,2P_SAR1_PH0_ATR0_RRU1,true,1,false,false,true,MAX_IT,500,1362.13342,-7.199865149367346e7,0.0,false
EXPLIN2,1200,0,2P_SAR1_PH1_ATR0_RRU1,true,1,true,false,true,KKT_OK,127,228.782252,-7.199883367971504e7,0.0,false
EXPLIN2,1200,0,2P_SAR1_PH1_ATR1_RRU1,true,1,true,true,true,KKT_OK,375,1206.1095109999999,-7.199883367931673e7,0.0,false
EXPQUAD,1200,0,2P_SAR0_PH0_ATR0_RRU0,false,1,false,false,false,MAX_IT,500,1416.901683,-3.6849230085835342e9,0.0,false
EXPQUAD,1200,0,2P_SAR0_PH1_ATR0_RRU0,false,1,true,false,false,MAX_IT,500,1055.97876,-3.5682774388698215e9,0.0,false
EXPQUAD,1200,0,2P_SAR0_PH1_ATR1_RRU0,false,1,true,true,false,MAX_IT,500,1916.4691,-3.467029513192065e9,0.0,false
EXPQUAD,1200,0,2P_SAR0_PH0_ATR0_RRU1,false,1,false,false,true,MAX_IT,500,1399.351588,-3.6849230085835342e9,0.0,false
EXPQUAD,1200,0,2P_SAR0_PH1_ATR0_RRU1,false,1,true,false,true,MAX_IT,500,1056.5669799999998,-3.5682774388698215e9,0.0,false
EXPQUAD,1200,0,2P_SAR0_PH1_ATR1_RRU1,false,1,true,true,true,MAX_IT,500,1913.256379,-3.467029513192065e9,0.0,false
EXPQUAD,1200,0,BASE_2P,true,1,false,false,false,MAX_IT,500,1420.884317,-3.6849230085835342e9,0.0,true
EXPQUAD,1200,0,2P_SAR1_PH1_ATR0_RRU0,true,1,true,false,false,MAX_IT,500,1016.9613029999999,-3.5682774388698215e9,0.0,false
EXPQUAD,1200,0,2P_SAR1_PH1_ATR1_RRU0,true,1,true,true,false,MAX_IT,500,1933.0741970000001,-3.467029513192065e9,0.0,false
EXPQUAD,1200,0,2P_SAR1_PH0_ATR0_RRU1,true,1,false,false,true,MAX_IT,500,1402.435591,-3.6849230085835342e9,0.0,false
EXPQUAD,1200,0,2P_SAR1_PH1_ATR0_RRU1,true,1,true,false,true,MAX_IT,500,1060.839299,-3.5682774388698215e9,0.0,false
EXPQUAD,1200,0,2P_SAR1_PH1_ATR1_RRU1,true,1,true,true,true,MAX_IT,500,1949.490784,-3.467029513192065e9,0.0,false
EXTRASIM,2,1,2P_SAR0_PH0_ATR0_RRU0,false,1,false,false,false,KKT_OK,7,4.7035,1.0,0.0,false
EXTRASIM,2,1,2P_SAR0_PH1_ATR0_RRU0,false,1,true,false,false,KKT_OK,7,3.779359,1.0,0.0,false
EXTRASIM,2,1,2P_SAR0_PH1_ATR1_RRU0,false,1,true,true,false,KKT_OK,7,3.754142,1.0,0.0,false
EXTRASIM,2,1,2P_SAR0_PH0_ATR0_RRU1,false,1,false,false,true,KKT_OK,7,3.7258690000000003,1.0,0.0,false
EXTRASIM,2,1,2P_SAR0_PH1_ATR0_RRU1,false,1,true,false,true,KKT_OK,7,3.634658,1.0,0.0,false
EXTRASIM,2,1,2P_SAR0_PH1_ATR1_RRU1,false,1,true,true,true,KKT_OK,7,3.712383,1.0,0.0,false
EXTRASIM,2,1,BASE_2P,true,1,false,false,false,KKT_OK,7,3.630861,1.0,0.0,true
EXTRASIM,2,1,2P_SAR1_PH1_ATR0_RRU0,true,1,true,false,false,KKT_OK,7,3.638185,1.0,0.0,false
EXTRASIM,2,1,2P_SAR1_PH1_ATR1_RRU0,true,1,true,true,false,KKT_OK,7,3.702385,1.0,0.0,false
EXTRASIM,2,1,2P_SAR1_PH0_ATR0_RRU1,true,1,false,false,true,KKT_OK,7,3.697876,1.0,0.0,false
EXTRASIM,2,1,2P_SAR1_PH1_ATR0_RRU1,true,1,true,false,true,KKT_OK,7,3.6423319999999997,1.0,0.0,false
EXTRASIM,2,1,2P_SAR1_PH1_ATR1_RRU1,true,1,true,true,true,KKT_OK,7,3.649265,1.0,0.0,false
EXTROSNB,1000,0,2P_SAR0_PH0_ATR0_RRU0,false,1,false,false,false,SMALL_STEP,141,315.257054,0.16764121539162594,0.0,false
EXTROSNB,1000,0,2P_SAR0_PH1_ATR0_RRU0,false,1,true,false,false,MAX_IT,500,819.833149,0.501325665555836,0.0,false
EXTROSNB,1000,0,2P_SAR0_PH1_ATR1_RRU0,false,1,true,true,false,KKT_OK,157,508.89943400000004,3.988013355125507,0.0,false
EXTROSNB,1000,0,2P_SAR0_PH0_ATR0_RRU1,false,1,false,false,true,SMALL_STEP,141,334.770454,0.16764121539162594,0.0,false
EXTROSNB,1000,0,2P_SAR0_PH1_ATR0_RRU1,false,1,true,false,true,MAX_IT,500,784.185979,0.501325665555836,0.0,false
EXTROSNB,1000,0,2P_SAR0_PH1_ATR1_RRU1,false,1,true,true,true,KKT_OK,157,469.500495,3.988013355125507,0.0,false
EXTROSNB,1000,0,BASE_2P,true,1,false,false,false,SMALL_STEP,13,30.757392000000003,0.9999671008523721,0.0,true
EXTROSNB,1000,0,2P_SAR1_PH1_ATR0_RRU0,true,1,true,false,false,MAX_IT,500,792.987805,0.501325665555836,0.0,false
EXTROSNB,1000,0,2P_SAR1_PH1_ATR1_RRU0,true,1,true,true,false,KKT_OK,157,467.113023,3.988013355125507,0.0,false
EXTROSNB,1000,0,2P_SAR1_PH0_ATR0_RRU1,true,1,false,false,true,SMALL_STEP,13,30.864221,0.9999671008523721,0.0,false
EXTROSNB,1000,0,2P_SAR1_PH1_ATR0_RRU1,true,1,true,false,true,MAX_IT,500,794.273483,0.501325665555836,0.0,false
EXTROSNB,1000,0,2P_SAR1_PH1_ATR1_RRU1,true,1,true,true,true,KKT_OK,157,475.328151,3.988013355125507,0.0,false
FBRAIN2LS,4,0,2P_SAR0_PH0_ATR0_RRU0,false,1,false,false,false,SMALL_STEP,23,45.039413,0.4115778330663182,0.0,false
FBRAIN2LS,4,0,2P_SAR0_PH1_ATR0_RRU0,false,1,true,false,false,SMALL_STEP,15,26.434494,0.4119127768255064,0.0,false
FBRAIN2LS,4,0,2P_SAR0_PH1_ATR1_RRU0,false,1,true,true,false,SMALL_STEP,17,35.486529000000004,0.4133236044163899,0.0,false
FBRAIN2LS,4,0,2P_SAR0_PH0_ATR0_RRU1,false,1,false,false,true,SMALL_STEP,23,44.866489,0.4115778330663182,0.0,false
FBRAIN2LS,4,0,2P_SAR0_PH1_ATR0_RRU1,false,1,true,false,true,SMALL_STEP,15,26.749935,0.4119127768255064,0.0,false
FBRAIN2LS,4,0,2P_SAR0_PH1_ATR1_RRU1,false,1,true,true,true,SMALL_STEP,17,35.900324,0.4133236044163899,0.0,false
FBRAIN2LS,4,0,BASE_2P,true,1,false,false,false,SMALL_STEP,26,43.170472000000004,0.411703805648908,0.0,true
FBRAIN2LS,4,0,2P_SAR1_PH1_ATR0_RRU0,true,1,true,false,false,SMALL_STEP,15,26.779740999999998,0.4119127768255064,0.0,false
FBRAIN2LS,4,0,2P_SAR1_PH1_ATR1_RRU0,true,1,true,true,false,SMALL_STEP,17,35.974303,0.4133236044163899,0.0,false
FBRAIN2LS,4,0,2P_SAR1_PH0_ATR0_RRU1,true,1,false,false,true,SMALL_STEP,26,43.025821,0.411703805648908,0.0,false
FBRAIN2LS,4,0,2P_SAR1_PH1_ATR0_RRU1,true,1,true,false,true,SMALL_STEP,15,26.756507,0.4119127768255064,0.0,false
FBRAIN2LS,4,0,2P_SAR1_PH1_ATR1_RRU1,true,1,true,true,true,SMALL_STEP,17,35.921144000000005,0.4133236044163899,0.0,false
FBRAIN3LS,6,0,2P_SAR0_PH0_ATR0_RRU0,false,1,false,false,false,SMALL_STEP,19,52.087224,0.39343638910193524,0.0,false
FBRAIN3LS,6,0,2P_SAR0_PH1_ATR0_RRU0,false,1,true,false,false,SMALL_STEP,13,34.371230000000004,0.3926749900602583,0.0,false
FBRAIN3LS,6,0,2P_SAR0_PH1_ATR1_RRU0,false,1,true,true,false,SMALL_STEP,30,86.86264100000001,0.39053842688091056,0.0,false
FBRAIN3LS,6,0,2P_SAR0_PH0_ATR0_RRU1,false,1,false,false,true,SMALL_STEP,19,51.280423,0.39343638910193524,0.0,false
FBRAIN3LS,6,0,2P_SAR0_PH1_ATR0_RRU1,false,1,true,false,true,SMALL_STEP,13,34.345893000000004,0.3926749900602583,0.0,false
FBRAIN3LS,6,0,2P_SAR0_PH1_ATR1_RRU1,false,1,true,true,true,SMALL_STEP,30,86.874042,0.39053842688091056,0.0,false
FBRAIN3LS,6,0,BASE_2P,true,1,false,false,false,SMALL_STEP,22,50.785956,0.3936816966847725,0.0,true
FBRAIN3LS,6,0,2P_SAR1_PH1_ATR0_RRU0,true,1,true,false,false,SMALL_STEP,13,34.366490999999996,0.3926749900602583,0.0,false
FBRAIN3LS,6,0,2P_SAR1_PH1_ATR1_RRU0,true,1,true,true,false,SMALL_STEP,30,86.76455800000001,0.39053842688091056,0.0,false
FBRAIN3LS,6,0,2P_SAR1_PH0_ATR0_RRU1,true,1,false,false,true,SMALL_STEP,22,50.756993,0.3936816966847725,0.0,false
FBRAIN3LS,6,0,2P_SAR1_PH1_ATR0_RRU1,true,1,true,false,true,SMALL_STEP,13,34.322709,0.3926749900602583,0.0,false
FBRAIN3LS,6,0,2P_SAR1_PH1_ATR1_RRU1,true,1,true,true,true,SMALL_STEP,30,86.82909799999999,0.39053842688091056,0.0,false
FBRAINLS,2,0,2P_SAR0_PH0_ATR0_RRU0,false,1,false,false,false,MAX_IT,500,525.272991,0.5895699950804304,0.0,false
FBRAINLS,2,0,2P_SAR0_PH1_ATR0_RRU0,false,1,true,false,false,MAX_IT,500,456.19414,0.6058975147426885,0.0,false
FBRAINLS,2,0,2P_SAR0_PH1_ATR1_RRU0,false,1,true,true,false,SMALL_STEP,32,41.76513,0.5929809612209915,0.0,false
FBRAINLS,2,0,2P_SAR0_PH0_ATR0_RRU1,false,1,false,false,true,MAX_IT,500,525.450212,0.5895699950804304,0.0,false
FBRAINLS,2,0,2P_SAR0_PH1_ATR0_RRU1,false,1,true,false,true,MAX_IT,500,458.531147,0.6058975147426885,0.0,false
FBRAINLS,2,0,2P_SAR0_PH1_ATR1_RRU1,false,1,true,true,true,SMALL_STEP,32,41.803141000000004,0.5929809612209915,0.0,false
FBRAINLS,2,0,BASE_2P,true,1,false,false,false,MAX_IT,500,436.096005,0.6531300980525535,0.0,true
FBRAINLS,2,0,2P_SAR1_PH1_ATR0_RRU0,true,1,true,false,false,MAX_IT,500,461.043143,0.6058975147426885,0.0,false
FBRAINLS,2,0,2P_SAR1_PH1_ATR1_RRU0,true,1,true,true,false,SMALL_STEP,32,42.083616,0.5929809612209915,0.0,false
FBRAINLS,2,0,2P_SAR1_PH0_ATR0_RRU1,true,1,false,false,true,MAX_IT,500,436.877379,0.6531300980525535,0.0,false
FBRAINLS,2,0,2P_SAR1_PH1_ATR0_RRU1,true,1,true,false,true,MAX_IT,500,461.34831399999996,0.6058975147426885,0.0,false
FBRAINLS,2,0,2P_SAR1_PH1_ATR1_RRU1,true,1,true,true,true,SMALL_STEP,32,42.098974999999996,0.5929809612209915,0.0,false
FLETBV3M,5000,0,2P_SAR0_PH0_ATR0_RRU0,false,1,false,false,false,KKT_OK,23,271.399925,-250866.67815700668,0.0,false
FLETBV3M,5000,0,2P_SAR0_PH1_ATR0_RRU0,false,1,true,false,false,KKT_OK,26,282.36866,-251350.5057822058,0.0,false
FLETBV3M,5000,0,2P_SAR0_PH1_ATR1_RRU0,false,1,true,true,false,KKT_OK,26,444.99329900000004,-250866.67407115578,0.0,false
FLETBV3M,5000,0,2P_SAR0_PH0_ATR0_RRU1,false,1,false,false,true,KKT_OK,23,294.452624,-250866.67815700668,0.0,false
FLETBV3M,5000,0,2P_SAR0_PH1_ATR0_RRU1,false,1,true,false,true,KKT_OK,26,314.185696,-251350.5057822058,0.0,false
FLETBV3M,5000,0,2P_SAR0_PH1_ATR1_RRU1,false,1,true,true,true,KKT_OK,26,412.249297,-250866.67407115578,0.0,false
FLETBV3M,5000,0,BASE_2P,true,1,false,false,false,KKT_OK,23,309.05281099999996,-250866.67815700668,0.0,true
FLETBV3M,5000,0,2P_SAR1_PH1_ATR0_RRU0,true,1,true,false,false,KKT_OK,26,277.41580300000004,-251350.5057822058,0.0,false
FLETBV3M,5000,0,2P_SAR1_PH1_ATR1_RRU0,true,1,true,true,false,KKT_OK,26,495.682063,-250866.67407115578,0.0,false
FLETBV3M,5000,0,2P_SAR1_PH0_ATR0_RRU1,true,1,false,false,true,KKT_OK,23,279.784219,-250866.67815700668,0.0,false
FLETBV3M,5000,0,2P_SAR1_PH1_ATR0_RRU1,true,1,true,false,true,KKT_OK,26,304.908668,-251350.5057822058,0.0,false
FLETBV3M,5000,0,2P_SAR1_PH1_ATR1_RRU1,true,1,true,true,true,KKT_OK,26,410.004783,-250866.67407115578,0.0,false
FLETCBV2,5000,0,2P_SAR0_PH0_ATR0_RRU0,false,1,false,false,false,KKT_OK,0,9.767906,-0.5002681698025423,0.0,false
FLETCBV2,5000,0,2P_SAR0_PH1_ATR0_RRU0,false,1,true,false,false,KKT_OK,0,8.907354,-0.5002681698025423,0.0,false
FLETCBV2,5000,0,2P_SAR0_PH1_ATR1_RRU0,false,1,true,true,false,KKT_OK,0,8.951086,-0.5002681698025423,0.0,false
FLETCBV2,5000,0,2P_SAR0_PH0_ATR0_RRU1,false,1,false,false,true,KKT_OK,0,14.0406,-0.5002681698025423,0.0,false
FLETCBV2,5000,0,2P_SAR0_PH1_ATR0_RRU1,false,1,true,false,true,KKT_OK,0,13.470782,-0.5002681698025423,0.0,false
FLETCBV2,5000,0,2P_SAR0_PH1_ATR1_RRU1,false,1,true,true,true,KKT_OK,0,14.622098,-0.5002681698025423,0.0,false
FLETCBV2,5000,0,BASE_2P,true,1,false,false,false,KKT_OK,0,14.321104,-0.5002681698025423,0.0,true
FLETCBV2,5000,0,2P_SAR1_PH1_ATR0_RRU0,true,1,true,false,false,KKT_OK,0,14.195078,-0.5002681698025423,0.0,false
FLETCBV2,5000,0,2P_SAR1_PH1_ATR1_RRU0,true,1,true,true,false,KKT_OK,0,14.141799,-0.5002681698025423,0.0,false
FLETCBV2,5000,0,2P_SAR1_PH0_ATR0_RRU1,true,1,false,false,true,KKT_OK,0,14.539403,-0.5002681698025423,0.0,false
FLETCBV2,5000,0,2P_SAR1_PH1_ATR0_RRU1,true,1,true,false,true,KKT_OK,0,14.774043,-0.5002681698025423,0.0,false
FLETCBV2,5000,0,2P_SAR1_PH1_ATR1_RRU1,true,1,true,true,true,KKT_OK,0,14.712618,-0.5002681698025423,0.0,false
FLETCBV3,5000,0,2P_SAR0_PH0_ATR0_RRU0,false,1,false,false,false,MAX_IT,500,6798.394329,-2.3676510069415645e13,0.0,false
FLETCBV3,5000,0,2P_SAR0_PH1_ATR0_RRU0,false,1,true,false,false,MAX_IT,500,7356.3873539999995,-3.390602799483484e13,0.0,false
FLETCBV3,5000,0,2P_SAR0_PH1_ATR1_RRU0,false,1,true,true,false,MAX_IT,500,15337.796068,-3.646355440187412e13,0.0,false
FLETCBV3,5000,0,2P_SAR0_PH0_ATR0_RRU1,false,1,false,false,true,MAX_IT,500,6845.720442,-2.3676510069415645e13,0.0,false
FLETCBV3,5000,0,2P_SAR0_PH1_ATR0_RRU1,false,1,true,false,true,MAX_IT,500,7446.000863,-3.390602799483484e13,0.0,false
FLETCBV3,5000,0,2P_SAR0_PH1_ATR1_RRU1,false,1,true,true,true,MAX_IT,500,15247.17725,-3.646355440187412e13,0.0,false
FLETCBV3,5000,0,BASE_2P,true,1,false,false,false,MAX_IT,500,6812.214934,-2.3676510069415645e13,0.0,true
FLETCBV3,5000,0,2P_SAR1_PH1_ATR0_RRU0,true,1,true,false,false,MAX_IT,500,7430.528780000001,-3.390602799483484e13,0.0,false
FLETCBV3,5000,0,2P_SAR1_PH1_ATR1_RRU0,true,1,true,true,false,MAX_IT,500,15717.880034,-3.646355440187412e13,0.0,false
FLETCBV3,5000,0,2P_SAR1_PH0_ATR0_RRU1,true,1,false,false,true,MAX_IT,500,6827.123972,-2.3676510069415645e13,0.0,false
FLETCBV3,5000,0,2P_SAR1_PH1_ATR0_RRU1,true,1,true,false,true,MAX_IT,500,7438.22052,-3.390602799483484e13,0.0,false
FLETCBV3,5000,0,2P_SAR1_PH1_ATR1_RRU1,true,1,true,true,true,MAX_IT,500,15203.454564,-3.646355440187412e13,0.0,false
FLETCHBV,5000,0,2P_SAR0_PH0_ATR0_RRU0,false,1,false,false,false,MAX_IT,500,6764.685267,-1.110003705936932e23,0.0,false
FLETCHBV,5000,0,2P_SAR0_PH1_ATR0_RRU0,false,1,true,false,false,MAX_IT,500,4890.270294,-6.281809081513746e23,0.0,false
FLETCHBV,5000,0,2P_SAR0_PH1_ATR1_RRU0,false,1,true,true,false,MAX_IT,500,10133.249431999999,-7.708469834442342e22,0.0,false
FLETCHBV,5000,0,2P_SAR0_PH0_ATR0_RRU1,false,1,false,false,true,MAX_IT,500,6793.34719,-1.110003705936932e23,0.0,false
FLETCHBV,5000,0,2P_SAR0_PH1_ATR0_RRU1,false,1,true,false,true,MAX_IT,500,4888.299897999999,-6.281809081513746e23,0.0,false
FLETCHBV,5000,0,2P_SAR0_PH1_ATR1_RRU1,false,1,true,true,true,MAX_IT,500,10147.498888,-7.708469834442342e22,0.0,false
FLETCHBV,5000,0,BASE_2P,true,1,false,false,false,MAX_IT,500,6760.106586,-1.0891952307038201e23,0.0,true
FLETCHBV,5000,0,2P_SAR1_PH1_ATR0_RRU0,true,1,true,false,false,MAX_IT,500,4969.449390000001,-6.281809081513746e23,0.0,false
FLETCHBV,5000,0,2P_SAR1_PH1_ATR1_RRU0,true,1,true,true,false,MAX_IT,500,10094.520879,-7.708469834442342e22,0.0,false
FLETCHBV,5000,0,2P_SAR1_PH0_ATR0_RRU1,true,1,false,false,true,MAX_IT,500,6952.142680999999,-1.0891952307038201e23,0.0,false
FLETCHBV,5000,0,2P_SAR1_PH1_ATR0_RRU1,true,1,true,false,true,MAX_IT,500,4882.201507000001,-6.281809081513746e23,0.0,false
FLETCHBV,5000,0,2P_SAR1_PH1_ATR1_RRU1,true,1,true,true,true,MAX_IT,500,10097.218644999999,-7.708469834442342e22,0.0,false
FLETCHCR,1000,0,2P_SAR0_PH0_ATR0_RRU0,false,1,false,false,false,SMALL_STEP,7,25.725552,988.8934555831045,0.0,false
FLETCHCR,1000,0,2P_SAR0_PH1_ATR0_RRU0,false,1,true,false,false,SMALL_STEP,5,17.79561,988.899026324891,0.0,false
FLETCHCR,1000,0,2P_SAR0_PH1_ATR1_RRU0,false,1,true,true,false,MAX_IT,500,1471.06213,986.4049686837225,0.0,false
FLETCHCR,1000,0,2P_SAR0_PH0_ATR0_RRU1,false,1,false,false,true,SMALL_STEP,7,24.569047,988.8934555831045,0.0,false
FLETCHCR,1000,0,2P_SAR0_PH1_ATR0_RRU1,false,1,true,false,true,SMALL_STEP,5,15.480865,988.899026324891,0.0,false
FLETCHCR,1000,0,2P_SAR0_PH1_ATR1_RRU1,false,1,true,true,true,MAX_IT,500,1479.279111,986.4049686837225,0.0,false
FLETCHCR,1000,0,BASE_2P,true,1,false,false,false,SMALL_STEP,8,21.396815,988.8869909254679,0.0,true
FLETCHCR,1000,0,2P_SAR1_PH1_ATR0_RRU0,true,1,true,false,false,SMALL_STEP,5,15.435058999999999,988.899026324891,0.0,false
FLETCHCR,1000,0,2P_SAR1_PH1_ATR1_RRU0,true,1,true,true,false,MAX_IT,500,1485.1405399999999,986.4049686837225,0.0,false
FLETCHCR,1000,0,2P_SAR1_PH0_ATR0_RRU1,true,1,false,false,true,SMALL_STEP,8,21.189216000000002,988.8869909254679,0.0,false
FLETCHCR,1000,0,2P_SAR1_PH1_ATR0_RRU1,true,1,true,false,true,SMALL_STEP,5,15.572386,988.899026324891,0.0,false
FLETCHCR,1000,0,2P_SAR1_PH1_ATR1_RRU1,true,1,true,true,true,MAX_IT,500,1493.770264,986.4049686837225,0.0,false
FMINSRF2,5625,0,2P_SAR0_PH0_ATR0_RRU0,false,1,false,false,false,KKT_OK,0,14.995306,28.458330865835094,0.0,false
FMINSRF2,5625,0,2P_SAR0_PH1_ATR0_RRU0,false,1,true,false,false,KKT_OK,0,15.774254,28.458330865835094,0.0,false
FMINSRF2,5625,0,2P_SAR0_PH1_ATR1_RRU0,false,1,true,true,false,KKT_OK,0,16.937564,28.458330865835094,0.0,false
FMINSRF2,5625,0,2P_SAR0_PH0_ATR0_RRU1,false,1,false,false,true,KKT_OK,0,84.885606,28.458330865835094,0.0,false
FMINSRF2,5625,0,2P_SAR0_PH1_ATR0_RRU1,false,1,true,false,true,KKT_OK,0,12.089563,28.458330865835094,0.0,false
FMINSRF2,5625,0,2P_SAR0_PH1_ATR1_RRU1,false,1,true,true,true,KKT_OK,0,11.746681,28.458330865835094,0.0,false
FMINSRF2,5625,0,BASE_2P,true,1,false,false,false,KKT_OK,0,11.066467,28.458330865835094,0.0,true
FMINSRF2,5625,0,2P_SAR1_PH1_ATR0_RRU0,true,1,true,false,false,KKT_OK,0,10.652091,28.458330865835094,0.0,false
FMINSRF2,5625,0,2P_SAR1_PH1_ATR1_RRU0,true,1,true,true,false,KKT_OK,0,13.943785,28.458330865835094,0.0,false
FMINSRF2,5625,0,2P_SAR1_PH0_ATR0_RRU1,true,1,false,false,true,KKT_OK,0,14.331602,28.458330865835094,0.0,false
FMINSRF2,5625,0,2P_SAR1_PH1_ATR0_RRU1,true,1,true,false,true,KKT_OK,0,15.962576999999998,28.458330865835094,0.0,false
FMINSRF2,5625,0,2P_SAR1_PH1_ATR1_RRU1,true,1,true,true,true,KKT_OK,0,16.404104,28.458330865835094,0.0,false
FMINSURF,5625,0,2P_SAR0_PH0_ATR0_RRU0,false,1,false,false,false,KKT_OK,0,15.774113999999999,28.594016681145444,0.0,false
FMINSURF,5625,0,2P_SAR0_PH1_ATR0_RRU0,false,1,true,false,false,KKT_OK,0,16.230068,28.594016681145444,0.0,false
FMINSURF,5625,0,2P_SAR0_PH1_ATR1_RRU0,false,1,true,true,false,KKT_OK,0,16.431905999999998,28.594016681145444,0.0,false
FMINSURF,5625,0,2P_SAR0_PH0_ATR0_RRU1,false,1,false,false,true,KKT_OK,0,51.938448,28.594016681145444,0.0,false
FMINSURF,5625,0,2P_SAR0_PH1_ATR0_RRU1,false,1,true,false,true,KKT_OK,0,10.623687,28.594016681145444,0.0,false
FMINSURF,5625,0,2P_SAR0_PH1_ATR1_RRU1,false,1,true,true,true,KKT_OK,0,10.881721,28.594016681145444,0.0,false
FMINSURF,5625,0,BASE_2P,true,1,false,false,false,KKT_OK,0,13.453167,28.594016681145444,0.0,true
FMINSURF,5625,0,2P_SAR1_PH1_ATR0_RRU0,true,1,true,false,false,KKT_OK,0,13.663071,28.594016681145444,0.0,false
FMINSURF,5625,0,2P_SAR1_PH1_ATR1_RRU0,true,1,true,true,false,KKT_OK,0,16.078314,28.594016681145444,0.0,false
FMINSURF,5625,0,2P_SAR1_PH0_ATR0_RRU1,true,1,false,false,true,KKT_OK,0,16.011278,28.594016681145444,0.0,false
FMINSURF,5625,0,2P_SAR1_PH1_ATR0_RRU1,true,1,true,false,true,KKT_OK,0,16.319155,28.594016681145444,0.0,false
FMINSURF,5625,0,2P_SAR1_PH1_ATR1_RRU1,true,1,true,true,true,KKT_OK,0,16.603407,28.594016681145444,0.0,false
FREUROTH,5000,0,2P_SAR0_PH0_ATR0_RRU0,false,1,false,false,false,MAX_IT,500,6113.806821,608360.0981187898,0.0,false
FREUROTH,5000,0,2P_SAR0_PH1_ATR0_RRU0,false,1,true,false,false,MAX_IT,500,4664.755002,608374.9923608187,0.0,false
FREUROTH,5000,0,2P_SAR0_PH1_ATR1_RRU0,false,1,true,true,false,SMALL_STEP,106,1677.828267,608172.9226358584,0.0,false
FREUROTH,5000,0,2P_SAR0_PH0_ATR0_RRU1,false,1,false,false,true,MAX_IT,500,5980.705537999999,608360.0981187898,0.0,false
FREUROTH,5000,0,2P_SAR0_PH1_ATR0_RRU1,false,1,true,false,true,MAX_IT,500,4122.321250999999,608374.9923608187,0.0,false
FREUROTH,5000,0,2P_SAR0_PH1_ATR1_RRU1,false,1,true,true,true,SMALL_STEP,106,1692.241838,608172.9226358584,0.0,false
FREUROTH,5000,0,BASE_2P,true,1,false,false,false,SMALL_STEP,22,249.706059,608210.7815554559,0.0,true
FREUROTH,5000,0,2P_SAR1_PH1_ATR0_RRU0,true,1,true,false,false,MAX_IT,500,4152.265060999999,608374.9923608187,0.0,false
FREUROTH,5000,0,2P_SAR1_PH1_ATR1_RRU0,true,1,true,true,false,SMALL_STEP,106,1696.1886129999998,608172.9226358584,0.0,false
FREUROTH,5000,0,2P_SAR1_PH0_ATR0_RRU1,true,1,false,false,true,SMALL_STEP,22,221.484963,608210.7815554559,0.0,false
FREUROTH,5000,0,2P_SAR1_PH1_ATR0_RRU1,true,1,true,false,true,MAX_IT,500,4136.562447,608374.9923608187,0.0,false
FREUROTH,5000,0,2P_SAR1_PH1_ATR1_RRU1,true,1,true,true,true,SMALL_STEP,106,1720.134295,608172.9226358584,0.0,false
GAUSS1LS,8,0,2P_SAR0_PH0_ATR0_RRU0,false,1,false,false,false,SMALL_STEP,3,4.11628,7369.034358043347,0.0,false
GAUSS1LS,8,0,2P_SAR0_PH1_ATR0_RRU0,false,1,true,false,false,SMALL_STEP,3,2.7977000000000003,7369.065246907341,0.0,false
GAUSS1LS,8,0,2P_SAR0_PH1_ATR1_RRU0,false,1,true,true,false,SMALL_STEP,3,4.6305119999999995,7369.235128442851,0.0,false
GAUSS1LS,8,0,2P_SAR0_PH0_ATR0_RRU1,false,1,false,false,true,SMALL_STEP,3,3.3278130000000004,7369.034358043347,0.0,false
GAUSS1LS,8,0,2P_SAR0_PH1_ATR0_RRU1,false,1,true,false,true,SMALL_STEP,3,2.689587,7369.065246907341,0.0,false
GAUSS1LS,8,0,2P_SAR0_PH1_ATR1_RRU1,false,1,true,true,true,SMALL_STEP,3,4.505158000000001,7369.235128442851,0.0,false
GAUSS1LS,8,0,BASE_2P,true,1,false,false,false,SMALL_STEP,3,3.2413,7369.093510004756,0.0,true
GAUSS1LS,8,0,2P_SAR1_PH1_ATR0_RRU0,true,1,true,false,false,SMALL_STEP,3,2.659812,7369.065246907341,0.0,false
GAUSS1LS,8,0,2P_SAR1_PH1_ATR1_RRU0,true,1,true,true,false,SMALL_STEP,3,4.452089,7369.235128442851,0.0,false
GAUSS1LS,8,0,2P_SAR1_PH0_ATR0_RRU1,true,1,false,false,true,SMALL_STEP,3,3.254856,7369.093510004756,0.0,false
GAUSS1LS,8,0,2P_SAR1_PH1_ATR0_RRU1,true,1,true,false,true,SMALL_STEP,3,2.6401950000000003,7369.065246907341,0.0,false
GAUSS1LS,8,0,2P_SAR1_PH1_ATR1_RRU1,true,1,true,true,true,SMALL_STEP,3,4.434165,7369.235128442851,0.0,false
GAUSS2LS,8,0,2P_SAR0_PH0_ATR0_RRU0,false,1,false,false,false,SMALL_STEP,3,3.783436,9071.36785748327,0.0,false
GAUSS2LS,8,0,2P_SAR0_PH1_ATR0_RRU0,false,1,true,false,false,SMALL_STEP,4,2.7287209999999997,9071.198094900927,0.0,false
GAUSS2LS,8,0,2P_SAR0_PH1_ATR1_RRU0,false,1,true,true,false,SMALL_STEP,4,4.338295,9072.099011132008,0.0,false
GAUSS2LS,8,0,2P_SAR0_PH0_ATR0_RRU1,false,1,false,false,true,SMALL_STEP,3,2.796077,9071.36785748327,0.0,false
GAUSS2LS,8,0,2P_SAR0_PH1_ATR0_RRU1,false,1,true,false,true,SMALL_STEP,4,2.662356,9071.198094900927,0.0,false
GAUSS2LS,8,0,2P_SAR0_PH1_ATR1_RRU1,false,1,true,true,true,SMALL_STEP,4,4.29285,9072.099011132008,0.0,false
GAUSS2LS,8,0,BASE_2P,true,1,false,false,false,SMALL_STEP,3,2.618113,9071.077373434615,0.0,true
GAUSS2LS,8,0,2P_SAR1_PH1_ATR0_RRU0,true,1,true,false,false,SMALL_STEP,4,2.683336,9071.198094900927,0.0,false
GAUSS2LS,8,0,2P_SAR1_PH1_ATR1_RRU0,true,1,true,true,false,SMALL_STEP,4,4.293812,9072.099011132008,0.0,false
GAUSS2LS,8,0,2P_SAR1_PH0_ATR0_RRU1,true,1,false,false,true,SMALL_STEP,3,2.608376,9071.077373434615,0.0,false
GAUSS2LS,8,0,2P_SAR1_PH1_ATR0_RRU1,true,1,true,false,true,SMALL_STEP,4,2.6624359999999996,9071.198094900927,0.0,false
GAUSS2LS,8,0,2P_SAR1_PH1_ATR1_RRU1,true,1,true,true,true,SMALL_STEP,4,4.268966,9072.099011132008,0.0,false
GAUSS3LS,8,0,2P_SAR0_PH0_ATR0_RRU0,false,1,false,false,false,SMALL_STEP,3,3.9187700000000003,18897.887509891538,0.0,false
GAUSS3LS,8,0,2P_SAR0_PH1_ATR0_RRU0,false,1,true,false,false,SMALL_STEP,3,2.463363,18898.69543161412,0.0,false
GAUSS3LS,8,0,2P_SAR0_PH1_ATR1_RRU0,false,1,true,true,false,SMALL_STEP,3,4.072508,18899.158476387318,0.0,false
GAUSS3LS,8,0,2P_SAR0_PH0_ATR0_RRU1,false,1,false,false,true,SMALL_STEP,3,3.153887,18897.887509891538,0.0,false
GAUSS3LS,8,0,2P_SAR0_PH1_ATR0_RRU1,false,1,true,false,true,SMALL_STEP,3,2.430442,18898.69543161412,0.0,false
GAUSS3LS,8,0,2P_SAR0_PH1_ATR1_RRU1,false,1,true,true,true,SMALL_STEP,3,4.054383,18899.158476387318,0.0,false
GAUSS3LS,8,0,BASE_2P,true,1,false,false,false,SMALL_STEP,3,2.442475,18902.91737411755,0.0,true
GAUSS3LS,8,0,2P_SAR1_PH1_ATR0_RRU0,true,1,true,false,false,SMALL_STEP,3,2.449909,18898.69543161412,0.0,false
GAUSS3LS,8,0,2P_SAR1_PH1_ATR1_RRU0,true,1,true,true,false,SMALL_STEP,3,4.062699,18899.158476387318,0.0,false
GAUSS3LS,8,0,2P_SAR1_PH0_ATR0_RRU1,true,1,false,false,true,SMALL_STEP,3,2.4666,18902.91737411755,0.0,false
GAUSS3LS,8,0,2P_SAR1_PH1_ATR0_RRU1,true,1,true,false,true,SMALL_STEP,3,2.437786,18898.69543161412,0.0,false
GAUSS3LS,8,0,2P_SAR1_PH1_ATR1_RRU1,true,1,true,true,true,SMALL_STEP,3,4.063411,18899.158476387318,0.0,false
GAUSSIAN,3,0,2P_SAR0_PH0_ATR0_RRU0,false,1,false,false,false,KKT_OK,4,2.9982860000000002,1.427449209586602e-7,0.0,false
GAUSSIAN,3,0,2P_SAR0_PH1_ATR0_RRU0,false,1,true,false,false,KKT_OK,3,1.736743,2.1508282166305933e-7,0.0,false
GAUSSIAN,3,0,2P_SAR0_PH1_ATR1_RRU0,false,1,true,true,false,KKT_OK,3,2.191024,1.6313552535990404e-8,0.0,false
GAUSSIAN,3,0,2P_SAR0_PH0_ATR0_RRU1,false,1,false,false,true,KKT_OK,4,2.323702,1.427449209586602e-7,0.0,false
GAUSSIAN,3,0,2P_SAR0_PH1_ATR0_RRU1,false,1,true,false,true,KKT_OK,3,1.712587,2.1508282166305933e-7,0.0,false
GAUSSIAN,3,0,2P_SAR0_PH1_ATR1_RRU1,false,1,true,true,true,KKT_OK,3,2.164094,1.6313552535990404e-8,0.0,false
GAUSSIAN,3,0,BASE_2P,true,1,false,false,false,KKT_OK,4,2.180975,2.17549102333988e-7,0.0,true
GAUSSIAN,3,0,2P_SAR1_PH1_ATR0_RRU0,true,1,true,false,false,KKT_OK,3,1.713269,2.1508282166305933e-7,0.0,false
GAUSSIAN,3,0,2P_SAR1_PH1_ATR1_RRU0,true,1,true,true,false,KKT_OK,3,2.170695,1.6313552535990404e-8,0.0,false
GAUSSIAN,3,0,2P_SAR1_PH0_ATR0_RRU1,true,1,false,false,true,KKT_OK,4,2.180634,2.17549102333988e-7,0.0,false
GAUSSIAN,3,0,2P_SAR1_PH1_ATR0_RRU1,true,1,true,false,true,KKT_OK,3,1.715844,2.1508282166305933e-7,0.0,false
GAUSSIAN,3,0,2P_SAR1_PH1_ATR1_RRU1,true,1,true,true,true,KKT_OK,3,2.159415,1.6313552535990404e-8,0.0,false
GBRAINLS,2,0,2P_SAR0_PH0_ATR0_RRU0,false,1,false,false,false,MAX_IT,500,527.551466,32.00245397747157,0.0,false
GBRAINLS,2,0,2P_SAR0_PH1_ATR0_RRU0,false,1,true,false,false,MAX_IT,500,459.159099,32.2617808659794,0.0,false
GBRAINLS,2,0,2P_SAR0_PH1_ATR1_RRU0,false,1,true,true,false,SMALL_STEP,6,10.701133,34.89744198162939,0.0,false
GBRAINLS,2,0,2P_SAR0_PH0_ATR0_RRU1,false,1,false,false,true,MAX_IT,500,525.853575,32.00245397747157,0.0,false
GBRAINLS,2,0,2P_SAR0_PH1_ATR0_RRU1,false,1,true,false,true,MAX_IT,500,461.370452,32.2617808659794,0.0,false
GBRAINLS,2,0,2P_SAR0_PH1_ATR1_RRU1,false,1,true,true,true,SMALL_STEP,6,10.931975,34.89744198162939,0.0,false
GBRAINLS,2,0,BASE_2P,true,1,false,false,false,SMALL_STEP,6,8.180943,34.96451035389075,0.0,true
GBRAINLS,2,0,2P_SAR1_PH1_ATR0_RRU0,true,1,true,false,false,MAX_IT,500,460.25375,32.2617808659794,0.0,false
GBRAINLS,2,0,2P_SAR1_PH1_ATR1_RRU0,true,1,true,true,false,SMALL_STEP,6,11.049184,34.89744198162939,0.0,false
GBRAINLS,2,0,2P_SAR1_PH0_ATR0_RRU1,true,1,false,false,true,SMALL_STEP,6,8.250673,34.96451035389075,0.0,false
GBRAINLS,2,0,2P_SAR1_PH1_ATR0_RRU1,true,1,true,false,true,MAX_IT,500,462.397465,32.2617808659794,0.0,false
GBRAINLS,2,0,2P_SAR1_PH1_ATR1_RRU1,true,1,true,true,true,SMALL_STEP,6,11.045808000000001,34.89744198162939,0.0,false
GENHUMPS,5000,0,2P_SAR0_PH0_ATR0_RRU0,false,1,false,false,false,SMALL_STEP,27,336.621611,4.379047044788459e6,0.0,false
GENHUMPS,5000,0,2P_SAR0_PH1_ATR0_RRU0,false,1,true,false,false,SMALL_STEP,20,247.506461,329675.0005045555,0.0,false
GENHUMPS,5000,0,2P_SAR0_PH1_ATR1_RRU0,false,1,true,true,false,MAX_IT,500,7908.774563999999,2853.4800992865876,0.0,false
GENHUMPS,5000,0,2P_SAR0_PH0_ATR0_RRU1,false,1,false,false,true,SMALL_STEP,27,424.522908,4.379047044788459e6,0.0,false
GENHUMPS,5000,0,2P_SAR0_PH1_ATR0_RRU1,false,1,true,false,true,SMALL_STEP,20,283.98825100000005,329675.0005045555,0.0,false
GENHUMPS,5000,0,2P_SAR0_PH1_ATR1_RRU1,false,1,true,true,true,MAX_IT,500,8002.317069,2853.4800992865876,0.0,false
GENHUMPS,5000,0,BASE_2P,true,1,false,false,false,MAX_IT,500,4354.019387,1.0403980042418075e8,0.0,true
GENHUMPS,5000,0,2P_SAR1_PH1_ATR0_RRU0,true,1,true,false,false,SMALL_STEP,20,249.75444299999998,329675.0005045555,0.0,false
GENHUMPS,5000,0,2P_SAR1_PH1_ATR1_RRU0,true,1,true,true,false,MAX_IT,500,7990.567911,2853.4800992865876,0.0,false
GENHUMPS,5000,0,2P_SAR1_PH0_ATR0_RRU1,true,1,false,false,true,MAX_IT,500,4332.717969,1.0403980042418075e8,0.0,false
GENHUMPS,5000,0,2P_SAR1_PH1_ATR0_RRU1,true,1,true,false,true,SMALL_STEP,20,245.141243,329675.0005045555,0.0,false
GENHUMPS,5000,0,2P_SAR1_PH1_ATR1_RRU1,true,1,true,true,true,MAX_IT,500,7977.824569,2853.4800992865876,0.0,false
GENROSE,500,0,2P_SAR0_PH0_ATR0_RRU0,false,1,false,false,false,SMALL_STEP,217,264.851992,305.6437385017885,0.0,false
GENROSE,500,0,2P_SAR0_PH1_ATR0_RRU0,false,1,true,false,false,MAX_IT,500,1009.3215659999998,305.2068332481796,0.0,false
GENROSE,500,0,2P_SAR0_PH1_ATR1_RRU0,false,1,true,true,false,MAX_IT,500,800.690812,304.68954311693955,0.0,false
GENROSE,500,0,2P_SAR0_PH0_ATR0_RRU1,false,1,false,false,true,SMALL_STEP,217,260.435029,305.6437385017885,0.0,false
GENROSE,500,0,2P_SAR0_PH1_ATR0_RRU1,false,1,true,false,true,MAX_IT,500,427.19645,305.2068332481796,0.0,false
GENROSE,500,0,2P_SAR0_PH1_ATR1_RRU1,false,1,true,true,true,MAX_IT,500,811.107937,304.68954311693955,0.0,false
GENROSE,500,0,BASE_2P,true,1,false,false,false,MAX_IT,500,427.24679399999997,304.79153351608204,0.0,true
GENROSE,500,0,2P_SAR1_PH1_ATR0_RRU0,true,1,true,false,false,MAX_IT,500,445.911372,305.2068332481796,0.0,false
GENROSE,500,0,2P_SAR1_PH1_ATR1_RRU0,true,1,true,true,false,MAX_IT,500,852.8935210000001,304.68954311693955,0.0,false
GENROSE,500,0,2P_SAR1_PH0_ATR0_RRU1,true,1,false,false,true,MAX_IT,500,470.016981,304.79153351608204,0.0,false
GENROSE,500,0,2P_SAR1_PH1_ATR0_RRU1,true,1,true,false,true,MAX_IT,500,427.15382,305.2068332481796,0.0,false
GENROSE,500,0,2P_SAR1_PH1_ATR1_RRU1,true,1,true,true,true,MAX_IT,500,811.5583509999999,304.68954311693955,0.0,false
GENROSEB,500,0,2P_SAR0_PH0_ATR0_RRU0,false,1,false,false,false,KKT_OK,137,166.259801,1593.9449338901375,0.0,false
GENROSEB,500,0,2P_SAR0_PH1_ATR0_RRU0,false,1,true,false,false,KKT_OK,140,117.072084,1593.9449317304377,0.0,false
GENROSEB,500,0,2P_SAR0_PH1_ATR1_RRU0,false,1,true,true,false,KKT_OK,170,235.116208,1593.9454351867655,0.0,false
GENROSEB,500,0,2P_SAR0_PH0_ATR0_RRU1,false,1,false,false,true,KKT_OK,137,155.966072,1593.9449338901375,0.0,false
GENROSEB,500,0,2P_SAR0_PH1_ATR0_RRU1,false,1,true,false,true,KKT_OK,140,138.25741299999999,1593.9449317304377,0.0,false
GENROSEB,500,0,2P_SAR0_PH1_ATR1_RRU1,false,1,true,true,true,KKT_OK,170,207.802339,1593.9454351867655,0.0,false
GENROSEB,500,0,BASE_2P,true,1,false,false,false,KKT_OK,140,132.503285,1593.9449338901375,0.0,true
GENROSEB,500,0,2P_SAR1_PH1_ATR0_RRU0,true,1,true,false,false,KKT_OK,140,115.30921199999999,1593.9449317304377,0.0,false
GENROSEB,500,0,2P_SAR1_PH1_ATR1_RRU0,true,1,true,true,false,KKT_OK,170,206.94548500000002,1593.9454351867655,0.0,false
GENROSEB,500,0,2P_SAR1_PH0_ATR0_RRU1,true,1,false,false,true,KKT_OK,140,132.436321,1593.9449338901375,0.0,false
GENROSEB,500,0,2P_SAR1_PH1_ATR0_RRU1,true,1,true,false,true,KKT_OK,140,116.234545,1593.9449317304377,0.0,false
GENROSEB,500,0,2P_SAR1_PH1_ATR1_RRU1,true,1,true,true,true,KKT_OK,170,269.48148399999997,1593.9454351867655,0.0,false
GILBERT,5000,1,2P_SAR0_PH0_ATR0_RRU0,false,1,false,false,false,SMALL_STEP,106,16648.445265,2459.4983885863107,7.440589196811524e-5,false
GILBERT,5000,1,2P_SAR0_PH1_ATR0_RRU0,false,1,true,false,false,SMALL_STEP,125,21217.260808,2459.498076036781,6.438693290083963e-5,false
GILBERT,5000,1,2P_SAR0_PH1_ATR1_RRU0,false,1,true,true,false,SMALL_STEP,208,27457.940952,2459.472212793505,8.803257347610445e-5,false
GILBERT,5000,1,2P_SAR0_PH0_ATR0_RRU1,false,1,false,false,true,SMALL_STEP,106,16664.131153,2459.4983885863107,7.440589196811524e-5,false
GILBERT,5000,1,2P_SAR0_PH1_ATR0_RRU1,false,1,true,false,true,SMALL_STEP,125,21230.869097,2459.498076036781,6.438693290083963e-5,false
GILBERT,5000,1,2P_SAR0_PH1_ATR1_RRU1,false,1,true,true,true,SMALL_STEP,208,27444.850102,2459.472212793505,8.803257347610445e-5,false
GILBERT,5000,1,BASE_2P,true,1,false,false,false,SMALL_STEP,173,25170.295295,2459.468374133731,8.225359709190683e-5,true
GILBERT,5000,1,2P_SAR1_PH1_ATR0_RRU0,true,1,true,false,false,SMALL_STEP,125,21749.465582999997,2459.498076036781,6.438693290083963e-5,false
GILBERT,5000,1,2P_SAR1_PH1_ATR1_RRU0,true,1,true,true,false,SMALL_STEP,208,27535.792009,2459.472212793505,8.803257347610445e-5,false
GILBERT,5000,1,2P_SAR1_PH0_ATR0_RRU1,true,1,false,false,true,SMALL_STEP,173,25236.256644,2459.468374133731,8.225359709190683e-5,false
GILBERT,5000,1,2P_SAR1_PH1_ATR0_RRU1,true,1,true,false,true,SMALL_STEP,125,21361.565665000002,2459.498076036781,6.438693290083963e-5,false
GILBERT,5000,1,2P_SAR1_PH1_ATR1_RRU1,true,1,true,true,true,SMALL_STEP,208,27429.699989,2459.472212793505,8.803257347610445e-5,false
GROWTHLS,3,0,2P_SAR0_PH0_ATR0_RRU0,false,1,false,false,false,MAX_IT,500,125.931228,73.54146610943864,0.0,false
GROWTHLS,3,0,2P_SAR0_PH1_ATR0_RRU0,false,1,true,false,false,MAX_IT,500,110.24757699999999,68.28298885134528,0.0,false
GROWTHLS,3,0,2P_SAR0_PH1_ATR1_RRU0,false,1,true,true,false,SMALL_STEP,428,126.24774,21.422183581158297,0.0,false
GROWTHLS,3,0,2P_SAR0_PH0_ATR0_RRU1,false,1,false,false,true,MAX_IT,500,127.267649,73.54146610943864,0.0,false
GROWTHLS,3,0,2P_SAR0_PH1_ATR0_RRU1,false,1,true,false,true,MAX_IT,500,111.123798,68.28298885134528,0.0,false
GROWTHLS,3,0,2P_SAR0_PH1_ATR1_RRU1,false,1,true,true,true,SMALL_STEP,428,127.15655100000001,21.422183581158297,0.0,false
GROWTHLS,3,0,BASE_2P,true,1,false,false,false,MAX_IT,500,89.242866,481.0833396959756,0.0,true
GROWTHLS,3,0,2P_SAR1_PH1_ATR0_RRU0,true,1,true,false,false,MAX_IT,500,112.812719,68.28298885134528,0.0,false
GROWTHLS,3,0,2P_SAR1_PH1_ATR1_RRU0,true,1,true,true,false,SMALL_STEP,428,121.20748400000001,21.422183581158297,0.0,false
GROWTHLS,3,0,2P_SAR1_PH0_ATR0_RRU1,true,1,false,false,true,MAX_IT,500,83.20514299999999,481.0833396959756,0.0,false
GROWTHLS,3,0,2P_SAR1_PH1_ATR0_RRU1,true,1,true,false,true,MAX_IT,500,104.969596,68.28298885134528,0.0,false
GROWTHLS,3,0,2P_SAR1_PH1_ATR1_RRU1,true,1,true,true,true,SMALL_STEP,428,124.23340900000001,21.422183581158297,0.0,false
GULF,3,0,2P_SAR0_PH0_ATR0_RRU0,false,1,false,false,false,MAX_IT,500,155.856148,6.392850809520037,0.0,false
GULF,3,0,2P_SAR0_PH1_ATR0_RRU0,false,1,true,false,false,MAX_IT,500,125.576574,6.420835915645053,0.0,false
GULF,3,0,2P_SAR0_PH1_ATR1_RRU0,false,1,true,true,false,MAX_IT,500,174.425721,6.064035713936401,0.0,false
GULF,3,0,2P_SAR0_PH0_ATR0_RRU1,false,1,false,false,true,MAX_IT,500,159.445056,6.392850809520037,0.0,false
GULF,3,0,2P_SAR0_PH1_ATR0_RRU1,false,1,true,false,true,MAX_IT,500,120.856387,6.420835915645053,0.0,false
GULF,3,0,2P_SAR0_PH1_ATR1_RRU1,false,1,true,true,true,MAX_IT,500,168.34610999999998,6.064035713936401,0.0,false
GULF,3,0,BASE_2P,true,1,false,false,false,MAX_IT,500,109.851385,6.551891083215844,0.0,true
GULF,3,0,2P_SAR1_PH1_ATR0_RRU0,true,1,true,false,false,MAX_IT,500,120.28784300000001,6.420835915645053,0.0,false
GULF,3,0,2P_SAR1_PH1_ATR1_RRU0,true,1,true,true,false,MAX_IT,500,171.865719,6.064035713936401,0.0,false
GULF,3,0,2P_SAR1_PH0_ATR0_RRU1,true,1,false,false,true,MAX_IT,500,115.10914899999999,6.551891083215844,0.0,false
GULF,3,0,2P_SAR1_PH1_ATR0_RRU1,true,1,true,false,true,MAX_IT,500,124.26915600000001,6.420835915645053,0.0,false
GULF,3,0,2P_SAR1_PH1_ATR1_RRU1,true,1,true,true,true,MAX_IT,500,175.136752,6.064035713936401,0.0,false
HADAMALS,400,0,2P_SAR0_PH0_ATR0_RRU0,false,1,false,false,false,KKT_OK,83,267.489851,7311.843150074527,0.0,false
HADAMALS,400,0,2P_SAR0_PH1_ATR0_RRU0,false,1,true,false,false,KKT_OK,106,102.257029,7311.8431499589715,0.0,false
HADAMALS,400,0,2P_SAR0_PH1_ATR1_RRU0,false,1,true,true,false,MAX_IT,500,590.113324,2360.7236693716795,0.0,false
HADAMALS,400,0,2P_SAR0_PH0_ATR0_RRU1,false,1,false,false,true,KKT_OK,83,108.37335900000001,7311.843150074527,0.0,false
HADAMALS,400,0,2P_SAR0_PH1_ATR0_RRU1,false,1,true,false,true,KKT_OK,106,101.282795,7311.8431499589715,0.0,false
HADAMALS,400,0,2P_SAR0_PH1_ATR1_RRU1,false,1,true,true,true,MAX_IT,500,593.642512,2360.7236693716795,0.0,false
HADAMALS,400,0,BASE_2P,true,1,false,false,false,MAX_IT,500,432.193353,7530.424674908386,0.0,true
HADAMALS,400,0,2P_SAR1_PH1_ATR0_RRU0,true,1,true,false,false,KKT_OK,106,110.28036900000001,7311.8431499589715,0.0,false
HADAMALS,400,0,2P_SAR1_PH1_ATR1_RRU0,true,1,true,true,false,MAX_IT,500,631.713132,2360.7236693716795,0.0,false
HADAMALS,400,0,2P_SAR1_PH0_ATR0_RRU1,true,1,false,false,true,MAX_IT,500,410.924978,7530.424674908386,0.0,false
HADAMALS,400,0,2P_SAR1_PH1_ATR0_RRU1,true,1,true,false,true,KKT_OK,106,100.512694,7311.8431499589715,0.0,false
HADAMALS,400,0,2P_SAR1_PH1_ATR1_RRU1,true,1,true,true,true,MAX_IT,500,603.134232,2360.7236693716795,0.0,false
HAHN1LS,7,0,2P_SAR0_PH0_ATR0_RRU0,false,1,false,false,false,SMALL_STEP,53,18.506816,7362.773507785518,0.0,false
HAHN1LS,7,0,2P_SAR0_PH1_ATR0_RRU0,false,1,true,false,false,SMALL_STEP,14,5.041277,7610.15197797058,0.0,false
HAHN1LS,7,0,2P_SAR0_PH1_ATR1_RRU0,false,1,true,true,false,SMALL_STEP,201,67.538145,618.7550168862856,0.0,false
HAHN1LS,7,0,2P_SAR0_PH0_ATR0_RRU1,false,1,false,false,true,SMALL_STEP,53,17.770567,7362.773507785518,0.0,false
HAHN1LS,7,0,2P_SAR0_PH1_ATR0_RRU1,false,1,true,false,true,SMALL_STEP,14,5.122569,7610.15197797058,0.0,false
HAHN1LS,7,0,2P_SAR0_PH1_ATR1_RRU1,false,1,true,true,true,SMALL_STEP,201,71.24976299999999,618.7550168862856,0.0,false
HAHN1LS,7,0,BASE_2P,true,1,false,false,false,SMALL_STEP,12,4.746595999999999,7428.529230699304,0.0,true
HAHN1LS,7,0,2P_SAR1_PH1_ATR0_RRU0,true,1,true,false,false,SMALL_STEP,14,5.16549,7610.15197797058,0.0,false
HAHN1LS,7,0,2P_SAR1_PH1_ATR1_RRU0,true,1,true,true,false,SMALL_STEP,201,71.57516199999999,618.7550168862856,0.0,false
HAHN1LS,7,0,2P_SAR1_PH0_ATR0_RRU1,true,1,false,false,true,SMALL_STEP,12,4.966988000000001,7428.529230699304,0.0,false
HAHN1LS,7,0,2P_SAR1_PH1_ATR0_RRU1,true,1,true,false,true,SMALL_STEP,14,5.321392,7610.15197797058,0.0,false
HAHN1LS,7,0,2P_SAR1_PH1_ATR1_RRU1,true,1,true,true,true,SMALL_STEP,201,71.986091,618.7550168862856,0.0,false
HAIRY,2,0,2P_SAR0_PH0_ATR0_RRU0,false,1,false,false,false,SMALL_STEP,105,26.758183000000002,20.000047612077893,0.0,false
HAIRY,2,0,2P_SAR0_PH1_ATR0_RRU0,false,1,true,false,false,SMALL_STEP,180,37.76628,20.00000270474905,0.0,false
HAIRY,2,0,2P_SAR0_PH1_ATR1_RRU0,false,1,true,true,false,SMALL_STEP,174,49.942094,20.00011735368387,0.0,false
HAIRY,2,0,2P_SAR0_PH0_ATR0_RRU1,false,1,false,false,true,SMALL_STEP,105,26.105721,20.000047612077893,0.0,false
HAIRY,2,0,2P_SAR0_PH1_ATR0_RRU1,false,1,true,false,true,SMALL_STEP,180,37.490183,20.00000270474905,0.0,false
HAIRY,2,0,2P_SAR0_PH1_ATR1_RRU1,false,1,true,true,true,SMALL_STEP,174,49.88147,20.00011735368387,0.0,false
HAIRY,2,0,BASE_2P,true,1,false,false,false,MAX_IT,500,81.35250500000001,437.00307493554675,0.0,true
HAIRY,2,0,2P_SAR1_PH1_ATR0_RRU0,true,1,true,false,false,SMALL_STEP,180,38.138687,20.00000270474905,0.0,false
HAIRY,2,0,2P_SAR1_PH1_ATR1_RRU0,true,1,true,true,false,SMALL_STEP,174,52.028369999999995,20.00011735368387,0.0,false
HAIRY,2,0,2P_SAR1_PH0_ATR0_RRU1,true,1,false,false,true,MAX_IT,500,84.81523800000001,437.00307493554675,0.0,false
HAIRY,2,0,2P_SAR1_PH1_ATR0_RRU1,true,1,true,false,true,SMALL_STEP,180,39.702845,20.00000270474905,0.0,false
HAIRY,2,0,2P_SAR1_PH1_ATR1_RRU1,true,1,true,true,true,SMALL_STEP,174,51.981802,20.00011735368387,0.0,false
HARKERP2,1000,0,2P_SAR0_PH0_ATR0_RRU0,false,1,false,false,false,SMALL_STEP,17,142.951842,-0.00045940241689095007,0.0,false
HARKERP2,1000,0,2P_SAR0_PH1_ATR0_RRU0,false,1,true,false,false,SMALL_STEP,17,121.404675,-0.0005461405255676114,0.0,false
HARKERP2,1000,0,2P_SAR0_PH1_ATR1_RRU0,false,1,true,true,false,SMALL_STEP,17,149.017808,-0.0007643488841554611,0.0,false
HARKERP2,1000,0,2P_SAR0_PH0_ATR0_RRU1,false,1,false,false,true,SMALL_STEP,17,131.16633099999999,-0.00045940241689095007,0.0,false
HARKERP2,1000,0,2P_SAR0_PH1_ATR0_RRU1,false,1,true,false,true,SMALL_STEP,17,112.89445400000001,-0.0005461405255676114,0.0,false
HARKERP2,1000,0,2P_SAR0_PH1_ATR1_RRU1,false,1,true,true,true,SMALL_STEP,17,138.694263,-0.0007643488841554611,0.0,false
HARKERP2,1000,0,BASE_2P,true,1,false,false,false,MAX_IT,500,3284.153926,2.2708650789784122e14,0.0,true
HARKERP2,1000,0,2P_SAR1_PH1_ATR0_RRU0,true,1,true,false,false,SMALL_STEP,17,118.277562,-0.0005461405255676114,0.0,false
HARKERP2,1000,0,2P_SAR1_PH1_ATR1_RRU0,true,1,true,true,false,SMALL_STEP,17,137.102342,-0.0007643488841554611,0.0,false
HARKERP2,1000,0,2P_SAR1_PH0_ATR0_RRU1,true,1,false,false,true,MAX_IT,500,2670.5031520000002,2.2708650789784122e14,0.0,false
HARKERP2,1000,0,2P_SAR1_PH1_ATR0_RRU1,true,1,true,false,true,SMALL_STEP,17,112.690192,-0.0005461405255676114,0.0,false
HARKERP2,1000,0,2P_SAR1_PH1_ATR1_RRU1,true,1,true,true,true,SMALL_STEP,17,146.364553,-0.0007643488841554611,0.0,false
HART6,6,0,2P_SAR0_PH0_ATR0_RRU0,false,1,false,false,false,SMALL_STEP,29,10.357981,-3.3228859668979407,0.0,false
HART6,6,0,2P_SAR0_PH1_ATR0_RRU0,false,1,true,false,false,KKT_OK,21,6.633268,-3.3228868846156443,0.0,false
HART6,6,0,2P_SAR0_PH1_ATR1_RRU0,false,1,true,true,false,KKT_OK,26,11.379323,-3.3228868480326303,0.0,false
HART6,6,0,2P_SAR0_PH0_ATR0_RRU1,false,1,false,false,true,SMALL_STEP,29,10.035176,-3.3228859668979407,0.0,false
HART6,6,0,2P_SAR0_PH1_ATR0_RRU1,false,1,true,false,true,KKT_OK,21,6.40997,-3.3228868846156443,0.0,false
HART6,6,0,2P_SAR0_PH1_ATR1_RRU1,false,1,true,true,true,KKT_OK,26,11.400553,-3.3228868480326303,0.0,false
HART6,6,0,BASE_2P,true,1,false,false,false,SMALL_STEP,29,10.031109,-3.3228859668979407,0.0,true
HART6,6,0,2P_SAR1_PH1_ATR0_RRU0,true,1,true,false,false,KKT_OK,21,6.412184,-3.3228868846156443,0.0,false
HART6,6,0,2P_SAR1_PH1_ATR1_RRU0,true,1,true,true,false,KKT_OK,26,11.115909,-3.3228868480326303,0.0,false
HART6,6,0,2P_SAR1_PH0_ATR0_RRU1,true,1,false,false,true,SMALL_STEP,29,9.820644999999999,-3.3228859668979407,0.0,false
HART6,6,0,2P_SAR1_PH1_ATR0_RRU1,true,1,true,false,true,KKT_OK,21,6.3331159999999995,-3.3228868846156443,0.0,false
HART6,6,0,2P_SAR1_PH1_ATR1_RRU1,true,1,true,true,true,KKT_OK,26,11.161215,-3.3228868480326303,0.0,false
HATFLDA,4,0,2P_SAR0_PH0_ATR0_RRU0,false,1,false,false,false,KKT_OK,289,70.467129,0.000274426702867633,0.0,false
HATFLDA,4,0,2P_SAR0_PH1_ATR0_RRU0,false,1,true,false,false,KKT_OK,207,40.907892000000004,0.00034031478211556636,0.0,false
HATFLDA,4,0,2P_SAR0_PH1_ATR1_RRU0,false,1,true,true,false,KKT_OK,340,96.483734,0.00038663037011420567,0.0,false
HATFLDA,4,0,2P_SAR0_PH0_ATR0_RRU1,false,1,false,false,true,KKT_OK,289,71.66679500000001,0.000274426702867633,0.0,false
HATFLDA,4,0,2P_SAR0_PH1_ATR0_RRU1,false,1,true,false,true,KKT_OK,207,42.435762000000004,0.00034031478211556636,0.0,false
HATFLDA,4,0,2P_SAR0_PH1_ATR1_RRU1,false,1,true,true,true,KKT_OK,340,101.08329400000001,0.00038663037011420567,0.0,false
HATFLDA,4,0,BASE_2P,true,1,false,false,false,MAX_IT,500,87.788837,0.0026441726230594076,0.0,true
HATFLDA,4,0,2P_SAR1_PH1_ATR0_RRU0,true,1,true,false,false,KKT_OK,207,43.377424999999995,0.00034031478211556636,0.0,false
HATFLDA,4,0,2P_SAR1_PH1_ATR1_RRU0,true,1,true,true,false,KKT_OK,340,101.667298,0.00038663037011420567,0.0,false
HATFLDA,4,0,2P_SAR1_PH0_ATR0_RRU1,true,1,false,false,true,MAX_IT,500,88.356389,0.0026441726230594076,0.0,false
HATFLDA,4,0,2P_SAR1_PH1_ATR0_RRU1,true,1,true,false,true,KKT_OK,207,44.530604000000004,0.00034031478211556636,0.0,false
HATFLDA,4,0,2P_SAR1_PH1_ATR1_RRU1,true,1,true,true,true,KKT_OK,340,102.87625200000001,0.00038663037011420567,0.0,false
HATFLDB,4,0,2P_SAR0_PH0_ATR0_RRU0,false,1,false,false,false,KKT_OK,53,15.362269,0.005585477010250463,0.0,false
HATFLDB,4,0,2P_SAR0_PH1_ATR0_RRU0,false,1,true,false,false,KKT_OK,74,16.986189,0.005576481524578117,0.0,false
HATFLDB,4,0,2P_SAR0_PH1_ATR1_RRU0,false,1,true,true,false,KKT_OK,116,38.288849,0.005577169755281039,0.0,false
HATFLDB,4,0,2P_SAR0_PH0_ATR0_RRU1,false,1,false,false,true,KKT_OK,53,14.928156,0.005585477010250463,0.0,false
HATFLDB,4,0,2P_SAR0_PH1_ATR0_RRU1,false,1,true,false,true,KKT_OK,74,17.273196000000002,0.005576481524578117,0.0,false
HATFLDB,4,0,2P_SAR0_PH1_ATR1_RRU1,false,1,true,true,true,KKT_OK,116,39.092013,0.005577169755281039,0.0,false
HATFLDB,4,0,BASE_2P,true,1,false,false,false,KKT_OK,433,77.231433,0.005596216774766846,0.0,true
HATFLDB,4,0,2P_SAR1_PH1_ATR0_RRU0,true,1,true,false,false,KKT_OK,74,17.255744,0.005576481524578117,0.0,false
HATFLDB,4,0,2P_SAR1_PH1_ATR1_RRU0,true,1,true,true,false,KKT_OK,116,38.463957,0.005577169755281039,0.0,false
HATFLDB,4,0,2P_SAR1_PH0_ATR0_RRU1,true,1,false,false,true,KKT_OK,433,76.800286,0.005596216774766846,0.0,false
HATFLDB,4,0,2P_SAR1_PH1_ATR0_RRU1,true,1,true,false,true,KKT_OK,74,17.263748999999997,0.005576481524578117,0.0,false
HATFLDB,4,0,2P_SAR1_PH1_ATR1_RRU1,true,1,true,true,true,KKT_OK,116,38.445282,0.005577169755281039,0.0,false
HATFLDC,25,0,2P_SAR0_PH0_ATR0_RRU0,false,1,false,false,false,KKT_OK,4,5.595384999999999,0.0,0.0,false
HATFLDC,25,0,2P_SAR0_PH1_ATR0_RRU0,false,1,true,false,false,KKT_OK,4,4.148436,0.0,0.0,false
HATFLDC,25,0,2P_SAR0_PH1_ATR1_RRU0,false,1,true,true,false,KKT_OK,4,9.686504000000001,0.0,0.0,false
HATFLDC,25,0,2P_SAR0_PH0_ATR0_RRU1,false,1,false,false,true,KKT_OK,4,4.732971,0.0,0.0,false
HATFLDC,25,0,2P_SAR0_PH1_ATR0_RRU1,false,1,true,false,true,KKT_OK,4,4.146122,0.0,0.0,false
HATFLDC,25,0,2P_SAR0_PH1_ATR1_RRU1,false,1,true,true,true,KKT_OK,4,9.619959000000001,0.0,0.0,false
HATFLDC,25,0,BASE_2P,true,1,false,false,false,KKT_OK,4,4.738802000000001,0.0,0.0,true
HATFLDC,25,0,2P_SAR1_PH1_ATR0_RRU0,true,1,true,false,false,KKT_OK,4,4.1150329999999995,0.0,0.0,false
HATFLDC,25,0,2P_SAR1_PH1_ATR1_RRU0,true,1,true,true,false,KKT_OK,4,9.60433,0.0,0.0,false
HATFLDC,25,0,2P_SAR1_PH0_ATR0_RRU1,true,1,false,false,true,KKT_OK,4,4.753619,0.0,0.0,false
HATFLDC,25,0,2P_SAR1_PH1_ATR0_RRU1,true,1,true,false,true,KKT_OK,4,4.092011,0.0,0.0,false
HATFLDC,25,0,2P_SAR1_PH1_ATR1_RRU1,true,1,true,true,true,KKT_OK,4,9.590113,0.0,0.0,false
HATFLDD,3,0,2P_SAR0_PH0_ATR0_RRU0,false,1,false,false,false,KKT_OK,77,20.514775,2.0601385731507687e-5,0.0,false
HATFLDD,3,0,2P_SAR0_PH1_ATR0_RRU0,false,1,true,false,false,KKT_OK,107,23.815364,6.834019082912921e-6,0.0,false
HATFLDD,3,0,2P_SAR0_PH1_ATR1_RRU0,false,1,true,true,false,KKT_OK,65,20.142228000000003,8.795295785061379e-7,0.0,false
HATFLDD,3,0,2P_SAR0_PH0_ATR0_RRU1,false,1,false,false,true,KKT_OK,77,20.219472,2.0601385731507687e-5,0.0,false
HATFLDD,3,0,2P_SAR0_PH1_ATR0_RRU1,false,1,true,false,true,KKT_OK,107,23.908398000000002,6.834019082912921e-6,0.0,false
HATFLDD,3,0,2P_SAR0_PH1_ATR1_RRU1,false,1,true,true,true,KKT_OK,65,20.190789000000002,8.795295785061379e-7,0.0,false
HATFLDD,3,0,BASE_2P,true,1,false,false,false,SMALL_STEP,170,29.409236,2.4409838475806533e-5,0.0,true
HATFLDD,3,0,2P_SAR1_PH1_ATR0_RRU0,true,1,true,false,false,KKT_OK,107,24.781443,6.834019082912921e-6,0.0,false
HATFLDD,3,0,2P_SAR1_PH1_ATR1_RRU0,true,1,true,true,false,KKT_OK,65,20.874388,8.795295785061379e-7,0.0,false
HATFLDD,3,0,2P_SAR1_PH0_ATR0_RRU1,true,1,false,false,true,SMALL_STEP,170,30.433684,2.4409838475806533e-5,0.0,false
HATFLDD,3,0,2P_SAR1_PH1_ATR0_RRU1,true,1,true,false,true,KKT_OK,107,24.850672,6.834019082912921e-6,0.0,false
HATFLDD,3,0,2P_SAR1_PH1_ATR1_RRU1,true,1,true,true,true,KKT_OK,65,21.140687,8.795295785061379e-7,0.0,false
HATFLDE,3,0,2P_SAR0_PH0_ATR0_RRU0,false,1,false,false,false,SMALL_STEP,177,46.236808999999994,0.0002913572319081314,0.0,false
HATFLDE,3,0,2P_SAR0_PH1_ATR0_RRU0,false,1,true,false,false,KKT_OK,171,38.453627999999995,0.00013937669614142004,0.0,false
HATFLDE,3,0,2P_SAR0_PH1_ATR1_RRU0,false,1,true,true,false,SMALL_STEP,70,22.543623,6.084595112219901e-5,0.0,false
HATFLDE,3,0,2P_SAR0_PH0_ATR0_RRU1,false,1,false,false,true,SMALL_STEP,177,45.987592,0.0002913572319081314,0.0,false
HATFLDE,3,0,2P_SAR0_PH1_ATR0_RRU1,false,1,true,false,true,KKT_OK,171,38.753249,0.00013937669614142004,0.0,false
HATFLDE,3,0,2P_SAR0_PH1_ATR1_RRU1,false,1,true,true,true,SMALL_STEP,70,22.600749999999998,6.084595112219901e-5,0.0,false
HATFLDE,3,0,BASE_2P,true,1,false,false,false,SMALL_STEP,320,57.327472,0.00020423944866354256,0.0,true
HATFLDE,3,0,2P_SAR1_PH1_ATR0_RRU0,true,1,true,false,false,KKT_OK,171,38.882020000000004,0.00013937669614142004,0.0,false
HATFLDE,3,0,2P_SAR1_PH1_ATR1_RRU0,true,1,true,true,false,SMALL_STEP,70,22.497267,6.084595112219901e-5,0.0,false
HATFLDE,3,0,2P_SAR1_PH0_ATR0_RRU1,true,1,false,false,true,SMALL_STEP,320,57.225910999999996,0.00020423944866354256,0.0,false
HATFLDE,3,0,2P_SAR1_PH1_ATR0_RRU1,true,1,true,false,true,KKT_OK,171,38.986636,0.00013937669614142004,0.0,false
HATFLDE,3,0,2P_SAR1_PH1_ATR1_RRU1,true,1,true,true,true,SMALL_STEP,70,23.132656,6.084595112219901e-5,0.0,false
HATFLDFL,3,0,2P_SAR0_PH0_ATR0_RRU0,false,1,false,false,false,KKT_OK,10,4.630919,6.7148792975831e-5,0.0,false
HATFLDFL,3,0,2P_SAR0_PH1_ATR0_RRU0,false,1,true,false,false,KKT_OK,13,3.81919,6.71120676353717e-5,0.0,false
HATFLDFL,3,0,2P_SAR0_PH1_ATR1_RRU0,false,1,true,true,false,SMALL_STEP,7,3.74957,8.859357777649156e-5,0.0,false
HATFLDFL,3,0,2P_SAR0_PH0_ATR0_RRU1,false,1,false,false,true,KKT_OK,10,3.88884,6.7148792975831e-5,0.0,false
HATFLDFL,3,0,2P_SAR0_PH1_ATR0_RRU1,false,1,true,false,true,KKT_OK,13,3.809021,6.71120676353717e-5,0.0,false
HATFLDFL,3,0,2P_SAR0_PH1_ATR1_RRU1,false,1,true,true,true,SMALL_STEP,7,3.710176,8.859357777649156e-5,0.0,false
HATFLDFL,3,0,BASE_2P,true,1,false,false,false,SMALL_STEP,14,3.811325,8.673455502724241e-5,0.0,true
HATFLDFL,3,0,2P_SAR1_PH1_ATR0_RRU0,true,1,true,false,false,KKT_OK,13,3.77686,6.71120676353717e-5,0.0,false
HATFLDFL,3,0,2P_SAR1_PH1_ATR1_RRU0,true,1,true,true,false,SMALL_STEP,7,3.721928,8.859357777649156e-5,0.0,false
HATFLDFL,3,0,2P_SAR1_PH0_ATR0_RRU1,true,1,false,false,true,SMALL_STEP,14,3.796447,8.673455502724241e-5,0.0,false
HATFLDFL,3,0,2P_SAR1_PH1_ATR0_RRU1,true,1,true,false,true,KKT_OK,13,3.767333,6.71120676353717e-5,0.0,false
HATFLDFL,3,0,2P_SAR1_PH1_ATR1_RRU1,true,1,true,true,true,SMALL_STEP,7,3.723401,8.859357777649156e-5,0.0,false
HATFLDFLS,3,0,2P_SAR0_PH0_ATR0_RRU0,false,1,false,false,false,KKT_OK,23,7.39288,0.0023123048310889466,0.0,false
HATFLDFLS,3,0,2P_SAR0_PH1_ATR0_RRU0,false,1,true,false,false,KKT_OK,22,5.503102999999999,0.0023276865426934855,0.0,false
HATFLDFLS,3,0,2P_SAR0_PH1_ATR1_RRU0,false,1,true,true,false,KKT_OK,5,3.437586,0.002313349017189094,0.0,false
HATFLDFLS,3,0,2P_SAR0_PH0_ATR0_RRU1,false,1,false,false,true,KKT_OK,23,7.244853,0.0023123048310889466,0.0,false
HATFLDFLS,3,0,2P_SAR0_PH1_ATR0_RRU1,false,1,true,false,true,KKT_OK,22,5.593501,0.0023276865426934855,0.0,false
HATFLDFLS,3,0,2P_SAR0_PH1_ATR1_RRU1,false,1,true,true,true,KKT_OK,5,3.522815,0.002313349017189094,0.0,false
HATFLDFLS,3,0,BASE_2P,true,1,false,false,false,SMALL_STEP,47,10.029866,0.002313493338967612,0.0,true
HATFLDFLS,3,0,2P_SAR1_PH1_ATR0_RRU0,true,1,true,false,false,KKT_OK,22,5.677979,0.0023276865426934855,0.0,false
HATFLDFLS,3,0,2P_SAR1_PH1_ATR1_RRU0,true,1,true,true,false,KKT_OK,5,3.562239,0.002313349017189094,0.0,false
HATFLDFLS,3,0,2P_SAR1_PH0_ATR0_RRU1,true,1,false,false,true,SMALL_STEP,47,10.52321,0.002313493338967612,0.0,false
HATFLDFLS,3,0,2P_SAR1_PH1_ATR0_RRU1,true,1,true,false,true,KKT_OK,22,5.895196,0.0023276865426934855,0.0,false
HATFLDFLS,3,0,2P_SAR1_PH1_ATR1_RRU1,true,1,true,true,true,KKT_OK,5,3.7052270000000003,0.002313349017189094,0.0,false
HATFLDGLS,25,0,2P_SAR0_PH0_ATR0_RRU0,false,1,false,false,false,KKT_OK,238,72.706191,0.002079913923106511,0.0,false
HATFLDGLS,25,0,2P_SAR0_PH1_ATR0_RRU0,false,1,true,false,false,KKT_OK,377,95.908357,0.0017219372323027879,0.0,false
HATFLDGLS,25,0,2P_SAR0_PH1_ATR1_RRU0,false,1,true,true,false,MAX_IT,500,186.35442899999998,0.005361942229591891,0.0,false
HATFLDGLS,25,0,2P_SAR0_PH0_ATR0_RRU1,false,1,false,false,true,KKT_OK,238,70.78060699999999,0.002079913923106511,0.0,false
HATFLDGLS,25,0,2P_SAR0_PH1_ATR0_RRU1,false,1,true,false,true,KKT_OK,377,91.686043,0.0017219372323027879,0.0,false
HATFLDGLS,25,0,2P_SAR0_PH1_ATR1_RRU1,false,1,true,true,true,MAX_IT,500,177.8561,0.005361942229591891,0.0,false
HATFLDGLS,25,0,BASE_2P,true,1,false,false,false,MAX_IT,500,104.940586,0.0065481139425652216,0.0,true
HATFLDGLS,25,0,2P_SAR1_PH1_ATR0_RRU0,true,1,true,false,false,KKT_OK,377,95.180705,0.0017219372323027879,0.0,false
HATFLDGLS,25,0,2P_SAR1_PH1_ATR1_RRU0,true,1,true,true,false,MAX_IT,500,183.65711000000002,0.005361942229591891,0.0,false
HATFLDGLS,25,0,2P_SAR1_PH0_ATR0_RRU1,true,1,false,false,true,MAX_IT,500,107.746589,0.0065481139425652216,0.0,false
HATFLDGLS,25,0,2P_SAR1_PH1_ATR0_RRU1,true,1,true,false,true,KKT_OK,377,99.18283699999999,0.0017219372323027879,0.0,false
HATFLDGLS,25,0,2P_SAR1_PH1_ATR1_RRU1,true,1,true,true,true,MAX_IT,500,339.62898,0.005361942229591891,0.0,false
HEART6LS,6,0,2P_SAR0_PH0_ATR0_RRU0,false,1,false,false,false,SMALL_STEP,381,99.056241,4.122221217774203,0.0,false
HEART6LS,6,0,2P_SAR0_PH1_ATR0_RRU0,false,1,true,false,false,SMALL_STEP,372,83.242436,4.26177684364018,0.0,false
HEART6LS,6,0,2P_SAR0_PH1_ATR1_RRU0,false,1,true,true,false,MAX_IT,500,146.91178,18.704180949599362,0.0,false
HEART6LS,6,0,2P_SAR0_PH0_ATR0_RRU1,false,1,false,false,true,SMALL_STEP,381,294.581458,4.122221217774203,0.0,false
HEART6LS,6,0,2P_SAR0_PH1_ATR0_RRU1,false,1,true,false,true,SMALL_STEP,372,79.25989999999999,4.26177684364018,0.0,false
HEART6LS,6,0,2P_SAR0_PH1_ATR1_RRU1,false,1,true,true,true,MAX_IT,500,144.232785,18.704180949599362,0.0,false
HEART6LS,6,0,BASE_2P,true,1,false,false,false,MAX_IT,500,88.935134,4.839000691842932,0.0,true
HEART6LS,6,0,2P_SAR1_PH1_ATR0_RRU0,true,1,true,false,false,SMALL_STEP,372,81.634045,4.26177684364018,0.0,false
HEART6LS,6,0,2P_SAR1_PH1_ATR1_RRU0,true,1,true,true,false,MAX_IT,500,144.54593,18.704180949599362,0.0,false
HEART6LS,6,0,2P_SAR1_PH0_ATR0_RRU1,true,1,false,false,true,MAX_IT,500,91.998187,4.839000691842932,0.0,false
HEART6LS,6,0,2P_SAR1_PH1_ATR0_RRU1,true,1,true,false,true,SMALL_STEP,372,84.98039,4.26177684364018,0.0,false
HEART6LS,6,0,2P_SAR1_PH1_ATR1_RRU1,true,1,true,true,true,MAX_IT,500,151.27801399999998,18.704180949599362,0.0,false
HEART8LS,8,0,2P_SAR0_PH0_ATR0_RRU0,false,1,false,false,false,MAX_IT,500,123.582816,1.527914822852702,0.0,false
HEART8LS,8,0,2P_SAR0_PH1_ATR0_RRU0,false,1,true,false,false,MAX_IT,500,101.06416999999999,1.3745546860500288,0.0,false
HEART8LS,8,0,2P_SAR0_PH1_ATR1_RRU0,false,1,true,true,false,MAX_IT,500,153.90794799999998,1.46094306367761,0.0,false
HEART8LS,8,0,2P_SAR0_PH0_ATR0_RRU1,false,1,false,false,true,MAX_IT,500,128.14572900000002,1.527914822852702,0.0,false
HEART8LS,8,0,2P_SAR0_PH1_ATR0_RRU1,false,1,true,false,true,MAX_IT,500,103.644761,1.3745546860500288,0.0,false
HEART8LS,8,0,2P_SAR0_PH1_ATR1_RRU1,false,1,true,true,true,MAX_IT,500,159.303108,1.46094306367761,0.0,false
HEART8LS,8,0,BASE_2P,true,1,false,false,false,SMALL_STEP,403,75.86130800000001,1.8233372457285288,0.0,true
HEART8LS,8,0,2P_SAR1_PH1_ATR0_RRU0,true,1,true,false,false,MAX_IT,500,106.256591,1.3745546860500288,0.0,false
HEART8LS,8,0,2P_SAR1_PH1_ATR1_RRU0,true,1,true,true,false,MAX_IT,500,160.277783,1.46094306367761,0.0,false
HEART8LS,8,0,2P_SAR1_PH0_ATR0_RRU1,true,1,false,false,true,SMALL_STEP,403,77.417822,1.8233372457285288,0.0,false
HEART8LS,8,0,2P_SAR1_PH1_ATR0_RRU1,true,1,true,false,true,MAX_IT,500,108.314774,1.3745546860500288,0.0,false
HEART8LS,8,0,2P_SAR1_PH1_ATR1_RRU1,true,1,true,true,true,MAX_IT,500,150.550862,1.46094306367761,0.0,false
HELIX,3,0,2P_SAR0_PH0_ATR0_RRU0,false,1,false,false,false,MAX_IT,500,124.085107,0.008078099269301014,0.0,false
HELIX,3,0,2P_SAR0_PH1_ATR0_RRU0,false,1,true,false,false,MAX_IT,500,107.052541,0.0429014596175924,0.0,false
HELIX,3,0,2P_SAR0_PH1_ATR1_RRU0,false,1,true,true,false,MAX_IT,500,151.327407,0.13392198793766344,0.0,false
HELIX,3,0,2P_SAR0_PH0_ATR0_RRU1,false,1,false,false,true,MAX_IT,500,125.19560599999998,0.008078099269301014,0.0,false
HELIX,3,0,2P_SAR0_PH1_ATR0_RRU1,false,1,true,false,true,MAX_IT,500,108.212712,0.0429014596175924,0.0,false
HELIX,3,0,2P_SAR0_PH1_ATR1_RRU1,false,1,true,true,true,MAX_IT,500,151.333929,0.13392198793766344,0.0,false
HELIX,3,0,BASE_2P,true,1,false,false,false,MAX_IT,500,89.038437,0.6652653742272769,0.0,true
HELIX,3,0,2P_SAR1_PH1_ATR0_RRU0,true,1,true,false,false,MAX_IT,500,102.435467,0.0429014596175924,0.0,false
HELIX,3,0,2P_SAR1_PH1_ATR1_RRU0,true,1,true,true,false,MAX_IT,500,144.516597,0.13392198793766344,0.0,false
HELIX,3,0,2P_SAR1_PH0_ATR0_RRU1,true,1,false,false,true,MAX_IT,500,82.910004,0.6652653742272769,0.0,false
HELIX,3,0,2P_SAR1_PH1_ATR0_RRU1,true,1,true,false,true,MAX_IT,500,103.095102,0.0429014596175924,0.0,false
HELIX,3,0,2P_SAR1_PH1_ATR1_RRU1,true,1,true,true,true,MAX_IT,500,149.045886,0.13392198793766344,0.0,false
HIELOW,3,0,2P_SAR0_PH0_ATR0_RRU0,false,1,false,false,false,SMALL_STEP,481,674.194047,875.1475048979876,0.0,false
HIELOW,3,0,2P_SAR0_PH1_ATR0_RRU0,false,1,true,false,false,MAX_IT,500,611.652093,875.4356278034966,0.0,false
HIELOW,3,0,2P_SAR0_PH1_ATR1_RRU0,false,1,true,true,false,MAX_IT,500,749.002925,887.61864120273,0.0,false
HIELOW,3,0,2P_SAR0_PH0_ATR0_RRU1,false,1,false,false,true,SMALL_STEP,481,678.968756,875.1475048979876,0.0,false
HIELOW,3,0,2P_SAR0_PH1_ATR0_RRU1,false,1,true,false,true,MAX_IT,500,616.477789,875.4356278034966,0.0,false
HIELOW,3,0,2P_SAR0_PH1_ATR1_RRU1,false,1,true,true,true,MAX_IT,500,744.99321,887.61864120273,0.0,false
HIELOW,3,0,BASE_2P,true,1,false,false,false,MAX_IT,500,582.616829,893.5596914106364,0.0,true
HIELOW,3,0,2P_SAR1_PH1_ATR0_RRU0,true,1,true,false,false,MAX_IT,500,609.68324,875.4356278034966,0.0,false
HIELOW,3,0,2P_SAR1_PH1_ATR1_RRU0,true,1,true,true,false,MAX_IT,500,745.3949050000001,887.61864120273,0.0,false
HIELOW,3,0,2P_SAR1_PH0_ATR0_RRU1,true,1,false,false,true,MAX_IT,500,584.446646,893.5596914106364,0.0,false
HIELOW,3,0,2P_SAR1_PH1_ATR0_RRU1,true,1,true,false,true,MAX_IT,500,613.8256869999999,875.4356278034966,0.0,false
HIELOW,3,0,2P_SAR1_PH1_ATR1_RRU1,true,1,true,true,true,MAX_IT,500,750.1750149999999,887.61864120273,0.0,false
HILBERTA,2,0,2P_SAR0_PH0_ATR0_RRU0,false,1,false,false,false,KKT_OK,14,5.5505320000000005,4.450480143255797e-8,0.0,false
HILBERTA,2,0,2P_SAR0_PH1_ATR0_RRU0,false,1,true,false,false,KKT_OK,9,4.900685,0.0,0.0,false
HILBERTA,2,0,2P_SAR0_PH1_ATR1_RRU0,false,1,true,true,false,KKT_OK,12,4.55103,1.979912437624766e-5,0.0,false
HILBERTA,2,0,2P_SAR0_PH0_ATR0_RRU1,false,1,false,false,true,KKT_OK,14,4.851903,4.450480143255797e-8,0.0,false
HILBERTA,2,0,2P_SAR0_PH1_ATR0_RRU1,false,1,true,false,true,KKT_OK,9,4.876078,0.0,0.0,false
HILBERTA,2,0,2P_SAR0_PH1_ATR1_RRU1,false,1,true,true,true,KKT_OK,12,4.553123,1.979912437624766e-5,0.0,false
HILBERTA,2,0,BASE_2P,true,1,false,false,false,KKT_OK,32,9.129482,2.718771104834416e-30,0.0,true
HILBERTA,2,0,2P_SAR1_PH1_ATR0_RRU0,true,1,true,false,false,KKT_OK,9,4.9085090000000005,0.0,0.0,false
HILBERTA,2,0,2P_SAR1_PH1_ATR1_RRU0,true,1,true,true,false,KKT_OK,12,4.580235,1.979912437624766e-5,0.0,false
HILBERTA,2,0,2P_SAR1_PH0_ATR0_RRU1,true,1,false,false,true,KKT_OK,32,9.072976,2.718771104834416e-30,0.0,false
HILBERTA,2,0,2P_SAR1_PH1_ATR0_RRU1,true,1,true,false,true,KKT_OK,9,4.887830999999999,0.0,0.0,false
HILBERTA,2,0,2P_SAR1_PH1_ATR1_RRU1,true,1,true,true,true,KKT_OK,12,4.582990000000001,1.979912437624766e-5,0.0,false
HILBERTB,10,0,2P_SAR0_PH0_ATR0_RRU0,false,1,false,false,false,KKT_OK,16,6.528501,1.3515404232166985e-7,0.0,false
HILBERTB,10,0,2P_SAR0_PH1_ATR0_RRU0,false,1,true,false,false,KKT_OK,10,5.560389,0.0,0.0,false
HILBERTB,10,0,2P_SAR0_PH1_ATR1_RRU0,false,1,true,true,false,KKT_OK,26,10.554359,1.0154045691250148e-7,0.0,false
HILBERTB,10,0,2P_SAR0_PH0_ATR0_RRU1,false,1,false,false,true,KKT_OK,16,5.815156,1.3515404232166985e-7,0.0,false
HILBERTB,10,0,2P_SAR0_PH1_ATR0_RRU1,false,1,true,false,true,KKT_OK,10,5.141135,0.0,0.0,false
HILBERTB,10,0,2P_SAR0_PH1_ATR1_RRU1,false,1,true,true,true,KKT_OK,26,10.076334,1.0154045691250148e-7,0.0,false
HILBERTB,10,0,BASE_2P,true,1,false,false,false,KKT_OK,33,9.576799000000001,1.321036447787724e-28,0.0,true
HILBERTB,10,0,2P_SAR1_PH1_ATR0_RRU0,true,1,true,false,false,KKT_OK,10,5.052599,0.0,0.0,false
HILBERTB,10,0,2P_SAR1_PH1_ATR1_RRU0,true,1,true,true,false,KKT_OK,26,9.994771,1.0154045691250148e-7,0.0,false
HILBERTB,10,0,2P_SAR1_PH0_ATR0_RRU1,true,1,false,false,true,KKT_OK,33,9.602337,1.321036447787724e-28,0.0,false
HILBERTB,10,0,2P_SAR1_PH1_ATR0_RRU1,true,1,true,false,true,KKT_OK,10,5.061896,0.0,0.0,false
HILBERTB,10,0,2P_SAR1_PH1_ATR1_RRU1,true,1,true,true,true,KKT_OK,26,10.03153,1.0154045691250148e-7,0.0,false
HIMMELBB,2,0,2P_SAR0_PH0_ATR0_RRU0,false,1,false,false,false,KKT_OK,8,6.677681000000001,1.335314214247471e-64,0.0,false
HIMMELBB,2,0,2P_SAR0_PH1_ATR0_RRU0,false,1,true,false,false,KKT_OK,11,2.779534,9.399817122926474e-8,0.0,false
HIMMELBB,2,0,2P_SAR0_PH1_ATR1_RRU0,false,1,true,true,false,KKT_OK,10,5.908251,5.477200750899182e-18,0.0,false
HIMMELBB,2,0,2P_SAR0_PH0_ATR0_RRU1,false,1,false,false,true,KKT_OK,8,5.301585,1.335314214247471e-64,0.0,false
HIMMELBB,2,0,2P_SAR0_PH1_ATR0_RRU1,false,1,true,false,true,KKT_OK,11,2.7073790000000004,9.399817122926474e-8,0.0,false
HIMMELBB,2,0,2P_SAR0_PH1_ATR1_RRU1,false,1,true,true,true,KKT_OK,10,5.803484999999999,5.477200750899182e-18,0.0,false
HIMMELBB,2,0,BASE_2P,true,1,false,false,false,KKT_OK,12,5.547224,2.4882370372341647e-33,0.0,true
HIMMELBB,2,0,2P_SAR1_PH1_ATR0_RRU0,true,1,true,false,false,KKT_OK,11,2.730292,9.399817122926474e-8,0.0,false
HIMMELBB,2,0,2P_SAR1_PH1_ATR1_RRU0,true,1,true,true,false,KKT_OK,10,5.8096570000000005,5.477200750899182e-18,0.0,false
HIMMELBB,2,0,2P_SAR1_PH0_ATR0_RRU1,true,1,false,false,true,KKT_OK,12,5.503853,2.4882370372341647e-33,0.0,false
HIMMELBB,2,0,2P_SAR1_PH1_ATR0_RRU1,true,1,true,false,true,KKT_OK,11,2.6935029999999998,9.399817122926474e-8,0.0,false
HIMMELBB,2,0,2P_SAR1_PH1_ATR1_RRU1,true,1,true,true,true,KKT_OK,10,5.816047999999999,5.477200750899182e-18,0.0,false
HIMMELBCLS,2,0,2P_SAR0_PH0_ATR0_RRU0,false,1,false,false,false,SMALL_STEP,17,6.2971390000000005,2.0265521016972142e-8,0.0,false
HIMMELBCLS,2,0,2P_SAR0_PH1_ATR0_RRU0,false,1,true,false,false,KKT_OK,9,4.918628,3.4900967204712855e-19,0.0,false
HIMMELBCLS,2,0,2P_SAR0_PH1_ATR1_RRU0,false,1,true,true,false,SMALL_STEP,23,7.607221,7.682108963768125e-8,0.0,false
HIMMELBCLS,2,0,2P_SAR0_PH0_ATR0_RRU1,false,1,false,false,true,SMALL_STEP,17,5.565479,2.0265521016972142e-8,0.0,false
HIMMELBCLS,2,0,2P_SAR0_PH1_ATR0_RRU1,false,1,true,false,true,KKT_OK,9,4.842957,3.4900967204712855e-19,0.0,false
HIMMELBCLS,2,0,2P_SAR0_PH1_ATR1_RRU1,false,1,true,true,true,SMALL_STEP,23,7.587464000000001,7.682108963768125e-8,0.0,false
HIMMELBCLS,2,0,BASE_2P,true,1,false,false,false,KKT_OK,23,7.226939,1.4199496293978212e-28,0.0,true
HIMMELBCLS,2,0,2P_SAR1_PH1_ATR0_RRU0,true,1,true,false,false,KKT_OK,9,4.857073,3.4900967204712855e-19,0.0,false
HIMMELBCLS,2,0,2P_SAR1_PH1_ATR1_RRU0,true,1,true,true,false,SMALL_STEP,23,7.573969,7.682108963768125e-8,0.0,false
HIMMELBCLS,2,0,2P_SAR1_PH0_ATR0_RRU1,true,1,false,false,true,KKT_OK,23,7.234183,1.4199496293978212e-28,0.0,false
HIMMELBCLS,2,0,2P_SAR1_PH1_ATR0_RRU1,true,1,true,false,true,KKT_OK,9,4.864858,3.4900967204712855e-19,0.0,false
HIMMELBCLS,2,0,2P_SAR1_PH1_ATR1_RRU1,true,1,true,true,true,SMALL_STEP,23,7.605939,7.682108963768125e-8,0.0,false
HIMMELBF,4,0,2P_SAR0_PH0_ATR0_RRU0,false,1,false,false,false,MAX_IT,500,120.433102,1258.9408987379084,0.0,false
HIMMELBF,4,0,2P_SAR0_PH1_ATR0_RRU0,false,1,true,false,false,MAX_IT,500,96.136606,1271.0546529957041,0.0,false
HIMMELBF,4,0,2P_SAR0_PH1_ATR1_RRU0,false,1,true,true,false,MAX_IT,500,141.254441,1147.3455974471583,0.0,false
HIMMELBF,4,0,2P_SAR0_PH0_ATR0_RRU1,false,1,false,false,true,MAX_IT,500,126.34684299999999,1258.9408987379084,0.0,false
HIMMELBF,4,0,2P_SAR0_PH1_ATR0_RRU1,false,1,true,false,true,MAX_IT,500,96.92352,1271.0546529957041,0.0,false
HIMMELBF,4,0,2P_SAR0_PH1_ATR1_RRU1,false,1,true,true,true,MAX_IT,500,142.26238899999998,1147.3455974471583,0.0,false
HIMMELBF,4,0,BASE_2P,true,1,false,false,false,MAX_IT,500,90.720157,1329.4039993211702,0.0,true
HIMMELBF,4,0,2P_SAR1_PH1_ATR0_RRU0,true,1,true,false,false,MAX_IT,500,99.942952,1271.0546529957041,0.0,false
HIMMELBF,4,0,2P_SAR1_PH1_ATR1_RRU0,true,1,true,true,false,MAX_IT,500,143.705701,1147.3455974471583,0.0,false
HIMMELBF,4,0,2P_SAR1_PH0_ATR0_RRU1,true,1,false,false,true,MAX_IT,500,92.356369,1329.4039993211702,0.0,false
HIMMELBF,4,0,2P_SAR1_PH1_ATR0_RRU1,true,1,true,false,true,MAX_IT,500,100.59140599999999,1271.0546529957041,0.0,false
HIMMELBF,4,0,2P_SAR1_PH1_ATR1_RRU1,true,1,true,true,true,MAX_IT,500,134.895297,1147.3455974471583,0.0,false
HIMMELBG,2,0,2P_SAR0_PH0_ATR0_RRU0,false,1,false,false,false,KKT_OK,14,5.680644,1.1919764858701426e-8,0.0,false
HIMMELBG,2,0,2P_SAR0_PH1_ATR0_RRU0,false,1,true,false,false,KKT_OK,9,5.029365,3.205631312212728e-22,0.0,false
HIMMELBG,2,0,2P_SAR0_PH1_ATR1_RRU0,false,1,true,true,false,KKT_OK,16,6.560892,3.5622042762559504e-7,0.0,false
HIMMELBG,2,0,2P_SAR0_PH0_ATR0_RRU1,false,1,false,false,true,KKT_OK,14,4.95687,1.1919764858701426e-8,0.0,false
HIMMELBG,2,0,2P_SAR0_PH1_ATR0_RRU1,false,1,true,false,true,KKT_OK,9,4.817609,3.205631312212728e-22,0.0,false
HIMMELBG,2,0,2P_SAR0_PH1_ATR1_RRU1,false,1,true,true,true,KKT_OK,16,6.727595,3.5622042762559504e-7,0.0,false
HIMMELBG,2,0,BASE_2P,true,1,false,false,false,KKT_OK,7,4.789045,3.851859888774472e-33,0.0,true
HIMMELBG,2,0,2P_SAR1_PH1_ATR0_RRU0,true,1,true,false,false,KKT_OK,9,4.712903,3.205631312212728e-22,0.0,false
HIMMELBG,2,0,2P_SAR1_PH1_ATR1_RRU0,true,1,true,true,false,KKT_OK,16,6.396705,3.5622042762559504e-7,0.0,false
HIMMELBG,2,0,2P_SAR1_PH0_ATR0_RRU1,true,1,false,false,true,KKT_OK,7,4.859207,3.851859888774472e-33,0.0,false
HIMMELBG,2,0,2P_SAR1_PH1_ATR0_RRU1,true,1,true,false,true,KKT_OK,9,4.70063,3.205631312212728e-22,0.0,false
HIMMELBG,2,0,2P_SAR1_PH1_ATR1_RRU1,true,1,true,true,true,KKT_OK,16,6.381897,3.5622042762559504e-7,0.0,false
HIMMELBH,2,0,2P_SAR0_PH0_ATR0_RRU0,false,1,false,false,false,KKT_OK,7,6.004491,-1.0000000000000002,0.0,false
HIMMELBH,2,0,2P_SAR0_PH1_ATR0_RRU0,false,1,true,false,false,KKT_OK,8,3.076349,-1.0,0.0,false
HIMMELBH,2,0,2P_SAR0_PH1_ATR1_RRU0,false,1,true,true,false,KKT_OK,16,6.2268870000000005,-0.9999998134722494,0.0,false
HIMMELBH,2,0,2P_SAR0_PH0_ATR0_RRU1,false,1,false,false,true,KKT_OK,7,5.273823,-1.0000000000000002,0.0,false
HIMMELBH,2,0,2P_SAR0_PH1_ATR0_RRU1,false,1,true,false,true,KKT_OK,8,3.068184,-1.0,0.0,false
HIMMELBH,2,0,2P_SAR0_PH1_ATR1_RRU1,false,1,true,true,true,KKT_OK,16,6.221107,-0.9999998134722494,0.0,false
HIMMELBH,2,0,BASE_2P,true,1,false,false,false,KKT_OK,11,5.892091000000001,-1.0000000000000002,0.0,true
HIMMELBH,2,0,2P_SAR1_PH1_ATR0_RRU0,true,1,true,false,false,KKT_OK,8,3.0662599999999998,-1.0,0.0,false
HIMMELBH,2,0,2P_SAR1_PH1_ATR1_RRU0,true,1,true,true,false,KKT_OK,16,6.204536,-0.9999998134722494,0.0,false
HIMMELBH,2,0,2P_SAR1_PH0_ATR0_RRU1,true,1,false,false,true,KKT_OK,11,5.917237,-1.0000000000000002,0.0,false
HIMMELBH,2,0,2P_SAR1_PH1_ATR0_RRU1,true,1,true,false,true,KKT_OK,8,3.062023,-1.0,0.0,false
HIMMELBH,2,0,2P_SAR1_PH1_ATR1_RRU1,true,1,true,true,true,KKT_OK,16,6.236084,-0.9999998134722494,0.0,false
HIMMELP1,2,0,2P_SAR0_PH0_ATR0_RRU0,false,1,false,false,false,KKT_OK,23,7.50536,-62.05393503581729,0.0,false
HIMMELP1,2,0,2P_SAR0_PH1_ATR0_RRU0,false,1,true,false,false,KKT_OK,23,6.163459,-62.05393506273606,0.0,false
HIMMELP1,2,0,2P_SAR0_PH1_ATR1_RRU0,false,1,true,true,false,KKT_OK,31,10.517259,-62.05393461273752,0.0,false
HIMMELP1,2,0,2P_SAR0_PH0_ATR0_RRU1,false,1,false,false,true,KKT_OK,23,7.035461,-62.05393503581729,0.0,false
HIMMELP1,2,0,2P_SAR0_PH1_ATR0_RRU1,false,1,true,false,true,KKT_OK,23,6.074743,-62.05393506273606,0.0,false
HIMMELP1,2,0,2P_SAR0_PH1_ATR1_RRU1,false,1,true,true,true,KKT_OK,31,10.454953,-62.05393461273752,0.0,false
HIMMELP1,2,0,BASE_2P,true,1,false,false,false,KKT_OK,280,49.77798,-62.05393503581763,0.0,true
HIMMELP1,2,0,2P_SAR1_PH1_ATR0_RRU0,true,1,true,false,false,KKT_OK,23,6.149162,-62.05393506273606,0.0,false
HIMMELP1,2,0,2P_SAR1_PH1_ATR1_RRU0,true,1,true,true,false,KKT_OK,31,10.479899000000001,-62.05393461273752,0.0,false
HIMMELP1,2,0,2P_SAR1_PH0_ATR0_RRU1,true,1,false,false,true,KKT_OK,280,49.571211,-62.05393503581763,0.0,false
HIMMELP1,2,0,2P_SAR1_PH1_ATR0_RRU1,true,1,true,false,true,KKT_OK,23,6.140486,-62.05393506273606,0.0,false
HIMMELP1,2,0,2P_SAR1_PH1_ATR1_RRU1,true,1,true,true,true,KKT_OK,31,10.489577,-62.05393461273752,0.0,false
HIMMELP2,2,1,2P_SAR0_PH0_ATR0_RRU0,false,1,false,false,false,SMALL_STEP,40,24.49131,-8.19804458511851,5.389320006088383e-5,false
HIMMELP2,2,1,2P_SAR0_PH1_ATR0_RRU0,false,1,true,false,false,SMALL_STEP,40,26.339851,-8.198044059618496,3.8732912344130455e-7,false
HIMMELP2,2,1,2P_SAR0_PH1_ATR1_RRU0,false,1,true,true,false,SMALL_STEP,58,37.366163,-8.198044494991109,4.471680722417659e-5,false
HIMMELP2,2,1,2P_SAR0_PH0_ATR0_RRU1,false,1,false,false,true,SMALL_STEP,40,23.75412,-8.19804458511851,5.389320006088383e-5,false
HIMMELP2,2,1,2P_SAR0_PH1_ATR0_RRU1,false,1,true,false,true,SMALL_STEP,40,26.39258,-8.198044059618496,3.8732912344130455e-7,false
HIMMELP2,2,1,2P_SAR0_PH1_ATR1_RRU1,false,1,true,true,true,SMALL_STEP,58,36.767412,-8.198044494991109,4.471680722417659e-5,false
HIMMELP2,2,1,BASE_2P,true,1,false,false,false,MAX_IT,500,172.230763,28.156530583205097,0.0038392137291793915,true
HIMMELP2,2,1,2P_SAR1_PH1_ATR0_RRU0,true,1,true,false,false,SMALL_STEP,40,25.492354,-8.198044059618496,3.8732912344130455e-7,false
HIMMELP2,2,1,2P_SAR1_PH1_ATR1_RRU0,true,1,true,true,false,SMALL_STEP,58,36.331695999999994,-8.198044494991109,4.471680722417659e-5,false
HIMMELP2,2,1,2P_SAR1_PH0_ATR0_RRU1,true,1,false,false,true,MAX_IT,500,172.684452,28.156530583205097,0.0038392137291793915,false
HIMMELP2,2,1,2P_SAR1_PH1_ATR0_RRU1,true,1,true,false,true,SMALL_STEP,40,25.670987999999998,-8.198044059618496,3.8732912344130455e-7,false
HIMMELP2,2,1,2P_SAR1_PH1_ATR1_RRU1,true,1,true,true,true,SMALL_STEP,58,36.704784999999994,-8.198044494991109,4.471680722417659e-5,false
HOLMES,180,0,2P_SAR0_PH0_ATR0_RRU0,false,1,false,false,false,KKT_OK,232,776.738701,1248.1506714406032,0.0,false
HOLMES,180,0,2P_SAR0_PH1_ATR0_RRU0,false,1,true,false,false,KKT_OK,207,656.126614,1248.1512262096978,0.0,false
HOLMES,180,0,2P_SAR0_PH1_ATR1_RRU0,false,1,true,true,false,KKT_OK,72,289.799023,1248.151687852498,0.0,false
HOLMES,180,0,2P_SAR0_PH0_ATR0_RRU1,false,1,false,false,true,KKT_OK,232,800.320229,1248.1506714406032,0.0,false
HOLMES,180,0,2P_SAR0_PH1_ATR0_RRU1,false,1,true,false,true,KKT_OK,207,644.6774800000001,1248.1512262096978,0.0,false
HOLMES,180,0,2P_SAR0_PH1_ATR1_RRU1,false,1,true,true,true,KKT_OK,72,287.518013,1248.151687852498,0.0,false
HOLMES,180,0,BASE_2P,true,1,false,false,false,SMALL_STEP,8,31.035672,1262.2520506136539,0.0,true
HOLMES,180,0,2P_SAR1_PH1_ATR0_RRU0,true,1,true,false,false,KKT_OK,207,652.767307,1248.1512262096978,0.0,false
HOLMES,180,0,2P_SAR1_PH1_ATR1_RRU0,true,1,true,true,false,KKT_OK,72,289.688376,1248.151687852498,0.0,false
HOLMES,180,0,2P_SAR1_PH0_ATR0_RRU1,true,1,false,false,true,SMALL_STEP,8,31.021856,1262.2520506136539,0.0,false
HOLMES,180,0,2P_SAR1_PH1_ATR0_RRU1,true,1,true,false,true,KKT_OK,207,658.01965,1248.1512262096978,0.0,false
HOLMES,180,0,2P_SAR1_PH1_ATR1_RRU1,true,1,true,true,true,KKT_OK,72,282.741762,1248.151687852498,0.0,false
HONG,4,1,2P_SAR0_PH0_ATR0_RRU0,false,1,false,false,false,SMALL_STEP,17,8.830632,22.57108761389969,1.6653345369377348e-16,false
HONG,4,1,2P_SAR0_PH1_ATR0_RRU0,false,1,true,false,false,SMALL_STEP,13,6.096944,22.57108736419616,1.1102230246251565e-16,false
HONG,4,1,2P_SAR0_PH1_ATR1_RRU0,false,1,true,true,false,SMALL_STEP,89,32.257960000000004,22.571090969783974,4.440892098500626e-16,false
HONG,4,1,2P_SAR0_PH0_ATR0_RRU1,false,1,false,false,true,SMALL_STEP,17,7.441281,22.57108761389969,1.6653345369377348e-16,false
HONG,4,1,2P_SAR0_PH1_ATR0_RRU1,false,1,true,false,true,SMALL_STEP,13,5.793285,22.57108736419616,1.1102230246251565e-16,false
HONG,4,1,2P_SAR0_PH1_ATR1_RRU1,false,1,true,true,true,SMALL_STEP,89,32.81046499999999,22.571090969783974,4.440892098500626e-16,false
HONG,4,1,BASE_2P,true,1,false,false,false,SMALL_STEP,17,5.770974,22.57108877763943,3.885780586188048e-16,true
HONG,4,1,2P_SAR1_PH1_ATR0_RRU0,true,1,true,false,false,SMALL_STEP,13,5.734775999999999,22.57108736419616,1.1102230246251565e-16,false
HONG,4,1,2P_SAR1_PH1_ATR1_RRU0,true,1,true,true,false,SMALL_STEP,89,31.684576999999997,22.571090969783974,4.440892098500626e-16,false
HONG,4,1,2P_SAR1_PH0_ATR0_RRU1,true,1,false,false,true,SMALL_STEP,17,5.7106520000000005,22.57108877763943,3.885780586188048e-16,false
HONG,4,1,2P_SAR1_PH1_ATR0_RRU1,true,1,true,false,true,SMALL_STEP,13,5.6503179999999995,22.57108736419616,1.1102230246251565e-16,false
HONG,4,1,2P_SAR1_PH1_ATR1_RRU1,true,1,true,true,true,SMALL_STEP,89,31.617942000000003,22.571090969783974,4.440892098500626e-16,false
HS1,2,0,2P_SAR0_PH0_ATR0_RRU0,false,1,false,false,false,MAX_IT,500,122.121875,0.06851604510331426,0.0,false
HS1,2,0,2P_SAR0_PH1_ATR0_RRU0,false,1,true,false,false,MAX_IT,500,109.375162,2.8223529684008017,0.0,false
HS1,2,0,2P_SAR0_PH1_ATR1_RRU0,false,1,true,true,false,MAX_IT,500,142.035286,0.07359063243201491,0.0,false
HS1,2,0,2P_SAR0_PH0_ATR0_RRU1,false,1,false,false,true,MAX_IT,500,123.06777600000001,0.06851604510331426,0.0,false
HS1,2,0,2P_SAR0_PH1_ATR0_RRU1,false,1,true,false,true,MAX_IT,500,111.92652799999999,2.8223529684008017,0.0,false
HS1,2,0,2P_SAR0_PH1_ATR1_RRU1,false,1,true,true,true,MAX_IT,500,305.93165700000003,0.07359063243201491,0.0,false
HS1,2,0,BASE_2P,true,1,false,false,false,MAX_IT,500,81.06528300000001,4.892817645706167,0.0,true
HS1,2,0,2P_SAR1_PH1_ATR0_RRU0,true,1,true,false,false,MAX_IT,500,105.668182,2.8223529684008017,0.0,false
HS1,2,0,2P_SAR1_PH1_ATR1_RRU0,true,1,true,true,false,MAX_IT,500,136.451583,0.07359063243201491,0.0,false
HS1,2,0,2P_SAR1_PH0_ATR0_RRU1,true,1,false,false,true,MAX_IT,500,84.93948599999999,4.892817645706167,0.0,false
HS1,2,0,2P_SAR1_PH1_ATR0_RRU1,true,1,true,false,true,MAX_IT,500,111.876615,2.8223529684008017,0.0,false
HS1,2,0,2P_SAR1_PH1_ATR1_RRU1,true,1,true,true,true,MAX_IT,500,145.151369,0.07359063243201491,0.0,false
HS10,2,1,2P_SAR0_PH0_ATR0_RRU0,false,1,false,false,false,SMALL_STEP,59,41.870736,-1.0000405022182295,8.100613057870909e-5,false
HS10,2,1,2P_SAR0_PH1_ATR0_RRU0,false,1,true,false,false,SMALL_STEP,59,41.134338,-1.0000405022182295,8.100613057870909e-5,false
HS10,2,1,2P_SAR0_PH1_ATR1_RRU0,false,1,true,true,false,SMALL_STEP,51,30.800531999999997,-1.0000406081229685,8.121790391557582e-5,false
HS10,2,1,2P_SAR0_PH0_ATR0_RRU1,false,1,false,false,true,SMALL_STEP,59,41.131893000000005,-1.0000405022182295,8.100613057870909e-5,false
HS10,2,1,2P_SAR0_PH1_ATR0_RRU1,false,1,true,false,true,SMALL_STEP,59,40.934053,-1.0000405022182295,8.100613057870909e-5,false
HS10,2,1,2P_SAR0_PH1_ATR1_RRU1,false,1,true,true,true,SMALL_STEP,51,30.805802,-1.0000406081229685,8.121790391557582e-5,false
HS10,2,1,BASE_2P,true,1,false,false,false,SMALL_STEP,59,40.824307,-1.0000405022182295,8.100613057870909e-5,true
HS10,2,1,2P_SAR1_PH1_ATR0_RRU0,true,1,true,false,false,SMALL_STEP,59,41.112948,-1.0000405022182295,8.100613057870909e-5,false
HS10,2,1,2P_SAR1_PH1_ATR1_RRU0,true,1,true,true,false,SMALL_STEP,51,30.673203,-1.0000406081229685,8.121790391557582e-5,false
HS10,2,1,2P_SAR1_PH0_ATR0_RRU1,true,1,false,false,true,SMALL_STEP,59,41.28495,-1.0000405022182295,8.100613057870909e-5,false
HS10,2,1,2P_SAR1_PH1_ATR0_RRU1,true,1,true,false,true,SMALL_STEP,59,40.967234999999995,-1.0000405022182295,8.100613057870909e-5,false
HS10,2,1,2P_SAR1_PH1_ATR1_RRU1,true,1,true,true,true,SMALL_STEP,51,30.765647,-1.0000406081229685,8.121790391557582e-5,false
HS105,8,1,2P_SAR0_PH0_ATR0_RRU0,false,1,false,false,false,INFEASIBLE_STATIONARY,5,4.285452,1593.8675599442975,0.0020000000000000018,false
HS105,8,1,2P_SAR0_PH1_ATR0_RRU0,false,1,true,false,false,INFEASIBLE_STATIONARY,5,3.5030479999999997,1593.8675599442975,0.0020000000000000018,false
HS105,8,1,2P_SAR0_PH1_ATR1_RRU0,false,1,true,true,false,INFEASIBLE_STATIONARY,5,3.504922,1593.8675599442975,0.0020000000000000018,false
HS105,8,1,2P_SAR0_PH0_ATR0_RRU1,false,1,false,false,true,INFEASIBLE_STATIONARY,5,3.497147,1593.8675599442975,0.0020000000000000018,false
HS105,8,1,2P_SAR0_PH1_ATR0_RRU1,false,1,true,false,true,INFEASIBLE_STATIONARY,5,3.514119,1593.8675599442975,0.0020000000000000018,false
HS105,8,1,2P_SAR0_PH1_ATR1_RRU1,false,1,true,true,true,INFEASIBLE_STATIONARY,5,3.510072,1593.8675599442975,0.0020000000000000018,false
HS105,8,1,BASE_2P,true,1,false,false,false,INFEASIBLE_STATIONARY,5,3.508298,1727.6583337326808,0.0020000000000000018,true
HS105,8,1,2P_SAR1_PH1_ATR0_RRU0,true,1,true,false,false,INFEASIBLE_STATIONARY,5,3.492849,1593.8675599442975,0.0020000000000000018,false
HS105,8,1,2P_SAR1_PH1_ATR1_RRU0,true,1,true,true,false,INFEASIBLE_STATIONARY,5,3.522815,1593.8675599442975,0.0020000000000000018,false
HS105,8,1,2P_SAR1_PH0_ATR0_RRU1,true,1,false,false,true,INFEASIBLE_STATIONARY,5,3.514039,1727.6583337326808,0.0020000000000000018,false
HS105,8,1,2P_SAR1_PH1_ATR0_RRU1,true,1,true,false,true,INFEASIBLE_STATIONARY,5,3.4992310000000004,1593.8675599442975,0.0020000000000000018,false
HS105,8,1,2P_SAR1_PH1_ATR1_RRU1,true,1,true,true,true,INFEASIBLE_STATIONARY,5,3.538515,1593.8675599442975,0.0020000000000000018,false
HS11,2,1,2P_SAR0_PH0_ATR0_RRU0,false,1,false,false,false,SMALL_STEP,31,16.304855,-8.498563430449769,3.25342902749437e-5,false
HS11,2,1,2P_SAR0_PH1_ATR0_RRU0,false,1,true,false,false,SMALL_STEP,34,15.423845,-8.498591682688334,4.1799464887581905e-5,false
HS11,2,1,2P_SAR0_PH1_ATR1_RRU0,false,1,true,true,false,SMALL_STEP,35,17.453184,-8.498496752651967,1.066779420244579e-5,false
HS11,2,1,2P_SAR0_PH0_ATR0_RRU1,false,1,false,false,true,SMALL_STEP,31,15.567384,-8.498563430449769,3.25342902749437e-5,false
HS11,2,1,2P_SAR0_PH1_ATR0_RRU1,false,1,true,false,true,SMALL_STEP,34,15.497834000000001,-8.498591682688334,4.1799464887581905e-5,false
HS11,2,1,2P_SAR0_PH1_ATR1_RRU1,false,1,true,true,true,SMALL_STEP,35,17.376951000000002,-8.498496752651967,1.066779420244579e-5,false
HS11,2,1,BASE_2P,true,1,false,false,false,SMALL_STEP,31,15.509815999999999,-8.498563430449769,3.25342902749437e-5,true
HS11,2,1,2P_SAR1_PH1_ATR0_RRU0,true,1,true,false,false,SMALL_STEP,34,15.40538,-8.498591682688334,4.1799464887581905e-5,false
HS11,2,1,2P_SAR1_PH1_ATR1_RRU0,true,1,true,true,false,SMALL_STEP,35,17.425122,-8.498496752651967,1.066779420244579e-5,false
HS11,2,1,2P_SAR1_PH0_ATR0_RRU1,true,1,false,false,true,SMALL_STEP,31,15.567053000000001,-8.498563430449769,3.25342902749437e-5,false
HS11,2,1,2P_SAR1_PH1_ATR0_RRU1,true,1,true,false,true,SMALL_STEP,34,15.474139,-8.498591682688334,4.1799464887581905e-5,false
HS11,2,1,2P_SAR1_PH1_ATR1_RRU1,true,1,true,true,true,SMALL_STEP,35,17.37604,-8.498496752651967,1.066779420244579e-5,false
HS110,10,0,2P_SAR0_PH0_ATR0_RRU0,false,1,false,false,false,KKT_OK,8,4.142074,-45.778475369084205,0.0,false
HS110,10,0,2P_SAR0_PH1_ATR0_RRU0,false,1,true,false,false,KKT_OK,7,3.593217,-45.77847553188678,0.0,false
HS110,10,0,2P_SAR0_PH1_ATR1_RRU0,false,1,true,true,false,KKT_OK,21,7.228803,-45.778474842852354,0.0,false
HS110,10,0,2P_SAR0_PH0_ATR0_RRU1,false,1,false,false,true,KKT_OK,8,3.5548450000000003,-45.778475369084205,0.0,false
HS110,10,0,2P_SAR0_PH1_ATR0_RRU1,false,1,true,false,true,KKT_OK,7,3.425283,-45.77847553188678,0.0,false
HS110,10,0,2P_SAR0_PH1_ATR1_RRU1,false,1,true,true,true,KKT_OK,21,7.233151,-45.778474842852354,0.0,false
HS110,10,0,BASE_2P,true,1,false,false,false,KKT_OK,8,3.425002,-45.778475369084205,0.0,true
HS110,10,0,2P_SAR1_PH1_ATR0_RRU0,true,1,true,false,false,KKT_OK,7,3.424301,-45.77847553188678,0.0,false
HS110,10,0,2P_SAR1_PH1_ATR1_RRU0,true,1,true,true,false,KKT_OK,21,7.256685,-45.778474842852354,0.0,false
HS110,10,0,2P_SAR1_PH0_ATR0_RRU1,true,1,false,false,true,KKT_OK,8,3.410424,-45.778475369084205,0.0,false
HS110,10,0,2P_SAR1_PH1_ATR0_RRU1,true,1,true,false,true,KKT_OK,7,3.395296,-45.77847553188678,0.0,false
HS110,10,0,2P_SAR1_PH1_ATR1_RRU1,true,1,true,true,true,KKT_OK,21,7.282304,-45.778474842852354,0.0,false
HS12,2,1,2P_SAR0_PH0_ATR0_RRU0,false,1,false,false,false,INFEASIBLE_STATIONARY,0,1.074231,0.0,25.0,false
HS12,2,1,2P_SAR0_PH1_ATR0_RRU0,false,1,true,false,false,INFEASIBLE_STATIONARY,0,0.532907,0.0,25.0,false
HS12,2,1,2P_SAR0_PH1_ATR1_RRU0,false,1,true,true,false,INFEASIBLE_STATIONARY,0,0.495598,0.0,25.0,false
HS12,2,1,2P_SAR0_PH0_ATR0_RRU1,false,1,false,false,true,INFEASIBLE_STATIONARY,0,0.501409,0.0,25.0,false
HS12,2,1,2P_SAR0_PH1_ATR0_RRU1,false,1,true,false,true,INFEASIBLE_STATIONARY,0,0.500076,0.0,25.0,false
HS12,2,1,2P_SAR0_PH1_ATR1_RRU1,false,1,true,true,true,INFEASIBLE_STATIONARY,0,0.519081,0.0,25.0,false
HS12,2,1,BASE_2P,true,1,false,false,false,INFEASIBLE_STATIONARY,0,0.487282,0.0,25.0,true
HS12,2,1,2P_SAR1_PH1_ATR0_RRU0,true,1,true,false,false,INFEASIBLE_STATIONARY,0,0.501349,0.0,25.0,false
HS12,2,1,2P_SAR1_PH1_ATR1_RRU0,true,1,true,true,false,INFEASIBLE_STATIONARY,0,0.482363,0.0,25.0,false
HS12,2,1,2P_SAR1_PH0_ATR0_RRU1,true,1,false,false,true,INFEASIBLE_STATIONARY,0,0.5279889999999999,0.0,25.0,false
HS12,2,1,2P_SAR1_PH1_ATR0_RRU1,true,1,true,false,true,INFEASIBLE_STATIONARY,0,0.503262,0.0,25.0,false
HS12,2,1,2P_SAR1_PH1_ATR1_RRU1,true,1,true,true,true,INFEASIBLE_STATIONARY,0,0.49124,0.0,25.0,false
HS13,2,1,2P_SAR0_PH0_ATR0_RRU0,false,1,false,false,false,SMALL_STEP,12,8.293436,1.0848784206795865,7.186143276648501e-5,false
HS13,2,1,2P_SAR0_PH1_ATR0_RRU0,false,1,true,false,false,SMALL_STEP,12,7.256043999999999,1.0848784206795865,7.186143276648501e-5,false
HS13,2,1,2P_SAR0_PH1_ATR1_RRU0,false,1,true,true,false,SMALL_STEP,12,7.285659,1.0848784206795865,7.186143276648501e-5,false
HS13,2,1,2P_SAR0_PH0_ATR0_RRU1,false,1,false,false,true,SMALL_STEP,12,7.255653,1.0848784206795865,7.186143276648501e-5,false
HS13,2,1,2P_SAR0_PH1_ATR0_RRU1,false,1,true,false,true,SMALL_STEP,12,7.247338,1.0848784206795865,7.186143276648501e-5,false
HS13,2,1,2P_SAR0_PH1_ATR1_RRU1,false,1,true,true,true,SMALL_STEP,12,7.267937000000001,1.0848784206795865,7.186143276648501e-5,false
HS13,2,1,BASE_2P,true,1,false,false,false,SMALL_STEP,13,7.01388,1.0718134230419736,4.3928025841393434e-5,true
HS13,2,1,2P_SAR1_PH1_ATR0_RRU0,true,1,true,false,false,SMALL_STEP,12,7.256916,1.0848784206795865,7.186143276648501e-5,false
HS13,2,1,2P_SAR1_PH1_ATR1_RRU0,true,1,true,true,false,SMALL_STEP,12,7.285921,1.0848784206795865,7.186143276648501e-5,false
HS13,2,1,2P_SAR1_PH0_ATR0_RRU1,true,1,false,false,true,SMALL_STEP,13,7.015684,1.0718134230419736,4.3928025841393434e-5,false
HS13,2,1,2P_SAR1_PH1_ATR0_RRU1,true,1,true,false,true,SMALL_STEP,12,7.285319,1.0848784206795865,7.186143276648501e-5,false
HS13,2,1,2P_SAR1_PH1_ATR1_RRU1,true,1,true,true,true,SMALL_STEP,12,7.30748,1.0848784206795865,7.186143276648501e-5,false
HS2,2,0,2P_SAR0_PH0_ATR0_RRU0,false,1,false,false,false,SMALL_STEP,323,76.67269,4.94122933757182,0.0,false
HS2,2,0,2P_SAR0_PH1_ATR0_RRU0,false,1,true,false,false,KKT_OK,277,58.398128,4.941229317989187,0.0,false
HS2,2,0,2P_SAR0_PH1_ATR1_RRU0,false,1,true,true,false,KKT_OK,156,45.473181000000004,4.941229317989184,0.0,false
HS2,2,0,2P_SAR0_PH0_ATR0_RRU1,false,1,false,false,true,SMALL_STEP,323,79.48873200000001,4.94122933757182,0.0,false
HS2,2,0,2P_SAR0_PH1_ATR0_RRU1,false,1,true,false,true,KKT_OK,277,60.694387,4.941229317989187,0.0,false
HS2,2,0,2P_SAR0_PH1_ATR1_RRU1,false,1,true,true,true,KKT_OK,156,45.875634999999996,4.941229317989184,0.0,false
HS2,2,0,BASE_2P,true,1,false,false,false,MAX_IT,500,84.06841600000001,5.5533011347054755,0.0,true
HS2,2,0,2P_SAR1_PH1_ATR0_RRU0,true,1,true,false,false,KKT_OK,277,60.945216,4.941229317989187,0.0,false
HS2,2,0,2P_SAR1_PH1_ATR1_RRU0,true,1,true,true,false,KKT_OK,156,46.040834000000004,4.941229317989184,0.0,false
HS2,2,0,2P_SAR1_PH0_ATR0_RRU1,true,1,false,false,true,MAX_IT,500,86.338305,5.5533011347054755,0.0,false
HS2,2,0,2P_SAR1_PH1_ATR0_RRU1,true,1,true,false,true,KKT_OK,277,58.976741,4.941229317989187,0.0,false
HS2,2,0,2P_SAR1_PH1_ATR1_RRU1,true,1,true,true,true,KKT_OK,156,44.699874,4.941229317989184,0.0,false
HS21,2,1,2P_SAR0_PH0_ATR0_RRU0,false,1,false,false,false,SMALL_STEP,31,29.074831,0.03999999999962256,1.9539925233402755e-14,false
HS21,2,1,2P_SAR0_PH1_ATR0_RRU0,false,1,true,false,false,SMALL_STEP,31,28.002704,0.03999999999962256,1.9539925233402755e-14,false
HS21,2,1,2P_SAR0_PH1_ATR1_RRU0,false,1,true,true,false,SMALL_STEP,31,28.034254,0.03999999999962256,1.9539925233402755e-14,false
HS21,2,1,2P_SAR0_PH0_ATR0_RRU1,false,1,false,false,true,SMALL_STEP,31,28.215733,0.03999999999962256,1.9539925233402755e-14,false
HS21,2,1,2P_SAR0_PH1_ATR0_RRU1,false,1,true,false,true,SMALL_STEP,31,28.169307,0.03999999999962256,1.9539925233402755e-14,false
HS21,2,1,2P_SAR0_PH1_ATR1_RRU1,false,1,true,true,true,SMALL_STEP,31,28.174636,0.03999999999962256,1.9539925233402755e-14,false
HS21,2,1,BASE_2P,true,1,false,false,false,SMALL_STEP,31,28.079558000000002,0.03999999999962256,1.9539925233402755e-14,true
HS21,2,1,2P_SAR1_PH1_ATR0_RRU0,true,1,true,false,false,SMALL_STEP,31,28.153267,0.03999999999962256,1.9539925233402755e-14,false
HS21,2,1,2P_SAR1_PH1_ATR1_RRU0,true,1,true,true,false,SMALL_STEP,31,28.277278,0.03999999999962256,1.9539925233402755e-14,false
HS21,2,1,2P_SAR1_PH0_ATR0_RRU1,true,1,false,false,true,SMALL_STEP,31,28.165809,0.03999999999962256,1.9539925233402755e-14,false
HS21,2,1,2P_SAR1_PH1_ATR0_RRU1,true,1,true,false,true,SMALL_STEP,31,28.133379,0.03999999999962256,1.9539925233402755e-14,false
HS21,2,1,2P_SAR1_PH1_ATR1_RRU1,true,1,true,true,true,SMALL_STEP,31,28.227866000000002,0.03999999999962256,1.9539925233402755e-14,false
HS21MOD,7,1,2P_SAR0_PH0_ATR0_RRU0,false,1,false,false,false,SMALL_STEP,31,31.661314000000004,4.0399999999996385,1.9539925233402755e-14,false
HS21MOD,7,1,2P_SAR0_PH1_ATR0_RRU0,false,1,true,false,false,SMALL_STEP,31,29.854651999999998,4.0399999999996385,1.9539925233402755e-14,false
HS21MOD,7,1,2P_SAR0_PH1_ATR1_RRU0,false,1,true,true,false,SMALL_STEP,31,38.872634000000005,4.039999999999637,1.9539925233402755e-14,false
HS21MOD,7,1,2P_SAR0_PH0_ATR0_RRU1,false,1,false,false,true,SMALL_STEP,31,30.852279,4.0399999999996385,1.9539925233402755e-14,false
HS21MOD,7,1,2P_SAR0_PH1_ATR0_RRU1,false,1,true,false,true,SMALL_STEP,31,29.617808,4.0399999999996385,1.9539925233402755e-14,false
HS21MOD,7,1,2P_SAR0_PH1_ATR1_RRU1,false,1,true,true,true,SMALL_STEP,31,39.064914,4.039999999999637,1.9539925233402755e-14,false
HS21MOD,7,1,BASE_2P,true,1,false,false,false,SMALL_STEP,31,31.111745,4.0399999999996385,1.9539925233402755e-14,true
HS21MOD,7,1,2P_SAR1_PH1_ATR0_RRU0,true,1,true,false,false,SMALL_STEP,31,29.911137,4.0399999999996385,1.9539925233402755e-14,false
HS21MOD,7,1,2P_SAR1_PH1_ATR1_RRU0,true,1,true,true,false,SMALL_STEP,31,39.243619,4.039999999999637,1.9539925233402755e-14,false
HS21MOD,7,1,2P_SAR1_PH0_ATR0_RRU1,true,1,false,false,true,SMALL_STEP,31,31.21614,4.0399999999996385,1.9539925233402755e-14,false
HS21MOD,7,1,2P_SAR1_PH1_ATR0_RRU1,true,1,true,false,true,SMALL_STEP,31,30.033796000000002,4.0399999999996385,1.9539925233402755e-14,false
HS21MOD,7,1,2P_SAR1_PH1_ATR1_RRU1,true,1,true,true,true,SMALL_STEP,31,39.37245,4.039999999999637,1.9539925233402755e-14,false
HS25,3,0,2P_SAR0_PH0_ATR0_RRU0,false,1,false,false,false,KKT_OK,0,1.113866,32.834999999663594,0.0,false
HS25,3,0,2P_SAR0_PH1_ATR0_RRU0,false,1,true,false,false,KKT_OK,0,0.625451,32.834999999663594,0.0,false
HS25,3,0,2P_SAR0_PH1_ATR1_RRU0,false,1,true,true,false,KKT_OK,0,0.5783020000000001,32.834999999663594,0.0,false
HS25,3,0,2P_SAR0_PH0_ATR0_RRU1,false,1,false,false,true,KKT_OK,0,0.584284,32.834999999663594,0.0,false
HS25,3,0,2P_SAR0_PH1_ATR0_RRU1,false,1,true,false,true,KKT_OK,0,0.576218,32.834999999663594,0.0,false
HS25,3,0,2P_SAR0_PH1_ATR1_RRU1,false,1,true,true,true,KKT_OK,0,0.617015,32.834999999663594,0.0,false
HS25,3,0,BASE_2P,true,1,false,false,false,KKT_OK,0,0.582651,32.834999999663594,0.0,true
HS25,3,0,2P_SAR1_PH1_ATR0_RRU0,true,1,true,false,false,KKT_OK,0,0.562102,32.834999999663594,0.0,false
HS25,3,0,2P_SAR1_PH1_ATR1_RRU0,true,1,true,true,false,KKT_OK,0,0.552153,32.834999999663594,0.0,false
HS25,3,0,2P_SAR1_PH0_ATR0_RRU1,true,1,false,false,true,KKT_OK,0,0.55538,32.834999999663594,0.0,false
HS25,3,0,2P_SAR1_PH1_ATR0_RRU1,true,1,true,false,true,KKT_OK,0,0.557644,32.834999999663594,0.0,false
HS25,3,0,2P_SAR1_PH1_ATR1_RRU1,true,1,true,true,true,KKT_OK,0,0.57131,32.834999999663594,0.0,false
HS26,3,1,2P_SAR0_PH0_ATR0_RRU0,false,1,false,false,false,KKT_OK,62,22.523156,4.034247569533608e-5,2.5298722653444017e-5,false
HS26,3,1,2P_SAR0_PH1_ATR0_RRU0,false,1,true,false,false,KKT_OK,43,15.267763,3.953038067287016e-5,8.360861401635056e-5,false
HS26,3,1,2P_SAR0_PH1_ATR1_RRU0,false,1,true,true,false,KKT_OK,84,34.365236,2.985955231558185e-5,9.164965248698032e-5,false
HS26,3,1,2P_SAR0_PH0_ATR0_RRU1,false,1,false,false,true,KKT_OK,62,21.554342000000002,4.034247569533608e-5,2.5298722653444017e-5,false
HS26,3,1,2P_SAR0_PH1_ATR0_RRU1,false,1,true,false,true,KKT_OK,43,15.263034,3.953038067287016e-5,8.360861401635056e-5,false
HS26,3,1,2P_SAR0_PH1_ATR1_RRU1,false,1,true,true,true,KKT_OK,84,34.013778,2.985955231558185e-5,9.164965248698032e-5,false
HS26,3,1,BASE_2P,true,1,false,false,false,KKT_OK,43,17.144005,1.29654152014559e-6,2.010276949837575e-5,true
HS26,3,1,2P_SAR1_PH1_ATR0_RRU0,true,1,true,false,false,KKT_OK,43,15.232587,3.953038067287016e-5,8.360861401635056e-5,false
HS26,3,1,2P_SAR1_PH1_ATR1_RRU0,true,1,true,true,false,KKT_OK,84,34.294173,2.985955231558185e-5,9.164965248698032e-5,false
HS26,3,1,2P_SAR1_PH0_ATR0_RRU1,true,1,false,false,true,KKT_OK,43,16.955482,1.29654152014559e-6,2.010276949837575e-5,false
HS26,3,1,2P_SAR1_PH1_ATR0_RRU1,true,1,true,false,true,KKT_OK,43,15.268926,3.953038067287016e-5,8.360861401635056e-5,false
HS26,3,1,2P_SAR1_PH1_ATR1_RRU1,true,1,true,true,true,KKT_OK,84,34.313349,2.985955231558185e-5,9.164965248698032e-5,false
HS27,3,1,2P_SAR0_PH0_ATR0_RRU0,false,1,false,false,false,SMALL_STEP,105,35.616547999999995,0.040000324556287596,2.185106277431241e-5,false
HS27,3,1,2P_SAR0_PH1_ATR0_RRU0,false,1,true,false,false,SMALL_STEP,138,41.158905000000004,0.04000035309237508,1.2624822407065222e-5,false
HS27,3,1,2P_SAR0_PH1_ATR1_RRU0,false,1,true,true,false,SMALL_STEP,336,98.504462,0.04000448604278245,4.261069685338831e-7,false
HS27,3,1,2P_SAR0_PH0_ATR0_RRU1,false,1,false,false,true,SMALL_STEP,105,34.741289,0.040000324556287596,2.185106277431241e-5,false
HS27,3,1,2P_SAR0_PH1_ATR0_RRU1,false,1,true,false,true,SMALL_STEP,138,41.261657,0.04000035309237508,1.2624822407065222e-5,false
HS27,3,1,2P_SAR0_PH1_ATR1_RRU1,false,1,true,true,true,SMALL_STEP,336,98.292435,0.04000448604278245,4.261069685338831e-7,false
HS27,3,1,BASE_2P,true,1,false,false,false,SMALL_STEP,53,16.751611,0.040008718087124195,4.778861999498612e-5,true
HS27,3,1,2P_SAR1_PH1_ATR0_RRU0,true,1,true,false,false,SMALL_STEP,138,41.318413,0.04000035309237508,1.2624822407065222e-5,false
HS27,3,1,2P_SAR1_PH1_ATR1_RRU0,true,1,true,true,false,SMALL_STEP,336,98.730554,0.04000448604278245,4.261069685338831e-7,false
HS27,3,1,2P_SAR1_PH0_ATR0_RRU1,true,1,false,false,true,SMALL_STEP,53,16.782970000000002,0.040008718087124195,4.778861999498612e-5,false
HS27,3,1,2P_SAR1_PH1_ATR0_RRU1,true,1,true,false,true,SMALL_STEP,138,41.651687,0.04000035309237508,1.2624822407065222e-5,false
HS27,3,1,2P_SAR1_PH1_ATR1_RRU1,true,1,true,true,true,SMALL_STEP,336,99.546543,0.04000448604278245,4.261069685338831e-7,false
HS28,3,1,2P_SAR0_PH0_ATR0_RRU0,false,1,false,false,false,KKT_OK,10,7.131501,1.9721522630525295e-31,8.881784197001252e-16,false
HS28,3,1,2P_SAR0_PH1_ATR0_RRU0,false,1,true,false,false,KKT_OK,10,5.449913,1.232595164407831e-32,8.881784197001252e-16,false
HS28,3,1,2P_SAR0_PH1_ATR1_RRU0,false,1,true,true,false,KKT_OK,33,10.812090999999999,2.724042953556229e-7,1.1102230246251565e-15,false
HS28,3,1,2P_SAR0_PH0_ATR0_RRU1,false,1,false,false,true,KKT_OK,10,6.346872,1.9721522630525295e-31,8.881784197001252e-16,false
HS28,3,1,2P_SAR0_PH1_ATR0_RRU1,false,1,true,false,true,KKT_OK,10,5.458209,1.232595164407831e-32,8.881784197001252e-16,false
HS28,3,1,2P_SAR0_PH1_ATR1_RRU1,false,1,true,true,true,KKT_OK,33,10.899736,2.724042953556229e-7,1.1102230246251565e-15,false
HS28,3,1,BASE_2P,true,1,false,false,false,KKT_OK,47,12.316367,6.569732226293739e-30,1.7763568394002505e-15,true
HS28,3,1,2P_SAR1_PH1_ATR0_RRU0,true,1,true,false,false,KKT_OK,10,5.404758,1.232595164407831e-32,8.881784197001252e-16,false
HS28,3,1,2P_SAR1_PH1_ATR1_RRU0,true,1,true,true,false,KKT_OK,33,10.842357999999999,2.724042953556229e-7,1.1102230246251565e-15,false
HS28,3,1,2P_SAR1_PH0_ATR0_RRU1,true,1,false,false,true,KKT_OK,47,12.421274,6.569732226293739e-30,1.7763568394002505e-15,false
HS28,3,1,2P_SAR1_PH1_ATR0_RRU1,true,1,true,false,true,KKT_OK,10,5.425297,1.232595164407831e-32,8.881784197001252e-16,false
HS28,3,1,2P_SAR1_PH1_ATR1_RRU1,true,1,true,true,true,KKT_OK,33,10.854541000000001,2.724042953556229e-7,1.1102230246251565e-15,false
HS29,3,1,2P_SAR0_PH0_ATR0_RRU0,false,1,false,false,false,SMALL_STEP,21,12.025723000000001,-22.627428078022355,1.5669578445454135e-5,false
HS29,3,1,2P_SAR0_PH1_ATR0_RRU0,false,1,true,false,false,SMALL_STEP,32,14.822109,-22.627430244895987,1.8739004044476815e-5,false
HS29,3,1,2P_SAR0_PH1_ATR1_RRU0,false,1,true,true,false,SMALL_STEP,24,13.130152,-22.62743303691582,2.279770688673466e-5,false
HS29,3,1,2P_SAR0_PH0_ATR0_RRU1,false,1,false,false,true,SMALL_STEP,21,11.278354,-22.627428078022355,1.5669578445454135e-5,false
HS29,3,1,2P_SAR0_PH1_ATR0_RRU1,false,1,true,false,true,SMALL_STEP,32,14.788476,-22.627430244895987,1.8739004044476815e-5,false
HS29,3,1,2P_SAR0_PH1_ATR1_RRU1,false,1,true,true,true,SMALL_STEP,24,13.16698,-22.62743303691582,2.279770688673466e-5,false
HS29,3,1,BASE_2P,true,1,false,false,false,SMALL_STEP,21,11.295937,-22.627428078022355,1.5669578445454135e-5,true
HS29,3,1,2P_SAR1_PH1_ATR0_RRU0,true,1,true,false,false,SMALL_STEP,32,14.781814,-22.627430244895987,1.8739004044476815e-5,false
HS29,3,1,2P_SAR1_PH1_ATR1_RRU0,true,1,true,true,false,SMALL_STEP,24,13.124831,-22.62743303691582,2.279770688673466e-5,false
HS29,3,1,2P_SAR1_PH0_ATR0_RRU1,true,1,false,false,true,SMALL_STEP,21,11.291970000000001,-22.627428078022355,1.5669578445454135e-5,false
HS29,3,1,2P_SAR1_PH1_ATR0_RRU1,true,1,true,false,true,SMALL_STEP,32,14.78525,-22.627430244895987,1.8739004044476815e-5,false
HS29,3,1,2P_SAR1_PH1_ATR1_RRU1,true,1,true,true,true,SMALL_STEP,24,13.116215,-22.62743303691582,2.279770688673466e-5,false
HS3,2,0,2P_SAR0_PH0_ATR0_RRU0,false,1,false,false,false,KKT_OK,7,2.701769,7.290000000000001e-5,0.0,false
HS3,2,0,2P_SAR0_PH1_ATR0_RRU0,false,1,true,false,false,KKT_OK,7,2.004833,7.290000000000001e-5,0.0,false
HS3,2,0,2P_SAR0_PH1_ATR1_RRU0,false,1,true,true,false,KKT_OK,7,2.006316,7.290000000000001e-5,0.0,false
HS3,2,0,2P_SAR0_PH0_ATR0_RRU1,false,1,false,false,true,KKT_OK,7,1.991078,7.290000000000001e-5,0.0,false
HS3,2,0,2P_SAR0_PH1_ATR0_RRU1,false,1,true,false,true,KKT_OK,7,1.981901,7.290000000000001e-5,0.0,false
HS3,2,0,2P_SAR0_PH1_ATR1_RRU1,false,1,true,true,true,KKT_OK,7,2.0011360000000002,7.290000000000001e-5,0.0,false
HS3,2,0,BASE_2P,true,1,false,false,false,KKT_OK,13,3.009104,0.0007569000000000009,0.0,true
HS3,2,0,2P_SAR1_PH1_ATR0_RRU0,true,1,true,false,false,KKT_OK,7,2.01369,7.290000000000001e-5,0.0,false
HS3,2,0,2P_SAR1_PH1_ATR1_RRU0,true,1,true,true,false,KKT_OK,7,2.0178879999999997,7.290000000000001e-5,0.0,false
HS3,2,0,2P_SAR1_PH0_ATR0_RRU1,true,1,false,false,true,KKT_OK,13,3.000467,0.0007569000000000009,0.0,false
HS3,2,0,2P_SAR1_PH1_ATR0_RRU1,true,1,true,false,true,KKT_OK,7,2.000706,7.290000000000001e-5,0.0,false
HS3,2,0,2P_SAR1_PH1_ATR1_RRU1,true,1,true,true,true,KKT_OK,7,2.006236,7.290000000000001e-5,0.0,false
HS30,3,1,2P_SAR0_PH0_ATR0_RRU0,false,1,false,false,false,SMALL_STEP,13,9.019345,1.0000581575456096,5.8157545609616093e-5,false
HS30,3,1,2P_SAR0_PH1_ATR0_RRU0,false,1,true,false,false,SMALL_STEP,15,7.642137,1.000058993504137,5.899350413703118e-5,false
HS30,3,1,2P_SAR0_PH1_ATR1_RRU0,false,1,true,true,false,SMALL_STEP,13,9.266238,1.0000343460349082,3.434603490816502e-5,false
HS30,3,1,2P_SAR0_PH0_ATR0_RRU1,false,1,false,false,true,SMALL_STEP,13,8.136312,1.0000581575456096,5.8157545609616093e-5,false
HS30,3,1,2P_SAR0_PH1_ATR0_RRU1,false,1,true,false,true,SMALL_STEP,15,7.587074,1.000058993504137,5.899350413703118e-5,false
HS30,3,1,2P_SAR0_PH1_ATR1_RRU1,false,1,true,true,true,SMALL_STEP,13,9.332602000000001,1.0000343460349082,3.434603490816502e-5,false
HS30,3,1,BASE_2P,true,1,false,false,false,SMALL_STEP,13,7.5103100000000005,1.000037325050407,3.732505040714101e-5,true
HS30,3,1,2P_SAR1_PH1_ATR0_RRU0,true,1,true,false,false,SMALL_STEP,15,7.532051,1.000058993504137,5.899350413703118e-5,false
HS30,3,1,2P_SAR1_PH1_ATR1_RRU0,true,1,true,true,false,SMALL_STEP,13,9.17709,1.0000343460349082,3.434603490816502e-5,false
HS30,3,1,2P_SAR1_PH0_ATR0_RRU1,true,1,false,false,true,SMALL_STEP,13,7.5091280000000005,1.000037325050407,3.732505040714101e-5,false
HS30,3,1,2P_SAR1_PH1_ATR0_RRU1,true,1,true,false,true,SMALL_STEP,15,7.550275,1.000058993504137,5.899350413703118e-5,false
HS30,3,1,2P_SAR1_PH1_ATR1_RRU1,true,1,true,true,true,SMALL_STEP,13,9.194914,1.0000343460349082,3.434603490816502e-5,false
HS31,3,1,2P_SAR0_PH0_ATR0_RRU0,false,1,false,false,false,SMALL_STEP,23,10.863218,5.99991223222464,1.4627962971580644e-5,false
HS31,3,1,2P_SAR0_PH1_ATR0_RRU0,false,1,true,false,false,SMALL_STEP,18,7.2504539999999995,5.999933902966937,1.1016315913603414e-5,false
HS31,3,1,2P_SAR0_PH1_ATR1_RRU0,false,1,true,true,false,SMALL_STEP,19,7.759747,5.999598417404037,6.693145877578743e-5,false
HS31,3,1,2P_SAR0_PH0_ATR0_RRU1,false,1,false,false,true,SMALL_STEP,23,9.354111999999999,5.99991223222464,1.4627962971580644e-5,false
HS31,3,1,2P_SAR0_PH1_ATR0_RRU1,false,1,true,false,true,SMALL_STEP,18,7.208966,5.999933902966937,1.1016315913603414e-5,false
HS31,3,1,2P_SAR0_PH1_ATR1_RRU1,false,1,true,true,true,SMALL_STEP,19,7.717808,5.999598417404037,6.693145877578743e-5,false
HS31,3,1,BASE_2P,true,1,false,false,false,SMALL_STEP,25,9.631551,5.999834849053325,2.752515878501338e-5,true
HS31,3,1,2P_SAR1_PH1_ATR0_RRU0,true,1,true,false,false,SMALL_STEP,18,7.164192,5.999933902966937,1.1016315913603414e-5,false
HS31,3,1,2P_SAR1_PH1_ATR1_RRU0,true,1,true,true,false,SMALL_STEP,19,7.701268,5.999598417404037,6.693145877578743e-5,false
HS31,3,1,2P_SAR1_PH0_ATR0_RRU1,true,1,false,false,true,SMALL_STEP,25,9.704538000000001,5.999834849053325,2.752515878501338e-5,false
HS31,3,1,2P_SAR1_PH1_ATR0_RRU1,true,1,true,false,true,SMALL_STEP,18,7.1820260000000005,5.999933902966937,1.1016315913603414e-5,false
HS31,3,1,2P_SAR1_PH1_ATR1_RRU1,true,1,true,true,true,SMALL_STEP,19,7.696378999999999,5.999598417404037,6.693145877578743e-5,false
HS35,3,1,2P_SAR0_PH0_ATR0_RRU0,false,1,false,false,false,SMALL_STEP,16,7.032275,0.1111111122369759,0.0,false
HS35,3,1,2P_SAR0_PH1_ATR0_RRU0,false,1,true,false,false,SMALL_STEP,15,5.337823,0.11111111337599788,2.220446049250313e-16,false
HS35,3,1,2P_SAR0_PH1_ATR1_RRU0,false,1,true,true,false,SMALL_STEP,47,14.479486999999999,0.11111252875035937,5.551115123125783e-16,false
HS35,3,1,2P_SAR0_PH0_ATR0_RRU1,false,1,false,false,true,SMALL_STEP,16,6.52735,0.1111111122369759,0.0,false
HS35,3,1,2P_SAR0_PH1_ATR0_RRU1,false,1,true,false,true,SMALL_STEP,15,5.310472,0.11111111337599788,2.220446049250313e-16,false
HS35,3,1,2P_SAR0_PH1_ATR1_RRU1,false,1,true,true,true,SMALL_STEP,47,14.511207,0.11111252875035937,5.551115123125783e-16,false
HS35,3,1,BASE_2P,true,1,false,false,false,SMALL_STEP,21,6.029808,0.11111111223697745,1.1102230246251565e-16,true
HS35,3,1,2P_SAR1_PH1_ATR0_RRU0,true,1,true,false,false,SMALL_STEP,15,5.306325,0.11111111337599788,2.220446049250313e-16,false
HS35,3,1,2P_SAR1_PH1_ATR1_RRU0,true,1,true,true,false,SMALL_STEP,47,14.552304,0.11111252875035937,5.551115123125783e-16,false
HS35,3,1,2P_SAR1_PH0_ATR0_RRU1,true,1,false,false,true,SMALL_STEP,21,6.04097,0.11111111223697745,1.1102230246251565e-16,false
HS35,3,1,2P_SAR1_PH1_ATR0_RRU1,true,1,true,false,true,SMALL_STEP,15,5.326321,0.11111111337599788,2.220446049250313e-16,false
HS35,3,1,2P_SAR1_PH1_ATR1_RRU1,true,1,true,true,true,SMALL_STEP,47,14.555249,0.11111252875035937,5.551115123125783e-16,false
HS35I,3,1,2P_SAR0_PH0_ATR0_RRU0,false,1,false,false,false,SMALL_STEP,16,7.049077,0.1111111122369759,0.0,false
HS35I,3,1,2P_SAR0_PH1_ATR0_RRU0,false,1,true,false,false,SMALL_STEP,15,5.3197790000000005,0.11111111337599788,2.220446049250313e-16,false
HS35I,3,1,2P_SAR0_PH1_ATR1_RRU0,false,1,true,true,false,SMALL_STEP,47,14.538608,0.11111252875035937,5.551115123125783e-16,false
HS35I,3,1,2P_SAR0_PH0_ATR0_RRU1,false,1,false,false,true,SMALL_STEP,16,6.2699679999999995,0.1111111122369759,0.0,false
HS35I,3,1,2P_SAR0_PH1_ATR0_RRU1,false,1,true,false,true,SMALL_STEP,15,5.307176,0.11111111337599788,2.220446049250313e-16,false
HS35I,3,1,2P_SAR0_PH1_ATR1_RRU1,false,1,true,true,true,SMALL_STEP,47,14.537066,0.11111252875035937,5.551115123125783e-16,false
HS35I,3,1,BASE_2P,true,1,false,false,false,SMALL_STEP,21,6.05173,0.11111111223697745,1.1102230246251565e-16,true
HS35I,3,1,2P_SAR1_PH1_ATR0_RRU0,true,1,true,false,false,SMALL_STEP,15,5.333265,0.11111111337599788,2.220446049250313e-16,false
HS35I,3,1,2P_SAR1_PH1_ATR1_RRU0,true,1,true,true,false,SMALL_STEP,47,14.540301,0.11111252875035937,5.551115123125783e-16,false
HS35I,3,1,2P_SAR1_PH0_ATR0_RRU1,true,1,false,false,true,SMALL_STEP,21,6.102094,0.11111111223697745,1.1102230246251565e-16,false
HS35I,3,1,2P_SAR1_PH1_ATR0_RRU1,true,1,true,false,true,SMALL_STEP,15,5.326191,0.11111111337599788,2.220446049250313e-16,false
HS35I,3,1,2P_SAR1_PH1_ATR1_RRU1,true,1,true,true,true,SMALL_STEP,47,14.558906,0.11111252875035937,5.551115123125783e-16,false
HS35MOD,3,1,2P_SAR0_PH0_ATR0_RRU0,false,1,false,false,false,KKT_OK,10,5.515004,0.2500000476837154,1.1102230246251565e-16,false
HS35MOD,3,1,2P_SAR0_PH1_ATR0_RRU0,false,1,true,false,false,KKT_OK,7,4.59924,0.25,0.0,false
HS35MOD,3,1,2P_SAR0_PH1_ATR1_RRU0,false,1,true,true,false,KKT_OK,7,7.370879,0.24999999999999978,0.0,false
HS35MOD,3,1,2P_SAR0_PH0_ATR0_RRU1,false,1,false,false,true,KKT_OK,10,4.792933,0.2500000476837154,1.1102230246251565e-16,false
HS35MOD,3,1,2P_SAR0_PH1_ATR0_RRU1,false,1,true,false,true,KKT_OK,7,4.575325,0.25,0.0,false
HS35MOD,3,1,2P_SAR0_PH1_ATR1_RRU1,false,1,true,true,true,KKT_OK,7,7.398942000000001,0.24999999999999978,0.0,false
HS35MOD,3,1,BASE_2P,true,1,false,false,false,KKT_OK,9,6.13777,0.2500000000000002,1.1102230246251565e-16,true
HS35MOD,3,1,2P_SAR1_PH1_ATR0_RRU0,true,1,true,false,false,KKT_OK,7,4.603608,0.25,0.0,false
HS35MOD,3,1,2P_SAR1_PH1_ATR1_RRU0,true,1,true,true,false,KKT_OK,7,7.384936,0.24999999999999978,0.0,false
HS35MOD,3,1,2P_SAR1_PH0_ATR0_RRU1,true,1,false,false,true,KKT_OK,9,6.13796,0.2500000000000002,1.1102230246251565e-16,false
HS35MOD,3,1,2P_SAR1_PH1_ATR0_RRU1,true,1,true,false,true,KKT_OK,7,4.561039,0.25,0.0,false
HS35MOD,3,1,2P_SAR1_PH1_ATR1_RRU1,true,1,true,true,true,KKT_OK,7,7.37666,0.24999999999999978,0.0,false
HS36,3,1,2P_SAR0_PH0_ATR0_RRU0,false,1,false,false,false,SMALL_STEP,32,20.113234000000002,-3300.0,0.0,false
HS36,3,1,2P_SAR0_PH1_ATR0_RRU0,false,1,true,false,false,SMALL_STEP,31,18.610431000000002,-3300.0,0.0,false
HS36,3,1,2P_SAR0_PH1_ATR1_RRU0,false,1,true,true,false,SMALL_STEP,38,18.260256,-3299.9999999999936,5.684341886080802e-14,false
HS36,3,1,2P_SAR0_PH0_ATR0_RRU1,false,1,false,false,true,SMALL_STEP,32,19.664414,-3300.0,0.0,false
HS36,3,1,2P_SAR0_PH1_ATR0_RRU1,false,1,true,false,true,SMALL_STEP,31,19.0639,-3300.0,0.0,false
HS36,3,1,2P_SAR0_PH1_ATR1_RRU1,false,1,true,true,true,SMALL_STEP,38,18.564024,-3299.9999999999936,5.684341886080802e-14,false
HS36,3,1,BASE_2P,true,1,false,false,false,SMALL_STEP,32,19.970687,-3300.0,0.0,true
HS36,3,1,2P_SAR1_PH1_ATR0_RRU0,true,1,true,false,false,SMALL_STEP,31,19.272399999999998,-3300.0,0.0,false
HS36,3,1,2P_SAR1_PH1_ATR1_RRU0,true,1,true,true,false,SMALL_STEP,38,18.785578,-3299.9999999999936,5.684341886080802e-14,false
HS36,3,1,2P_SAR1_PH0_ATR0_RRU1,true,1,false,false,true,SMALL_STEP,32,19.979504,-3300.0,0.0,false
HS36,3,1,2P_SAR1_PH1_ATR0_RRU1,true,1,true,false,true,SMALL_STEP,31,19.362138,-3300.0,0.0,false
HS36,3,1,2P_SAR1_PH1_ATR1_RRU1,true,1,true,true,true,SMALL_STEP,38,18.80757,-3299.9999999999936,5.684341886080802e-14,false
HS38,4,0,2P_SAR0_PH0_ATR0_RRU0,false,1,false,false,false,SMALL_STEP,57,16.310265,7.877002975526439,0.0,false
HS38,4,0,2P_SAR0_PH1_ATR0_RRU0,false,1,true,false,false,SMALL_STEP,67,16.044165999999997,7.877028386852994,0.0,false
HS38,4,0,2P_SAR0_PH1_ATR1_RRU0,false,1,true,true,false,MAX_IT,500,151.63572,3.305510284885482,0.0,false
HS38,4,0,2P_SAR0_PH0_ATR0_RRU1,false,1,false,false,true,SMALL_STEP,57,16.280199,7.877002975526439,0.0,false
HS38,4,0,2P_SAR0_PH1_ATR0_RRU1,false,1,true,false,true,SMALL_STEP,67,15.983602999999999,7.877028386852994,0.0,false
HS38,4,0,2P_SAR0_PH1_ATR1_RRU1,false,1,true,true,true,MAX_IT,500,153.082178,3.305510284885482,0.0,false
HS38,4,0,BASE_2P,true,1,false,false,false,SMALL_STEP,84,16.842742,7.8774831653093464,0.0,true
HS38,4,0,2P_SAR1_PH1_ATR0_RRU0,true,1,true,false,false,SMALL_STEP,67,16.238059999999997,7.877028386852994,0.0,false
HS38,4,0,2P_SAR1_PH1_ATR1_RRU0,true,1,true,true,false,MAX_IT,500,154.344622,3.305510284885482,0.0,false
HS38,4,0,2P_SAR1_PH0_ATR0_RRU1,true,1,false,false,true,SMALL_STEP,84,17.083362,7.8774831653093464,0.0,false
HS38,4,0,2P_SAR1_PH1_ATR0_RRU1,true,1,true,false,true,SMALL_STEP,67,16.214355,7.877028386852994,0.0,false
HS38,4,0,2P_SAR1_PH1_ATR1_RRU1,true,1,true,true,true,MAX_IT,500,154.95040500000002,3.305510284885482,0.0,false
HS3MOD,2,0,2P_SAR0_PH0_ATR0_RRU0,false,1,false,false,false,KKT_OK,13,7.030843,6.933347799794049e-33,0.0,false
HS3MOD,2,0,2P_SAR0_PH1_ATR0_RRU0,false,1,true,false,false,KKT_OK,14,5.865772,0.0,0.0,false
HS3MOD,2,0,2P_SAR0_PH1_ATR1_RRU0,false,1,true,true,false,KKT_OK,23,13.243644,0.0,0.0,false
HS3MOD,2,0,2P_SAR0_PH0_ATR0_RRU1,false,1,false,false,true,KKT_OK,13,6.334068,6.933347799794049e-33,0.0,false
HS3MOD,2,0,2P_SAR0_PH1_ATR0_RRU1,false,1,true,false,true,KKT_OK,14,5.842968,0.0,0.0,false
HS3MOD,2,0,2P_SAR0_PH1_ATR1_RRU1,false,1,true,true,true,KKT_OK,23,13.272297,0.0,0.0,false
HS3MOD,2,0,BASE_2P,true,1,false,false,false,KKT_OK,102,19.786042000000002,3.5308381819242297e-28,0.0,true
HS3MOD,2,0,2P_SAR1_PH1_ATR0_RRU0,true,1,true,false,false,KKT_OK,14,5.812181,0.0,0.0,false
HS3MOD,2,0,2P_SAR1_PH1_ATR1_RRU0,true,1,true,true,false,KKT_OK,23,13.204651,0.0,0.0,false
HS3MOD,2,0,2P_SAR1_PH0_ATR0_RRU1,true,1,false,false,true,KKT_OK,102,19.682498,3.5308381819242297e-28,0.0,false
HS3MOD,2,0,2P_SAR1_PH1_ATR0_RRU1,true,1,true,false,true,KKT_OK,14,5.767227,0.0,0.0,false
HS3MOD,2,0,2P_SAR1_PH1_ATR1_RRU1,true,1,true,true,true,KKT_OK,23,13.127616999999999,0.0,0.0,false
HS4,2,0,2P_SAR0_PH0_ATR0_RRU0,false,1,false,false,false,KKT_OK,5,2.2443720000000003,2.66666666664,0.0,false
HS4,2,0,2P_SAR0_PH1_ATR0_RRU0,false,1,true,false,false,KKT_OK,5,1.564499,2.66666666664,0.0,false
HS4,2,0,2P_SAR0_PH1_ATR1_RRU0,false,1,true,true,false,KKT_OK,5,1.59185,2.66666666664,0.0,false
HS4,2,0,2P_SAR0_PH0_ATR0_RRU1,false,1,false,false,true,KKT_OK,5,1.563948,2.66666666664,0.0,false
HS4,2,0,2P_SAR0_PH1_ATR0_RRU1,false,1,true,false,true,KKT_OK,5,1.563727,2.66666666664,0.0,false
HS4,2,0,2P_SAR0_PH1_ATR1_RRU1,false,1,true,true,true,KKT_OK,5,1.576151,2.66666666664,0.0,false
HS4,2,0,BASE_2P,true,1,false,false,false,KKT_OK,5,1.54352,2.66666666664,0.0,true
HS4,2,0,2P_SAR1_PH1_ATR0_RRU0,true,1,true,false,false,KKT_OK,5,1.546545,2.66666666664,0.0,false
HS4,2,0,2P_SAR1_PH1_ATR1_RRU0,true,1,true,true,false,KKT_OK,5,1.544541,2.66666666664,0.0,false
HS4,2,0,2P_SAR1_PH0_ATR0_RRU1,true,1,false,false,true,KKT_OK,5,1.5386009999999999,2.66666666664,0.0,false
HS4,2,0,2P_SAR1_PH1_ATR0_RRU1,true,1,true,false,true,KKT_OK,5,1.544752,2.66666666664,0.0,false
HS4,2,0,2P_SAR1_PH1_ATR1_RRU1,true,1,true,true,true,KKT_OK,5,1.557175,2.66666666664,0.0,false
HS41,4,1,2P_SAR0_PH0_ATR0_RRU0,false,1,false,false,false,SMALL_STEP,16,7.501062999999999,1.9259259264557622,8.881784197001252e-16,false
HS41,4,1,2P_SAR0_PH1_ATR0_RRU0,false,1,true,false,false,SMALL_STEP,17,6.633878999999999,1.9259259260416084,8.881784197001252e-16,false
HS41,4,1,2P_SAR0_PH1_ATR1_RRU0,false,1,true,true,false,SMALL_STEP,15,7.174682,1.9259259261666104,8.881784197001252e-16,false
HS41,4,1,2P_SAR0_PH0_ATR0_RRU1,false,1,false,false,true,SMALL_STEP,16,6.920235,1.9259259264557622,8.881784197001252e-16,false
HS41,4,1,2P_SAR0_PH1_ATR0_RRU1,false,1,true,false,true,SMALL_STEP,17,6.6151040000000005,1.9259259260416084,8.881784197001252e-16,false
HS41,4,1,2P_SAR0_PH1_ATR1_RRU1,false,1,true,true,true,SMALL_STEP,15,7.166216,1.9259259261666104,8.881784197001252e-16,false
HS41,4,1,BASE_2P,true,1,false,false,false,SMALL_STEP,23,7.167479,1.925925935992971,8.881784197001252e-16,true
HS41,4,1,2P_SAR1_PH1_ATR0_RRU0,true,1,true,false,false,SMALL_STEP,17,6.904887,1.9259259260416084,8.881784197001252e-16,false
HS41,4,1,2P_SAR1_PH1_ATR1_RRU0,true,1,true,true,false,SMALL_STEP,15,7.4897920000000004,1.9259259261666104,8.881784197001252e-16,false
HS41,4,1,2P_SAR1_PH0_ATR0_RRU1,true,1,false,false,true,SMALL_STEP,23,7.190752,1.925925935992971,8.881784197001252e-16,false
HS41,4,1,2P_SAR1_PH1_ATR0_RRU1,true,1,true,false,true,SMALL_STEP,17,6.9322680000000005,1.9259259260416084,8.881784197001252e-16,false
HS41,4,1,2P_SAR1_PH1_ATR1_RRU1,true,1,true,true,true,SMALL_STEP,15,7.512253,1.9259259261666104,8.881784197001252e-16,false
HS45,5,0,2P_SAR0_PH0_ATR0_RRU0,false,1,false,false,false,KKT_OK,8,2.896343,1.000000000004,0.0,false
HS45,5,0,2P_SAR0_PH1_ATR0_RRU0,false,1,true,false,false,KKT_OK,8,2.239894,1.000000000004,0.0,false
HS45,5,0,2P_SAR0_PH1_ATR1_RRU0,false,1,true,true,false,KKT_OK,8,2.234413,1.000000000004,0.0,false
HS45,5,0,2P_SAR0_PH0_ATR0_RRU1,false,1,false,false,true,KKT_OK,8,2.202563,1.000000000004,0.0,false
HS45,5,0,2P_SAR0_PH1_ATR0_RRU1,false,1,true,false,true,KKT_OK,8,2.202894,1.000000000004,0.0,false
HS45,5,0,2P_SAR0_PH1_ATR1_RRU1,false,1,true,true,true,KKT_OK,8,2.2270990000000004,1.000000000004,0.0,false
HS45,5,0,BASE_2P,true,1,false,false,false,KKT_OK,32,6.290507,1.000000000004,0.0,true
HS45,5,0,2P_SAR1_PH1_ATR0_RRU0,true,1,true,false,false,KKT_OK,8,2.223833,1.000000000004,0.0,false
HS45,5,0,2P_SAR1_PH1_ATR1_RRU0,true,1,true,true,false,KKT_OK,8,2.224254,1.000000000004,0.0,false
HS45,5,0,2P_SAR1_PH0_ATR0_RRU1,true,1,false,false,true,KKT_OK,32,6.279916,1.000000000004,0.0,false
HS45,5,0,2P_SAR1_PH1_ATR0_RRU1,true,1,true,false,true,KKT_OK,8,2.211691,1.000000000004,0.0,false
HS45,5,0,2P_SAR1_PH1_ATR1_RRU1,true,1,true,true,true,KKT_OK,8,2.229324,1.000000000004,0.0,false
HS5,2,0,2P_SAR0_PH0_ATR0_RRU0,false,1,false,false,false,KKT_OK,14,5.635831,-1.9132229543394965,0.0,false
HS5,2,0,2P_SAR0_PH1_ATR0_RRU0,false,1,true,false,false,KKT_OK,11,3.890283,-1.9132229549810362,0.0,false
HS5,2,0,2P_SAR0_PH1_ATR1_RRU0,false,1,true,true,false,KKT_OK,11,4.634957,-1.9132229429039418,0.0,false
HS5,2,0,2P_SAR0_PH0_ATR0_RRU1,false,1,false,false,true,KKT_OK,14,4.974482,-1.9132229543394965,0.0,false
HS5,2,0,2P_SAR0_PH1_ATR0_RRU1,false,1,true,false,true,KKT_OK,11,3.875696,-1.9132229549810362,0.0,false
HS5,2,0,2P_SAR0_PH1_ATR1_RRU1,false,1,true,true,true,KKT_OK,11,4.637803,-1.9132229429039418,0.0,false
HS5,2,0,BASE_2P,true,1,false,false,false,KKT_OK,15,5.029947,-1.9132229543394965,0.0,true
HS5,2,0,2P_SAR1_PH1_ATR0_RRU0,true,1,true,false,false,KKT_OK,11,3.890133,-1.9132229549810362,0.0,false
HS5,2,0,2P_SAR1_PH1_ATR1_RRU0,true,1,true,true,false,KKT_OK,11,4.618887,-1.9132229429039418,0.0,false
HS5,2,0,2P_SAR1_PH0_ATR0_RRU1,true,1,false,false,true,KKT_OK,15,5.010459999999999,-1.9132229543394965,0.0,false
HS5,2,0,2P_SAR1_PH1_ATR0_RRU1,true,1,true,false,true,KKT_OK,11,3.8386359999999997,-1.9132229549810362,0.0,false
HS5,2,0,2P_SAR1_PH1_ATR1_RRU1,true,1,true,true,true,KKT_OK,11,4.634887,-1.9132229429039418,0.0,false
HS54,6,1,2P_SAR0_PH0_ATR0_RRU0,false,1,false,false,false,SMALL_STEP,15,9.502488999999999,-0.15405038865388607,0.0,false
HS54,6,1,2P_SAR0_PH1_ATR0_RRU0,false,1,true,false,false,SMALL_STEP,15,7.152851,-0.154050001607851,1.8189894035458565e-12,false
HS54,6,1,2P_SAR0_PH1_ATR1_RRU0,false,1,true,true,false,SMALL_STEP,15,10.081223,-0.15404889057478025,0.0,false
HS54,6,1,2P_SAR0_PH0_ATR0_RRU1,false,1,false,false,true,SMALL_STEP,15,8.719433,-0.15405038865388607,0.0,false
HS54,6,1,2P_SAR0_PH1_ATR0_RRU1,false,1,true,false,true,SMALL_STEP,15,7.136801,-0.154050001607851,1.8189894035458565e-12,false
HS54,6,1,2P_SAR0_PH1_ATR1_RRU1,false,1,true,true,true,SMALL_STEP,15,10.041088,-0.15404889057478025,0.0,false
HS54,6,1,BASE_2P,true,1,false,false,false,SMALL_STEP,15,8.633954,-0.15405038865388607,0.0,true
HS54,6,1,2P_SAR1_PH1_ATR0_RRU0,true,1,true,false,false,SMALL_STEP,15,7.110892,-0.154050001607851,1.8189894035458565e-12,false
HS54,6,1,2P_SAR1_PH1_ATR1_RRU0,true,1,true,true,false,SMALL_STEP,15,10.034485,-0.15404889057478025,0.0,false
HS54,6,1,2P_SAR1_PH0_ATR0_RRU1,true,1,false,false,true,SMALL_STEP,15,8.695148999999999,-0.15405038865388607,0.0,false
HS54,6,1,2P_SAR1_PH1_ATR0_RRU1,true,1,true,false,true,SMALL_STEP,15,7.108087,-0.154050001607851,1.8189894035458565e-12,false
HS54,6,1,2P_SAR1_PH1_ATR1_RRU1,true,1,true,true,true,SMALL_STEP,15,10.049474,-0.15404889057478025,0.0,false
HS57,2,1,2P_SAR0_PH0_ATR0_RRU0,false,1,false,false,false,SMALL_STEP,17,9.335808,0.02845842833363857,1.8598898984034662e-5,false
HS57,2,1,2P_SAR0_PH1_ATR0_RRU0,false,1,true,false,false,SMALL_STEP,19,9.097420999999999,0.02845660142126455,4.5953748134208716e-5,false
HS57,2,1,2P_SAR0_PH1_ATR1_RRU0,false,1,true,true,false,SMALL_STEP,19,9.590324,0.028459416482986232,3.791138163733443e-6,false
HS57,2,1,2P_SAR0_PH0_ATR0_RRU1,false,1,false,false,true,SMALL_STEP,17,8.556719000000001,0.02845842833363857,1.8598898984034662e-5,false
HS57,2,1,2P_SAR0_PH1_ATR0_RRU1,false,1,true,false,true,SMALL_STEP,19,9.031967999999999,0.02845660142126455,4.5953748134208716e-5,false
HS57,2,1,2P_SAR0_PH1_ATR1_RRU1,false,1,true,true,true,SMALL_STEP,19,9.643824,0.028459416482986232,3.791138163733443e-6,false
HS57,2,1,BASE_2P,true,1,false,false,false,SMALL_STEP,44,15.767468999999998,0.028457285456003345,3.5713672681514375e-5,true
HS57,2,1,2P_SAR1_PH1_ATR0_RRU0,true,1,true,false,false,SMALL_STEP,19,9.068948,0.02845660142126455,4.5953748134208716e-5,false
HS57,2,1,2P_SAR1_PH1_ATR1_RRU0,true,1,true,true,false,SMALL_STEP,19,9.62568,0.028459416482986232,3.791138163733443e-6,false
HS57,2,1,2P_SAR1_PH0_ATR0_RRU1,true,1,false,false,true,SMALL_STEP,44,15.766417,0.028457285456003345,3.5713672681514375e-5,false
HS57,2,1,2P_SAR1_PH1_ATR0_RRU1,true,1,true,false,true,SMALL_STEP,19,9.061044,0.02845660142126455,4.5953748134208716e-5,false
HS57,2,1,2P_SAR1_PH1_ATR1_RRU1,true,1,true,true,true,SMALL_STEP,19,9.612065,0.028459416482986232,3.791138163733443e-6,false
HS6,2,1,2P_SAR0_PH0_ATR0_RRU0,false,1,false,false,false,KKT_OK,13,7.8759950000000005,3.851813422427405e-7,2.4823805491180906e-5,false
HS6,2,1,2P_SAR0_PH1_ATR0_RRU0,false,1,true,false,false,KKT_OK,11,6.346972,0.0,2.147398925345101e-9,false
HS6,2,1,2P_SAR0_PH1_ATR1_RRU0,false,1,true,true,false,KKT_OK,15,8.552862,7.919823425616094e-9,4.713115979715354e-6,false
HS6,2,1,2P_SAR0_PH0_ATR0_RRU1,false,1,false,false,true,KKT_OK,13,7.153703,3.851813422427405e-7,2.4823805491180906e-5,false
HS6,2,1,2P_SAR0_PH1_ATR0_RRU1,false,1,true,false,true,KKT_OK,11,6.283925,0.0,2.147398925345101e-9,false
HS6,2,1,2P_SAR0_PH1_ATR1_RRU1,false,1,true,true,true,KKT_OK,15,8.498761,7.919823425616094e-9,4.713115979715354e-6,false
HS6,2,1,BASE_2P,true,1,false,false,false,KKT_OK,32,12.504721,6.625263797829536e-9,6.850891500764789e-6,true
HS6,2,1,2P_SAR1_PH1_ATR0_RRU0,true,1,true,false,false,KKT_OK,11,6.277512,0.0,2.147398925345101e-9,false
HS6,2,1,2P_SAR1_PH1_ATR1_RRU0,true,1,true,true,false,KKT_OK,15,8.524729,7.919823425616094e-9,4.713115979715354e-6,false
HS6,2,1,2P_SAR1_PH0_ATR0_RRU1,true,1,false,false,true,KKT_OK,32,12.493288999999999,6.625263797829536e-9,6.850891500764789e-6,false
HS6,2,1,2P_SAR1_PH1_ATR0_RRU1,true,1,true,false,true,KKT_OK,11,6.291158,0.0,2.147398925345101e-9,false
HS6,2,1,2P_SAR1_PH1_ATR1_RRU1,true,1,true,true,true,KKT_OK,15,8.523045999999999,7.919823425616094e-9,4.713115979715354e-6,false
HS60,3,1,2P_SAR0_PH0_ATR0_RRU0,false,1,false,false,false,SMALL_STEP,20,10.538288999999999,0.032568722402489536,4.8518994788970815e-5,false
HS60,3,1,2P_SAR0_PH1_ATR0_RRU0,false,1,true,false,false,SMALL_STEP,15,7.8576310000000005,0.03256818885798229,1.0623756785399507e-6,false
HS60,3,1,2P_SAR0_PH1_ATR1_RRU0,false,1,true,true,false,SMALL_STEP,46,19.008647,0.0325680733072843,1.3428270868587333e-5,false
HS60,3,1,2P_SAR0_PH0_ATR0_RRU1,false,1,false,false,true,SMALL_STEP,20,9.497620999999999,0.032568722402489536,4.8518994788970815e-5,false
HS60,3,1,2P_SAR0_PH1_ATR0_RRU1,false,1,true,false,true,SMALL_STEP,15,7.865034,0.03256818885798229,1.0623756785399507e-6,false
HS60,3,1,2P_SAR0_PH1_ATR1_RRU1,false,1,true,true,true,SMALL_STEP,46,18.751515,0.0325680733072843,1.3428270868587333e-5,false
HS60,3,1,BASE_2P,true,1,false,false,false,SMALL_STEP,18,7.132733,0.032567774337411155,5.207873737522739e-5,true
HS60,3,1,2P_SAR1_PH1_ATR0_RRU0,true,1,true,false,false,SMALL_STEP,15,7.635916000000001,0.03256818885798229,1.0623756785399507e-6,false
HS60,3,1,2P_SAR1_PH1_ATR1_RRU0,true,1,true,true,false,SMALL_STEP,46,18.190225,0.0325680733072843,1.3428270868587333e-5,false
HS60,3,1,2P_SAR1_PH0_ATR0_RRU1,true,1,false,false,true,SMALL_STEP,18,7.019721,0.032567774337411155,5.207873737522739e-5,false
HS60,3,1,2P_SAR1_PH1_ATR0_RRU1,true,1,true,false,true,SMALL_STEP,15,7.522663,0.03256818885798229,1.0623756785399507e-6,false
HS60,3,1,2P_SAR1_PH1_ATR1_RRU1,true,1,true,true,true,SMALL_STEP,46,18.161970999999998,0.0325680733072843,1.3428270868587333e-5,false
HS62,3,1,2P_SAR0_PH0_ATR0_RRU0,false,1,false,false,false,SMALL_STEP,44,13.640236,-26272.50423642075,3.469446951953614e-17,false
HS62,3,1,2P_SAR0_PH1_ATR0_RRU0,false,1,true,false,false,SMALL_STEP,68,15.055135,-26272.476803986185,6.938893903907228e-16,false
HS62,3,1,2P_SAR0_PH1_ATR1_RRU0,false,1,true,true,false,SMALL_STEP,29,10.814727,-26272.40770503788,9.71445146547012e-17,false
HS62,3,1,2P_SAR0_PH0_ATR0_RRU1,false,1,false,false,true,SMALL_STEP,44,12.806004,-26272.50423642075,3.469446951953614e-17,false
HS62,3,1,2P_SAR0_PH1_ATR0_RRU1,false,1,true,false,true,SMALL_STEP,68,15.026722,-26272.476803986185,6.938893903907228e-16,false
HS62,3,1,2P_SAR0_PH1_ATR1_RRU1,false,1,true,true,true,SMALL_STEP,29,10.732591999999999,-26272.40770503788,9.71445146547012e-17,false
HS62,3,1,BASE_2P,true,1,false,false,false,SMALL_STEP,44,12.808239,-26272.50423642075,3.469446951953614e-17,true
HS62,3,1,2P_SAR1_PH1_ATR0_RRU0,true,1,true,false,false,SMALL_STEP,68,15.039316000000001,-26272.476803986185,6.938893903907228e-16,false
HS62,3,1,2P_SAR1_PH1_ATR1_RRU0,true,1,true,true,false,SMALL_STEP,29,10.791102,-26272.40770503788,9.71445146547012e-17,false
HS62,3,1,2P_SAR1_PH0_ATR0_RRU1,true,1,false,false,true,SMALL_STEP,44,12.792029,-26272.50423642075,3.469446951953614e-17,false
HS62,3,1,2P_SAR1_PH1_ATR0_RRU1,true,1,true,false,true,SMALL_STEP,68,15.059523,-26272.476803986185,6.938893903907228e-16,false
HS62,3,1,2P_SAR1_PH1_ATR1_RRU1,true,1,true,true,true,SMALL_STEP,29,10.724107,-26272.40770503788,9.71445146547012e-17,false
HS64,3,1,2P_SAR0_PH0_ATR0_RRU0,false,1,false,false,false,SMALL_STEP,115,295.41812899999996,6299.841360333493,4.684369460106197e-7,false
HS64,3,1,2P_SAR0_PH1_ATR0_RRU0,false,1,true,false,false,SMALL_STEP,118,284.420881,6299.840559043788,8.200280809944616e-7,false
HS64,3,1,2P_SAR0_PH1_ATR1_RRU0,false,1,true,true,false,SMALL_STEP,131,309.260353,6299.825381357839,7.479792346387626e-6,false
HS64,3,1,2P_SAR0_PH0_ATR0_RRU1,false,1,false,false,true,SMALL_STEP,115,300.84159300000005,6299.841360333493,4.684369460106197e-7,false
HS64,3,1,2P_SAR0_PH1_ATR0_RRU1,false,1,true,false,true,SMALL_STEP,118,287.422831,6299.840559043788,8.200280809944616e-7,false
HS64,3,1,2P_SAR0_PH1_ATR1_RRU1,false,1,true,true,true,SMALL_STEP,131,312.60934299999997,6299.825381357839,7.479792346387626e-6,false
HS64,3,1,BASE_2P,true,1,false,false,false,MAX_IT,500,342.510963,6480.529164342742,9.054074148850955e-5,true
HS64,3,1,2P_SAR1_PH1_ATR0_RRU0,true,1,true,false,false,SMALL_STEP,118,287.47601099999997,6299.840559043788,8.200280809944616e-7,false
HS64,3,1,2P_SAR1_PH1_ATR1_RRU0,true,1,true,true,false,SMALL_STEP,131,505.05245099999996,6299.825381357839,7.479792346387626e-6,false
HS64,3,1,2P_SAR1_PH0_ATR0_RRU1,true,1,false,false,true,MAX_IT,500,331.285939,6480.529164342742,9.054074148850955e-5,false
HS64,3,1,2P_SAR1_PH1_ATR0_RRU1,true,1,true,false,true,SMALL_STEP,118,278.72720200000003,6299.840559043788,8.200280809944616e-7,false
HS64,3,1,2P_SAR1_PH1_ATR1_RRU1,true,1,true,true,true,SMALL_STEP,131,301.979894,6299.825381357839,7.479792346387626e-6,false
HS65,3,1,2P_SAR0_PH0_ATR0_RRU0,false,1,false,false,false,INFEASIBLE_STATIONARY,0,1.087046,117.111111111,7.5,false
HS65,3,1,2P_SAR0_PH1_ATR0_RRU0,false,1,true,false,false,INFEASIBLE_STATIONARY,0,0.537697,117.111111111,7.5,false
HS65,3,1,2P_SAR0_PH1_ATR1_RRU0,false,1,true,true,false,INFEASIBLE_STATIONARY,0,0.538368,117.111111111,7.5,false
HS65,3,1,2P_SAR0_PH0_ATR0_RRU1,false,1,false,false,true,INFEASIBLE_STATIONARY,0,0.521266,117.111111111,7.5,false
HS65,3,1,2P_SAR0_PH1_ATR0_RRU1,false,1,true,false,true,INFEASIBLE_STATIONARY,0,0.509755,117.111111111,7.5,false
HS65,3,1,2P_SAR0_PH1_ATR1_RRU1,false,1,true,true,true,INFEASIBLE_STATIONARY,0,0.49027800000000005,117.111111111,7.5,false
HS65,3,1,BASE_2P,true,1,false,false,false,INFEASIBLE_STATIONARY,0,0.504555,117.111111111,7.5,true
HS65,3,1,2P_SAR1_PH1_ATR0_RRU0,true,1,true,false,false,INFEASIBLE_STATIONARY,0,0.511287,117.111111111,7.5,false
HS65,3,1,2P_SAR1_PH1_ATR1_RRU0,true,1,true,true,false,INFEASIBLE_STATIONARY,0,0.5207550000000001,117.111111111,7.5,false
HS65,3,1,2P_SAR1_PH0_ATR0_RRU1,true,1,false,false,true,INFEASIBLE_STATIONARY,0,0.515866,117.111111111,7.5,false
HS65,3,1,2P_SAR1_PH1_ATR0_RRU1,true,1,true,false,true,INFEASIBLE_STATIONARY,0,0.48736199999999996,117.111111111,7.5,false
HS65,3,1,2P_SAR1_PH1_ATR1_RRU1,true,1,true,true,true,INFEASIBLE_STATIONARY,0,0.531445,117.111111111,7.5,false
HS7,2,1,2P_SAR0_PH0_ATR0_RRU0,false,1,false,false,false,SMALL_STEP,31,16.449575,-1.7320592580779486,2.9273546437558196e-5,false
HS7,2,1,2P_SAR0_PH1_ATR0_RRU0,false,1,true,false,false,SMALL_STEP,30,14.181449,-1.7320528345778332,7.02186053702647e-6,false
HS7,2,1,2P_SAR0_PH1_ATR1_RRU0,false,1,true,true,false,SMALL_STEP,36,20.586761,-1.7320548487465925,1.3999587250346224e-5,false
HS7,2,1,2P_SAR0_PH0_ATR0_RRU1,false,1,false,false,true,SMALL_STEP,31,15.534552999999999,-1.7320592580779486,2.9273546437558196e-5,false
HS7,2,1,2P_SAR0_PH1_ATR0_RRU1,false,1,true,false,true,SMALL_STEP,30,14.173765,-1.7320528345778332,7.02186053702647e-6,false
HS7,2,1,2P_SAR0_PH1_ATR1_RRU1,false,1,true,true,true,SMALL_STEP,36,20.194497,-1.7320548487465925,1.3999587250346224e-5,false
HS7,2,1,BASE_2P,true,1,false,false,false,SMALL_STEP,31,15.619812,-1.7320592580779486,2.9273546437558196e-5,true
HS7,2,1,2P_SAR1_PH1_ATR0_RRU0,true,1,true,false,false,SMALL_STEP,30,14.162915,-1.7320528345778332,7.02186053702647e-6,false
HS7,2,1,2P_SAR1_PH1_ATR1_RRU0,true,1,true,true,false,SMALL_STEP,36,20.219173,-1.7320548487465925,1.3999587250346224e-5,false
HS7,2,1,2P_SAR1_PH0_ATR0_RRU1,true,1,false,false,true,SMALL_STEP,31,15.569688999999999,-1.7320592580779486,2.9273546437558196e-5,false
HS7,2,1,2P_SAR1_PH1_ATR0_RRU1,true,1,true,false,true,SMALL_STEP,30,14.147165999999999,-1.7320528345778332,7.02186053702647e-6,false
HS7,2,1,2P_SAR1_PH1_ATR1_RRU1,true,1,true,true,true,SMALL_STEP,36,20.193094000000002,-1.7320548487465925,1.3999587250346224e-5,false
HS70,4,1,2P_SAR0_PH0_ATR0_RRU0,false,1,false,false,false,SMALL_STEP,31,16.346322999999998,5.618537580277056,1.999990000000306e-5,false
HS70,4,1,2P_SAR0_PH1_ATR0_RRU0,false,1,true,false,false,SMALL_STEP,31,14.722993,5.618537584950128,1.99999e-5,false
HS70,4,1,2P_SAR0_PH1_ATR1_RRU0,false,1,true,true,false,SMALL_STEP,30,17.015565,5.618537580166879,1.99999e-5,false
HS70,4,1,2P_SAR0_PH0_ATR0_RRU1,false,1,false,false,true,SMALL_STEP,31,15.601588,5.618537580277056,1.999990000000306e-5,false
HS70,4,1,2P_SAR0_PH1_ATR0_RRU1,false,1,true,false,true,SMALL_STEP,31,14.780982,5.618537584950128,1.99999e-5,false
HS70,4,1,2P_SAR0_PH1_ATR1_RRU1,false,1,true,true,true,SMALL_STEP,30,17.116324,5.618537580166879,1.99999e-5,false
HS70,4,1,BASE_2P,true,1,false,false,false,SMALL_STEP,33,13.181477000000001,5.618537580172397,1.99999e-5,true
HS70,4,1,2P_SAR1_PH1_ATR0_RRU0,true,1,true,false,false,SMALL_STEP,31,14.810037,5.618537584950128,1.99999e-5,false
HS70,4,1,2P_SAR1_PH1_ATR1_RRU0,true,1,true,true,false,SMALL_STEP,30,17.178781,5.618537580166879,1.99999e-5,false
HS70,4,1,2P_SAR1_PH0_ATR0_RRU1,true,1,false,false,true,SMALL_STEP,33,13.193701,5.618537580172397,1.99999e-5,false
HS70,4,1,2P_SAR1_PH1_ATR0_RRU1,true,1,true,false,true,SMALL_STEP,31,14.834903,5.618537584950128,1.99999e-5,false
HS70,4,1,2P_SAR1_PH1_ATR1_RRU1,true,1,true,true,true,SMALL_STEP,30,17.14671,5.618537580166879,1.99999e-5,false
HS88,2,1,2P_SAR0_PH0_ATR0_RRU0,false,1,false,false,false,SMALL_STEP,85,88.480797,1.2881811056444643,9.402589931969682e-5,false
HS88,2,1,2P_SAR0_PH1_ATR0_RRU0,false,1,true,false,false,SMALL_STEP,42,48.761157,1.2855660108769116,9.83471180552148e-5,false
HS88,2,1,2P_SAR0_PH1_ATR1_RRU0,false,1,true,true,false,SMALL_STEP,58,61.542115,1.2859038682867274,9.778427153471851e-5,false
HS88,2,1,2P_SAR0_PH0_ATR0_RRU1,false,1,false,false,true,SMALL_STEP,85,88.281915,1.2881811056444643,9.402589931969682e-5,false
HS88,2,1,2P_SAR0_PH1_ATR0_RRU1,false,1,true,false,true,SMALL_STEP,42,49.443926,1.2855660108769116,9.83471180552148e-5,false
HS88,2,1,2P_SAR0_PH1_ATR1_RRU1,false,1,true,true,true,SMALL_STEP,58,62.184106,1.2859038682867274,9.778427153471851e-5,false
HS88,2,1,BASE_2P,true,1,false,false,false,SMALL_STEP,26,28.134992,1.2855137115616562,9.843436483030118e-5,true
HS88,2,1,2P_SAR1_PH1_ATR0_RRU0,true,1,true,false,false,SMALL_STEP,42,49.607021,1.2855660108769116,9.83471180552148e-5,false
HS88,2,1,2P_SAR1_PH1_ATR1_RRU0,true,1,true,true,false,SMALL_STEP,58,62.412033,1.2859038682867274,9.778427153471851e-5,false
HS88,2,1,2P_SAR1_PH0_ATR0_RRU1,true,1,false,false,true,SMALL_STEP,26,28.30442,1.2855137115616562,9.843436483030118e-5,false
HS88,2,1,2P_SAR1_PH1_ATR0_RRU1,true,1,true,false,true,SMALL_STEP,42,49.555264,1.2855660108769116,9.83471180552148e-5,false
HS88,2,1,2P_SAR1_PH1_ATR1_RRU1,true,1,true,true,true,SMALL_STEP,58,62.356018,1.2859038682867274,9.778427153471851e-5,false
HS89,3,1,2P_SAR0_PH0_ATR0_RRU0,false,1,false,false,false,SMALL_STEP,69,82.777851,1.2906680385713838,9.000987504017293e-5,false
HS89,3,1,2P_SAR0_PH1_ATR0_RRU0,false,1,true,false,false,SMALL_STEP,77,99.417563,1.2898804865406286,9.126086683518304e-5,false
HS89,3,1,2P_SAR0_PH1_ATR1_RRU0,false,1,true,true,false,SMALL_STEP,77,80.112691,1.288873587787659,9.291772742059738e-5,false
HS89,3,1,2P_SAR0_PH0_ATR0_RRU1,false,1,false,false,true,SMALL_STEP,69,82.161417,1.2906680385713838,9.000987504017293e-5,false
HS89,3,1,2P_SAR0_PH1_ATR0_RRU1,false,1,true,false,true,SMALL_STEP,77,99.407685,1.2898804865406286,9.126086683518304e-5,false
HS89,3,1,2P_SAR0_PH1_ATR1_RRU1,false,1,true,true,true,SMALL_STEP,77,80.118803,1.288873587787659,9.291772742059738e-5,false
HS89,3,1,BASE_2P,true,1,false,false,false,SMALL_STEP,57,69.33266,1.2893569889982517,9.21137380692111e-5,true
HS89,3,1,2P_SAR1_PH1_ATR0_RRU0,true,1,true,false,false,SMALL_STEP,77,99.217979,1.2898804865406286,9.126086683518304e-5,false
HS89,3,1,2P_SAR1_PH1_ATR1_RRU0,true,1,true,true,false,SMALL_STEP,77,80.216967,1.288873587787659,9.291772742059738e-5,false
HS89,3,1,2P_SAR1_PH0_ATR0_RRU1,true,1,false,false,true,SMALL_STEP,57,69.510704,1.2893569889982517,9.21137380692111e-5,false
HS89,3,1,2P_SAR1_PH1_ATR0_RRU1,true,1,true,false,true,SMALL_STEP,77,100.044186,1.2898804865406286,9.126086683518304e-5,false
HS89,3,1,2P_SAR1_PH1_ATR1_RRU1,true,1,true,true,true,SMALL_STEP,77,80.73962499999999,1.288873587787659,9.291772742059738e-5,false
HS9,2,1,2P_SAR0_PH0_ATR0_RRU0,false,1,false,false,false,SMALL_STEP,10,6.177716,-0.5000000000000001,1.7763568394002505e-15,false
HS9,2,1,2P_SAR0_PH1_ATR0_RRU0,false,1,true,false,false,SMALL_STEP,10,4.778596,-0.4999999999999795,1.7763568394002505e-15,false
HS9,2,1,2P_SAR0_PH1_ATR1_RRU0,false,1,true,true,false,SMALL_STEP,11,9.290072,-0.49999999999999983,0.0,false
HS9,2,1,2P_SAR0_PH0_ATR0_RRU1,false,1,false,false,true,SMALL_STEP,10,5.479058,-0.5000000000000001,1.7763568394002505e-15,false
HS9,2,1,2P_SAR0_PH1_ATR0_RRU1,false,1,true,false,true,SMALL_STEP,10,4.701001,-0.4999999999999795,1.7763568394002505e-15,false
HS9,2,1,2P_SAR0_PH1_ATR1_RRU1,false,1,true,true,true,SMALL_STEP,11,9.280223000000001,-0.49999999999999983,0.0,false
HS9,2,1,BASE_2P,true,1,false,false,false,SMALL_STEP,10,5.4851090000000005,-0.5000000000000001,1.7763568394002505e-15,true
HS9,2,1,2P_SAR1_PH1_ATR0_RRU0,true,1,true,false,false,SMALL_STEP,10,4.717031,-0.4999999999999795,1.7763568394002505e-15,false
HS9,2,1,2P_SAR1_PH1_ATR1_RRU0,true,1,true,true,false,SMALL_STEP,11,9.395119000000001,-0.49999999999999983,0.0,false
HS9,2,1,2P_SAR1_PH0_ATR0_RRU1,true,1,false,false,true,SMALL_STEP,10,5.525043999999999,-0.5000000000000001,1.7763568394002505e-15,false
HS9,2,1,2P_SAR1_PH1_ATR0_RRU1,true,1,true,false,true,SMALL_STEP,10,4.741637,-0.4999999999999795,1.7763568394002505e-15,false
HS9,2,1,2P_SAR1_PH1_ATR1_RRU1,true,1,true,true,true,SMALL_STEP,11,9.403374000000001,-0.49999999999999983,0.0,false
HS90,4,1,2P_SAR0_PH0_ATR0_RRU0,false,1,false,false,false,SMALL_STEP,58,80.125265,1.2891268887413825,9.248292105265567e-5,false
HS90,4,1,2P_SAR0_PH1_ATR0_RRU0,false,1,true,false,false,SMALL_STEP,37,38.208612,1.2879242723377275,9.444715701563385e-5,false
HS90,4,1,2P_SAR0_PH1_ATR1_RRU0,false,1,true,true,false,SMALL_STEP,52,67.25971,1.290416833231081,9.039511300288897e-5,false
HS90,4,1,2P_SAR0_PH0_ATR0_RRU1,false,1,false,false,true,SMALL_STEP,58,79.743421,1.2891268887413825,9.248292105265567e-5,false
HS90,4,1,2P_SAR0_PH1_ATR0_RRU1,false,1,true,false,true,SMALL_STEP,37,38.564598,1.2879242723377275,9.444715701563385e-5,false
HS90,4,1,2P_SAR0_PH1_ATR1_RRU1,false,1,true,true,true,SMALL_STEP,52,67.64641400000001,1.290416833231081,9.039511300288897e-5,false
HS90,4,1,BASE_2P,true,1,false,false,false,SMALL_STEP,28,32.303286,1.2872537856262516,9.555100342105049e-5,true
HS90,4,1,2P_SAR1_PH1_ATR0_RRU0,true,1,true,false,false,SMALL_STEP,37,38.059412,1.2879242723377275,9.444715701563385e-5,false
HS90,4,1,2P_SAR1_PH1_ATR1_RRU0,true,1,true,true,false,SMALL_STEP,52,66.549469,1.290416833231081,9.039511300288897e-5,false
HS90,4,1,2P_SAR1_PH0_ATR0_RRU1,true,1,false,false,true,SMALL_STEP,28,31.832874999999998,1.2872537856262516,9.555100342105049e-5,false
HS90,4,1,2P_SAR1_PH1_ATR0_RRU1,true,1,true,false,true,SMALL_STEP,37,37.898051,1.2879242723377275,9.444715701563385e-5,false
HS90,4,1,2P_SAR1_PH1_ATR1_RRU1,true,1,true,true,true,SMALL_STEP,52,66.39462,1.290416833231081,9.039511300288897e-5,false
HS91,5,1,2P_SAR0_PH0_ATR0_RRU0,false,1,false,false,false,SMALL_STEP,59,113.39157399999999,1.2867325118728778,9.640957810963366e-5,false
HS91,5,1,2P_SAR0_PH1_ATR0_RRU0,false,1,true,false,false,SMALL_STEP,57,111.55024800000001,1.2904459003848723,9.035936496180282e-5,false
HS91,5,1,2P_SAR0_PH1_ATR1_RRU0,false,1,true,true,false,SMALL_STEP,52,76.698791,1.2873991043888808,9.530962607506647e-5,false
HS91,5,1,2P_SAR0_PH0_ATR0_RRU1,false,1,false,false,true,SMALL_STEP,59,111.353179,1.2867325118728778,9.640957810963366e-5,false
HS91,5,1,2P_SAR0_PH1_ATR0_RRU1,false,1,true,false,true,SMALL_STEP,57,109.823414,1.2904459003848723,9.035936496180282e-5,false
HS91,5,1,2P_SAR0_PH1_ATR1_RRU1,false,1,true,true,true,SMALL_STEP,52,75.71335599999999,1.2873991043888808,9.530962607506647e-5,false
HS91,5,1,BASE_2P,true,1,false,false,false,SMALL_STEP,26,36.458525,1.2910859744349092,8.931976788723507e-5,true
HS91,5,1,2P_SAR1_PH1_ATR0_RRU0,true,1,true,false,false,SMALL_STEP,57,109.836369,1.2904459003848723,9.035936496180282e-5,false
HS91,5,1,2P_SAR1_PH1_ATR1_RRU0,true,1,true,true,false,SMALL_STEP,52,75.29913,1.2873991043888808,9.530962607506647e-5,false
HS91,5,1,2P_SAR1_PH0_ATR0_RRU1,true,1,false,false,true,SMALL_STEP,26,36.449669,1.2910859744349092,8.931976788723507e-5,false
HS91,5,1,2P_SAR1_PH1_ATR0_RRU1,true,1,true,false,true,SMALL_STEP,57,109.574509,1.2904459003848723,9.035936496180282e-5,false
HS91,5,1,2P_SAR1_PH1_ATR1_RRU1,true,1,true,true,true,SMALL_STEP,52,75.515185,1.2873991043888808,9.530962607506647e-5,false
HS92,6,1,2P_SAR0_PH0_ATR0_RRU0,false,1,false,false,false,SMALL_STEP,47,96.197556,1.2904263395510027,9.037981060538862e-5,false
HS92,6,1,2P_SAR0_PH1_ATR0_RRU0,false,1,true,false,false,SMALL_STEP,70,118.319691,1.2855102358145962,9.844017215634116e-5,false
HS92,6,1,2P_SAR0_PH1_ATR1_RRU0,false,1,true,true,false,SMALL_STEP,56,94.918561,1.2869388674702378,9.606856202455911e-5,false
HS92,6,1,2P_SAR0_PH0_ATR0_RRU1,false,1,false,false,true,SMALL_STEP,47,95.447181,1.2904263395510027,9.037981060538862e-5,false
HS92,6,1,2P_SAR0_PH1_ATR0_RRU1,false,1,true,false,true,SMALL_STEP,70,118.498266,1.2855102358145962,9.844017215634116e-5,false
HS92,6,1,2P_SAR0_PH1_ATR1_RRU1,false,1,true,true,true,SMALL_STEP,56,94.973785,1.2869388674702378,9.606856202455911e-5,false
HS92,6,1,BASE_2P,true,1,false,false,false,SMALL_STEP,34,55.913067,1.29058378672539,9.01263846208785e-5,true
HS92,6,1,2P_SAR1_PH1_ATR0_RRU0,true,1,true,false,false,SMALL_STEP,70,119.975702,1.2855102358145962,9.844017215634116e-5,false
HS92,6,1,2P_SAR1_PH1_ATR1_RRU0,true,1,true,true,false,SMALL_STEP,56,96.09304,1.2869388674702378,9.606856202455911e-5,false
HS92,6,1,2P_SAR1_PH0_ATR0_RRU1,true,1,false,false,true,SMALL_STEP,34,56.594393,1.29058378672539,9.01263846208785e-5,false
HS92,6,1,2P_SAR1_PH1_ATR0_RRU1,true,1,true,false,true,SMALL_STEP,70,120.452264,1.2855102358145962,9.844017215634116e-5,false
HS92,6,1,2P_SAR1_PH1_ATR1_RRU1,true,1,true,true,true,SMALL_STEP,56,96.40515400000001,1.2869388674702378,9.606856202455911e-5,false
HUBFIT,2,1,2P_SAR0_PH0_ATR0_RRU0,false,1,false,false,false,SMALL_STEP,17,7.901974000000001,0.01689349393940276,8.326672684688674e-17,false
HUBFIT,2,1,2P_SAR0_PH1_ATR0_RRU0,false,1,true,false,false,SMALL_STEP,10,5.59784,0.016893493939393944,0.0,false
HUBFIT,2,1,2P_SAR0_PH1_ATR1_RRU0,false,1,true,true,false,SMALL_STEP,9,8.123158,0.016893493939393937,5.551115123125783e-17,false
HUBFIT,2,1,2P_SAR0_PH0_ATR0_RRU1,false,1,false,false,true,SMALL_STEP,17,7.066018000000001,0.01689349393940276,8.326672684688674e-17,false
HUBFIT,2,1,2P_SAR0_PH1_ATR0_RRU1,false,1,true,false,true,SMALL_STEP,10,5.520055,0.016893493939393944,0.0,false
HUBFIT,2,1,2P_SAR0_PH1_ATR1_RRU1,false,1,true,true,true,SMALL_STEP,9,8.104232,0.016893493939393937,5.551115123125783e-17,false
HUBFIT,2,1,BASE_2P,true,1,false,false,false,SMALL_STEP,14,5.281868,0.016893493940547098,1.3877787807814457e-16,true
HUBFIT,2,1,2P_SAR1_PH1_ATR0_RRU0,true,1,true,false,false,SMALL_STEP,10,5.5133719999999995,0.016893493939393944,0.0,false
HUBFIT,2,1,2P_SAR1_PH1_ATR1_RRU0,true,1,true,true,false,SMALL_STEP,9,8.120883000000001,0.016893493939393937,5.551115123125783e-17,false
HUBFIT,2,1,2P_SAR1_PH0_ATR0_RRU1,true,1,false,false,true,SMALL_STEP,14,5.3096499999999995,0.016893493940547098,1.3877787807814457e-16,false
HUBFIT,2,1,2P_SAR1_PH1_ATR0_RRU1,true,1,true,false,true,SMALL_STEP,10,5.537326,0.016893493939393944,0.0,false
HUBFIT,2,1,2P_SAR1_PH1_ATR1_RRU1,true,1,true,true,true,SMALL_STEP,9,8.108791,0.016893493939393937,5.551115123125783e-17,false
HUMPS,2,0,2P_SAR0_PH0_ATR0_RRU0,false,1,false,false,false,MAX_IT,500,117.52317,56.17444149450858,0.0,false
HUMPS,2,0,2P_SAR0_PH1_ATR0_RRU0,false,1,true,false,false,MAX_IT,500,100.806415,257.3401710275251,0.0,false
HUMPS,2,0,2P_SAR0_PH1_ATR1_RRU0,false,1,true,true,false,SMALL_STEP,132,40.014874,52.994164298873635,0.0,false
HUMPS,2,0,2P_SAR0_PH0_ATR0_RRU1,false,1,false,false,true,MAX_IT,500,118.231757,56.17444149450858,0.0,false
HUMPS,2,0,2P_SAR0_PH1_ATR0_RRU1,false,1,true,false,true,MAX_IT,500,102.706061,257.3401710275251,0.0,false
HUMPS,2,0,2P_SAR0_PH1_ATR1_RRU1,false,1,true,true,true,SMALL_STEP,132,40.09841,52.994164298873635,0.0,false
HUMPS,2,0,BASE_2P,true,1,false,false,false,MAX_IT,500,83.680032,20802.72300012396,0.0,true
HUMPS,2,0,2P_SAR1_PH1_ATR0_RRU0,true,1,true,false,false,MAX_IT,500,105.917604,257.3401710275251,0.0,false
HUMPS,2,0,2P_SAR1_PH1_ATR1_RRU0,true,1,true,true,false,SMALL_STEP,132,41.463205,52.994164298873635,0.0,false
HUMPS,2,0,2P_SAR1_PH0_ATR0_RRU1,true,1,false,false,true,MAX_IT,500,83.85566,20802.72300012396,0.0,false
HUMPS,2,0,2P_SAR1_PH1_ATR0_RRU1,true,1,true,false,true,MAX_IT,500,105.935046,257.3401710275251,0.0,false
HUMPS,2,0,2P_SAR1_PH1_ATR1_RRU1,true,1,true,true,true,SMALL_STEP,132,41.789977,52.994164298873635,0.0,false
HYDC20LS,99,0,2P_SAR0_PH0_ATR0_RRU0,false,1,false,false,false,SMALL_STEP,355,163.606866,4.888649643886955,0.0,false
HYDC20LS,99,0,2P_SAR0_PH1_ATR0_RRU0,false,1,true,false,false,MAX_IT,500,193.556085,3.6845375986032467,0.0,false
HYDC20LS,99,0,2P_SAR0_PH1_ATR1_RRU0,false,1,true,true,false,MAX_IT,500,373.949609,8.699902801990678,0.0,false
HYDC20LS,99,0,2P_SAR0_PH0_ATR0_RRU1,false,1,false,false,true,SMALL_STEP,355,171.507507,4.888649643886955,0.0,false
HYDC20LS,99,0,2P_SAR0_PH1_ATR0_RRU1,false,1,true,false,true,MAX_IT,500,196.849852,3.6845375986032467,0.0,false
HYDC20LS,99,0,2P_SAR0_PH1_ATR1_RRU1,false,1,true,true,true,MAX_IT,500,387.77846900000003,8.699902801990678,0.0,false
HYDC20LS,99,0,BASE_2P,true,1,false,false,false,SMALL_STEP,377,130.258894,6.725169189776969,0.0,true
HYDC20LS,99,0,2P_SAR1_PH1_ATR0_RRU0,true,1,true,false,false,MAX_IT,500,197.13932400000002,3.6845375986032467,0.0,false
HYDC20LS,99,0,2P_SAR1_PH1_ATR1_RRU0,true,1,true,true,false,MAX_IT,500,503.77084400000007,8.699902801990678,0.0,false
HYDC20LS,99,0,2P_SAR1_PH0_ATR0_RRU1,true,1,false,false,true,SMALL_STEP,377,137.445008,6.725169189776969,0.0,false
HYDC20LS,99,0,2P_SAR1_PH1_ATR0_RRU1,true,1,true,false,true,MAX_IT,500,202.655832,3.6845375986032467,0.0,false
HYDC20LS,99,0,2P_SAR1_PH1_ATR1_RRU1,true,1,true,true,true,MAX_IT,500,359.51214999999996,8.699902801990678,0.0,false
HYDCAR6LS,29,0,2P_SAR0_PH0_ATR0_RRU0,false,1,false,false,false,SMALL_STEP,241,79.92052299999999,1.9171254273491964,0.0,false
HYDCAR6LS,29,0,2P_SAR0_PH1_ATR0_RRU0,false,1,true,false,false,SMALL_STEP,411,106.685091,1.9353375402583302,0.0,false
HYDCAR6LS,29,0,2P_SAR0_PH1_ATR1_RRU0,false,1,true,true,false,MAX_IT,500,218.002173,3.531729364108747,0.0,false
HYDCAR6LS,29,0,2P_SAR0_PH0_ATR0_RRU1,false,1,false,false,true,SMALL_STEP,241,81.588566,1.9171254273491964,0.0,false
HYDCAR6LS,29,0,2P_SAR0_PH1_ATR0_RRU1,false,1,true,false,true,SMALL_STEP,411,97.554918,1.9353375402583302,0.0,false
HYDCAR6LS,29,0,2P_SAR0_PH1_ATR1_RRU1,false,1,true,true,true,MAX_IT,500,206.340531,3.531729364108747,0.0,false
HYDCAR6LS,29,0,BASE_2P,true,1,false,false,false,SMALL_STEP,231,52.509344999999996,3.372612571808003,0.0,true
HYDCAR6LS,29,0,2P_SAR1_PH1_ATR0_RRU0,true,1,true,false,false,SMALL_STEP,411,105.11835699999999,1.9353375402583302,0.0,false
HYDCAR6LS,29,0,2P_SAR1_PH1_ATR1_RRU0,true,1,true,true,false,MAX_IT,500,213.37596200000002,3.531729364108747,0.0,false
HYDCAR6LS,29,0,2P_SAR1_PH0_ATR0_RRU1,true,1,false,false,true,SMALL_STEP,231,54.563751,3.372612571808003,0.0,false
HYDCAR6LS,29,0,2P_SAR1_PH1_ATR0_RRU1,true,1,true,false,true,SMALL_STEP,411,107.434994,1.9353375402583302,0.0,false
HYDCAR6LS,29,0,2P_SAR1_PH1_ATR1_RRU1,true,1,true,true,true,MAX_IT,500,665.7011640000001,3.531729364108747,0.0,false
INDEF,5000,0,2P_SAR0_PH0_ATR0_RRU0,false,1,false,false,false,MAX_IT,500,6018.674723,-9.51603691468961e13,0.0,false
INDEF,5000,0,2P_SAR0_PH1_ATR0_RRU0,false,1,true,false,false,MAX_IT,500,6470.150436,-1.0683731148289608e14,0.0,false
INDEF,5000,0,2P_SAR0_PH1_ATR1_RRU0,false,1,true,true,false,MAX_IT,500,9325.40241,-1.7437156083942166e14,0.0,false
INDEF,5000,0,2P_SAR0_PH0_ATR0_RRU1,false,1,false,false,true,MAX_IT,500,5927.4014480000005,-9.51603691468961e13,0.0,false
INDEF,5000,0,2P_SAR0_PH1_ATR0_RRU1,false,1,true,false,true,MAX_IT,500,6474.207869,-1.0683731148289608e14,0.0,false
INDEF,5000,0,2P_SAR0_PH1_ATR1_RRU1,false,1,true,true,true,MAX_IT,500,9523.182102,-1.7437156083942166e14,0.0,false
INDEF,5000,0,BASE_2P,true,1,false,false,false,MAX_IT,500,5847.1412660000005,-9.328132095939608e13,0.0,true
INDEF,5000,0,2P_SAR1_PH1_ATR0_RRU0,true,1,true,false,false,MAX_IT,500,6533.179576,-1.0683731148289608e14,0.0,false
INDEF,5000,0,2P_SAR1_PH1_ATR1_RRU0,true,1,true,true,false,MAX_IT,500,9444.91567,-1.7437156083942166e14,0.0,false
INDEF,5000,0,2P_SAR1_PH0_ATR0_RRU1,true,1,false,false,true,MAX_IT,500,5794.42725,-9.328132095939608e13,0.0,false
INDEF,5000,0,2P_SAR1_PH1_ATR0_RRU1,true,1,true,false,true,MAX_IT,500,6573.9704249999995,-1.0683731148289608e14,0.0,false
INDEF,5000,0,2P_SAR1_PH1_ATR1_RRU1,true,1,true,true,true,MAX_IT,500,9435.767729000001,-1.7437156083942166e14,0.0,false
INDEFM,100000,0,2P_SAR0_PH0_ATR0_RRU0,false,1,false,false,false,MAX_IT,500,133517.32252599997,-9.98245118124968e6,0.0,false
INDEFM,100000,0,2P_SAR0_PH1_ATR0_RRU0,false,1,true,false,false,MAX_IT,500,115638.155202,-9.555847375325404e6,0.0,false
INDEFM,100000,0,2P_SAR0_PH1_ATR1_RRU0,false,1,true,true,false,MAX_IT,500,182870.275163,-1.0015269046622815e7,0.0,false
INDEFM,100000,0,2P_SAR0_PH0_ATR0_RRU1,false,1,false,false,true,MAX_IT,500,135188.70733399998,-9.98245118124968e6,0.0,false
INDEFM,100000,0,2P_SAR0_PH1_ATR0_RRU1,false,1,true,false,true,MAX_IT,500,119024.873216,-9.555847375325404e6,0.0,false
INDEFM,100000,0,2P_SAR0_PH1_ATR1_RRU1,false,1,true,true,true,MAX_IT,500,178724.216803,-1.0015269046622815e7,0.0,false
INDEFM,100000,0,BASE_2P,true,1,false,false,false,KKT_OK,457,121947.375197,-9.9825362774128e6,0.0,true
INDEFM,100000,0,2P_SAR1_PH1_ATR0_RRU0,true,1,true,false,false,MAX_IT,500,118009.940033,-9.555847375325404e6,0.0,false
INDEFM,100000,0,2P_SAR1_PH1_ATR1_RRU0,true,1,true,true,false,MAX_IT,500,186779.07401799998,-1.0015269046622815e7,0.0,false
INDEFM,100000,0,2P_SAR1_PH0_ATR0_RRU1,true,1,false,false,true,KKT_OK,457,126777.845174,-9.9825362774128e6,0.0,false
INDEFM,100000,0,2P_SAR1_PH1_ATR0_RRU1,true,1,true,false,true,MAX_IT,500,118965.476229,-9.555847375325404e6,0.0,false
INDEFM,100000,0,2P_SAR1_PH1_ATR1_RRU1,true,1,true,true,true,MAX_IT,500,187217.14721,-1.0015269046622815e7,0.0,false
INTEQNELS,502,0,2P_SAR0_PH0_ATR0_RRU0,false,1,false,false,false,KKT_OK,7,52.962956999999996,0.0007358971309829508,0.0,false
INTEQNELS,502,0,2P_SAR0_PH1_ATR0_RRU0,false,1,true,false,false,KKT_OK,9,59.892067,0.0009878263467920409,0.0,false
INTEQNELS,502,0,2P_SAR0_PH1_ATR1_RRU0,false,1,true,true,false,KKT_OK,9,78.448744,0.0062209211648789845,0.0,false
INTEQNELS,502,0,2P_SAR0_PH0_ATR0_RRU1,false,1,false,false,true,KKT_OK,7,55.652048,0.0007358971309829508,0.0,false
INTEQNELS,502,0,2P_SAR0_PH1_ATR0_RRU1,false,1,true,false,true,KKT_OK,9,59.513667,0.0009878263467920409,0.0,false
INTEQNELS,502,0,2P_SAR0_PH1_ATR1_RRU1,false,1,true,true,true,KKT_OK,9,78.538252,0.0062209211648789845,0.0,false
INTEQNELS,502,0,BASE_2P,true,1,false,false,false,KKT_OK,8,48.508908000000005,0.0056149877726701545,0.0,true
INTEQNELS,502,0,2P_SAR1_PH1_ATR0_RRU0,true,1,true,false,false,KKT_OK,9,64.340015,0.0009878263467920409,0.0,false
INTEQNELS,502,0,2P_SAR1_PH1_ATR1_RRU0,true,1,true,true,false,KKT_OK,9,83.320066,0.0062209211648789845,0.0,false
INTEQNELS,502,0,2P_SAR1_PH0_ATR0_RRU1,true,1,false,false,true,KKT_OK,8,49.652451,0.0056149877726701545,0.0,false
INTEQNELS,502,0,2P_SAR1_PH1_ATR0_RRU1,true,1,true,false,true,KKT_OK,9,60.201476,0.0009878263467920409,0.0,false
INTEQNELS,502,0,2P_SAR1_PH1_ATR1_RRU1,true,1,true,true,true,KKT_OK,9,79.227414,0.0062209211648789845,0.0,false
JENSMP,2,0,2P_SAR0_PH0_ATR0_RRU0,false,1,false,false,false,SMALL_STEP,47,14.791169,124.36218235774227,0.0,false
JENSMP,2,0,2P_SAR0_PH1_ATR0_RRU0,false,1,true,false,false,SMALL_STEP,42,11.265479000000001,124.36218235561486,0.0,false
JENSMP,2,0,2P_SAR0_PH1_ATR1_RRU0,false,1,true,true,false,SMALL_STEP,52,17.415307000000002,124.37285392856154,0.0,false
JENSMP,2,0,2P_SAR0_PH0_ATR0_RRU1,false,1,false,false,true,SMALL_STEP,47,13.760145999999999,124.36218235774227,0.0,false
JENSMP,2,0,2P_SAR0_PH1_ATR0_RRU1,false,1,true,false,true,SMALL_STEP,42,11.01528,124.36218235561486,0.0,false
JENSMP,2,0,2P_SAR0_PH1_ATR1_RRU1,false,1,true,true,true,SMALL_STEP,52,16.110431000000002,124.37285392856154,0.0,false
JENSMP,2,0,BASE_2P,true,1,false,false,false,SMALL_STEP,76,14.630436999999999,124.36218239046866,0.0,true
JENSMP,2,0,2P_SAR1_PH1_ATR0_RRU0,true,1,true,false,false,SMALL_STEP,42,10.867151999999999,124.36218235561486,0.0,false
JENSMP,2,0,2P_SAR1_PH1_ATR1_RRU0,true,1,true,true,false,SMALL_STEP,52,16.193065999999998,124.37285392856154,0.0,false
JENSMP,2,0,2P_SAR1_PH0_ATR0_RRU1,true,1,false,false,true,SMALL_STEP,76,14.595452,124.36218239046866,0.0,false
JENSMP,2,0,2P_SAR1_PH1_ATR0_RRU1,true,1,true,false,true,SMALL_STEP,42,10.73248,124.36218235561486,0.0,false
JENSMP,2,0,2P_SAR1_PH1_ATR1_RRU1,true,1,true,true,true,SMALL_STEP,52,16.387872,124.37285392856154,0.0,false
JIMACK,3549,0,2P_SAR0_PH0_ATR0_RRU0,false,1,false,false,false,KKT_OK,0,33.851549,1.2886259428944444,0.0,false
JIMACK,3549,0,2P_SAR0_PH1_ATR0_RRU0,false,1,true,false,false,KKT_OK,0,33.241647,1.2886259428944444,0.0,false
JIMACK,3549,0,2P_SAR0_PH1_ATR1_RRU0,false,1,true,true,false,KKT_OK,0,27.69089,1.2886259428944444,0.0,false
JIMACK,3549,0,2P_SAR0_PH0_ATR0_RRU1,false,1,false,false,true,KKT_OK,0,28.30351,1.2886259428944444,0.0,false
JIMACK,3549,0,2P_SAR0_PH1_ATR0_RRU1,false,1,true,false,true,KKT_OK,0,27.990743,1.2886259428944444,0.0,false
JIMACK,3549,0,2P_SAR0_PH1_ATR1_RRU1,false,1,true,true,true,KKT_OK,0,28.694462,1.2886259428944444,0.0,false
JIMACK,3549,0,BASE_2P,true,1,false,false,false,KKT_OK,0,28.016401,1.2886259428944444,0.0,true
JIMACK,3549,0,2P_SAR1_PH1_ATR0_RRU0,true,1,true,false,false,KKT_OK,0,33.570453,1.2886259428944444,0.0,false
JIMACK,3549,0,2P_SAR1_PH1_ATR1_RRU0,true,1,true,true,false,KKT_OK,0,33.507614999999994,1.2886259428944444,0.0,false
JIMACK,3549,0,2P_SAR1_PH0_ATR0_RRU1,true,1,false,false,true,KKT_OK,0,27.974092,1.2886259428944444,0.0,false
JIMACK,3549,0,2P_SAR1_PH1_ATR0_RRU1,true,1,true,false,true,KKT_OK,0,27.906054,1.2886259428944444,0.0,false
JIMACK,3549,0,2P_SAR1_PH1_ATR1_RRU1,true,1,true,true,true,KKT_OK,0,27.715377,1.2886259428944444,0.0,false
JNLBRNG1,16,0,2P_SAR0_PH0_ATR0_RRU0,false,1,false,false,false,KKT_OK,7,4.070851,-0.22473494921374482,0.0,false
JNLBRNG1,16,0,2P_SAR0_PH1_ATR0_RRU0,false,1,true,false,false,KKT_OK,8,5.196582,-0.22473500539529467,0.0,false
JNLBRNG1,16,0,2P_SAR0_PH1_ATR1_RRU0,false,1,true,true,false,KKT_OK,14,5.513546,-0.22473309539297245,0.0,false
JNLBRNG1,16,0,2P_SAR0_PH0_ATR0_RRU1,false,1,false,false,true,KKT_OK,7,3.236738,-0.22473494921374482,0.0,false
JNLBRNG1,16,0,2P_SAR0_PH1_ATR0_RRU1,false,1,true,false,true,KKT_OK,8,5.009441,-0.22473500539529467,0.0,false
JNLBRNG1,16,0,2P_SAR0_PH1_ATR1_RRU1,false,1,true,true,true,KKT_OK,14,5.450488,-0.22473309539297245,0.0,false
JNLBRNG1,16,0,BASE_2P,true,1,false,false,false,KKT_OK,12,4.143187,-0.22473494921374487,0.0,true
JNLBRNG1,16,0,2P_SAR1_PH1_ATR0_RRU0,true,1,true,false,false,KKT_OK,8,5.000083,-0.22473500539529467,0.0,false
JNLBRNG1,16,0,2P_SAR1_PH1_ATR1_RRU0,true,1,true,true,false,KKT_OK,14,5.480465000000001,-0.22473309539297245,0.0,false
JNLBRNG1,16,0,2P_SAR1_PH0_ATR0_RRU1,true,1,false,false,true,KKT_OK,12,4.103662999999999,-0.22473494921374487,0.0,false
JNLBRNG1,16,0,2P_SAR1_PH1_ATR0_RRU1,true,1,true,false,true,KKT_OK,8,5.0296389999999995,-0.22473500539529467,0.0,false
JNLBRNG1,16,0,2P_SAR1_PH1_ATR1_RRU1,true,1,true,true,true,KKT_OK,14,5.4555869999999995,-0.22473309539297245,0.0,false
JNLBRNG2,10000,0,2P_SAR0_PH0_ATR0_RRU0,false,1,false,false,false,KKT_OK,0,25.598547999999997,17.95004831985038,0.0,false
JNLBRNG2,10000,0,2P_SAR0_PH1_ATR0_RRU0,false,1,true,false,false,KKT_OK,0,27.415805000000002,17.95004831985038,0.0,false
JNLBRNG2,10000,0,2P_SAR0_PH1_ATR1_RRU0,false,1,true,true,false,KKT_OK,0,28.078968,17.95004831985038,0.0,false
JNLBRNG2,10000,0,2P_SAR0_PH0_ATR0_RRU1,false,1,false,false,true,KKT_OK,0,27.502228,17.95004831985038,0.0,false
JNLBRNG2,10000,0,2P_SAR0_PH1_ATR0_RRU1,false,1,true,false,true,KKT_OK,0,28.962104,17.95004831985038,0.0,false
JNLBRNG2,10000,0,2P_SAR0_PH1_ATR1_RRU1,false,1,true,true,true,KKT_OK,0,28.791604,17.95004831985038,0.0,false
JNLBRNG2,10000,0,BASE_2P,true,1,false,false,false,KKT_OK,0,28.442931,17.95004831985038,0.0,true
JNLBRNG2,10000,0,2P_SAR1_PH1_ATR0_RRU0,true,1,true,false,false,KKT_OK,0,18.004072,17.95004831985038,0.0,false
JNLBRNG2,10000,0,2P_SAR1_PH1_ATR1_RRU0,true,1,true,true,false,KKT_OK,0,22.736734000000002,17.95004831985038,0.0,false
JNLBRNG2,10000,0,2P_SAR1_PH0_ATR0_RRU1,true,1,false,false,true,KKT_OK,0,27.51989,17.95004831985038,0.0,false
JNLBRNG2,10000,0,2P_SAR1_PH1_ATR0_RRU1,true,1,true,false,true,KKT_OK,0,26.761439000000003,17.95004831985038,0.0,false
JNLBRNG2,10000,0,2P_SAR1_PH1_ATR1_RRU1,true,1,true,true,true,KKT_OK,0,28.112220999999998,17.95004831985038,0.0,false
JNLBRNGA,10000,0,2P_SAR0_PH0_ATR0_RRU0,false,1,false,false,false,KKT_OK,0,18.796624,0.0,0.0,false
JNLBRNGA,10000,0,2P_SAR0_PH1_ATR0_RRU0,false,1,true,false,false,KKT_OK,0,18.076301,0.0,0.0,false
JNLBRNGA,10000,0,2P_SAR0_PH1_ATR1_RRU0,false,1,true,true,false,KKT_OK,0,26.049614,0.0,0.0,false
JNLBRNGA,10000,0,2P_SAR0_PH0_ATR0_RRU1,false,1,false,false,true,KKT_OK,0,27.524782000000002,0.0,0.0,false
JNLBRNGA,10000,0,2P_SAR0_PH1_ATR0_RRU1,false,1,true,false,true,KKT_OK,0,27.629640000000002,0.0,0.0,false
JNLBRNGA,10000,0,2P_SAR0_PH1_ATR1_RRU1,false,1,true,true,true,KKT_OK,0,29.621146,0.0,0.0,false
JNLBRNGA,10000,0,BASE_2P,true,1,false,false,false,KKT_OK,0,29.547218,0.0,0.0,true
JNLBRNGA,10000,0,2P_SAR1_PH1_ATR0_RRU0,true,1,true,false,false,KKT_OK,0,29.393038,0.0,0.0,false
JNLBRNGA,10000,0,2P_SAR1_PH1_ATR1_RRU0,true,1,true,true,false,KKT_OK,0,29.734239,0.0,0.0,false
JNLBRNGA,10000,0,2P_SAR1_PH0_ATR0_RRU1,true,1,false,false,true,KKT_OK,0,29.177694,0.0,0.0,false
JNLBRNGA,10000,0,2P_SAR1_PH1_ATR0_RRU1,true,1,true,false,true,KKT_OK,0,19.649314,0.0,0.0,false
JNLBRNGA,10000,0,2P_SAR1_PH1_ATR1_RRU1,true,1,true,true,true,KKT_OK,0,18.325119,0.0,0.0,false
JNLBRNGB,10000,0,2P_SAR0_PH0_ATR0_RRU0,false,1,false,false,false,KKT_OK,0,26.641779,0.0,0.0,false
JNLBRNGB,10000,0,2P_SAR0_PH1_ATR0_RRU0,false,1,true,false,false,KKT_OK,0,28.281264,0.0,0.0,false
JNLBRNGB,10000,0,2P_SAR0_PH1_ATR1_RRU0,false,1,true,true,false,KKT_OK,0,19.336932,0.0,0.0,false
JNLBRNGB,10000,0,2P_SAR0_PH0_ATR0_RRU1,false,1,false,false,true,KKT_OK,0,23.679599999999997,0.0,0.0,false
JNLBRNGB,10000,0,2P_SAR0_PH1_ATR0_RRU1,false,1,true,false,true,KKT_OK,0,26.291672,0.0,0.0,false
JNLBRNGB,10000,0,2P_SAR0_PH1_ATR1_RRU1,false,1,true,true,true,KKT_OK,0,27.461657,0.0,0.0,false
JNLBRNGB,10000,0,BASE_2P,true,1,false,false,false,KKT_OK,0,29.249361,0.0,0.0,true
JNLBRNGB,10000,0,2P_SAR1_PH1_ATR0_RRU0,true,1,true,false,false,KKT_OK,0,29.415242000000003,0.0,0.0,false
JNLBRNGB,10000,0,2P_SAR1_PH1_ATR1_RRU0,true,1,true,true,false,KKT_OK,0,29.649242,0.0,0.0,false
JNLBRNGB,10000,0,2P_SAR1_PH0_ATR0_RRU1,true,1,false,false,true,KKT_OK,0,29.375167,0.0,0.0,false
JNLBRNGB,10000,0,2P_SAR1_PH1_ATR0_RRU1,true,1,true,false,true,KKT_OK,0,28.761836,0.0,0.0,false
JNLBRNGB,10000,0,2P_SAR1_PH1_ATR1_RRU1,true,1,true,true,true,KKT_OK,0,29.059996,0.0,0.0,false
JUDGE,2,0,2P_SAR0_PH0_ATR0_RRU0,false,1,false,false,false,SMALL_STEP,99,26.101729,16.081732551084656,0.0,false
JUDGE,2,0,2P_SAR0_PH1_ATR0_RRU0,false,1,true,false,false,SMALL_STEP,110,24.666726999999998,16.081733957462326,0.0,false
JUDGE,2,0,2P_SAR0_PH1_ATR1_RRU0,false,1,true,true,false,SMALL_STEP,65,18.753593,16.081730328122376,0.0,false
JUDGE,2,0,2P_SAR0_PH0_ATR0_RRU1,false,1,false,false,true,SMALL_STEP,99,24.811739,16.081732551084656,0.0,false
JUDGE,2,0,2P_SAR0_PH1_ATR0_RRU1,false,1,true,false,true,SMALL_STEP,110,24.488903,16.081733957462326,0.0,false
JUDGE,2,0,2P_SAR0_PH1_ATR1_RRU1,false,1,true,true,true,SMALL_STEP,65,18.64503,16.081730328122376,0.0,false
JUDGE,2,0,BASE_2P,true,1,false,false,false,SMALL_STEP,219,37.528076,16.081796635569194,0.0,true
JUDGE,2,0,2P_SAR1_PH1_ATR0_RRU0,true,1,true,false,false,SMALL_STEP,110,24.015515,16.081733957462326,0.0,false
JUDGE,2,0,2P_SAR1_PH1_ATR1_RRU0,true,1,true,true,false,SMALL_STEP,65,19.313774,16.081730328122376,0.0,false
JUDGE,2,0,2P_SAR1_PH0_ATR0_RRU1,true,1,false,false,true,SMALL_STEP,219,38.807044999999995,16.081796635569194,0.0,false
JUDGE,2,0,2P_SAR1_PH1_ATR0_RRU1,true,1,true,false,true,SMALL_STEP,110,25.399431,16.081733957462326,0.0,false
JUDGE,2,0,2P_SAR1_PH1_ATR1_RRU1,true,1,true,true,true,SMALL_STEP,65,19.60448,16.081730328122376,0.0,false
JUDGEB,2,0,2P_SAR0_PH0_ATR0_RRU0,false,1,false,false,false,SMALL_STEP,99,26.272949999999998,16.081732551084656,0.0,false
JUDGEB,2,0,2P_SAR0_PH1_ATR0_RRU0,false,1,true,false,false,SMALL_STEP,110,25.021903000000002,16.081733957462326,0.0,false
JUDGEB,2,0,2P_SAR0_PH1_ATR1_RRU0,false,1,true,true,false,SMALL_STEP,65,18.95954,16.081730328122376,0.0,false
JUDGEB,2,0,2P_SAR0_PH0_ATR0_RRU1,false,1,false,false,true,SMALL_STEP,99,25.604025,16.081732551084656,0.0,false
JUDGEB,2,0,2P_SAR0_PH1_ATR0_RRU1,false,1,true,false,true,SMALL_STEP,110,25.28132,16.081733957462326,0.0,false
JUDGEB,2,0,2P_SAR0_PH1_ATR1_RRU1,false,1,true,true,true,SMALL_STEP,65,19.211112,16.081730328122376,0.0,false
JUDGEB,2,0,BASE_2P,true,1,false,false,false,SMALL_STEP,219,38.807186,16.081796635569194,0.0,true
JUDGEB,2,0,2P_SAR1_PH1_ATR0_RRU0,true,1,true,false,false,SMALL_STEP,110,25.134694999999997,16.081733957462326,0.0,false
JUDGEB,2,0,2P_SAR1_PH1_ATR1_RRU0,true,1,true,true,false,SMALL_STEP,65,19.160527000000002,16.081730328122376,0.0,false
JUDGEB,2,0,2P_SAR1_PH0_ATR0_RRU1,true,1,false,false,true,SMALL_STEP,219,38.720884,16.081796635569194,0.0,false
JUDGEB,2,0,2P_SAR1_PH1_ATR0_RRU1,true,1,true,false,true,SMALL_STEP,110,25.082036,16.081733957462326,0.0,false
JUDGEB,2,0,2P_SAR1_PH1_ATR1_RRU1,true,1,true,true,true,SMALL_STEP,65,19.174182000000002,16.081730328122376,0.0,false
KIRBY2LS,5,0,2P_SAR0_PH0_ATR0_RRU0,false,1,false,false,false,SMALL_STEP,3,3.3129549999999997,18252.116128714955,0.0,false
KIRBY2LS,5,0,2P_SAR0_PH1_ATR0_RRU0,false,1,true,false,false,SMALL_STEP,4,3.467705,171521.5158881889,0.0,false
KIRBY2LS,5,0,2P_SAR0_PH1_ATR1_RRU0,false,1,true,true,false,SMALL_STEP,4,5.037331,162602.5045188867,0.0,false
KIRBY2LS,5,0,2P_SAR0_PH0_ATR0_RRU1,false,1,false,false,true,SMALL_STEP,3,2.457059,18252.116128714955,0.0,false
KIRBY2LS,5,0,2P_SAR0_PH1_ATR0_RRU1,false,1,true,false,true,SMALL_STEP,4,3.2988589999999998,171521.5158881889,0.0,false
KIRBY2LS,5,0,2P_SAR0_PH1_ATR1_RRU1,false,1,true,true,true,SMALL_STEP,4,5.04276,162602.5045188867,0.0,false
KIRBY2LS,5,0,BASE_2P,true,1,false,false,false,SMALL_STEP,3,2.338097,111227.5952297039,0.0,true
KIRBY2LS,5,0,2P_SAR1_PH1_ATR0_RRU0,true,1,true,false,false,SMALL_STEP,4,3.3226839999999997,171521.5158881889,0.0,false
KIRBY2LS,5,0,2P_SAR1_PH1_ATR1_RRU0,true,1,true,true,false,SMALL_STEP,4,5.047219,162602.5045188867,0.0,false
KIRBY2LS,5,0,2P_SAR1_PH0_ATR0_RRU1,true,1,false,false,true,SMALL_STEP,3,2.344278,111227.5952297039,0.0,false
KIRBY2LS,5,0,2P_SAR1_PH1_ATR0_RRU1,true,1,true,false,true,SMALL_STEP,4,3.269654,171521.5158881889,0.0,false
KIRBY2LS,5,0,2P_SAR1_PH1_ATR1_RRU1,true,1,true,true,true,SMALL_STEP,4,5.001073,162602.5045188867,0.0,false
KOEBHELB,3,0,2P_SAR0_PH0_ATR0_RRU0,false,1,false,false,false,SMALL_STEP,11,5.187412,112.31560247569739,0.0,false
KOEBHELB,3,0,2P_SAR0_PH1_ATR0_RRU0,false,1,true,false,false,SMALL_STEP,25,6.888463,112.31434870505456,0.0,false
KOEBHELB,3,0,2P_SAR0_PH1_ATR1_RRU0,false,1,true,true,false,SMALL_STEP,119,43.851328,112.22632918374471,0.0,false
KOEBHELB,3,0,2P_SAR0_PH0_ATR0_RRU1,false,1,false,false,true,SMALL_STEP,11,4.373304,112.31560247569739,0.0,false
KOEBHELB,3,0,2P_SAR0_PH1_ATR0_RRU1,false,1,true,false,true,SMALL_STEP,25,6.788045,112.31434870505456,0.0,false
KOEBHELB,3,0,2P_SAR0_PH1_ATR1_RRU1,false,1,true,true,true,SMALL_STEP,119,43.914487,112.22632918374471,0.0,false
KOEBHELB,3,0,BASE_2P,true,1,false,false,false,SMALL_STEP,5,2.5209989999999998,112.32550748997622,0.0,true
KOEBHELB,3,0,2P_SAR1_PH1_ATR0_RRU0,true,1,true,false,false,SMALL_STEP,25,6.792082,112.31434870505456,0.0,false
KOEBHELB,3,0,2P_SAR1_PH1_ATR1_RRU0,true,1,true,true,false,SMALL_STEP,119,43.7456,112.22632918374471,0.0,false
KOEBHELB,3,0,2P_SAR1_PH0_ATR0_RRU1,true,1,false,false,true,SMALL_STEP,5,2.605618,112.32550748997622,0.0,false
KOEBHELB,3,0,2P_SAR1_PH1_ATR0_RRU1,true,1,true,false,true,SMALL_STEP,25,6.8410850000000005,112.31434870505456,0.0,false
KOEBHELB,3,0,2P_SAR1_PH1_ATR1_RRU1,true,1,true,true,true,SMALL_STEP,119,43.825981999999996,112.22632918374471,0.0,false
KOWOSB,4,0,2P_SAR0_PH0_ATR0_RRU0,false,1,false,false,false,KKT_OK,23,8.40577,0.0004452095951351901,0.0,false
KOWOSB,4,0,2P_SAR0_PH1_ATR0_RRU0,false,1,true,false,false,KKT_OK,23,6.007901,0.0004915183815557131,0.0,false
KOWOSB,4,0,2P_SAR0_PH1_ATR1_RRU0,false,1,true,true,false,KKT_OK,26,9.567338999999999,0.0005982270998555316,0.0,false
KOWOSB,4,0,2P_SAR0_PH0_ATR0_RRU1,false,1,false,false,true,KKT_OK,23,7.028656000000001,0.0004452095951351901,0.0,false
KOWOSB,4,0,2P_SAR0_PH1_ATR0_RRU1,false,1,true,false,true,KKT_OK,23,5.939273,0.0004915183815557131,0.0,false
KOWOSB,4,0,2P_SAR0_PH1_ATR1_RRU1,false,1,true,true,true,KKT_OK,26,9.861691,0.0005982270998555316,0.0,false
KOWOSB,4,0,BASE_2P,true,1,false,false,false,KKT_OK,20,4.996874999999999,0.0005034682527537594,0.0,true
KOWOSB,4,0,2P_SAR1_PH1_ATR0_RRU0,true,1,true,false,false,KKT_OK,23,5.874652,0.0004915183815557131,0.0,false
KOWOSB,4,0,2P_SAR1_PH1_ATR1_RRU0,true,1,true,true,false,KKT_OK,26,9.808351,0.0005982270998555316,0.0,false
KOWOSB,4,0,2P_SAR1_PH0_ATR0_RRU1,true,1,false,false,true,KKT_OK,20,5.1864609999999995,0.0005034682527537594,0.0,false
KOWOSB,4,0,2P_SAR1_PH1_ATR0_RRU1,true,1,true,false,true,KKT_OK,23,5.969679999999999,0.0004915183815557131,0.0,false
KOWOSB,4,0,2P_SAR1_PH1_ATR1_RRU1,true,1,true,true,true,KKT_OK,26,9.894964,0.0005982270998555316,0.0,false
KSSLS,1000,0,2P_SAR0_PH0_ATR0_RRU0,false,1,false,false,false,SMALL_STEP,24,453.633383,5.63950652995624e-5,0.0,false
KSSLS,1000,0,2P_SAR0_PH1_ATR0_RRU0,false,1,true,false,false,KKT_OK,23,430.592996,8.626373324853834e-20,0.0,false
KSSLS,1000,0,2P_SAR0_PH1_ATR1_RRU0,false,1,true,true,false,SMALL_STEP,59,1304.191632,856.207180131099,0.0,false
KSSLS,1000,0,2P_SAR0_PH0_ATR0_RRU1,false,1,false,false,true,SMALL_STEP,24,457.50377100000003,5.63950652995624e-5,0.0,false
KSSLS,1000,0,2P_SAR0_PH1_ATR0_RRU1,false,1,true,false,true,KKT_OK,23,445.804673,8.626373324853834e-20,0.0,false
KSSLS,1000,0,2P_SAR0_PH1_ATR1_RRU1,false,1,true,true,true,SMALL_STEP,59,1217.076776,856.207180131099,0.0,false
KSSLS,1000,0,BASE_2P,true,1,false,false,false,MAX_IT,500,7045.027937000001,3.4139989854009665e15,0.0,true
KSSLS,1000,0,2P_SAR1_PH1_ATR0_RRU0,true,1,true,false,false,KKT_OK,23,431.471906,8.626373324853834e-20,0.0,false
KSSLS,1000,0,2P_SAR1_PH1_ATR1_RRU0,true,1,true,true,false,SMALL_STEP,59,1194.645198,856.207180131099,0.0,false
KSSLS,1000,0,2P_SAR1_PH0_ATR0_RRU1,true,1,false,false,true,MAX_IT,500,7026.942998,3.4139989854009665e15,0.0,false
KSSLS,1000,0,2P_SAR1_PH1_ATR0_RRU1,true,1,true,false,true,KKT_OK,23,415.019608,8.626373324853834e-20,0.0,false
KSSLS,1000,0,2P_SAR1_PH1_ATR1_RRU1,true,1,true,true,true,SMALL_STEP,59,1166.432975,856.207180131099,0.0,false
LANCZOS1LS,6,0,2P_SAR0_PH0_ATR0_RRU0,false,1,false,false,false,MAX_IT,500,133.549453,0.014646539246527318,0.0,false
LANCZOS1LS,6,0,2P_SAR0_PH1_ATR0_RRU0,false,1,true,false,false,MAX_IT,500,112.67823200000001,0.0013001770371482222,0.0,false
LANCZOS1LS,6,0,2P_SAR0_PH1_ATR1_RRU0,false,1,true,true,false,MAX_IT,500,161.61006799999998,0.011042256433880389,0.0,false
LANCZOS1LS,6,0,2P_SAR0_PH0_ATR0_RRU1,false,1,false,false,true,MAX_IT,500,126.84226000000001,0.014646539246527318,0.0,false
LANCZOS1LS,6,0,2P_SAR0_PH1_ATR0_RRU1,false,1,true,false,true,MAX_IT,500,109.628541,0.0013001770371482222,0.0,false
LANCZOS1LS,6,0,2P_SAR0_PH1_ATR1_RRU1,false,1,true,true,true,MAX_IT,500,164.264067,0.011042256433880389,0.0,false
LANCZOS1LS,6,0,BASE_2P,true,1,false,false,false,MAX_IT,500,92.05846299999999,0.004047525578670509,0.0,true
LANCZOS1LS,6,0,2P_SAR1_PH1_ATR0_RRU0,true,1,true,false,false,MAX_IT,500,110.257381,0.0013001770371482222,0.0,false
LANCZOS1LS,6,0,2P_SAR1_PH1_ATR1_RRU0,true,1,true,true,false,MAX_IT,500,170.79308400000002,0.011042256433880389,0.0,false
LANCZOS1LS,6,0,2P_SAR1_PH0_ATR0_RRU1,true,1,false,false,true,MAX_IT,500,97.48973099999999,0.004047525578670509,0.0,false
LANCZOS1LS,6,0,2P_SAR1_PH1_ATR0_RRU1,true,1,true,false,true,MAX_IT,500,115.382014,0.0013001770371482222,0.0,false
LANCZOS1LS,6,0,2P_SAR1_PH1_ATR1_RRU1,true,1,true,true,true,MAX_IT,500,173.570523,0.011042256433880389,0.0,false
LANCZOS2LS,6,0,2P_SAR0_PH0_ATR0_RRU0,false,1,false,false,false,MAX_IT,500,125.29605999999998,0.01464672480079544,0.0,false
LANCZOS2LS,6,0,2P_SAR0_PH1_ATR0_RRU0,false,1,true,false,false,MAX_IT,500,109.938092,0.001299982865883935,0.0,false
LANCZOS2LS,6,0,2P_SAR0_PH1_ATR1_RRU0,false,1,true,true,false,MAX_IT,500,165.34444200000002,0.009851437532993623,0.0,false
LANCZOS2LS,6,0,2P_SAR0_PH0_ATR0_RRU1,false,1,false,false,true,MAX_IT,500,133.392547,0.01464672480079544,0.0,false
LANCZOS2LS,6,0,2P_SAR0_PH1_ATR0_RRU1,false,1,true,false,true,MAX_IT,500,113.866089,0.001299982865883935,0.0,false
LANCZOS2LS,6,0,2P_SAR0_PH1_ATR1_RRU1,false,1,true,true,true,MAX_IT,500,167.05485000000002,0.009851437532993623,0.0,false
LANCZOS2LS,6,0,BASE_2P,true,1,false,false,false,MAX_IT,500,95.22583399999999,0.004048011484567368,0.0,true
LANCZOS2LS,6,0,2P_SAR1_PH1_ATR0_RRU0,true,1,true,false,false,MAX_IT,500,114.493887,0.001299982865883935,0.0,false
LANCZOS2LS,6,0,2P_SAR1_PH1_ATR1_RRU0,true,1,true,true,false,MAX_IT,500,169.100177,0.009851437532993623,0.0,false
LANCZOS2LS,6,0,2P_SAR1_PH0_ATR0_RRU1,true,1,false,false,true,MAX_IT,500,96.312201,0.004048011484567368,0.0,false
LANCZOS2LS,6,0,2P_SAR1_PH1_ATR0_RRU1,true,1,true,false,true,MAX_IT,500,115.16164900000001,0.001299982865883935,0.0,false
LANCZOS2LS,6,0,2P_SAR1_PH1_ATR1_RRU1,true,1,true,true,true,MAX_IT,500,158.487219,0.009851437532993623,0.0,false
LANCZOS3LS,6,0,2P_SAR0_PH0_ATR0_RRU0,false,1,false,false,false,MAX_IT,500,130.397619,0.014903204954522591,0.0,false
LANCZOS3LS,6,0,2P_SAR0_PH1_ATR0_RRU0,false,1,true,false,false,MAX_IT,500,112.438751,0.0013349233861782717,0.0,false
LANCZOS3LS,6,0,2P_SAR0_PH1_ATR1_RRU0,false,1,true,true,false,MAX_IT,500,169.846265,0.011242701204611327,0.0,false
LANCZOS3LS,6,0,2P_SAR0_PH0_ATR0_RRU1,false,1,false,false,true,MAX_IT,500,132.869775,0.014903204954522591,0.0,false
LANCZOS3LS,6,0,2P_SAR0_PH1_ATR0_RRU1,false,1,true,false,true,MAX_IT,500,112.879578,0.0013349233861782717,0.0,false
LANCZOS3LS,6,0,2P_SAR0_PH1_ATR1_RRU1,false,1,true,true,true,MAX_IT,500,170.88034499999998,0.011242701204611327,0.0,false
LANCZOS3LS,6,0,BASE_2P,true,1,false,false,false,MAX_IT,500,87.951508,0.004092368147202799,0.0,true
LANCZOS3LS,6,0,2P_SAR1_PH1_ATR0_RRU0,true,1,true,false,false,MAX_IT,500,106.717189,0.0013349233861782717,0.0,false
LANCZOS3LS,6,0,2P_SAR1_PH1_ATR1_RRU0,true,1,true,true,false,MAX_IT,500,166.369723,0.011242701204611327,0.0,false
LANCZOS3LS,6,0,2P_SAR1_PH0_ATR0_RRU1,true,1,false,false,true,MAX_IT,500,92.152969,0.004092368147202799,0.0,false
LANCZOS3LS,6,0,2P_SAR1_PH1_ATR0_RRU1,true,1,true,false,true,MAX_IT,500,111.183647,0.0013349233861782717,0.0,false
LANCZOS3LS,6,0,2P_SAR1_PH1_ATR1_RRU1,true,1,true,true,true,MAX_IT,500,168.136268,0.011242701204611327,0.0,false
LCH,3000,1,2P_SAR0_PH0_ATR0_RRU0,false,1,false,false,false,MAX_IT,500,72722.38874200001,2.0808249460902633e6,7.3296523824161754,false
LCH,3000,1,2P_SAR0_PH1_ATR0_RRU0,false,1,true,false,false,MAX_IT,500,24228.692527,1.4327703295314966e6,8.668606420883767,false
LCH,3000,1,2P_SAR0_PH1_ATR1_RRU0,false,1,true,true,false,MAX_IT,500,40217.07974,889077.4242042039,1.0221947463610273,false
LCH,3000,1,2P_SAR0_PH0_ATR0_RRU1,false,1,false,false,true,MAX_IT,500,73915.767328,2.0808249460902633e6,7.3296523824161754,false
LCH,3000,1,2P_SAR0_PH1_ATR0_RRU1,false,1,true,false,true,MAX_IT,500,23926.597134,1.4327703295314966e6,8.668606420883767,false
LCH,3000,1,2P_SAR0_PH1_ATR1_RRU1,false,1,true,true,true,MAX_IT,500,40562.247053,889077.4242042039,1.0221947463610273,false
LCH,3000,1,BASE_2P,true,1,false,false,false,MAX_IT,500,21152.443389999997,122148.0844579231,2.5008497693496285,true
LCH,3000,1,2P_SAR1_PH1_ATR0_RRU0,true,1,true,false,false,MAX_IT,500,23923.886156999997,1.4327703295314966e6,8.668606420883767,false
LCH,3000,1,2P_SAR1_PH1_ATR1_RRU0,true,1,true,true,false,MAX_IT,500,41591.198382999995,889077.4242042039,1.0221947463610273,false
LCH,3000,1,2P_SAR1_PH0_ATR0_RRU1,true,1,false,false,true,MAX_IT,500,21157.839877000002,122148.0844579231,2.5008497693496285,false
LCH,3000,1,2P_SAR1_PH1_ATR0_RRU1,true,1,true,false,true,MAX_IT,500,23632.125051,1.4327703295314966e6,8.668606420883767,false
LCH,3000,1,2P_SAR1_PH1_ATR1_RRU1,true,1,true,true,true,MAX_IT,500,41212.509053,889077.4242042039,1.0221947463610273,false
LEVYMONT,100,0,2P_SAR0_PH0_ATR0_RRU0,false,1,false,false,false,SMALL_STEP,5,6.166001,154.9109158839867,0.0,false
LEVYMONT,100,0,2P_SAR0_PH1_ATR0_RRU0,false,1,true,false,false,SMALL_STEP,4,4.035647,154.91113838699943,0.0,false
LEVYMONT,100,0,2P_SAR0_PH1_ATR1_RRU0,false,1,true,true,false,KKT_OK,12,11.323212,154.88567830475665,0.0,false
LEVYMONT,100,0,2P_SAR0_PH0_ATR0_RRU1,false,1,false,false,true,SMALL_STEP,5,5.057353,154.9109158839867,0.0,false
LEVYMONT,100,0,2P_SAR0_PH1_ATR0_RRU1,false,1,true,false,true,SMALL_STEP,4,3.896587,154.91113838699943,0.0,false
LEVYMONT,100,0,2P_SAR0_PH1_ATR1_RRU1,false,1,true,true,true,KKT_OK,12,11.740513,154.88567830475665,0.0,false
LEVYMONT,100,0,BASE_2P,true,1,false,false,false,SMALL_STEP,4,4.522418999999999,154.91107622345965,0.0,true
LEVYMONT,100,0,2P_SAR1_PH1_ATR0_RRU0,true,1,true,false,false,SMALL_STEP,4,3.808872,154.91113838699943,0.0,false
LEVYMONT,100,0,2P_SAR1_PH1_ATR1_RRU0,true,1,true,true,false,KKT_OK,12,11.108989,154.88567830475665,0.0,false
LEVYMONT,100,0,2P_SAR1_PH0_ATR0_RRU1,true,1,false,false,true,SMALL_STEP,4,4.355347,154.91107622345965,0.0,false
LEVYMONT,100,0,2P_SAR1_PH1_ATR0_RRU1,true,1,true,false,true,SMALL_STEP,4,3.740433,154.91113838699943,0.0,false
LEVYMONT,100,0,2P_SAR1_PH1_ATR1_RRU1,true,1,true,true,true,KKT_OK,12,11.153073,154.88567830475665,0.0,false
LEVYMONT10,10,0,2P_SAR0_PH0_ATR0_RRU0,false,1,false,false,false,SMALL_STEP,157,44.382429,163.74990517241957,0.0,false
LEVYMONT10,10,0,2P_SAR0_PH1_ATR0_RRU0,false,1,true,false,false,SMALL_STEP,329,63.483494,163.7035671818752,0.0,false
LEVYMONT10,10,0,2P_SAR0_PH1_ATR1_RRU0,false,1,true,true,false,SMALL_STEP,48,16.746881000000002,163.71964907124206,0.0,false
LEVYMONT10,10,0,2P_SAR0_PH0_ATR0_RRU1,false,1,false,false,true,SMALL_STEP,157,44.05206,163.74990517241957,0.0,false
LEVYMONT10,10,0,2P_SAR0_PH1_ATR0_RRU1,false,1,true,false,true,SMALL_STEP,329,66.923344,163.7035671818752,0.0,false
LEVYMONT10,10,0,2P_SAR0_PH1_ATR1_RRU1,false,1,true,true,true,SMALL_STEP,48,17.848397,163.71964907124206,0.0,false
LEVYMONT10,10,0,BASE_2P,true,1,false,false,false,SMALL_STEP,136,28.451618,163.7501952329562,0.0,true
LEVYMONT10,10,0,2P_SAR1_PH1_ATR0_RRU0,true,1,true,false,false,SMALL_STEP,329,176.833541,163.7035671818752,0.0,false
LEVYMONT10,10,0,2P_SAR1_PH1_ATR1_RRU0,true,1,true,true,false,SMALL_STEP,48,15.80757,163.71964907124206,0.0,false
LEVYMONT10,10,0,2P_SAR1_PH0_ATR0_RRU1,true,1,false,false,true,SMALL_STEP,136,25.075457,163.7501952329562,0.0,false
LEVYMONT10,10,0,2P_SAR1_PH1_ATR0_RRU1,true,1,true,false,true,SMALL_STEP,329,59.542714,163.7035671818752,0.0,false
LEVYMONT10,10,0,2P_SAR1_PH1_ATR1_RRU1,true,1,true,true,true,SMALL_STEP,48,15.695199,163.71964907124206,0.0,false
LEVYMONT5,2,0,2P_SAR0_PH0_ATR0_RRU0,false,1,false,false,false,SMALL_STEP,15,6.0960399999999995,12.487063722175474,0.0,false
LEVYMONT5,2,0,2P_SAR0_PH1_ATR0_RRU0,false,1,true,false,false,KKT_OK,16,4.888055,12.48706371655878,0.0,false
LEVYMONT5,2,0,2P_SAR0_PH1_ATR1_RRU0,false,1,true,true,false,KKT_OK,24,8.986569999999999,12.48706371547881,0.0,false
LEVYMONT5,2,0,2P_SAR0_PH0_ATR0_RRU1,false,1,false,false,true,SMALL_STEP,15,5.3796870000000006,12.487063722175474,0.0,false
LEVYMONT5,2,0,2P_SAR0_PH1_ATR0_RRU1,false,1,true,false,true,KKT_OK,16,4.771677,12.48706371655878,0.0,false
LEVYMONT5,2,0,2P_SAR0_PH1_ATR1_RRU1,false,1,true,true,true,KKT_OK,24,8.964068000000001,12.48706371547881,0.0,false
LEVYMONT5,2,0,BASE_2P,true,1,false,false,false,SMALL_STEP,19,4.8458060000000005,12.4870645786675,0.0,true
LEVYMONT5,2,0,2P_SAR1_PH1_ATR0_RRU0,true,1,true,false,false,KKT_OK,16,4.7060640000000005,12.48706371655878,0.0,false
LEVYMONT5,2,0,2P_SAR1_PH1_ATR1_RRU0,true,1,true,true,false,KKT_OK,24,8.928792,12.48706371547881,0.0,false
LEVYMONT5,2,0,2P_SAR1_PH0_ATR0_RRU1,true,1,false,false,true,SMALL_STEP,19,5.051291,12.4870645786675,0.0,false
LEVYMONT5,2,0,2P_SAR1_PH1_ATR0_RRU1,true,1,true,false,true,KKT_OK,16,4.918302000000001,12.48706371655878,0.0,false
LEVYMONT5,2,0,2P_SAR1_PH1_ATR1_RRU1,true,1,true,true,true,KKT_OK,24,9.484754,12.48706371547881,0.0,false
LEVYMONT6,3,0,2P_SAR0_PH0_ATR0_RRU0,false,1,false,false,false,SMALL_STEP,15,6.032631,12.502860382333395,0.0,false
LEVYMONT6,3,0,2P_SAR0_PH1_ATR0_RRU0,false,1,true,false,false,SMALL_STEP,18,5.268108,12.502860261764102,0.0,false
LEVYMONT6,3,0,2P_SAR0_PH1_ATR1_RRU0,false,1,true,true,false,SMALL_STEP,36,12.702728,12.502873198318841,0.0,false
LEVYMONT6,3,0,2P_SAR0_PH0_ATR0_RRU1,false,1,false,false,true,SMALL_STEP,15,5.496396,12.502860382333395,0.0,false
LEVYMONT6,3,0,2P_SAR0_PH1_ATR0_RRU1,false,1,true,false,true,SMALL_STEP,18,5.01868,12.502860261764102,0.0,false
LEVYMONT6,3,0,2P_SAR0_PH1_ATR1_RRU1,false,1,true,true,true,SMALL_STEP,36,12.127079,12.502873198318841,0.0,false
LEVYMONT6,3,0,BASE_2P,true,1,false,false,false,SMALL_STEP,36,7.74369,12.502860618404412,0.0,true
LEVYMONT6,3,0,2P_SAR1_PH1_ATR0_RRU0,true,1,true,false,false,SMALL_STEP,18,4.945222,12.502860261764102,0.0,false
LEVYMONT6,3,0,2P_SAR1_PH1_ATR1_RRU0,true,1,true,true,false,SMALL_STEP,36,12.139923,12.502873198318841,0.0,false
LEVYMONT6,3,0,2P_SAR1_PH0_ATR0_RRU1,true,1,false,false,true,SMALL_STEP,36,7.751595,12.502860618404412,0.0,false
LEVYMONT6,3,0,2P_SAR1_PH1_ATR0_RRU1,true,1,true,false,true,SMALL_STEP,18,4.939802,12.502860261764102,0.0,false
LEVYMONT6,3,0,2P_SAR1_PH1_ATR1_RRU1,true,1,true,true,true,SMALL_STEP,36,12.1545,12.502873198318841,0.0,false
LEVYMONT7,4,0,2P_SAR0_PH0_ATR0_RRU0,false,1,false,false,false,KKT_OK,14,5.924467999999999,12.510759198060846,0.0,false
LEVYMONT7,4,0,2P_SAR0_PH1_ATR0_RRU0,false,1,true,false,false,KKT_OK,24,6.349696,12.510759222415409,0.0,false
LEVYMONT7,4,0,2P_SAR0_PH1_ATR1_RRU0,false,1,true,true,false,KKT_OK,44,14.9915,12.510759123388928,0.0,false
LEVYMONT7,4,0,2P_SAR0_PH0_ATR0_RRU1,false,1,false,false,true,KKT_OK,14,5.34937,12.510759198060846,0.0,false
LEVYMONT7,4,0,2P_SAR0_PH1_ATR0_RRU1,false,1,true,false,true,KKT_OK,24,6.29295,12.510759222415409,0.0,false
LEVYMONT7,4,0,2P_SAR0_PH1_ATR1_RRU1,false,1,true,true,true,KKT_OK,44,15.025763,12.510759123388928,0.0,false
LEVYMONT7,4,0,BASE_2P,true,1,false,false,false,SMALL_STEP,42,8.979086,12.510759404451537,0.0,true
LEVYMONT7,4,0,2P_SAR1_PH1_ATR0_RRU0,true,1,true,false,false,KKT_OK,24,6.3363,12.510759222415409,0.0,false
LEVYMONT7,4,0,2P_SAR1_PH1_ATR1_RRU0,true,1,true,true,false,KKT_OK,44,14.940324,12.510759123388928,0.0,false
LEVYMONT7,4,0,2P_SAR1_PH0_ATR0_RRU1,true,1,false,false,true,SMALL_STEP,42,11.037897,12.510759404451537,0.0,false
LEVYMONT7,4,0,2P_SAR1_PH1_ATR0_RRU1,true,1,true,false,true,KKT_OK,24,7.612995,12.510759222415409,0.0,false
LEVYMONT7,4,0,2P_SAR1_PH1_ATR1_RRU1,true,1,true,true,true,KKT_OK,44,15.840661999999998,12.510759123388928,0.0,false
LEVYMONT8,5,0,2P_SAR0_PH0_ATR0_RRU0,false,1,false,false,false,SMALL_STEP,159,40.78844,173.51844333944314,0.0,false
LEVYMONT8,5,0,2P_SAR0_PH1_ATR0_RRU0,false,1,true,false,false,SMALL_STEP,128,23.396539,173.49564199246885,0.0,false
LEVYMONT8,5,0,2P_SAR0_PH1_ATR1_RRU0,false,1,true,true,false,SMALL_STEP,56,17.372414,173.52473873455628,0.0,false
LEVYMONT8,5,0,2P_SAR0_PH0_ATR0_RRU1,false,1,false,false,true,SMALL_STEP,159,39.51259700000001,173.51844333944314,0.0,false
LEVYMONT8,5,0,2P_SAR0_PH1_ATR0_RRU1,false,1,true,false,true,SMALL_STEP,128,23.221391,173.49564199246885,0.0,false
LEVYMONT8,5,0,2P_SAR0_PH1_ATR1_RRU1,false,1,true,true,true,SMALL_STEP,56,17.982077,173.52473873455628,0.0,false
LEVYMONT8,5,0,BASE_2P,true,1,false,false,false,SMALL_STEP,190,33.928528,173.52005070859698,0.0,true
LEVYMONT8,5,0,2P_SAR1_PH1_ATR0_RRU0,true,1,true,false,false,SMALL_STEP,128,24.02615,173.49564199246885,0.0,false
LEVYMONT8,5,0,2P_SAR1_PH1_ATR1_RRU0,true,1,true,true,false,SMALL_STEP,56,18.073028,173.52473873455628,0.0,false
LEVYMONT8,5,0,2P_SAR1_PH0_ATR0_RRU1,true,1,false,false,true,SMALL_STEP,190,34.155102,173.52005070859698,0.0,false
LEVYMONT8,5,0,2P_SAR1_PH1_ATR0_RRU1,true,1,true,false,true,SMALL_STEP,128,24.00994,173.49564199246885,0.0,false
LEVYMONT8,5,0,2P_SAR1_PH1_ATR1_RRU1,true,1,true,true,true,SMALL_STEP,56,17.883533,173.52473873455628,0.0,false
LEVYMONT9,8,0,2P_SAR0_PH0_ATR0_RRU0,false,1,false,false,false,SMALL_STEP,167,44.527291,166.1890648309975,0.0,false
LEVYMONT9,8,0,2P_SAR0_PH1_ATR0_RRU0,false,1,true,false,false,SMALL_STEP,252,46.919284999999995,166.1504227922533,0.0,false
LEVYMONT9,8,0,2P_SAR0_PH1_ATR1_RRU0,false,1,true,true,false,SMALL_STEP,71,23.051923,166.16355525693425,0.0,false
LEVYMONT9,8,0,2P_SAR0_PH0_ATR0_RRU1,false,1,false,false,true,SMALL_STEP,167,44.317698,166.1890648309975,0.0,false
LEVYMONT9,8,0,2P_SAR0_PH1_ATR0_RRU1,false,1,true,false,true,SMALL_STEP,252,47.569826,166.1504227922533,0.0,false
LEVYMONT9,8,0,2P_SAR0_PH1_ATR1_RRU1,false,1,true,true,true,SMALL_STEP,71,23.342869,166.16355525693425,0.0,false
LEVYMONT9,8,0,BASE_2P,true,1,false,false,false,SMALL_STEP,158,30.029125999999998,166.188436803891,0.0,true
LEVYMONT9,8,0,2P_SAR1_PH1_ATR0_RRU0,true,1,true,false,false,SMALL_STEP,252,47.392913,166.1504227922533,0.0,false
LEVYMONT9,8,0,2P_SAR1_PH1_ATR1_RRU0,true,1,true,true,false,SMALL_STEP,71,23.461461,166.16355525693425,0.0,false
LEVYMONT9,8,0,2P_SAR1_PH0_ATR0_RRU1,true,1,false,false,true,SMALL_STEP,158,30.039796,166.188436803891,0.0,false
LEVYMONT9,8,0,2P_SAR1_PH1_ATR0_RRU1,true,1,true,false,true,SMALL_STEP,252,47.763768999999996,166.1504227922533,0.0,false
LEVYMONT9,8,0,2P_SAR1_PH1_ATR1_RRU1,true,1,true,true,true,SMALL_STEP,71,23.504592000000002,166.16355525693425,0.0,false
LIARWHD,5000,0,2P_SAR0_PH0_ATR0_RRU0,false,1,false,false,false,MAX_IT,500,6144.145247,15.49781382083403,0.0,false
LIARWHD,5000,0,2P_SAR0_PH1_ATR0_RRU0,false,1,true,false,false,MAX_IT,500,4922.744837,391.78627713773375,0.0,false
LIARWHD,5000,0,2P_SAR0_PH1_ATR1_RRU0,false,1,true,true,false,MAX_IT,500,7375.078491,0.031828844942726545,0.0,false
LIARWHD,5000,0,2P_SAR0_PH0_ATR0_RRU1,false,1,false,false,true,MAX_IT,500,5801.352479,15.49781382083403,0.0,false
LIARWHD,5000,0,2P_SAR0_PH1_ATR0_RRU1,false,1,true,false,true,MAX_IT,500,4936.131593,391.78627713773375,0.0,false
LIARWHD,5000,0,2P_SAR0_PH1_ATR1_RRU1,false,1,true,true,true,MAX_IT,500,7407.79881,0.031828844942726545,0.0,false
LIARWHD,5000,0,BASE_2P,true,1,false,false,false,MAX_IT,500,3961.092884,3223.6082674705667,0.0,true
LIARWHD,5000,0,2P_SAR1_PH1_ATR0_RRU0,true,1,true,false,false,MAX_IT,500,5066.849912000001,391.78627713773375,0.0,false
LIARWHD,5000,0,2P_SAR1_PH1_ATR1_RRU0,true,1,true,true,false,MAX_IT,500,7369.671532,0.031828844942726545,0.0,false
LIARWHD,5000,0,2P_SAR1_PH0_ATR0_RRU1,true,1,false,false,true,MAX_IT,500,3951.8503140000003,3223.6082674705667,0.0,false
LIARWHD,5000,0,2P_SAR1_PH1_ATR0_RRU1,true,1,true,false,true,MAX_IT,500,4921.4207590000005,391.78627713773375,0.0,false
LIARWHD,5000,0,2P_SAR1_PH1_ATR1_RRU1,true,1,true,true,true,MAX_IT,500,7467.759632,0.031828844942726545,0.0,false
LINVERSE,1999,0,2P_SAR0_PH0_ATR0_RRU0,false,1,false,false,false,KKT_OK,73,336.75673,681.5441933535591,0.0,false
LINVERSE,1999,0,2P_SAR0_PH1_ATR0_RRU0,false,1,true,false,false,KKT_OK,114,372.992952,681.0944308380381,0.0,false
LINVERSE,1999,0,2P_SAR0_PH1_ATR1_RRU0,false,1,true,true,false,KKT_OK,60,387.193163,681.4223303710986,0.0,false
LINVERSE,1999,0,2P_SAR0_PH0_ATR0_RRU1,false,1,false,false,true,KKT_OK,73,328.954658,681.5441933535591,0.0,false
LINVERSE,1999,0,2P_SAR0_PH1_ATR0_RRU1,false,1,true,false,true,KKT_OK,114,370.285055,681.0944308380381,0.0,false
LINVERSE,1999,0,2P_SAR0_PH1_ATR1_RRU1,false,1,true,true,true,KKT_OK,60,377.851339,681.4223303710986,0.0,false
LINVERSE,1999,0,BASE_2P,true,1,false,false,false,KKT_OK,65,233.123214,681.0360920049724,0.0,true
LINVERSE,1999,0,2P_SAR1_PH1_ATR0_RRU0,true,1,true,false,false,KKT_OK,114,378.754575,681.0944308380381,0.0,false
LINVERSE,1999,0,2P_SAR1_PH1_ATR1_RRU0,true,1,true,true,false,KKT_OK,60,384.02223499999997,681.4223303710986,0.0,false
LINVERSE,1999,0,2P_SAR1_PH0_ATR0_RRU1,true,1,false,false,true,KKT_OK,65,195.09389199999998,681.0360920049724,0.0,false
LINVERSE,1999,0,2P_SAR1_PH1_ATR0_RRU1,true,1,true,false,true,KKT_OK,114,371.44459,681.0944308380381,0.0,false
LINVERSE,1999,0,2P_SAR1_PH1_ATR1_RRU1,true,1,true,true,true,KKT_OK,60,381.716124,681.4223303710986,0.0,false
LMINSURF,5625,0,2P_SAR0_PH0_ATR0_RRU0,false,1,false,false,false,KKT_OK,0,15.189437999999999,28.458330865835094,0.0,false
LMINSURF,5625,0,2P_SAR0_PH1_ATR0_RRU0,false,1,true,false,false,KKT_OK,0,16.329977999999997,28.458330865835094,0.0,false
LMINSURF,5625,0,2P_SAR0_PH1_ATR1_RRU0,false,1,true,true,false,KKT_OK,0,16.421549,28.458330865835094,0.0,false
LMINSURF,5625,0,2P_SAR0_PH0_ATR0_RRU1,false,1,false,false,true,KKT_OK,0,67.860527,28.458330865835094,0.0,false
LMINSURF,5625,0,2P_SAR0_PH1_ATR0_RRU1,false,1,true,false,true,KKT_OK,0,10.727675000000001,28.458330865835094,0.0,false
LMINSURF,5625,0,2P_SAR0_PH1_ATR1_RRU1,false,1,true,true,true,KKT_OK,0,10.761448,28.458330865835094,0.0,false
LMINSURF,5625,0,BASE_2P,true,1,false,false,false,KKT_OK,0,11.576259,28.458330865835094,0.0,true
LMINSURF,5625,0,2P_SAR1_PH1_ATR0_RRU0,true,1,true,false,false,KKT_OK,0,13.388914999999999,28.458330865835094,0.0,false
LMINSURF,5625,0,2P_SAR1_PH1_ATR1_RRU0,true,1,true,true,false,KKT_OK,0,14.777158,28.458330865835094,0.0,false
LMINSURF,5625,0,2P_SAR1_PH0_ATR0_RRU1,true,1,false,false,true,KKT_OK,0,16.007035,28.458330865835094,0.0,false
LMINSURF,5625,0,2P_SAR1_PH1_ATR0_RRU1,true,1,true,false,true,KKT_OK,0,16.251451,28.458330865835094,0.0,false
LMINSURF,5625,0,2P_SAR1_PH1_ATR1_RRU1,true,1,true,true,true,KKT_OK,0,16.616553,28.458330865835094,0.0,false
LOGHAIRY,2,0,2P_SAR0_PH0_ATR0_RRU0,false,1,false,false,false,KKT_OK,0,1.1520219999999999,6.552519791934271,0.0,false
LOGHAIRY,2,0,2P_SAR0_PH1_ATR0_RRU0,false,1,true,false,false,KKT_OK,0,0.583901,6.552519791934271,0.0,false
LOGHAIRY,2,0,2P_SAR0_PH1_ATR1_RRU0,false,1,true,true,false,KKT_OK,0,0.59396,6.552519791934271,0.0,false
LOGHAIRY,2,0,2P_SAR0_PH0_ATR0_RRU1,false,1,false,false,true,KKT_OK,0,0.590563,6.552519791934271,0.0,false
LOGHAIRY,2,0,2P_SAR0_PH1_ATR0_RRU1,false,1,true,false,true,KKT_OK,0,0.558624,6.552519791934271,0.0,false
LOGHAIRY,2,0,2P_SAR0_PH1_ATR1_RRU1,false,1,true,true,true,KKT_OK,0,0.57796,6.552519791934271,0.0,false
LOGHAIRY,2,0,BASE_2P,true,1,false,false,false,KKT_OK,0,0.547072,6.552519791934271,0.0,true
LOGHAIRY,2,0,2P_SAR1_PH1_ATR0_RRU0,true,1,true,false,false,KKT_OK,0,0.5348590000000001,6.552519791934271,0.0,false
LOGHAIRY,2,0,2P_SAR1_PH1_ATR1_RRU0,true,1,true,true,false,KKT_OK,0,0.53512,6.552519791934271,0.0,false
LOGHAIRY,2,0,2P_SAR1_PH0_ATR0_RRU1,true,1,false,false,true,KKT_OK,0,0.541501,6.552519791934271,0.0,false
LOGHAIRY,2,0,2P_SAR1_PH1_ATR0_RRU1,true,1,true,false,true,KKT_OK,0,0.571758,6.552519791934271,0.0,false
LOGHAIRY,2,0,2P_SAR1_PH1_ATR1_RRU1,true,1,true,true,true,KKT_OK,0,0.54594,6.552519791934271,0.0,false
LOGROS,2,0,2P_SAR0_PH0_ATR0_RRU0,false,1,false,false,false,SMALL_STEP,11,5.079961,0.13618609796655415,0.0,false
LOGROS,2,0,2P_SAR0_PH1_ATR0_RRU0,false,1,true,false,false,SMALL_STEP,10,4.0267230000000005,0.13615339205021068,0.0,false
LOGROS,2,0,2P_SAR0_PH1_ATR1_RRU0,false,1,true,true,false,SMALL_STEP,17,8.385026,0.1727063123217626,0.0,false
LOGROS,2,0,2P_SAR0_PH0_ATR0_RRU1,false,1,false,false,true,SMALL_STEP,11,4.403898,0.13618609796655415,0.0,false
LOGROS,2,0,2P_SAR0_PH1_ATR0_RRU1,false,1,true,false,true,SMALL_STEP,10,3.9437789999999997,0.13615339205021068,0.0,false
LOGROS,2,0,2P_SAR0_PH1_ATR1_RRU1,false,1,true,true,true,SMALL_STEP,17,8.406225999999998,0.1727063123217626,0.0,false
LOGROS,2,0,BASE_2P,true,1,false,false,false,SMALL_STEP,13,3.992168,0.13617191314487964,0.0,true
LOGROS,2,0,2P_SAR1_PH1_ATR0_RRU0,true,1,true,false,false,SMALL_STEP,10,3.9263559999999997,0.13615339205021068,0.0,false
LOGROS,2,0,2P_SAR1_PH1_ATR1_RRU0,true,1,true,true,false,SMALL_STEP,17,8.270021,0.1727063123217626,0.0,false
LOGROS,2,0,2P_SAR1_PH0_ATR0_RRU1,true,1,false,false,true,SMALL_STEP,13,4.590647,0.13617191314487964,0.0,false
LOGROS,2,0,2P_SAR1_PH1_ATR0_RRU1,true,1,true,false,true,SMALL_STEP,10,3.821881,0.13615339205021068,0.0,false
LOGROS,2,0,2P_SAR1_PH1_ATR1_RRU1,true,1,true,true,true,SMALL_STEP,17,8.046253,0.1727063123217626,0.0,false
LRA9A,123,0,2P_SAR0_PH0_ATR0_RRU0,false,1,false,false,false,KKT_OK,10,80.164979,0.4149457980827715,0.0,false
LRA9A,123,0,2P_SAR0_PH1_ATR0_RRU0,false,1,true,false,false,KKT_OK,11,85.93218399999999,0.41070109055193577,0.0,false
LRA9A,123,0,2P_SAR0_PH1_ATR1_RRU0,false,1,true,true,false,KKT_OK,21,205.356283,0.4203738556444504,0.0,false
LRA9A,123,0,2P_SAR0_PH0_ATR0_RRU1,false,1,false,false,true,KKT_OK,10,79.461845,0.4149457980827715,0.0,false
LRA9A,123,0,2P_SAR0_PH1_ATR0_RRU1,false,1,true,false,true,KKT_OK,11,85.710311,0.41070109055193577,0.0,false
LRA9A,123,0,2P_SAR0_PH1_ATR1_RRU1,false,1,true,true,true,KKT_OK,21,204.634958,0.4203738556444504,0.0,false
LRA9A,123,0,BASE_2P,true,1,false,false,false,KKT_OK,16,108.468613,0.41887470223177337,0.0,true
LRA9A,123,0,2P_SAR1_PH1_ATR0_RRU0,true,1,true,false,false,KKT_OK,11,86.573364,0.41070109055193577,0.0,false
LRA9A,123,0,2P_SAR1_PH1_ATR1_RRU0,true,1,true,true,false,KKT_OK,21,206.263875,0.4203738556444504,0.0,false
LRA9A,123,0,2P_SAR1_PH0_ATR0_RRU1,true,1,false,false,true,KKT_OK,16,108.368858,0.41887470223177337,0.0,false
LRA9A,123,0,2P_SAR1_PH1_ATR0_RRU1,true,1,true,false,true,KKT_OK,11,86.499617,0.41070109055193577,0.0,false
LRA9A,123,0,2P_SAR1_PH1_ATR1_RRU1,true,1,true,true,true,KKT_OK,21,207.51759,0.4203738556444504,0.0,false
LRIJCNN1,22,0,2P_SAR0_PH0_ATR0_RRU0,false,1,false,false,false,KKT_OK,9,101.67439,0.3529552829545169,0.0,false
LRIJCNN1,22,0,2P_SAR0_PH1_ATR0_RRU0,false,1,true,false,false,KKT_OK,8,82.896852,0.3662989591941173,0.0,false
LRIJCNN1,22,0,2P_SAR0_PH1_ATR1_RRU0,false,1,true,true,false,KKT_OK,9,100.06864999999999,0.35693272866025544,0.0,false
LRIJCNN1,22,0,2P_SAR0_PH0_ATR0_RRU1,false,1,false,false,true,KKT_OK,9,99.740737,0.3529552829545169,0.0,false
LRIJCNN1,22,0,2P_SAR0_PH1_ATR0_RRU1,false,1,true,false,true,KKT_OK,8,83.032195,0.3662989591941173,0.0,false
LRIJCNN1,22,0,2P_SAR0_PH1_ATR1_RRU1,false,1,true,true,true,KKT_OK,9,100.254628,0.35693272866025544,0.0,false
LRIJCNN1,22,0,BASE_2P,true,1,false,false,false,KKT_OK,24,220.01331299999998,0.38621622120357924,0.0,true
LRIJCNN1,22,0,2P_SAR1_PH1_ATR0_RRU0,true,1,true,false,false,KKT_OK,8,83.03032400000001,0.3662989591941173,0.0,false
LRIJCNN1,22,0,2P_SAR1_PH1_ATR1_RRU0,true,1,true,true,false,KKT_OK,9,99.957524,0.35693272866025544,0.0,false
LRIJCNN1,22,0,2P_SAR1_PH0_ATR0_RRU1,true,1,false,false,true,KKT_OK,24,219.81291099999999,0.38621622120357924,0.0,false
LRIJCNN1,22,0,2P_SAR1_PH1_ATR0_RRU1,true,1,true,false,true,KKT_OK,8,83.22062,0.3662989591941173,0.0,false
LRIJCNN1,22,0,2P_SAR1_PH1_ATR1_RRU1,true,1,true,true,true,KKT_OK,9,102.365074,0.35693272866025544,0.0,false
LRW1A,300,0,2P_SAR0_PH0_ATR0_RRU0,false,1,false,false,false,KKT_OK,9,15.306715,0.29359784770587205,0.0,false
LRW1A,300,0,2P_SAR0_PH1_ATR0_RRU0,false,1,true,false,false,KKT_OK,10,14.438122,0.29147888232493363,0.0,false
LRW1A,300,0,2P_SAR0_PH1_ATR1_RRU0,false,1,true,true,false,KKT_OK,11,22.312207,0.29217600071105376,0.0,false
LRW1A,300,0,2P_SAR0_PH0_ATR0_RRU1,false,1,false,false,true,KKT_OK,9,14.732652,0.29359784770587205,0.0,false
LRW1A,300,0,2P_SAR0_PH1_ATR0_RRU1,false,1,true,false,true,KKT_OK,10,14.393949,0.29147888232493363,0.0,false
LRW1A,300,0,2P_SAR0_PH1_ATR1_RRU1,false,1,true,true,true,KKT_OK,11,22.30295,0.29217600071105376,0.0,false
LRW1A,300,0,BASE_2P,true,1,false,false,false,KKT_OK,15,19.193649,0.2967864795599132,0.0,true
LRW1A,300,0,2P_SAR1_PH1_ATR0_RRU0,true,1,true,false,false,KKT_OK,10,15.67332,0.29147888232493363,0.0,false
LRW1A,300,0,2P_SAR1_PH1_ATR1_RRU0,true,1,true,true,false,KKT_OK,11,24.28824,0.29217600071105376,0.0,false
LRW1A,300,0,2P_SAR1_PH0_ATR0_RRU1,true,1,false,false,true,KKT_OK,15,19.362675,0.2967864795599132,0.0,false
LRW1A,300,0,2P_SAR1_PH1_ATR0_RRU1,true,1,true,false,true,KKT_OK,10,15.274105,0.29147888232493363,0.0,false
LRW1A,300,0,2P_SAR1_PH1_ATR1_RRU1,true,1,true,true,true,KKT_OK,11,24.358712,0.29217600071105376,0.0,false
LRW8A,300,0,2P_SAR0_PH0_ATR0_RRU0,false,1,false,false,false,KKT_OK,11,164.50947399999998,2.56649187338741,0.0,false
LRW8A,300,0,2P_SAR0_PH1_ATR0_RRU0,false,1,true,false,false,KKT_OK,10,139.756344,2.5884597768586213,0.0,false
LRW8A,300,0,2P_SAR0_PH1_ATR1_RRU0,false,1,true,true,false,KKT_OK,13,239.89740500000002,2.5741309256332108,0.0,false
LRW8A,300,0,2P_SAR0_PH0_ATR0_RRU1,false,1,false,false,true,KKT_OK,11,163.693011,2.56649187338741,0.0,false
LRW8A,300,0,2P_SAR0_PH1_ATR0_RRU1,false,1,true,false,true,KKT_OK,10,140.48743299999998,2.5884597768586213,0.0,false
LRW8A,300,0,2P_SAR0_PH1_ATR1_RRU1,false,1,true,true,true,KKT_OK,13,241.46513,2.5741309256332108,0.0,false
LRW8A,300,0,BASE_2P,true,1,false,false,false,KKT_OK,14,180.398053,2.6134449295606244,0.0,true
LRW8A,300,0,2P_SAR1_PH1_ATR0_RRU0,true,1,true,false,false,KKT_OK,10,139.68254199999998,2.5884597768586213,0.0,false
LRW8A,300,0,2P_SAR1_PH1_ATR1_RRU0,true,1,true,true,false,KKT_OK,13,241.040319,2.5741309256332108,0.0,false
LRW8A,300,0,2P_SAR1_PH0_ATR0_RRU1,true,1,false,false,true,KKT_OK,14,179.921756,2.6134449295606244,0.0,false
LRW8A,300,0,2P_SAR1_PH1_ATR0_RRU1,true,1,true,false,true,KKT_OK,10,139.577348,2.5884597768586213,0.0,false
LRW8A,300,0,2P_SAR1_PH1_ATR1_RRU1,true,1,true,true,true,KKT_OK,13,240.409014,2.5741309256332108,0.0,false
LSC1LS,3,0,2P_SAR0_PH0_ATR0_RRU0,false,1,false,false,false,MAX_IT,500,122.444941,1331.7000369260559,0.0,false
LSC1LS,3,0,2P_SAR0_PH1_ATR0_RRU0,false,1,true,false,false,MAX_IT,500,100.96706499999999,1389.9654515390223,0.0,false
LSC1LS,3,0,2P_SAR0_PH1_ATR1_RRU0,false,1,true,true,false,MAX_IT,500,142.36680900000002,1094.8210500296068,0.0,false
LSC1LS,3,0,2P_SAR0_PH0_ATR0_RRU1,false,1,false,false,true,MAX_IT,500,124.71190899999999,1331.7000369260559,0.0,false
LSC1LS,3,0,2P_SAR0_PH1_ATR0_RRU1,false,1,true,false,true,MAX_IT,500,104.88485899999999,1389.9654515390223,0.0,false
LSC1LS,3,0,2P_SAR0_PH1_ATR1_RRU1,false,1,true,true,true,MAX_IT,500,146.86109,1094.8210500296068,0.0,false
LSC1LS,3,0,BASE_2P,true,1,false,false,false,MAX_IT,500,93.394852,2062.803633547913,0.0,true
LSC1LS,3,0,2P_SAR1_PH1_ATR0_RRU0,true,1,true,false,false,MAX_IT,500,111.86657899999999,1389.9654515390223,0.0,false
LSC1LS,3,0,2P_SAR1_PH1_ATR1_RRU0,true,1,true,true,false,MAX_IT,500,155.96438700000002,1094.8210500296068,0.0,false
LSC1LS,3,0,2P_SAR1_PH0_ATR0_RRU1,true,1,false,false,true,MAX_IT,500,93.824115,2062.803633547913,0.0,false
LSC1LS,3,0,2P_SAR1_PH1_ATR0_RRU1,true,1,true,false,true,MAX_IT,500,99.594441,1389.9654515390223,0.0,false
LSC1LS,3,0,2P_SAR1_PH1_ATR1_RRU1,true,1,true,true,true,MAX_IT,500,138.713793,1094.8210500296068,0.0,false
LSC2LS,3,0,2P_SAR0_PH0_ATR0_RRU0,false,1,false,false,false,MAX_IT,500,123.917679,16.27412348062687,0.0,false
LSC2LS,3,0,2P_SAR0_PH1_ATR0_RRU0,false,1,true,false,false,MAX_IT,500,109.55963100000001,16.825144965218627,0.0,false
LSC2LS,3,0,2P_SAR0_PH1_ATR1_RRU0,false,1,true,true,false,MAX_IT,500,158.726274,16.599777665152942,0.0,false
LSC2LS,3,0,2P_SAR0_PH0_ATR0_RRU1,false,1,false,false,true,MAX_IT,500,125.73906400000001,16.27412348062687,0.0,false
LSC2LS,3,0,2P_SAR0_PH1_ATR0_RRU1,false,1,true,false,true,MAX_IT,500,109.81824499999999,16.825144965218627,0.0,false
LSC2LS,3,0,2P_SAR0_PH1_ATR1_RRU1,false,1,true,true,true,MAX_IT,500,159.035864,16.599777665152942,0.0,false
LSC2LS,3,0,BASE_2P,true,1,false,false,false,MAX_IT,500,87.67237899999999,41625.47072314146,0.0,true
LSC2LS,3,0,2P_SAR1_PH1_ATR0_RRU0,true,1,true,false,false,MAX_IT,500,110.229654,16.825144965218627,0.0,false
LSC2LS,3,0,2P_SAR1_PH1_ATR1_RRU0,true,1,true,true,false,MAX_IT,500,151.45812999999998,16.599777665152942,0.0,false
LSC2LS,3,0,2P_SAR1_PH0_ATR0_RRU1,true,1,false,false,true,MAX_IT,500,82.190804,41625.47072314146,0.0,false
LSC2LS,3,0,2P_SAR1_PH1_ATR0_RRU1,true,1,true,false,true,MAX_IT,500,104.287879,16.825144965218627,0.0,false
LSC2LS,3,0,2P_SAR1_PH1_ATR1_RRU1,true,1,true,true,true,MAX_IT,500,151.399542,16.599777665152942,0.0,false
LSQFIT,2,1,2P_SAR0_PH0_ATR0_RRU0,false,1,false,false,false,SMALL_STEP,17,8.154072,0.03378698787880552,8.326672684688674e-17,false
LSQFIT,2,1,2P_SAR0_PH1_ATR0_RRU0,false,1,true,false,false,SMALL_STEP,10,5.761459,0.03378698787878789,0.0,false
LSQFIT,2,1,2P_SAR0_PH1_ATR1_RRU0,false,1,true,true,false,SMALL_STEP,9,8.197033,0.03378698787878788,8.326672684688674e-17,false
LSQFIT,2,1,2P_SAR0_PH0_ATR0_RRU1,false,1,false,false,true,SMALL_STEP,17,7.415381,0.03378698787880552,8.326672684688674e-17,false
LSQFIT,2,1,2P_SAR0_PH1_ATR0_RRU1,false,1,true,false,true,SMALL_STEP,10,5.851087,0.03378698787878789,0.0,false
LSQFIT,2,1,2P_SAR0_PH1_ATR1_RRU1,false,1,true,true,true,SMALL_STEP,9,8.183758,0.03378698787878788,8.326672684688674e-17,false
LSQFIT,2,1,BASE_2P,true,1,false,false,false,SMALL_STEP,14,5.550305,0.033786987881094195,1.3877787807814457e-16,true
LSQFIT,2,1,2P_SAR1_PH1_ATR0_RRU0,true,1,true,false,false,SMALL_STEP,10,5.763993999999999,0.03378698787878789,0.0,false
LSQFIT,2,1,2P_SAR1_PH1_ATR1_RRU0,true,1,true,true,false,SMALL_STEP,9,8.223540999999999,0.03378698787878788,8.326672684688674e-17,false
LSQFIT,2,1,2P_SAR1_PH0_ATR0_RRU1,true,1,false,false,true,SMALL_STEP,14,5.555064,0.033786987881094195,1.3877787807814457e-16,false
LSQFIT,2,1,2P_SAR1_PH1_ATR0_RRU1,true,1,true,false,true,SMALL_STEP,10,5.843293,0.03378698787878789,0.0,false
LSQFIT,2,1,2P_SAR1_PH1_ATR1_RRU1,true,1,true,true,true,SMALL_STEP,9,8.159422,0.03378698787878788,8.326672684688674e-17,false
LUKSAN11LS,100,0,2P_SAR0_PH0_ATR0_RRU0,false,1,false,false,false,MAX_IT,500,238.860484,387.16655207796356,0.0,false
LUKSAN11LS,100,0,2P_SAR0_PH1_ATR0_RRU0,false,1,true,false,false,MAX_IT,500,152.600091,384.60270652676655,0.0,false
LUKSAN11LS,100,0,2P_SAR0_PH1_ATR1_RRU0,false,1,true,true,false,MAX_IT,500,276.972027,374.2104760327624,0.0,false
LUKSAN11LS,100,0,2P_SAR0_PH0_ATR0_RRU1,false,1,false,false,true,MAX_IT,500,387.792093,387.16655207796356,0.0,false
LUKSAN11LS,100,0,2P_SAR0_PH1_ATR0_RRU1,false,1,true,false,true,MAX_IT,500,162.77334,384.60270652676655,0.0,false
LUKSAN11LS,100,0,2P_SAR0_PH1_ATR1_RRU1,false,1,true,true,true,MAX_IT,500,286.972486,374.2104760327624,0.0,false
LUKSAN11LS,100,0,BASE_2P,true,1,false,false,false,MAX_IT,500,154.221978,389.1901399181031,0.0,true
LUKSAN11LS,100,0,2P_SAR1_PH1_ATR0_RRU0,true,1,true,false,false,MAX_IT,500,167.00313,384.60270652676655,0.0,false
LUKSAN11LS,100,0,2P_SAR1_PH1_ATR1_RRU0,true,1,true,true,false,MAX_IT,500,289.700169,374.2104760327624,0.0,false
LUKSAN11LS,100,0,2P_SAR1_PH0_ATR0_RRU1,true,1,false,false,true,MAX_IT,500,154.101354,389.1901399181031,0.0,false
LUKSAN11LS,100,0,2P_SAR1_PH1_ATR0_RRU1,true,1,true,false,true,MAX_IT,500,167.195662,384.60270652676655,0.0,false
LUKSAN11LS,100,0,2P_SAR1_PH1_ATR1_RRU1,true,1,true,true,true,MAX_IT,500,286.454035,374.2104760327624,0.0,false
LUKSAN12LS,98,0,2P_SAR0_PH0_ATR0_RRU0,false,1,false,false,false,MAX_IT,500,210.037347,4319.4803302337605,0.0,false
LUKSAN12LS,98,0,2P_SAR0_PH1_ATR0_RRU0,false,1,true,false,false,MAX_IT,500,203.599282,4324.480526298051,0.0,false
LUKSAN12LS,98,0,2P_SAR0_PH1_ATR1_RRU0,false,1,true,true,false,MAX_IT,500,317.18845400000004,4344.994812209613,0.0,false
LUKSAN12LS,98,0,2P_SAR0_PH0_ATR0_RRU1,false,1,false,false,true,MAX_IT,500,232.155407,4319.4803302337605,0.0,false
LUKSAN12LS,98,0,2P_SAR0_PH1_ATR0_RRU1,false,1,true,false,true,MAX_IT,500,204.841157,4324.480526298051,0.0,false
LUKSAN12LS,98,0,2P_SAR0_PH1_ATR1_RRU1,false,1,true,true,true,MAX_IT,500,429.84594999999996,4344.994812209613,0.0,false
LUKSAN12LS,98,0,BASE_2P,true,1,false,false,false,MAX_IT,500,168.17654000000002,4384.8188622546195,0.0,true
LUKSAN12LS,98,0,2P_SAR1_PH1_ATR0_RRU0,true,1,true,false,false,MAX_IT,500,204.299427,4324.480526298051,0.0,false
LUKSAN12LS,98,0,2P_SAR1_PH1_ATR1_RRU0,true,1,true,true,false,MAX_IT,500,298.099311,4344.994812209613,0.0,false
LUKSAN12LS,98,0,2P_SAR1_PH0_ATR0_RRU1,true,1,false,false,true,MAX_IT,500,168.146226,4384.8188622546195,0.0,false
LUKSAN12LS,98,0,2P_SAR1_PH1_ATR0_RRU1,true,1,true,false,true,MAX_IT,500,204.197681,4324.480526298051,0.0,false
LUKSAN12LS,98,0,2P_SAR1_PH1_ATR1_RRU1,true,1,true,true,true,MAX_IT,500,299.748618,4344.994812209613,0.0,false
LUKSAN13LS,98,0,2P_SAR0_PH0_ATR0_RRU0,false,1,false,false,false,MAX_IT,500,242.619829,25252.072783898842,0.0,false
LUKSAN13LS,98,0,2P_SAR0_PH1_ATR0_RRU0,false,1,true,false,false,MAX_IT,500,175.893829,25260.19431401417,0.0,false
LUKSAN13LS,98,0,2P_SAR0_PH1_ATR1_RRU0,false,1,true,true,false,MAX_IT,500,279.858238,25215.166656124722,0.0,false
LUKSAN13LS,98,0,2P_SAR0_PH0_ATR0_RRU1,false,1,false,false,true,MAX_IT,500,247.439975,25252.072783898842,0.0,false
LUKSAN13LS,98,0,2P_SAR0_PH1_ATR0_RRU1,false,1,true,false,true,MAX_IT,500,162.25537500000002,25260.19431401417,0.0,false
LUKSAN13LS,98,0,2P_SAR0_PH1_ATR1_RRU1,false,1,true,true,true,MAX_IT,500,299.909148,25215.166656124722,0.0,false
LUKSAN13LS,98,0,BASE_2P,true,1,false,false,false,MAX_IT,500,154.057671,25287.86081340342,0.0,true
LUKSAN13LS,98,0,2P_SAR1_PH1_ATR0_RRU0,true,1,true,false,false,MAX_IT,500,175.464462,25260.19431401417,0.0,false
LUKSAN13LS,98,0,2P_SAR1_PH1_ATR1_RRU0,true,1,true,true,false,MAX_IT,500,301.062299,25215.166656124722,0.0,false
LUKSAN13LS,98,0,2P_SAR1_PH0_ATR0_RRU1,true,1,false,false,true,MAX_IT,500,159.019791,25287.86081340342,0.0,false
LUKSAN13LS,98,0,2P_SAR1_PH1_ATR0_RRU1,true,1,true,false,true,MAX_IT,500,177.007388,25260.19431401417,0.0,false
LUKSAN13LS,98,0,2P_SAR1_PH1_ATR1_RRU1,true,1,true,true,true,MAX_IT,500,305.610317,25215.166656124722,0.0,false
LUKSAN14LS,98,0,2P_SAR0_PH0_ATR0_RRU0,false,1,false,false,false,MAX_IT,500,248.41814300000001,125.61157324140476,0.0,false
LUKSAN14LS,98,0,2P_SAR0_PH1_ATR0_RRU0,false,1,true,false,false,SMALL_STEP,188,63.159912,125.51694192441815,0.0,false
LUKSAN14LS,98,0,2P_SAR0_PH1_ATR1_RRU0,false,1,true,true,false,MAX_IT,500,289.72915,125.51649487751538,0.0,false
LUKSAN14LS,98,0,2P_SAR0_PH0_ATR0_RRU1,false,1,false,false,true,MAX_IT,500,225.78197699999998,125.61157324140476,0.0,false
LUKSAN14LS,98,0,2P_SAR0_PH1_ATR0_RRU1,false,1,true,false,true,SMALL_STEP,188,69.219061,125.51694192441815,0.0,false
LUKSAN14LS,98,0,2P_SAR0_PH1_ATR1_RRU1,false,1,true,true,true,MAX_IT,500,295.521072,125.51649487751538,0.0,false
LUKSAN14LS,98,0,BASE_2P,true,1,false,false,false,SMALL_STEP,297,91.979815,125.51946446725825,0.0,true
LUKSAN14LS,98,0,2P_SAR1_PH1_ATR0_RRU0,true,1,true,false,false,SMALL_STEP,188,69.076835,125.51694192441815,0.0,false
LUKSAN14LS,98,0,2P_SAR1_PH1_ATR1_RRU0,true,1,true,true,false,MAX_IT,500,297.002257,125.51649487751538,0.0,false
LUKSAN14LS,98,0,2P_SAR1_PH0_ATR0_RRU1,true,1,false,false,true,SMALL_STEP,297,92.924773,125.51946446725825,0.0,false
LUKSAN14LS,98,0,2P_SAR1_PH1_ATR0_RRU1,true,1,true,false,true,SMALL_STEP,188,69.243919,125.51694192441815,0.0,false
LUKSAN14LS,98,0,2P_SAR1_PH1_ATR1_RRU1,true,1,true,true,true,MAX_IT,500,257.32487999999995,125.51649487751538,0.0,false
LUKSAN15LS,100,0,2P_SAR0_PH0_ATR0_RRU0,false,1,false,false,false,SMALL_STEP,12,11.513516,3.569697052507413,0.0,false
LUKSAN15LS,100,0,2P_SAR0_PH1_ATR0_RRU0,false,1,true,false,false,KKT_OK,9,10.015856,3.569697049434412,0.0,false
LUKSAN15LS,100,0,2P_SAR0_PH1_ATR1_RRU0,false,1,true,true,false,SMALL_STEP,29,25.546373,3.570910517406853,0.0,false
LUKSAN15LS,100,0,2P_SAR0_PH0_ATR0_RRU1,false,1,false,false,true,SMALL_STEP,12,10.952026,3.569697052507413,0.0,false
LUKSAN15LS,100,0,2P_SAR0_PH1_ATR0_RRU1,false,1,true,false,true,KKT_OK,9,9.952587000000001,3.569697049434412,0.0,false
LUKSAN15LS,100,0,2P_SAR0_PH1_ATR1_RRU1,false,1,true,true,true,SMALL_STEP,29,25.111069,3.570910517406853,0.0,false
LUKSAN15LS,100,0,BASE_2P,true,1,false,false,false,SMALL_STEP,10,8.238223,3.569697660950648,0.0,true
LUKSAN15LS,100,0,2P_SAR1_PH1_ATR0_RRU0,true,1,true,false,false,KKT_OK,9,182.950475,3.569697049434412,0.0,false
LUKSAN15LS,100,0,2P_SAR1_PH1_ATR1_RRU0,true,1,true,true,false,SMALL_STEP,29,22.185038000000002,3.570910517406853,0.0,false
LUKSAN15LS,100,0,2P_SAR1_PH0_ATR0_RRU1,true,1,false,false,true,SMALL_STEP,10,7.756162,3.569697660950648,0.0,false
LUKSAN15LS,100,0,2P_SAR1_PH1_ATR0_RRU1,true,1,true,false,true,KKT_OK,9,8.978356,3.569697049434412,0.0,false
LUKSAN15LS,100,0,2P_SAR1_PH1_ATR1_RRU1,true,1,true,true,true,SMALL_STEP,29,22.348574,3.570910517406853,0.0,false
LUKSAN16LS,100,0,2P_SAR0_PH0_ATR0_RRU0,false,1,false,false,false,SMALL_STEP,41,24.258644999999998,3.7492997653520272,0.0,false
LUKSAN16LS,100,0,2P_SAR0_PH1_ATR0_RRU0,false,1,true,false,false,SMALL_STEP,42,20.387017,3.6468332835726818,0.0,false
LUKSAN16LS,100,0,2P_SAR0_PH1_ATR1_RRU0,false,1,true,true,false,SMALL_STEP,86,68.323893,3.5699442082060253,0.0,false
LUKSAN16LS,100,0,2P_SAR0_PH0_ATR0_RRU1,false,1,false,false,true,SMALL_STEP,41,25.115608,3.7492997653520272,0.0,false
LUKSAN16LS,100,0,2P_SAR0_PH1_ATR0_RRU1,false,1,true,false,true,SMALL_STEP,42,20.641623000000003,3.6468332835726818,0.0,false
LUKSAN16LS,100,0,2P_SAR0_PH1_ATR1_RRU1,false,1,true,true,true,SMALL_STEP,86,68.719332,3.5699442082060253,0.0,false
LUKSAN16LS,100,0,BASE_2P,true,1,false,false,false,SMALL_STEP,33,15.647726,3.6488656250640057,0.0,true
LUKSAN16LS,100,0,2P_SAR1_PH1_ATR0_RRU0,true,1,true,false,false,SMALL_STEP,42,20.574878000000002,3.6468332835726818,0.0,false
LUKSAN16LS,100,0,2P_SAR1_PH1_ATR1_RRU0,true,1,true,true,false,SMALL_STEP,86,69.081839,3.5699442082060253,0.0,false
LUKSAN16LS,100,0,2P_SAR1_PH0_ATR0_RRU1,true,1,false,false,true,SMALL_STEP,33,16.380606999999998,3.6488656250640057,0.0,false
LUKSAN16LS,100,0,2P_SAR1_PH1_ATR0_RRU1,true,1,true,false,true,SMALL_STEP,42,20.699711999999998,3.6468332835726818,0.0,false
LUKSAN16LS,100,0,2P_SAR1_PH1_ATR1_RRU1,true,1,true,true,true,SMALL_STEP,86,69.075127,3.5699442082060253,0.0,false
LUKSAN17LS,100,0,2P_SAR0_PH0_ATR0_RRU0,false,1,false,false,false,SMALL_STEP,273,179.182815,1.1890794670443658,0.0,false
LUKSAN17LS,100,0,2P_SAR0_PH1_ATR0_RRU0,false,1,true,false,false,SMALL_STEP,462,234.228514,0.5513707277775879,0.0,false
LUKSAN17LS,100,0,2P_SAR0_PH1_ATR1_RRU0,false,1,true,true,false,MAX_IT,500,399.118541,0.5237989447784984,0.0,false
LUKSAN17LS,100,0,2P_SAR0_PH0_ATR0_RRU1,false,1,false,false,true,SMALL_STEP,273,181.235818,1.1890794670443658,0.0,false
LUKSAN17LS,100,0,2P_SAR0_PH1_ATR0_RRU1,false,1,true,false,true,SMALL_STEP,462,236.27443300000002,0.5513707277775879,0.0,false
LUKSAN17LS,100,0,2P_SAR0_PH1_ATR1_RRU1,false,1,true,true,true,MAX_IT,500,419.156463,0.5237989447784984,0.0,false
LUKSAN17LS,100,0,BASE_2P,true,1,false,false,false,MAX_IT,500,242.57029,1.6817133370257398,0.0,true
LUKSAN17LS,100,0,2P_SAR1_PH1_ATR0_RRU0,true,1,true,false,false,SMALL_STEP,462,236.260714,0.5513707277775879,0.0,false
LUKSAN17LS,100,0,2P_SAR1_PH1_ATR1_RRU0,true,1,true,true,false,MAX_IT,500,429.266544,0.5237989447784984,0.0,false
LUKSAN17LS,100,0,2P_SAR1_PH0_ATR0_RRU1,true,1,false,false,true,MAX_IT,500,242.16483499999998,1.6817133370257398,0.0,false
LUKSAN17LS,100,0,2P_SAR1_PH1_ATR0_RRU1,true,1,true,false,true,SMALL_STEP,462,236.38731399999998,0.5513707277775879,0.0,false
LUKSAN17LS,100,0,2P_SAR1_PH1_ATR1_RRU1,true,1,true,true,true,MAX_IT,500,432.914935,0.5237989447784984,0.0,false
LUKSAN21LS,100,0,2P_SAR0_PH0_ATR0_RRU0,false,1,false,false,false,MAX_IT,500,221.525227,96.00969338128769,0.0,false
LUKSAN21LS,100,0,2P_SAR0_PH1_ATR0_RRU0,false,1,true,false,false,MAX_IT,500,193.164979,95.40078017919586,0.0,false
LUKSAN21LS,100,0,2P_SAR0_PH1_ATR1_RRU0,false,1,true,true,false,MAX_IT,500,302.12768,96.39053492133286,0.0,false
LUKSAN21LS,100,0,2P_SAR0_PH0_ATR0_RRU1,false,1,false,false,true,MAX_IT,500,228.286592,96.00969338128769,0.0,false
LUKSAN21LS,100,0,2P_SAR0_PH1_ATR0_RRU1,false,1,true,false,true,MAX_IT,500,198.562414,95.40078017919586,0.0,false
LUKSAN21LS,100,0,2P_SAR0_PH1_ATR1_RRU1,false,1,true,true,true,MAX_IT,500,270.034396,96.39053492133286,0.0,false
LUKSAN21LS,100,0,BASE_2P,true,1,false,false,false,MAX_IT,500,164.82965199999998,93.74525259653748,0.0,true
LUKSAN21LS,100,0,2P_SAR1_PH1_ATR0_RRU0,true,1,true,false,false,MAX_IT,500,197.838264,95.40078017919586,0.0,false
LUKSAN21LS,100,0,2P_SAR1_PH1_ATR1_RRU0,true,1,true,true,false,MAX_IT,500,290.298017,96.39053492133286,0.0,false
LUKSAN21LS,100,0,2P_SAR1_PH0_ATR0_RRU1,true,1,false,false,true,MAX_IT,500,166.09987,93.74525259653748,0.0,false
LUKSAN21LS,100,0,2P_SAR1_PH1_ATR0_RRU1,true,1,true,false,true,MAX_IT,500,197.96371,95.40078017919586,0.0,false
LUKSAN21LS,100,0,2P_SAR1_PH1_ATR1_RRU1,true,1,true,true,true,MAX_IT,500,292.58824500000003,96.39053492133286,0.0,false
LUKSAN22LC,100,0,2P_SAR0_PH0_ATR0_RRU0,false,1,false,false,false,MAX_IT,500,250.884605,874.0586774803556,0.0,false
LUKSAN22LC,100,0,2P_SAR0_PH1_ATR0_RRU0,false,1,true,false,false,MAX_IT,500,179.313296,874.103160898804,0.0,false
LUKSAN22LC,100,0,2P_SAR0_PH1_ATR1_RRU0,false,1,true,true,false,MAX_IT,500,280.510755,874.1925117428545,0.0,false
LUKSAN22LC,100,0,2P_SAR0_PH0_ATR0_RRU1,false,1,false,false,true,MAX_IT,500,254.937328,874.0586774803556,0.0,false
LUKSAN22LC,100,0,2P_SAR0_PH1_ATR0_RRU1,false,1,true,false,true,MAX_IT,500,308.22465900000003,874.103160898804,0.0,false
LUKSAN22LC,100,0,2P_SAR0_PH1_ATR1_RRU1,false,1,true,true,true,MAX_IT,500,296.920975,874.1925117428545,0.0,false
LUKSAN22LC,100,0,BASE_2P,true,1,false,false,false,MAX_IT,500,177.323519,874.1898271626344,0.0,true
LUKSAN22LC,100,0,2P_SAR1_PH1_ATR0_RRU0,true,1,true,false,false,MAX_IT,500,156.44418800000003,874.103160898804,0.0,false
LUKSAN22LC,100,0,2P_SAR1_PH1_ATR1_RRU0,true,1,true,true,false,MAX_IT,500,297.074275,874.1925117428545,0.0,false
LUKSAN22LC,100,0,2P_SAR1_PH0_ATR0_RRU1,true,1,false,false,true,MAX_IT,500,177.496735,874.1898271626344,0.0,false
LUKSAN22LC,100,0,2P_SAR1_PH1_ATR0_RRU1,true,1,true,false,true,MAX_IT,500,155.837065,874.103160898804,0.0,false
LUKSAN22LC,100,0,2P_SAR1_PH1_ATR1_RRU1,true,1,true,true,true,MAX_IT,500,297.229299,874.1925117428545,0.0,false
LUKSAN22LS,100,0,2P_SAR0_PH0_ATR0_RRU0,false,1,false,false,false,MAX_IT,500,259.438583,869.046212025898,0.0,false
LUKSAN22LS,100,0,2P_SAR0_PH1_ATR0_RRU0,false,1,true,false,false,MAX_IT,500,178.493878,869.3757402651075,0.0,false
LUKSAN22LS,100,0,2P_SAR0_PH1_ATR1_RRU0,false,1,true,true,false,MAX_IT,500,281.908694,869.2297621473112,0.0,false
LUKSAN22LS,100,0,2P_SAR0_PH0_ATR0_RRU1,false,1,false,false,true,MAX_IT,500,254.89820600000002,869.046212025898,0.0,false
LUKSAN22LS,100,0,2P_SAR0_PH1_ATR0_RRU1,false,1,true,false,true,MAX_IT,500,154.25518599999998,869.3757402651075,0.0,false
LUKSAN22LS,100,0,2P_SAR0_PH1_ATR1_RRU1,false,1,true,true,true,MAX_IT,500,300.675902,869.2297621473112,0.0,false
LUKSAN22LS,100,0,BASE_2P,true,1,false,false,false,MAX_IT,500,177.172432,869.1565387410346,0.0,true
LUKSAN22LS,100,0,2P_SAR1_PH1_ATR0_RRU0,true,1,true,false,false,MAX_IT,500,154.28852,869.3757402651075,0.0,false
LUKSAN22LS,100,0,2P_SAR1_PH1_ATR1_RRU0,true,1,true,true,false,MAX_IT,500,300.566782,869.2297621473112,0.0,false
LUKSAN22LS,100,0,2P_SAR1_PH0_ATR0_RRU1,true,1,false,false,true,MAX_IT,500,174.701184,869.1565387410346,0.0,false
LUKSAN22LS,100,0,2P_SAR1_PH1_ATR0_RRU1,true,1,true,false,true,MAX_IT,500,155.023327,869.3757402651075,0.0,false
LUKSAN22LS,100,0,2P_SAR1_PH1_ATR1_RRU1,true,1,true,true,true,MAX_IT,500,301.457231,869.2297621473112,0.0,false
MANCINO,100,0,2P_SAR0_PH0_ATR0_RRU0,false,1,false,false,false,SMALL_STEP,287,1052.513402,42.4638307395282,0.0,false
MANCINO,100,0,2P_SAR0_PH1_ATR0_RRU0,false,1,true,false,false,SMALL_STEP,47,166.18939799999998,0.4369886712684676,0.0,false
MANCINO,100,0,2P_SAR0_PH1_ATR1_RRU0,false,1,true,true,false,SMALL_STEP,67,285.143375,0.016674393435692495,0.0,false
MANCINO,100,0,2P_SAR0_PH0_ATR0_RRU1,false,1,false,false,true,SMALL_STEP,287,1048.830215,42.4638307395282,0.0,false
MANCINO,100,0,2P_SAR0_PH1_ATR0_RRU1,false,1,true,false,true,SMALL_STEP,47,164.890636,0.4369886712684676,0.0,false
MANCINO,100,0,2P_SAR0_PH1_ATR1_RRU1,false,1,true,true,true,SMALL_STEP,67,281.69872899999996,0.016674393435692495,0.0,false
MANCINO,100,0,BASE_2P,true,1,false,false,false,MAX_IT,500,1500.0056,4.2133397449849005e11,0.0,true
MANCINO,100,0,2P_SAR1_PH1_ATR0_RRU0,true,1,true,false,false,SMALL_STEP,47,167.022844,0.4369886712684676,0.0,false
MANCINO,100,0,2P_SAR1_PH1_ATR1_RRU0,true,1,true,true,false,SMALL_STEP,67,285.865158,0.016674393435692495,0.0,false
MANCINO,100,0,2P_SAR1_PH0_ATR0_RRU1,true,1,false,false,true,MAX_IT,500,1648.255719,4.2133397449849005e11,0.0,false
MANCINO,100,0,2P_SAR1_PH1_ATR0_RRU1,true,1,true,false,true,SMALL_STEP,47,164.417581,0.4369886712684676,0.0,false
MANCINO,100,0,2P_SAR1_PH1_ATR1_RRU1,true,1,true,true,true,SMALL_STEP,67,282.56926,0.016674393435692495,0.0,false
MARATOS,2,1,2P_SAR0_PH0_ATR0_RRU0,false,1,false,false,false,SMALL_STEP,5,6.514514,-1.0000495048514828,9.901235173038536e-5,false
MARATOS,2,1,2P_SAR0_PH1_ATR0_RRU0,false,1,true,false,false,SMALL_STEP,5,4.273032000000001,-1.0000495048514828,9.901235173038579e-5,false
MARATOS,2,1,2P_SAR0_PH1_ATR1_RRU0,false,1,true,true,false,SMALL_STEP,5,5.770382,-1.0000495048514828,9.90123517304603e-5,false
MARATOS,2,1,2P_SAR0_PH0_ATR0_RRU1,false,1,false,false,true,SMALL_STEP,5,4.487273,-1.0000495048514828,9.901235173038536e-5,false
MARATOS,2,1,2P_SAR0_PH1_ATR0_RRU1,false,1,true,false,true,SMALL_STEP,5,4.183064,-1.0000495048514828,9.901235173038579e-5,false
MARATOS,2,1,2P_SAR0_PH1_ATR1_RRU1,false,1,true,true,true,SMALL_STEP,5,5.759221999999999,-1.0000495048514828,9.90123517304603e-5,false
MARATOS,2,1,BASE_2P,true,1,false,false,false,SMALL_STEP,5,4.482193,-1.0000495048514828,9.901235173038536e-5,true
MARATOS,2,1,2P_SAR1_PH1_ATR0_RRU0,true,1,true,false,false,SMALL_STEP,5,4.169539,-1.0000495048514828,9.901235173038579e-5,false
MARATOS,2,1,2P_SAR1_PH1_ATR1_RRU0,true,1,true,true,false,SMALL_STEP,5,5.73183,-1.0000495048514828,9.90123517304603e-5,false
MARATOS,2,1,2P_SAR1_PH0_ATR0_RRU1,true,1,false,false,true,SMALL_STEP,5,4.489866999999999,-1.0000495048514828,9.901235173038536e-5,false
MARATOS,2,1,2P_SAR1_PH1_ATR0_RRU1,true,1,true,false,true,SMALL_STEP,5,4.163718,-1.0000495048514828,9.901235173038579e-5,false
MARATOS,2,1,2P_SAR1_PH1_ATR1_RRU1,true,1,true,true,true,SMALL_STEP,5,5.725458,-1.0000495048514828,9.90123517304603e-5,false
MARATOSB,2,0,2P_SAR0_PH0_ATR0_RRU0,false,1,false,false,false,SMALL_STEP,4,3.99352,0.9999999388033003,0.0,false
MARATOSB,2,0,2P_SAR0_PH1_ATR0_RRU0,false,1,true,false,false,KKT_OK,4,3.3216930000000002,0.9999999374999844,0.0,false
MARATOSB,2,0,2P_SAR0_PH1_ATR1_RRU0,false,1,true,true,false,SMALL_STEP,4,6.57103,0.9999999374999913,0.0,false
MARATOSB,2,0,2P_SAR0_PH0_ATR0_RRU1,false,1,false,false,true,SMALL_STEP,4,3.3130059999999997,0.9999999388033003,0.0,false
MARATOSB,2,0,2P_SAR0_PH1_ATR0_RRU1,false,1,true,false,true,KKT_OK,4,3.289443,0.9999999374999844,0.0,false
MARATOSB,2,0,2P_SAR0_PH1_ATR1_RRU1,false,1,true,true,true,SMALL_STEP,4,6.580678000000001,0.9999999374999913,0.0,false
MARATOSB,2,0,BASE_2P,true,1,false,false,false,SMALL_STEP,4,3.272541,0.9999999375000996,0.0,true
MARATOSB,2,0,2P_SAR1_PH1_ATR0_RRU0,true,1,true,false,false,KKT_OK,4,3.301405,0.9999999374999844,0.0,false
MARATOSB,2,0,2P_SAR1_PH1_ATR1_RRU0,true,1,true,true,false,SMALL_STEP,4,6.529873,0.9999999374999913,0.0,false
MARATOSB,2,0,2P_SAR1_PH0_ATR0_RRU1,true,1,false,false,true,SMALL_STEP,4,3.292097,0.9999999375000996,0.0,false
MARATOSB,2,0,2P_SAR1_PH1_ATR0_RRU1,true,1,true,false,true,KKT_OK,4,3.282109,0.9999999374999844,0.0,false
MARATOSB,2,0,2P_SAR1_PH1_ATR1_RRU1,true,1,true,true,true,SMALL_STEP,4,6.571751,0.9999999374999913,0.0,false
MAXLIKA,8,0,2P_SAR0_PH0_ATR0_RRU0,false,1,false,false,false,MAX_IT,500,180.973535,1158.3103576070287,0.0,false
MAXLIKA,8,0,2P_SAR0_PH1_ATR0_RRU0,false,1,true,false,false,MAX_IT,500,156.092789,1153.7784007132805,0.0,false
MAXLIKA,8,0,2P_SAR0_PH1_ATR1_RRU0,false,1,true,true,false,MAX_IT,500,200.474157,1155.9142260907113,0.0,false
MAXLIKA,8,0,2P_SAR0_PH0_ATR0_RRU1,false,1,false,false,true,MAX_IT,500,183.61716,1158.3103576070287,0.0,false
MAXLIKA,8,0,2P_SAR0_PH1_ATR0_RRU1,false,1,true,false,true,MAX_IT,500,158.19169599999998,1153.7784007132805,0.0,false
MAXLIKA,8,0,2P_SAR0_PH1_ATR1_RRU1,false,1,true,true,true,MAX_IT,500,202.013138,1155.9142260907113,0.0,false
MAXLIKA,8,0,BASE_2P,true,1,false,false,false,MAX_IT,500,136.60229600000002,1191.0208209935927,0.0,true
MAXLIKA,8,0,2P_SAR1_PH1_ATR0_RRU0,true,1,true,false,false,MAX_IT,500,151.088793,1153.7784007132805,0.0,false
MAXLIKA,8,0,2P_SAR1_PH1_ATR1_RRU0,true,1,true,true,false,MAX_IT,500,192.067078,1155.9142260907113,0.0,false
MAXLIKA,8,0,2P_SAR1_PH0_ATR0_RRU1,true,1,false,false,true,MAX_IT,500,133.658642,1191.0208209935927,0.0,false
MAXLIKA,8,0,2P_SAR1_PH1_ATR0_RRU1,true,1,true,false,true,MAX_IT,500,154.851892,1153.7784007132805,0.0,false
MAXLIKA,8,0,2P_SAR1_PH1_ATR1_RRU1,true,1,true,true,true,MAX_IT,500,197.502815,1155.9142260907113,0.0,false
MCCORMCK,5000,0,2P_SAR0_PH0_ATR0_RRU0,false,1,false,false,false,KKT_OK,10,348.78169199999996,-4565.915428168681,0.0,false
MCCORMCK,5000,0,2P_SAR0_PH1_ATR0_RRU0,false,1,true,false,false,KKT_OK,8,94.59966,-4566.022163854289,0.0,false
MCCORMCK,5000,0,2P_SAR0_PH1_ATR1_RRU0,false,1,true,true,false,KKT_OK,15,247.40571,-4566.5628101295415,0.0,false
MCCORMCK,5000,0,2P_SAR0_PH0_ATR0_RRU1,false,1,false,false,true,KKT_OK,10,138.498279,-4565.915428168681,0.0,false
MCCORMCK,5000,0,2P_SAR0_PH1_ATR0_RRU1,false,1,true,false,true,KKT_OK,8,119.53084199999999,-4566.022163854289,0.0,false
MCCORMCK,5000,0,2P_SAR0_PH1_ATR1_RRU1,false,1,true,true,true,KKT_OK,15,215.143799,-4566.5628101295415,0.0,false
MCCORMCK,5000,0,BASE_2P,true,1,false,false,false,KKT_OK,11,165.10477600000002,-4565.593925511096,0.0,true
MCCORMCK,5000,0,2P_SAR1_PH1_ATR0_RRU0,true,1,true,false,false,KKT_OK,8,94.57937299999999,-4566.022163854289,0.0,false
MCCORMCK,5000,0,2P_SAR1_PH1_ATR1_RRU0,true,1,true,true,false,KKT_OK,15,249.00256000000002,-4566.5628101295415,0.0,false
MCCORMCK,5000,0,2P_SAR1_PH0_ATR0_RRU1,true,1,false,false,true,KKT_OK,11,132.369297,-4565.593925511096,0.0,false
MCCORMCK,5000,0,2P_SAR1_PH1_ATR0_RRU1,true,1,true,false,true,KKT_OK,8,119.777075,-4566.022163854289,0.0,false
MCCORMCK,5000,0,2P_SAR1_PH1_ATR1_RRU1,true,1,true,true,true,KKT_OK,15,216.722837,-4566.5628101295415,0.0,false
MDHOLE,2,0,2P_SAR0_PH0_ATR0_RRU0,false,1,false,false,false,MAX_IT,500,123.540363,3.931852203398033,0.0,false
MDHOLE,2,0,2P_SAR0_PH1_ATR0_RRU0,false,1,true,false,false,MAX_IT,500,104.584892,5.304551623597086,0.0,false
MDHOLE,2,0,2P_SAR0_PH1_ATR1_RRU0,false,1,true,true,false,MAX_IT,500,135.935853,4.382972163869407,0.0,false
MDHOLE,2,0,2P_SAR0_PH0_ATR0_RRU1,false,1,false,false,true,MAX_IT,500,124.175493,3.931852203398033,0.0,false
MDHOLE,2,0,2P_SAR0_PH1_ATR0_RRU1,false,1,true,false,true,MAX_IT,500,108.778748,5.304551623597086,0.0,false
MDHOLE,2,0,2P_SAR0_PH1_ATR1_RRU1,false,1,true,true,true,MAX_IT,500,130.797059,4.382972163869407,0.0,false
MDHOLE,2,0,BASE_2P,true,1,false,false,false,MAX_IT,500,81.86070099999999,8.44701958790971,0.0,true
MDHOLE,2,0,2P_SAR1_PH1_ATR0_RRU0,true,1,true,false,false,MAX_IT,500,100.614125,5.304551623597086,0.0,false
MDHOLE,2,0,2P_SAR1_PH1_ATR1_RRU0,true,1,true,true,false,MAX_IT,500,132.590385,4.382972163869407,0.0,false
MDHOLE,2,0,2P_SAR1_PH0_ATR0_RRU1,true,1,false,false,true,MAX_IT,500,86.319233,8.44701958790971,0.0,false
MDHOLE,2,0,2P_SAR1_PH1_ATR0_RRU1,true,1,true,false,true,MAX_IT,500,106.394589,5.304551623597086,0.0,false
MDHOLE,2,0,2P_SAR1_PH1_ATR1_RRU1,true,1,true,true,true,MAX_IT,500,137.229383,4.382972163869407,0.0,false
METHANB8LS,31,0,2P_SAR0_PH0_ATR0_RRU0,false,1,false,false,false,SMALL_STEP,15,7.437314000000001,0.11485287925740509,0.0,false
METHANB8LS,31,0,2P_SAR0_PH1_ATR0_RRU0,false,1,true,false,false,SMALL_STEP,23,7.8399469999999996,0.08252562045761307,0.0,false
METHANB8LS,31,0,2P_SAR0_PH1_ATR1_RRU0,false,1,true,true,false,SMALL_STEP,44,18.985618,0.11441004919878914,0.0,false
METHANB8LS,31,0,2P_SAR0_PH0_ATR0_RRU1,false,1,false,false,true,SMALL_STEP,15,6.746642,0.11485287925740509,0.0,false
METHANB8LS,31,0,2P_SAR0_PH1_ATR0_RRU1,false,1,true,false,true,SMALL_STEP,23,7.726445,0.08252562045761307,0.0,false
METHANB8LS,31,0,2P_SAR0_PH1_ATR1_RRU1,false,1,true,true,true,SMALL_STEP,44,18.978395,0.11441004919878914,0.0,false
METHANB8LS,31,0,BASE_2P,true,1,false,false,false,SMALL_STEP,9,4.005273,0.17159175375495891,0.0,true
METHANB8LS,31,0,2P_SAR1_PH1_ATR0_RRU0,true,1,true,false,false,SMALL_STEP,23,7.849895000000001,0.08252562045761307,0.0,false
METHANB8LS,31,0,2P_SAR1_PH1_ATR1_RRU0,true,1,true,true,false,SMALL_STEP,44,18.985227000000002,0.11441004919878914,0.0,false
METHANB8LS,31,0,2P_SAR1_PH0_ATR0_RRU1,true,1,false,false,true,SMALL_STEP,9,4.038505000000001,0.17159175375495891,0.0,false
METHANB8LS,31,0,2P_SAR1_PH1_ATR0_RRU1,true,1,true,false,true,SMALL_STEP,23,7.810231,0.08252562045761307,0.0,false
METHANB8LS,31,0,2P_SAR1_PH1_ATR1_RRU1,true,1,true,true,true,SMALL_STEP,44,19.108768,0.11441004919878914,0.0,false
METHANL8LS,31,0,2P_SAR0_PH0_ATR0_RRU0,false,1,false,false,false,SMALL_STEP,259,79.950821,6.7408748932573515,0.0,false
METHANL8LS,31,0,2P_SAR0_PH1_ATR0_RRU0,false,1,true,false,false,SMALL_STEP,195,51.690611999999994,5.448088216228664,0.0,false
METHANL8LS,31,0,2P_SAR0_PH1_ATR1_RRU0,false,1,true,true,false,MAX_IT,500,200.580032,27.06231640053143,0.0,false
METHANL8LS,31,0,2P_SAR0_PH0_ATR0_RRU1,false,1,false,false,true,SMALL_STEP,259,85.39941400000001,6.7408748932573515,0.0,false
METHANL8LS,31,0,2P_SAR0_PH1_ATR0_RRU1,false,1,true,false,true,SMALL_STEP,195,54.240663000000005,5.448088216228664,0.0,false
METHANL8LS,31,0,2P_SAR0_PH1_ATR1_RRU1,false,1,true,true,true,MAX_IT,500,208.181203,27.06231640053143,0.0,false
METHANL8LS,31,0,BASE_2P,true,1,false,false,false,SMALL_STEP,82,21.518557,21.538745622544546,0.0,true
METHANL8LS,31,0,2P_SAR1_PH1_ATR0_RRU0,true,1,true,false,false,SMALL_STEP,195,54.157518,5.448088216228664,0.0,false
METHANL8LS,31,0,2P_SAR1_PH1_ATR1_RRU0,true,1,true,true,false,MAX_IT,500,209.297724,27.06231640053143,0.0,false
METHANL8LS,31,0,2P_SAR1_PH0_ATR0_RRU1,true,1,false,false,true,SMALL_STEP,82,20.358888,21.538745622544546,0.0,false
METHANL8LS,31,0,2P_SAR1_PH1_ATR0_RRU1,true,1,true,false,true,SMALL_STEP,195,51.513512,5.448088216228664,0.0,false
METHANL8LS,31,0,2P_SAR1_PH1_ATR1_RRU1,true,1,true,true,true,MAX_IT,500,203.83705799999998,27.06231640053143,0.0,false
MEXHAT,2,0,2P_SAR0_PH0_ATR0_RRU0,false,1,false,false,false,SMALL_STEP,5,3.4919320000000003,0.24802959828172605,0.0,false
MEXHAT,2,0,2P_SAR0_PH1_ATR0_RRU0,false,1,true,false,false,SMALL_STEP,8,2.8519959999999998,0.23686533537450835,0.0,false
MEXHAT,2,0,2P_SAR0_PH1_ATR1_RRU0,false,1,true,true,false,SMALL_STEP,8,4.310744,0.6626294754674171,0.0,false
MEXHAT,2,0,2P_SAR0_PH0_ATR0_RRU1,false,1,false,false,true,SMALL_STEP,5,2.776704,0.24802959828172605,0.0,false
MEXHAT,2,0,2P_SAR0_PH1_ATR0_RRU1,false,1,true,false,true,SMALL_STEP,8,2.836958,0.23686533537450835,0.0,false
MEXHAT,2,0,2P_SAR0_PH1_ATR1_RRU1,false,1,true,true,true,SMALL_STEP,8,4.26045,0.6626294754674171,0.0,false
MEXHAT,2,0,BASE_2P,true,1,false,false,false,SMALL_STEP,7,2.952194,0.23735639292790678,0.0,true
MEXHAT,2,0,2P_SAR1_PH1_ATR0_RRU0,true,1,true,false,false,SMALL_STEP,8,2.804747,0.23686533537450835,0.0,false
MEXHAT,2,0,2P_SAR1_PH1_ATR1_RRU0,true,1,true,true,false,SMALL_STEP,8,4.272293,0.6626294754674171,0.0,false
MEXHAT,2,0,2P_SAR1_PH0_ATR0_RRU1,true,1,false,false,true,SMALL_STEP,7,2.9538059999999997,0.23735639292790678,0.0,false
MEXHAT,2,0,2P_SAR1_PH1_ATR0_RRU1,true,1,true,false,true,SMALL_STEP,8,2.788287,0.23686533537450835,0.0,false
MEXHAT,2,0,2P_SAR1_PH1_ATR1_RRU1,true,1,true,true,true,SMALL_STEP,8,4.2870099999999995,0.6626294754674171,0.0,false
MEYER3,3,0,2P_SAR0_PH0_ATR0_RRU0,false,1,false,false,false,SMALL_STEP,9,4.716303,7.018136248695971e6,0.0,false
MEYER3,3,0,2P_SAR0_PH1_ATR0_RRU0,false,1,true,false,false,SMALL_STEP,5,2.6211339999999996,7.018088604296195e6,0.0,false
MEYER3,3,0,2P_SAR0_PH1_ATR1_RRU0,false,1,true,true,false,SMALL_STEP,4,3.980126,6.983502770110954e6,0.0,false
MEYER3,3,0,2P_SAR0_PH0_ATR0_RRU1,false,1,false,false,true,SMALL_STEP,9,3.901088,7.018136248695971e6,0.0,false
MEYER3,3,0,2P_SAR0_PH1_ATR0_RRU1,false,1,true,false,true,SMALL_STEP,5,2.5731439999999997,7.018088604296195e6,0.0,false
MEYER3,3,0,2P_SAR0_PH1_ATR1_RRU1,false,1,true,true,true,SMALL_STEP,4,3.956892,6.983502770110954e6,0.0,false
MEYER3,3,0,BASE_2P,true,1,false,false,false,SMALL_STEP,9,3.57084,7.018394270045711e6,0.0,true
MEYER3,3,0,2P_SAR1_PH1_ATR0_RRU0,true,1,true,false,false,SMALL_STEP,5,2.580447,7.018088604296195e6,0.0,false
MEYER3,3,0,2P_SAR1_PH1_ATR1_RRU0,true,1,true,true,false,SMALL_STEP,4,3.970969,6.983502770110954e6,0.0,false
MEYER3,3,0,2P_SAR1_PH0_ATR0_RRU1,true,1,false,false,true,SMALL_STEP,9,3.584005,7.018394270045711e6,0.0,false
MEYER3,3,0,2P_SAR1_PH1_ATR0_RRU1,true,1,true,false,true,SMALL_STEP,5,2.604132,7.018088604296195e6,0.0,false
MEYER3,3,0,2P_SAR1_PH1_ATR1_RRU1,true,1,true,true,true,SMALL_STEP,4,3.9260639999999998,6.983502770110954e6,0.0,false
MGH09LS,4,0,2P_SAR0_PH0_ATR0_RRU0,false,1,false,false,false,KKT_OK,13,4.847138,0.012303614450484777,0.0,false
MGH09LS,4,0,2P_SAR0_PH1_ATR0_RRU0,false,1,true,false,false,KKT_OK,17,4.560492,0.022268321912570648,0.0,false
MGH09LS,4,0,2P_SAR0_PH1_ATR1_RRU0,false,1,true,true,false,KKT_OK,12,4.776065,0.011923589830644945,0.0,false
MGH09LS,4,0,2P_SAR0_PH0_ATR0_RRU1,false,1,false,false,true,KKT_OK,13,4.1693,0.012303614450484777,0.0,false
MGH09LS,4,0,2P_SAR0_PH1_ATR0_RRU1,false,1,true,false,true,KKT_OK,17,4.547888,0.022268321912570648,0.0,false
MGH09LS,4,0,2P_SAR0_PH1_ATR1_RRU1,false,1,true,true,true,KKT_OK,12,4.782177,0.011923589830644945,0.0,false
MGH09LS,4,0,BASE_2P,true,1,false,false,false,KKT_OK,242,42.199207,0.010983905692028461,0.0,true
MGH09LS,4,0,2P_SAR1_PH1_ATR0_RRU0,true,1,true,false,false,KKT_OK,17,4.573586,0.022268321912570648,0.0,false
MGH09LS,4,0,2P_SAR1_PH1_ATR1_RRU0,true,1,true,true,false,KKT_OK,12,4.82682,0.011923589830644945,0.0,false
MGH09LS,4,0,2P_SAR1_PH0_ATR0_RRU1,true,1,false,false,true,KKT_OK,242,42.429488,0.010983905692028461,0.0,false
MGH09LS,4,0,2P_SAR1_PH1_ATR0_RRU1,true,1,true,false,true,KKT_OK,17,4.639099,0.022268321912570648,0.0,false
MGH09LS,4,0,2P_SAR1_PH1_ATR1_RRU1,true,1,true,true,true,KKT_OK,12,4.832751,0.011923589830644945,0.0,false
MGH10LS,3,0,2P_SAR0_PH0_ATR0_RRU0,false,1,false,false,false,SMALL_STEP,14,6.080345,1.3668958141156178e9,0.0,false
MGH10LS,3,0,2P_SAR0_PH1_ATR0_RRU0,false,1,true,false,false,SMALL_STEP,10,4.776155,1.3668644620852456e9,0.0,false
MGH10LS,3,0,2P_SAR0_PH1_ATR1_RRU0,false,1,true,true,false,SMALL_STEP,8,6.8237760000000005,1.3668626907834494e9,0.0,false
MGH10LS,3,0,2P_SAR0_PH0_ATR0_RRU1,false,1,false,false,true,SMALL_STEP,14,5.269759,1.3668958141156178e9,0.0,false
MGH10LS,3,0,2P_SAR0_PH1_ATR0_RRU1,false,1,true,false,true,SMALL_STEP,10,4.711093,1.3668644620852456e9,0.0,false
MGH10LS,3,0,2P_SAR0_PH1_ATR1_RRU1,false,1,true,true,true,SMALL_STEP,8,6.860184,1.3668626907834494e9,0.0,false
MGH10LS,3,0,BASE_2P,true,1,false,false,false,SMALL_STEP,24,6.038817,1.3668652581425438e9,0.0,true
MGH10LS,3,0,2P_SAR1_PH1_ATR0_RRU0,true,1,true,false,false,SMALL_STEP,10,4.731832,1.3668644620852456e9,0.0,false
MGH10LS,3,0,2P_SAR1_PH1_ATR1_RRU0,true,1,true,true,false,SMALL_STEP,8,6.836029000000001,1.3668626907834494e9,0.0,false
MGH10LS,3,0,2P_SAR1_PH0_ATR0_RRU1,true,1,false,false,true,SMALL_STEP,24,6.096986,1.3668652581425438e9,0.0,false
MGH10LS,3,0,2P_SAR1_PH1_ATR0_RRU1,true,1,true,false,true,SMALL_STEP,10,4.696376000000001,1.3668644620852456e9,0.0,false
MGH10LS,3,0,2P_SAR1_PH1_ATR1_RRU1,true,1,true,true,true,SMALL_STEP,8,6.825880000000001,1.3668626907834494e9,0.0,false
MGH10SLS,3,0,2P_SAR0_PH0_ATR0_RRU0,false,1,false,false,false,MAX_IT,500,124.813384,1.394925530434769e9,0.0,false
MGH10SLS,3,0,2P_SAR0_PH1_ATR0_RRU0,false,1,true,false,false,MAX_IT,500,108.08529999999999,1.394885935134693e9,0.0,false
MGH10SLS,3,0,2P_SAR0_PH1_ATR1_RRU0,false,1,true,true,false,MAX_IT,500,139.618964,1.3956320133451643e9,0.0,false
MGH10SLS,3,0,2P_SAR0_PH0_ATR0_RRU1,false,1,false,false,true,MAX_IT,500,126.26796700000001,1.394925530434769e9,0.0,false
MGH10SLS,3,0,2P_SAR0_PH1_ATR0_RRU1,false,1,true,false,true,MAX_IT,500,110.701294,1.394885935134693e9,0.0,false
MGH10SLS,3,0,2P_SAR0_PH1_ATR1_RRU1,false,1,true,true,true,MAX_IT,500,140.173031,1.3956320133451643e9,0.0,false
MGH10SLS,3,0,BASE_2P,true,1,false,false,false,MAX_IT,500,88.68787,3.937510614416715e11,0.0,true
MGH10SLS,3,0,2P_SAR1_PH1_ATR0_RRU0,true,1,true,false,false,MAX_IT,500,110.087826,1.394885935134693e9,0.0,false
MGH10SLS,3,0,2P_SAR1_PH1_ATR1_RRU0,true,1,true,true,false,MAX_IT,500,133.47557099999997,1.3956320133451643e9,0.0,false
MGH10SLS,3,0,2P_SAR1_PH0_ATR0_RRU1,true,1,false,false,true,MAX_IT,500,83.395099,3.937510614416715e11,0.0,false
MGH10SLS,3,0,2P_SAR1_PH1_ATR0_RRU1,true,1,true,false,true,MAX_IT,500,104.58888900000001,1.394885935134693e9,0.0,false
MGH10SLS,3,0,2P_SAR1_PH1_ATR1_RRU1,true,1,true,true,true,MAX_IT,500,136.412185,1.3956320133451643e9,0.0,false
MGH17LS,5,0,2P_SAR0_PH0_ATR0_RRU0,false,1,false,false,false,SMALL_STEP,15,6.59586,24788.28354475442,0.0,false
MGH17LS,5,0,2P_SAR0_PH1_ATR0_RRU0,false,1,true,false,false,SMALL_STEP,16,5.5549029999999995,24788.805527774464,0.0,false
MGH17LS,5,0,2P_SAR0_PH1_ATR1_RRU0,false,1,true,true,false,SMALL_STEP,16,6.5340240000000005,25604.555523553718,0.0,false
MGH17LS,5,0,2P_SAR0_PH0_ATR0_RRU1,false,1,false,false,true,SMALL_STEP,15,6.566355000000001,24788.28354475442,0.0,false
MGH17LS,5,0,2P_SAR0_PH1_ATR0_RRU1,false,1,true,false,true,SMALL_STEP,16,5.5967400000000005,24788.805527774464,0.0,false
MGH17LS,5,0,2P_SAR0_PH1_ATR1_RRU1,false,1,true,true,true,SMALL_STEP,16,6.5619060000000005,25604.555523553718,0.0,false
MGH17LS,5,0,BASE_2P,true,1,false,false,false,SMALL_STEP,30,8.449147,24789.703585774423,0.0,true
MGH17LS,5,0,2P_SAR1_PH1_ATR0_RRU0,true,1,true,false,false,SMALL_STEP,16,5.685227,24788.805527774464,0.0,false
MGH17LS,5,0,2P_SAR1_PH1_ATR1_RRU0,true,1,true,true,false,SMALL_STEP,16,6.659288,25604.555523553718,0.0,false
MGH17LS,5,0,2P_SAR1_PH0_ATR0_RRU1,true,1,false,false,true,SMALL_STEP,30,8.473734,24789.703585774423,0.0,false
MGH17LS,5,0,2P_SAR1_PH1_ATR0_RRU1,true,1,true,false,true,SMALL_STEP,16,5.915477,24788.805527774464,0.0,false
MGH17LS,5,0,2P_SAR1_PH1_ATR1_RRU1,true,1,true,true,true,SMALL_STEP,16,6.399582,25604.555523553718,0.0,false
MGH17SLS,5,0,2P_SAR0_PH0_ATR0_RRU0,false,1,false,false,false,KKT_OK,46,14.259658,1.1060296883559566,0.0,false
MGH17SLS,5,0,2P_SAR0_PH1_ATR0_RRU0,false,1,true,false,false,KKT_OK,37,9.281645,1.106029987417639,0.0,false
MGH17SLS,5,0,2P_SAR0_PH1_ATR1_RRU0,false,1,true,true,false,SMALL_STEP,71,21.790858,1.1060504746038382,0.0,false
MGH17SLS,5,0,2P_SAR0_PH0_ATR0_RRU1,false,1,false,false,true,KKT_OK,46,14.115687999999999,1.1060296883559566,0.0,false
MGH17SLS,5,0,2P_SAR0_PH1_ATR0_RRU1,false,1,true,false,true,KKT_OK,37,9.215751,1.106029987417639,0.0,false
MGH17SLS,5,0,2P_SAR0_PH1_ATR1_RRU1,false,1,true,true,true,SMALL_STEP,71,21.854097,1.1060504746038382,0.0,false
MGH17SLS,5,0,BASE_2P,true,1,false,false,false,MAX_IT,500,90.833788,1.1176929145500705,0.0,true
MGH17SLS,5,0,2P_SAR1_PH1_ATR0_RRU0,true,1,true,false,false,KKT_OK,37,10.017912,1.106029987417639,0.0,false
MGH17SLS,5,0,2P_SAR1_PH1_ATR1_RRU0,true,1,true,true,false,SMALL_STEP,71,22.122268000000002,1.1060504746038382,0.0,false
MGH17SLS,5,0,2P_SAR1_PH0_ATR0_RRU1,true,1,false,false,true,MAX_IT,500,92.847456,1.1176929145500705,0.0,false
MGH17SLS,5,0,2P_SAR1_PH1_ATR0_RRU1,true,1,true,false,true,KKT_OK,37,10.45513,1.106029987417639,0.0,false
MGH17SLS,5,0,2P_SAR1_PH1_ATR1_RRU1,true,1,true,true,true,SMALL_STEP,71,22.621962999999997,1.1060504746038382,0.0,false
MINSURF,64,0,2P_SAR0_PH0_ATR0_RRU0,false,1,false,false,false,KKT_OK,25,12.258284,1.000436881931283,0.0,false
MINSURF,64,0,2P_SAR0_PH1_ATR0_RRU0,false,1,true,false,false,KKT_OK,20,8.048477,1.0004985780126558,0.0,false
MINSURF,64,0,2P_SAR0_PH1_ATR1_RRU0,false,1,true,true,false,KKT_OK,34,20.759989,1.0020430132119764,0.0,false
MINSURF,64,0,2P_SAR0_PH0_ATR0_RRU1,false,1,false,false,true,KKT_OK,25,11.971197,1.000436881931283,0.0,false
MINSURF,64,0,2P_SAR0_PH1_ATR0_RRU1,false,1,true,false,true,KKT_OK,20,8.316739,1.0004985780126558,0.0,false
MINSURF,64,0,2P_SAR0_PH1_ATR1_RRU1,false,1,true,true,true,KKT_OK,34,21.256137000000003,1.0020430132119764,0.0,false
MINSURF,64,0,BASE_2P,true,1,false,false,false,KKT_OK,29,9.828978000000001,1.0008974962857042,0.0,true
MINSURF,64,0,2P_SAR1_PH1_ATR0_RRU0,true,1,true,false,false,KKT_OK,20,8.344812,1.0004985780126558,0.0,false
MINSURF,64,0,2P_SAR1_PH1_ATR1_RRU0,true,1,true,true,false,KKT_OK,34,20.722619,1.0020430132119764,0.0,false
MINSURF,64,0,2P_SAR1_PH0_ATR0_RRU1,true,1,false,false,true,KKT_OK,29,9.59996,1.0008974962857042,0.0,false
MINSURF,64,0,2P_SAR1_PH1_ATR0_RRU1,true,1,true,false,true,KKT_OK,20,8.125182,1.0004985780126558,0.0,false
MINSURF,64,0,2P_SAR1_PH1_ATR1_RRU1,true,1,true,true,true,KKT_OK,34,20.517486,1.0020430132119764,0.0,false
MINSURFO,5306,0,2P_SAR0_PH0_ATR0_RRU0,false,1,false,false,false,KKT_OK,0,12.185979,2.562054986401029,0.0,false
MINSURFO,5306,0,2P_SAR0_PH1_ATR0_RRU0,false,1,true,false,false,KKT_OK,0,14.241063,2.562054986401029,0.0,false
MINSURFO,5306,0,2P_SAR0_PH1_ATR1_RRU0,false,1,true,true,false,KKT_OK,0,16.306307,2.562054986401029,0.0,false
MINSURFO,5306,0,2P_SAR0_PH0_ATR0_RRU1,false,1,false,false,true,KKT_OK,0,16.26516,2.562054986401029,0.0,false
MINSURFO,5306,0,2P_SAR0_PH1_ATR0_RRU1,false,1,true,false,true,KKT_OK,0,15.741149,2.562054986401029,0.0,false
MINSURFO,5306,0,2P_SAR0_PH1_ATR1_RRU1,false,1,true,true,true,KKT_OK,0,15.304092,2.562054986401029,0.0,false
MINSURFO,5306,0,BASE_2P,true,1,false,false,false,KKT_OK,0,14.807993999999999,2.562054986401029,0.0,true
MINSURFO,5306,0,2P_SAR1_PH1_ATR0_RRU0,true,1,true,false,false,KKT_OK,0,15.606297,2.562054986401029,0.0,false
MINSURFO,5306,0,2P_SAR1_PH1_ATR1_RRU0,true,1,true,true,false,KKT_OK,0,15.840696000000001,2.562054986401029,0.0,false
MINSURFO,5306,0,2P_SAR1_PH0_ATR0_RRU1,true,1,false,false,true,KKT_OK,0,15.380796,2.562054986401029,0.0,false
MINSURFO,5306,0,2P_SAR1_PH1_ATR0_RRU1,true,1,true,false,true,KKT_OK,0,15.380135,2.562054986401029,0.0,false
MINSURFO,5306,0,2P_SAR1_PH1_ATR1_RRU1,true,1,true,true,true,KKT_OK,0,15.779441000000002,2.562054986401029,0.0,false
MISRA1ALS,2,0,2P_SAR0_PH0_ATR0_RRU0,false,1,false,false,false,SMALL_STEP,3,3.428225,21.19931676032614,0.0,false
MISRA1ALS,2,0,2P_SAR0_PH1_ATR0_RRU0,false,1,true,false,false,SMALL_STEP,4,2.947275,19.515934276259465,0.0,false
MISRA1ALS,2,0,2P_SAR0_PH1_ATR1_RRU0,false,1,true,true,false,SMALL_STEP,4,4.242908999999999,19.515926109286383,0.0,false
MISRA1ALS,2,0,2P_SAR0_PH0_ATR0_RRU1,false,1,false,false,true,SMALL_STEP,3,2.4645610000000002,21.19931676032614,0.0,false
MISRA1ALS,2,0,2P_SAR0_PH1_ATR0_RRU1,false,1,true,false,true,SMALL_STEP,4,2.632476,19.515934276259465,0.0,false
MISRA1ALS,2,0,2P_SAR0_PH1_ATR1_RRU1,false,1,true,true,true,SMALL_STEP,4,4.132302,19.515926109286383,0.0,false
MISRA1ALS,2,0,BASE_2P,true,1,false,false,false,SMALL_STEP,3,2.172706,28.382608886909395,0.0,true
MISRA1ALS,2,0,2P_SAR1_PH1_ATR0_RRU0,true,1,true,false,false,SMALL_STEP,4,2.628198,19.515934276259465,0.0,false
MISRA1ALS,2,0,2P_SAR1_PH1_ATR1_RRU0,true,1,true,true,false,SMALL_STEP,4,4.142681,19.515926109286383,0.0,false
MISRA1ALS,2,0,2P_SAR1_PH0_ATR0_RRU1,true,1,false,false,true,SMALL_STEP,3,2.176473,28.382608886909395,0.0,false
MISRA1ALS,2,0,2P_SAR1_PH1_ATR0_RRU1,true,1,true,false,true,SMALL_STEP,4,2.6228480000000003,19.515934276259465,0.0,false
MISRA1ALS,2,0,2P_SAR1_PH1_ATR1_RRU1,true,1,true,true,true,SMALL_STEP,4,4.1464989999999995,19.515926109286383,0.0,false
MISRA1BLS,2,0,2P_SAR0_PH0_ATR0_RRU0,false,1,false,false,false,SMALL_STEP,3,3.326885,9.071597194433174,0.0,false
MISRA1BLS,2,0,2P_SAR0_PH1_ATR0_RRU0,false,1,true,false,false,SMALL_STEP,4,2.7562070000000003,7.328557206981639,0.0,false
MISRA1BLS,2,0,2P_SAR0_PH1_ATR1_RRU0,false,1,true,true,false,SMALL_STEP,4,4.227711,7.317534492251008,0.0,false
MISRA1BLS,2,0,2P_SAR0_PH0_ATR0_RRU1,false,1,false,false,true,SMALL_STEP,3,2.523482,9.071597194433174,0.0,false
MISRA1BLS,2,0,2P_SAR0_PH1_ATR0_RRU1,false,1,true,false,true,SMALL_STEP,4,2.691356,7.328557206981639,0.0,false
MISRA1BLS,2,0,2P_SAR0_PH1_ATR1_RRU1,false,1,true,true,true,SMALL_STEP,4,4.189489,7.317534492251008,0.0,false
MISRA1BLS,2,0,BASE_2P,true,1,false,false,false,SMALL_STEP,3,2.208883,182.5507038703751,0.0,true
MISRA1BLS,2,0,2P_SAR1_PH1_ATR0_RRU0,true,1,true,false,false,SMALL_STEP,4,2.675757,7.328557206981639,0.0,false
MISRA1BLS,2,0,2P_SAR1_PH1_ATR1_RRU0,true,1,true,true,false,SMALL_STEP,4,4.212593,7.317534492251008,0.0,false
MISRA1BLS,2,0,2P_SAR1_PH0_ATR0_RRU1,true,1,false,false,true,SMALL_STEP,3,2.2315859999999996,182.5507038703751,0.0,false
MISRA1BLS,2,0,2P_SAR1_PH1_ATR0_RRU1,true,1,true,false,true,SMALL_STEP,4,2.689994,7.328557206981639,0.0,false
MISRA1BLS,2,0,2P_SAR1_PH1_ATR1_RRU1,true,1,true,true,true,SMALL_STEP,4,4.217933,7.317534492251008,0.0,false
MISRA1CLS,2,0,2P_SAR0_PH0_ATR0_RRU0,false,1,false,false,false,SMALL_STEP,5,3.949209,5.343858332179458,0.0,false
MISRA1CLS,2,0,2P_SAR0_PH1_ATR0_RRU0,false,1,true,false,false,SMALL_STEP,4,3.0780790000000002,4.7451062137732585,0.0,false
MISRA1CLS,2,0,2P_SAR0_PH1_ATR1_RRU0,false,1,true,true,false,SMALL_STEP,4,4.543471,4.74511968704478,0.0,false
MISRA1CLS,2,0,2P_SAR0_PH0_ATR0_RRU1,false,1,false,false,true,SMALL_STEP,5,3.2301539999999997,5.343858332179458,0.0,false
MISRA1CLS,2,0,2P_SAR0_PH1_ATR0_RRU1,false,1,true,false,true,SMALL_STEP,4,2.997248,4.7451062137732585,0.0,false
MISRA1CLS,2,0,2P_SAR0_PH1_ATR1_RRU1,false,1,true,true,true,SMALL_STEP,4,4.526911,4.74511968704478,0.0,false
MISRA1CLS,2,0,BASE_2P,true,1,false,false,false,SMALL_STEP,4,2.4640809999999997,15.42129155092611,0.0,true
MISRA1CLS,2,0,2P_SAR1_PH1_ATR0_RRU0,true,1,true,false,false,SMALL_STEP,4,2.997388,4.7451062137732585,0.0,false
MISRA1CLS,2,0,2P_SAR1_PH1_ATR1_RRU0,true,1,true,true,false,SMALL_STEP,4,4.5156600000000005,4.74511968704478,0.0,false
MISRA1CLS,2,0,2P_SAR1_PH0_ATR0_RRU1,true,1,false,false,true,SMALL_STEP,4,2.445837,15.42129155092611,0.0,false
MISRA1CLS,2,0,2P_SAR1_PH1_ATR0_RRU1,true,1,true,false,true,SMALL_STEP,4,2.991948,4.7451062137732585,0.0,false
MISRA1CLS,2,0,2P_SAR1_PH1_ATR1_RRU1,true,1,true,true,true,SMALL_STEP,4,4.588947,4.74511968704478,0.0,false
MISRA1DLS,2,0,2P_SAR0_PH0_ATR0_RRU0,false,1,false,false,false,SMALL_STEP,3,3.1345449999999997,53.003268375359305,0.0,false
MISRA1DLS,2,0,2P_SAR0_PH1_ATR0_RRU0,false,1,true,false,false,SMALL_STEP,4,2.8875129999999998,1.1072125572991733,0.0,false
MISRA1DLS,2,0,2P_SAR0_PH1_ATR1_RRU0,false,1,true,true,false,SMALL_STEP,4,4.251766,1.1071070016053177,0.0,false
MISRA1DLS,2,0,2P_SAR0_PH0_ATR0_RRU1,false,1,false,false,true,SMALL_STEP,3,2.392487,53.003268375359305,0.0,false
MISRA1DLS,2,0,2P_SAR0_PH1_ATR0_RRU1,false,1,true,false,true,SMALL_STEP,4,2.895929,1.1072125572991733,0.0,false
MISRA1DLS,2,0,2P_SAR0_PH1_ATR1_RRU1,false,1,true,true,true,SMALL_STEP,4,4.231428,1.1071070016053177,0.0,false
MISRA1DLS,2,0,BASE_2P,true,1,false,false,false,SMALL_STEP,3,2.2205950000000003,53.0032683753582,0.0,true
MISRA1DLS,2,0,2P_SAR1_PH1_ATR0_RRU0,true,1,true,false,false,SMALL_STEP,4,2.879839,1.1072125572991733,0.0,false
MISRA1DLS,2,0,2P_SAR1_PH1_ATR1_RRU0,true,1,true,true,false,SMALL_STEP,4,4.202203,1.1071070016053177,0.0,false
MISRA1DLS,2,0,2P_SAR1_PH0_ATR0_RRU1,true,1,false,false,true,SMALL_STEP,3,2.216568,53.0032683753582,0.0,false
MISRA1DLS,2,0,2P_SAR1_PH1_ATR0_RRU1,true,1,true,false,true,SMALL_STEP,4,2.8510150000000003,1.1072125572991733,0.0,false
MISRA1DLS,2,0,2P_SAR1_PH1_ATR1_RRU1,true,1,true,true,true,SMALL_STEP,4,4.195329999999999,1.1071070016053177,0.0,false
MODBEALE,20000,0,2P_SAR0_PH0_ATR0_RRU0,false,1,false,false,false,MAX_IT,500,26335.719016,2880.3415385767294,0.0,false
MODBEALE,20000,0,2P_SAR0_PH1_ATR0_RRU0,false,1,true,false,false,MAX_IT,500,21695.566733,4617.691394189286,0.0,false
MODBEALE,20000,0,2P_SAR0_PH1_ATR1_RRU0,false,1,true,true,false,MAX_IT,500,35102.935856000004,3407.1524446893623,0.0,false
MODBEALE,20000,0,2P_SAR0_PH0_ATR0_RRU1,false,1,false,false,true,MAX_IT,500,27045.576546,2880.3415385767294,0.0,false
MODBEALE,20000,0,2P_SAR0_PH1_ATR0_RRU1,false,1,true,false,true,MAX_IT,500,22239.37256,4617.691394189286,0.0,false
MODBEALE,20000,0,2P_SAR0_PH1_ATR1_RRU1,false,1,true,true,true,MAX_IT,500,35212.930057,3407.1524446893623,0.0,false
MODBEALE,20000,0,BASE_2P,true,1,false,false,false,MAX_IT,500,18995.284229,8887.264854051651,0.0,true
MODBEALE,20000,0,2P_SAR1_PH1_ATR0_RRU0,true,1,true,false,false,MAX_IT,500,21526.635402,4617.691394189286,0.0,false
MODBEALE,20000,0,2P_SAR1_PH1_ATR1_RRU0,true,1,true,true,false,MAX_IT,500,34331.412226,3407.1524446893623,0.0,false
MODBEALE,20000,0,2P_SAR1_PH0_ATR0_RRU1,true,1,false,false,true,MAX_IT,500,18552.209617,8887.264854051651,0.0,false
MODBEALE,20000,0,2P_SAR1_PH1_ATR0_RRU1,true,1,true,false,true,MAX_IT,500,21833.063371,4617.691394189286,0.0,false
MODBEALE,20000,0,2P_SAR1_PH1_ATR1_RRU1,true,1,true,true,true,MAX_IT,500,33987.033419,3407.1524446893623,0.0,false
MOREBV,5000,0,2P_SAR0_PH0_ATR0_RRU0,false,1,false,false,false,KKT_OK,0,10.040653,1.0395423971692418e-11,0.0,false
MOREBV,5000,0,2P_SAR0_PH1_ATR0_RRU0,false,1,true,false,false,KKT_OK,0,10.728771,1.0395423971692418e-11,0.0,false
MOREBV,5000,0,2P_SAR0_PH1_ATR1_RRU0,false,1,true,true,false,KKT_OK,0,15.043084,1.0395423971692418e-11,0.0,false
MOREBV,5000,0,2P_SAR0_PH0_ATR0_RRU1,false,1,false,false,true,KKT_OK,0,17.552215999999998,1.0395423971692418e-11,0.0,false
MOREBV,5000,0,2P_SAR0_PH1_ATR0_RRU1,false,1,true,false,true,KKT_OK,0,14.542516,1.0395423971692418e-11,0.0,false
MOREBV,5000,0,2P_SAR0_PH1_ATR1_RRU1,false,1,true,true,true,KKT_OK,0,17.213511,1.0395423971692418e-11,0.0,false
MOREBV,5000,0,BASE_2P,true,1,false,false,false,KKT_OK,0,13.831294,1.0395423971692418e-11,0.0,true
MOREBV,5000,0,2P_SAR1_PH1_ATR0_RRU0,true,1,true,false,false,KKT_OK,0,14.548999,1.0395423971692418e-11,0.0,false
MOREBV,5000,0,2P_SAR1_PH1_ATR1_RRU0,true,1,true,true,false,KKT_OK,0,8.823210999999999,1.0395423971692418e-11,0.0,false
MOREBV,5000,0,2P_SAR1_PH0_ATR0_RRU1,true,1,false,false,true,KKT_OK,0,8.757448,1.0395423971692418e-11,0.0,false
MOREBV,5000,0,2P_SAR1_PH1_ATR0_RRU1,true,1,true,false,true,KKT_OK,0,9.066856999999999,1.0395423971692418e-11,0.0,false
MOREBV,5000,0,2P_SAR1_PH1_ATR1_RRU1,true,1,true,true,true,KKT_OK,0,16.466782,1.0395423971692418e-11,0.0,false
MSQRTALS,1024,0,2P_SAR0_PH0_ATR0_RRU0,false,1,false,false,false,KKT_OK,306,1032.566302,0.3749993941629968,0.0,false
MSQRTALS,1024,0,2P_SAR0_PH1_ATR0_RRU0,false,1,true,false,false,KKT_OK,311,796.081606,0.27782252170474697,0.0,false
MSQRTALS,1024,0,2P_SAR0_PH1_ATR1_RRU0,false,1,true,true,false,KKT_OK,416,2226.936077,0.3968881917979297,0.0,false
MSQRTALS,1024,0,2P_SAR0_PH0_ATR0_RRU1,false,1,false,false,true,KKT_OK,306,1102.115206,0.3749993941629968,0.0,false
MSQRTALS,1024,0,2P_SAR0_PH1_ATR0_RRU1,false,1,true,false,true,KKT_OK,311,831.8260240000001,0.27782252170474697,0.0,false
MSQRTALS,1024,0,2P_SAR0_PH1_ATR1_RRU1,false,1,true,true,true,KKT_OK,416,2246.559671,0.3968881917979297,0.0,false
MSQRTALS,1024,0,BASE_2P,true,1,false,false,false,KKT_OK,366,994.932095,0.2207614145952821,0.0,true
MSQRTALS,1024,0,2P_SAR1_PH1_ATR0_RRU0,true,1,true,false,false,KKT_OK,311,829.269359,0.27782252170474697,0.0,false
MSQRTALS,1024,0,2P_SAR1_PH1_ATR1_RRU0,true,1,true,true,false,KKT_OK,416,2245.0247499999996,0.3968881917979297,0.0,false
MSQRTALS,1024,0,2P_SAR1_PH0_ATR0_RRU1,true,1,false,false,true,KKT_OK,366,958.549615,0.2207614145952821,0.0,false
MSQRTALS,1024,0,2P_SAR1_PH1_ATR0_RRU1,true,1,true,false,true,KKT_OK,311,834.459638,0.27782252170474697,0.0,false
MSQRTALS,1024,0,2P_SAR1_PH1_ATR1_RRU1,true,1,true,true,true,KKT_OK,416,2253.794426,0.3968881917979297,0.0,false
MSQRTBLS,1024,0,2P_SAR0_PH0_ATR0_RRU0,false,1,false,false,false,KKT_OK,268,987.3514749999999,0.29804558617763494,0.0,false
MSQRTBLS,1024,0,2P_SAR0_PH1_ATR0_RRU0,false,1,true,false,false,KKT_OK,272,733.7942830000001,0.3285707262512158,0.0,false
MSQRTBLS,1024,0,2P_SAR0_PH1_ATR1_RRU0,false,1,true,true,false,KKT_OK,359,1957.584713,0.40879532097622157,0.0,false
MSQRTBLS,1024,0,2P_SAR0_PH0_ATR0_RRU1,false,1,false,false,true,KKT_OK,268,975.67868,0.29804558617763494,0.0,false
MSQRTBLS,1024,0,2P_SAR0_PH1_ATR0_RRU1,false,1,true,false,true,KKT_OK,272,733.413965,0.3285707262512158,0.0,false
MSQRTBLS,1024,0,2P_SAR0_PH1_ATR1_RRU1,false,1,true,true,true,KKT_OK,359,1969.705987,0.40879532097622157,0.0,false
MSQRTBLS,1024,0,BASE_2P,true,1,false,false,false,KKT_OK,401,1079.2388509999998,0.1816558085835542,0.0,true
MSQRTBLS,1024,0,2P_SAR1_PH1_ATR0_RRU0,true,1,true,false,false,KKT_OK,272,744.046982,0.3285707262512158,0.0,false
MSQRTBLS,1024,0,2P_SAR1_PH1_ATR1_RRU0,true,1,true,true,false,KKT_OK,359,1916.338977,0.40879532097622157,0.0,false
MSQRTBLS,1024,0,2P_SAR1_PH0_ATR0_RRU1,true,1,false,false,true,KKT_OK,401,1088.199537,0.1816558085835542,0.0,false
MSQRTBLS,1024,0,2P_SAR1_PH1_ATR0_RRU1,true,1,true,false,true,KKT_OK,272,822.659728,0.3285707262512158,0.0,false
MSQRTBLS,1024,0,2P_SAR1_PH1_ATR1_RRU1,true,1,true,true,true,KKT_OK,359,1986.470791,0.40879532097622157,0.0,false
MUONSINELS,1,0,2P_SAR0_PH0_ATR0_RRU0,false,1,false,false,false,SMALL_STEP,9,5.4422369999999995,43874.11692188343,0.0,false
MUONSINELS,1,0,2P_SAR0_PH1_ATR0_RRU0,false,1,true,false,false,KKT_OK,7,4.760028,43874.116919519234,0.0,false
MUONSINELS,1,0,2P_SAR0_PH1_ATR1_RRU0,false,1,true,true,false,SMALL_STEP,8,6.626285,43874.116919519285,0.0,false
MUONSINELS,1,0,2P_SAR0_PH0_ATR0_RRU1,false,1,false,false,true,SMALL_STEP,9,5.02777,43874.11692188343,0.0,false
MUONSINELS,1,0,2P_SAR0_PH1_ATR0_RRU1,false,1,true,false,true,KKT_OK,7,4.82442,43874.116919519234,0.0,false
MUONSINELS,1,0,2P_SAR0_PH1_ATR1_RRU1,false,1,true,true,true,SMALL_STEP,8,6.672692,43874.116919519285,0.0,false
MUONSINELS,1,0,BASE_2P,true,1,false,false,false,SMALL_STEP,13,5.300932,43874.11692008068,0.0,true
MUONSINELS,1,0,2P_SAR1_PH1_ATR0_RRU0,true,1,true,false,false,KKT_OK,7,4.682974000000001,43874.116919519234,0.0,false
MUONSINELS,1,0,2P_SAR1_PH1_ATR1_RRU0,true,1,true,true,false,SMALL_STEP,8,6.434506000000001,43874.116919519285,0.0,false
MUONSINELS,1,0,2P_SAR1_PH0_ATR0_RRU1,true,1,false,false,true,SMALL_STEP,13,5.274572,43874.11692008068,0.0,false
MUONSINELS,1,0,2P_SAR1_PH1_ATR0_RRU1,true,1,true,false,true,KKT_OK,7,4.81415,43874.116919519234,0.0,false
MUONSINELS,1,0,2P_SAR1_PH1_ATR1_RRU1,true,1,true,true,true,SMALL_STEP,8,6.422774,43874.116919519285,0.0,false
NCB20,5010,0,2P_SAR0_PH0_ATR0_RRU0,false,1,false,false,false,KKT_OK,326,4683.225538000001,-1453.3963157833655,0.0,false
NCB20,5010,0,2P_SAR0_PH1_ATR0_RRU0,false,1,true,false,false,MAX_IT,500,5345.624478999999,-1457.3103385439213,0.0,false
NCB20,5010,0,2P_SAR0_PH1_ATR1_RRU0,false,1,true,true,false,KKT_OK,27,511.13732999999996,-1300.369326037468,0.0,false
NCB20,5010,0,2P_SAR0_PH0_ATR0_RRU1,false,1,false,false,true,KKT_OK,326,4703.690621,-1453.3963157833655,0.0,false
NCB20,5010,0,2P_SAR0_PH1_ATR0_RRU1,false,1,true,false,true,MAX_IT,500,5293.397521,-1457.3103385439213,0.0,false
NCB20,5010,0,2P_SAR0_PH1_ATR1_RRU1,false,1,true,true,true,KKT_OK,27,505.126078,-1300.369326037468,0.0,false
NCB20,5010,0,BASE_2P,true,1,false,false,false,MAX_IT,500,7238.949703,-1469.2515454612358,0.0,true
NCB20,5010,0,2P_SAR1_PH1_ATR0_RRU0,true,1,true,false,false,MAX_IT,500,5303.166864999999,-1457.3103385439213,0.0,false
NCB20,5010,0,2P_SAR1_PH1_ATR1_RRU0,true,1,true,true,false,KKT_OK,27,505.376669,-1300.369326037468,0.0,false
NCB20,5010,0,2P_SAR1_PH0_ATR0_RRU1,true,1,false,false,true,MAX_IT,500,7065.647276,-1469.2515454612358,0.0,false
NCB20,5010,0,2P_SAR1_PH1_ATR0_RRU1,true,1,true,false,true,MAX_IT,500,5394.2185739999995,-1457.3103385439213,0.0,false
NCB20,5010,0,2P_SAR1_PH1_ATR1_RRU1,true,1,true,true,true,KKT_OK,27,506.549005,-1300.369326037468,0.0,false
NCB20B,5000,0,2P_SAR0_PH0_ATR0_RRU0,false,1,false,false,false,KKT_OK,13,281.888829,7351.317127032697,0.0,false
NCB20B,5000,0,2P_SAR0_PH1_ATR0_RRU0,false,1,true,false,false,KKT_OK,21,258.09785899999997,7351.319678633212,0.0,false
NCB20B,5000,0,2P_SAR0_PH1_ATR1_RRU0,false,1,true,true,false,KKT_OK,30,652.8695749999999,7351.335959533741,0.0,false
NCB20B,5000,0,2P_SAR0_PH0_ATR0_RRU1,false,1,false,false,true,KKT_OK,13,220.45483399999998,7351.317127032697,0.0,false
NCB20B,5000,0,2P_SAR0_PH1_ATR0_RRU1,false,1,true,false,true,KKT_OK,21,261.623767,7351.319678633212,0.0,false
NCB20B,5000,0,2P_SAR0_PH1_ATR1_RRU1,false,1,true,true,true,KKT_OK,30,582.473028,7351.335959533741,0.0,false
NCB20B,5000,0,BASE_2P,true,1,false,false,false,KKT_OK,25,270.43699,7351.319520702215,0.0,true
NCB20B,5000,0,2P_SAR1_PH1_ATR0_RRU0,true,1,true,false,false,KKT_OK,21,325.201107,7351.319678633212,0.0,false
NCB20B,5000,0,2P_SAR1_PH1_ATR1_RRU0,true,1,true,true,false,KKT_OK,30,575.587837,7351.335959533741,0.0,false
NCB20B,5000,0,2P_SAR1_PH0_ATR0_RRU1,true,1,false,false,true,KKT_OK,25,269.538747,7351.319520702215,0.0,false
NCB20B,5000,0,2P_SAR1_PH1_ATR0_RRU1,true,1,true,false,true,KKT_OK,21,261.30886599999997,7351.319678633212,0.0,false
NCB20B,5000,0,2P_SAR1_PH1_ATR1_RRU1,true,1,true,true,true,KKT_OK,30,568.295733,7351.335959533741,0.0,false
NCVXPHP1,10000,0,2P_SAR0_PH0_ATR0_RRU0,false,1,false,false,false,KKT_OK,10,168.932274,-1.985543845659e10,0.0,false
NCVXPHP1,10000,0,2P_SAR0_PH1_ATR0_RRU0,false,1,true,false,false,KKT_OK,10,165.280461,-1.985543845659e10,0.0,false
NCVXPHP1,10000,0,2P_SAR0_PH1_ATR1_RRU0,false,1,true,true,false,KKT_OK,10,159.067529,-1.985543845659e10,0.0,false
NCVXPHP1,10000,0,2P_SAR0_PH0_ATR0_RRU1,false,1,false,false,true,KKT_OK,10,236.52555,-1.985543845659e10,0.0,false
NCVXPHP1,10000,0,2P_SAR0_PH1_ATR0_RRU1,false,1,true,false,true,KKT_OK,10,171.029504,-1.985543845659e10,0.0,false
NCVXPHP1,10000,0,2P_SAR0_PH1_ATR1_RRU1,false,1,true,true,true,KKT_OK,10,169.52250999999998,-1.985543845659e10,0.0,false
NCVXPHP1,10000,0,BASE_2P,true,1,false,false,false,KKT_OK,10,161.862486,-1.985543845659e10,0.0,true
NCVXPHP1,10000,0,2P_SAR1_PH1_ATR0_RRU0,true,1,true,false,false,KKT_OK,10,236.651315,-1.985543845659e10,0.0,false
NCVXPHP1,10000,0,2P_SAR1_PH1_ATR1_RRU0,true,1,true,true,false,KKT_OK,10,170.881096,-1.985543845659e10,0.0,false
NCVXPHP1,10000,0,2P_SAR1_PH0_ATR0_RRU1,true,1,false,false,true,KKT_OK,10,170.530699,-1.985543845659e10,0.0,false
NCVXPHP1,10000,0,2P_SAR1_PH1_ATR0_RRU1,true,1,true,false,true,KKT_OK,10,161.921286,-1.985543845659e10,0.0,false
NCVXPHP1,10000,0,2P_SAR1_PH1_ATR1_RRU1,true,1,true,true,true,KKT_OK,10,237.584113,-1.985543845659e10,0.0,false
NCVXPHP2,10000,0,2P_SAR0_PH0_ATR0_RRU0,false,1,false,false,false,KKT_OK,209,3997.074075,-1.3340226132742867e10,0.0,false
NCVXPHP2,10000,0,2P_SAR0_PH1_ATR0_RRU0,false,1,true,false,false,KKT_OK,85,1328.277765,-1.3340226132943678e10,0.0,false
NCVXPHP2,10000,0,2P_SAR0_PH1_ATR1_RRU0,false,1,true,true,false,KKT_OK,52,1124.645231,-1.3340226132944254e10,0.0,false
NCVXPHP2,10000,0,2P_SAR0_PH0_ATR0_RRU1,false,1,false,false,true,KKT_OK,209,4019.965794,-1.3340226132742867e10,0.0,false
NCVXPHP2,10000,0,2P_SAR0_PH1_ATR0_RRU1,false,1,true,false,true,KKT_OK,85,1388.0315640000001,-1.3340226132943678e10,0.0,false
NCVXPHP2,10000,0,2P_SAR0_PH1_ATR1_RRU1,false,1,true,true,true,KKT_OK,52,1111.305114,-1.3340226132944254e10,0.0,false
NCVXPHP2,10000,0,BASE_2P,true,1,false,false,false,KKT_OK,209,3972.7767639999997,-1.3340226132742867e10,0.0,true
NCVXPHP2,10000,0,2P_SAR1_PH1_ATR0_RRU0,true,1,true,false,false,KKT_OK,85,1332.235313,-1.3340226132943678e10,0.0,false
NCVXPHP2,10000,0,2P_SAR1_PH1_ATR1_RRU0,true,1,true,true,false,KKT_OK,52,1123.639966,-1.3340226132944254e10,0.0,false
NCVXPHP2,10000,0,2P_SAR1_PH0_ATR0_RRU1,true,1,false,false,true,KKT_OK,209,4017.642015,-1.3340226132742867e10,0.0,false
NCVXPHP2,10000,0,2P_SAR1_PH1_ATR0_RRU1,true,1,true,false,true,KKT_OK,85,1321.978594,-1.3340226132943678e10,0.0,false
NCVXPHP2,10000,0,2P_SAR1_PH1_ATR1_RRU1,true,1,true,true,true,KKT_OK,52,1129.335017,-1.3340226132944254e10,0.0,false
NCVXPHP3,10000,0,2P_SAR0_PH0_ATR0_RRU0,false,1,false,false,false,MAX_IT,500,9617.701363,-6.559484258036454e9,0.0,false
NCVXPHP3,10000,0,2P_SAR0_PH1_ATR0_RRU0,false,1,true,false,false,MAX_IT,500,6669.946193000001,-6.559484265740799e9,0.0,false
NCVXPHP3,10000,0,2P_SAR0_PH1_ATR1_RRU0,false,1,true,true,false,KKT_OK,216,5240.835448000001,-6.559484265882779e9,0.0,false
NCVXPHP3,10000,0,2P_SAR0_PH0_ATR0_RRU1,false,1,false,false,true,MAX_IT,500,9560.213938,-6.559484258036454e9,0.0,false
NCVXPHP3,10000,0,2P_SAR0_PH1_ATR0_RRU1,false,1,true,false,true,MAX_IT,500,6556.375215,-6.559484265740799e9,0.0,false
NCVXPHP3,10000,0,2P_SAR0_PH1_ATR1_RRU1,false,1,true,true,true,KKT_OK,216,5351.249279000001,-6.559484265882779e9,0.0,false
NCVXPHP3,10000,0,BASE_2P,true,1,false,false,false,MAX_IT,500,9657.554298000001,-6.559484258036454e9,0.0,true
NCVXPHP3,10000,0,2P_SAR1_PH1_ATR0_RRU0,true,1,true,false,false,MAX_IT,500,6675.213982,-6.559484265740799e9,0.0,false
NCVXPHP3,10000,0,2P_SAR1_PH1_ATR1_RRU0,true,1,true,true,false,KKT_OK,216,5216.294451000001,-6.559484265882779e9,0.0,false
NCVXPHP3,10000,0,2P_SAR1_PH0_ATR0_RRU1,true,1,false,false,true,MAX_IT,500,9651.519312,-6.559484258036454e9,0.0,false
NCVXPHP3,10000,0,2P_SAR1_PH1_ATR0_RRU1,true,1,true,false,true,MAX_IT,500,7302.241247999999,-6.559484265740799e9,0.0,false
NCVXPHP3,10000,0,2P_SAR1_PH1_ATR1_RRU1,true,1,true,true,true,KKT_OK,216,5211.903182,-6.559484265882779e9,0.0,false
NELSONLS,3,0,2P_SAR0_PH0_ATR0_RRU0,false,1,false,false,false,SMALL_STEP,4,3.525998,60.32772666851239,0.0,false
NELSONLS,3,0,2P_SAR0_PH1_ATR0_RRU0,false,1,true,false,false,SMALL_STEP,4,2.453027,60.38704044919643,0.0,false
NELSONLS,3,0,2P_SAR0_PH1_ATR1_RRU0,false,1,true,true,false,SMALL_STEP,4,3.6797050000000002,60.634495499261014,0.0,false
NELSONLS,3,0,2P_SAR0_PH0_ATR0_RRU1,false,1,false,false,true,SMALL_STEP,4,2.6939889999999997,60.32772666851239,0.0,false
NELSONLS,3,0,2P_SAR0_PH1_ATR0_RRU1,false,1,true,false,true,SMALL_STEP,4,2.3509249999999997,60.38704044919643,0.0,false
NELSONLS,3,0,2P_SAR0_PH1_ATR1_RRU1,false,1,true,true,true,SMALL_STEP,4,3.611848,60.634495499261014,0.0,false
NELSONLS,3,0,BASE_2P,true,1,false,false,false,SMALL_STEP,4,2.334885,60.2230982638129,0.0,true
NELSONLS,3,0,2P_SAR1_PH1_ATR0_RRU0,true,1,true,false,false,SMALL_STEP,4,2.335106,60.38704044919643,0.0,false
NELSONLS,3,0,2P_SAR1_PH1_ATR1_RRU0,true,1,true,true,false,SMALL_STEP,4,3.637195,60.634495499261014,0.0,false
NELSONLS,3,0,2P_SAR1_PH0_ATR0_RRU1,true,1,false,false,true,SMALL_STEP,4,2.384379,60.2230982638129,0.0,false
NELSONLS,3,0,2P_SAR1_PH1_ATR0_RRU1,true,1,true,false,true,SMALL_STEP,4,2.274251,60.38704044919643,0.0,false
NELSONLS,3,0,2P_SAR1_PH1_ATR1_RRU1,true,1,true,true,true,SMALL_STEP,4,3.5257270000000003,60.634495499261014,0.0,false
NLMSURF,5625,0,2P_SAR0_PH0_ATR0_RRU0,false,1,false,false,false,KKT_OK,0,11.430489,81.19900741988516,0.0,false
NLMSURF,5625,0,2P_SAR0_PH1_ATR0_RRU0,false,1,true,false,false,KKT_OK,0,16.378982,81.19900741988516,0.0,false
NLMSURF,5625,0,2P_SAR0_PH1_ATR1_RRU0,false,1,true,true,false,KKT_OK,0,11.211919,81.19900741988516,0.0,false
NLMSURF,5625,0,2P_SAR0_PH0_ATR0_RRU1,false,1,false,false,true,KKT_OK,0,20.377274,81.19900741988516,0.0,false
NLMSURF,5625,0,2P_SAR0_PH1_ATR0_RRU1,false,1,true,false,true,KKT_OK,0,10.800908999999999,81.19900741988516,0.0,false
NLMSURF,5625,0,2P_SAR0_PH1_ATR1_RRU1,false,1,true,true,true,KKT_OK,0,21.908082,81.19900741988516,0.0,false
NLMSURF,5625,0,BASE_2P,true,1,false,false,false,KKT_OK,0,12.42363,81.19900741988516,0.0,true
NLMSURF,5625,0,2P_SAR1_PH1_ATR0_RRU0,true,1,true,false,false,KKT_OK,0,23.380642,81.19900741988516,0.0,false
NLMSURF,5625,0,2P_SAR1_PH1_ATR1_RRU0,true,1,true,true,false,KKT_OK,0,12.483653,81.19900741988516,0.0,false
NLMSURF,5625,0,2P_SAR1_PH0_ATR0_RRU1,true,1,false,false,true,KKT_OK,0,16.619122,81.19900741988516,0.0,false
NLMSURF,5625,0,2P_SAR1_PH1_ATR0_RRU1,true,1,true,false,true,KKT_OK,0,10.688899,81.19900741988516,0.0,false
NLMSURF,5625,0,2P_SAR1_PH1_ATR1_RRU1,true,1,true,true,true,KKT_OK,0,22.661134,81.19900741988516,0.0,false
NOBNDTOR,5476,0,2P_SAR0_PH0_ATR0_RRU0,false,1,false,false,false,KKT_OK,0,16.387138,-0.3467817601809315,0.0,false
NOBNDTOR,5476,0,2P_SAR0_PH1_ATR0_RRU0,false,1,true,false,false,KKT_OK,0,10.484657,-0.3467817601809315,0.0,false
NOBNDTOR,5476,0,2P_SAR0_PH1_ATR1_RRU0,false,1,true,true,false,KKT_OK,0,17.090475,-0.3467817601809315,0.0,false
NOBNDTOR,5476,0,2P_SAR0_PH0_ATR0_RRU1,false,1,false,false,true,KKT_OK,0,10.589694,-0.3467817601809315,0.0,false
NOBNDTOR,5476,0,2P_SAR0_PH1_ATR0_RRU1,false,1,true,false,true,KKT_OK,0,19.136159,-0.3467817601809315,0.0,false
NOBNDTOR,5476,0,2P_SAR0_PH1_ATR1_RRU1,false,1,true,true,true,KKT_OK,0,19.848534,-0.3467817601809315,0.0,false
NOBNDTOR,5476,0,BASE_2P,true,1,false,false,false,KKT_OK,0,16.637026,-0.3467817601809315,0.0,true
NOBNDTOR,5476,0,2P_SAR1_PH1_ATR0_RRU0,true,1,true,false,false,KKT_OK,0,10.650217,-0.3467817601809315,0.0,false
NOBNDTOR,5476,0,2P_SAR1_PH1_ATR1_RRU0,true,1,true,true,false,KKT_OK,0,17.847384,-0.3467817601809315,0.0,false
NOBNDTOR,5476,0,2P_SAR1_PH0_ATR0_RRU1,true,1,false,false,true,KKT_OK,0,10.160238999999999,-0.3467817601809315,0.0,false
NOBNDTOR,5476,0,2P_SAR1_PH1_ATR0_RRU1,true,1,true,false,true,KKT_OK,0,26.713838,-0.3467817601809315,0.0,false
NOBNDTOR,5476,0,2P_SAR1_PH1_ATR1_RRU1,true,1,true,true,true,KKT_OK,0,10.583903000000001,-0.3467817601809315,0.0,false
NONCVXU2,5000,0,2P_SAR0_PH0_ATR0_RRU0,false,1,false,false,false,MAX_IT,500,5431.9178759999995,1.225733913918888e6,0.0,false
NONCVXU2,5000,0,2P_SAR0_PH1_ATR0_RRU0,false,1,true,false,false,MAX_IT,500,3919.8987829999996,1.1911899651224113e6,0.0,false
NONCVXU2,5000,0,2P_SAR0_PH1_ATR1_RRU0,false,1,true,true,false,MAX_IT,500,8010.934532,2.211496336876686e6,0.0,false
NONCVXU2,5000,0,2P_SAR0_PH0_ATR0_RRU1,false,1,false,false,true,MAX_IT,500,5453.317973,1.225733913918888e6,0.0,false
NONCVXU2,5000,0,2P_SAR0_PH1_ATR0_RRU1,false,1,true,false,true,MAX_IT,500,4065.7830480000002,1.1911899651224113e6,0.0,false
NONCVXU2,5000,0,2P_SAR0_PH1_ATR1_RRU1,false,1,true,true,true,MAX_IT,500,8101.203263,2.211496336876686e6,0.0,false
NONCVXU2,5000,0,BASE_2P,true,1,false,false,false,MAX_IT,500,3604.1437730000002,3.1238144646099994e11,0.0,true
NONCVXU2,5000,0,2P_SAR1_PH1_ATR0_RRU0,true,1,true,false,false,MAX_IT,500,3871.8474650000003,1.1911899651224113e6,0.0,false
NONCVXU2,5000,0,2P_SAR1_PH1_ATR1_RRU0,true,1,true,true,false,MAX_IT,500,7863.359934,2.211496336876686e6,0.0,false
NONCVXU2,5000,0,2P_SAR1_PH0_ATR0_RRU1,true,1,false,false,true,MAX_IT,500,3624.599674,3.1238144646099994e11,0.0,false
NONCVXU2,5000,0,2P_SAR1_PH1_ATR0_RRU1,true,1,true,false,true,MAX_IT,500,3889.005476,1.1911899651224113e6,0.0,false
NONCVXU2,5000,0,2P_SAR1_PH1_ATR1_RRU1,true,1,true,true,true,MAX_IT,500,7910.122499,2.211496336876686e6,0.0,false
NONCVXUN,5000,0,2P_SAR0_PH0_ATR0_RRU0,false,1,false,false,false,MAX_IT,500,5587.165166,1.0793883312280052e6,0.0,false
NONCVXUN,5000,0,2P_SAR0_PH1_ATR0_RRU0,false,1,true,false,false,MAX_IT,500,3984.0337419999996,1.4277451472925053e6,0.0,false
NONCVXUN,5000,0,2P_SAR0_PH1_ATR1_RRU0,false,1,true,true,false,MAX_IT,500,8119.2037,1.4806375147865787e6,0.0,false
NONCVXUN,5000,0,2P_SAR0_PH0_ATR0_RRU1,false,1,false,false,true,MAX_IT,500,5533.692086,1.0793883312280052e6,0.0,false
NONCVXUN,5000,0,2P_SAR0_PH1_ATR0_RRU1,false,1,true,false,true,MAX_IT,500,3889.1745210000004,1.4277451472925053e6,0.0,false
NONCVXUN,5000,0,2P_SAR0_PH1_ATR1_RRU1,false,1,true,true,true,MAX_IT,500,8040.393539,1.4806375147865787e6,0.0,false
NONCVXUN,5000,0,BASE_2P,true,1,false,false,false,MAX_IT,500,3620.851166,3.223427840430026e11,0.0,true
NONCVXUN,5000,0,2P_SAR1_PH1_ATR0_RRU0,true,1,true,false,false,MAX_IT,500,3949.979146,1.4277451472925053e6,0.0,false
NONCVXUN,5000,0,2P_SAR1_PH1_ATR1_RRU0,true,1,true,true,false,MAX_IT,500,7967.0019649999995,1.4806375147865787e6,0.0,false
NONCVXUN,5000,0,2P_SAR1_PH0_ATR0_RRU1,true,1,false,false,true,MAX_IT,500,3683.323945,3.223427840430026e11,0.0,false
NONCVXUN,5000,0,2P_SAR1_PH1_ATR0_RRU1,true,1,true,false,true,MAX_IT,500,3945.2881780000002,1.4277451472925053e6,0.0,false
NONCVXUN,5000,0,2P_SAR1_PH1_ATR1_RRU1,true,1,true,true,true,MAX_IT,500,7975.279921,1.4806375147865787e6,0.0,false
NONDIA,5000,0,2P_SAR0_PH0_ATR0_RRU0,false,1,false,false,false,SMALL_STEP,11,158.772788,5.954855772890327,0.0,false
NONDIA,5000,0,2P_SAR0_PH1_ATR0_RRU0,false,1,true,false,false,SMALL_STEP,11,174.600898,1.1769005960523486,0.0,false
NONDIA,5000,0,2P_SAR0_PH1_ATR1_RRU0,false,1,true,true,false,KKT_OK,9,167.032526,4.639698461812339,0.0,false
NONDIA,5000,0,2P_SAR0_PH0_ATR0_RRU1,false,1,false,false,true,SMALL_STEP,11,236.162541,5.954855772890327,0.0,false
NONDIA,5000,0,2P_SAR0_PH1_ATR0_RRU1,false,1,true,false,true,SMALL_STEP,11,146.35821399999998,1.1769005960523486,0.0,false
NONDIA,5000,0,2P_SAR0_PH1_ATR1_RRU1,false,1,true,true,true,KKT_OK,9,244.029673,4.639698461812339,0.0,false
NONDIA,5000,0,BASE_2P,true,1,false,false,false,KKT_OK,13,173.401762,0.9999979995988425,0.0,true
NONDIA,5000,0,2P_SAR1_PH1_ATR0_RRU0,true,1,true,false,false,SMALL_STEP,11,215.189258,1.1769005960523486,0.0,false
NONDIA,5000,0,2P_SAR1_PH1_ATR1_RRU0,true,1,true,true,false,KKT_OK,9,170.305129,4.639698461812339,0.0,false
NONDIA,5000,0,2P_SAR1_PH0_ATR0_RRU1,true,1,false,false,true,KKT_OK,13,247.348121,0.9999979995988425,0.0,false
NONDIA,5000,0,2P_SAR1_PH1_ATR0_RRU1,true,1,true,false,true,SMALL_STEP,11,144.00629700000002,1.1769005960523486,0.0,false
NONDIA,5000,0,2P_SAR1_PH1_ATR1_RRU1,true,1,true,true,true,KKT_OK,9,240.690195,4.639698461812339,0.0,false
NONDQUAR,5000,0,2P_SAR0_PH0_ATR0_RRU0,false,1,false,false,false,KKT_OK,28,304.194778,0.13335430603028894,0.0,false
NONDQUAR,5000,0,2P_SAR0_PH1_ATR0_RRU0,false,1,true,false,false,KKT_OK,22,207.728778,0.3451160822848034,0.0,false
NONDQUAR,5000,0,2P_SAR0_PH1_ATR1_RRU0,false,1,true,true,false,KKT_OK,21,260.99274099999997,2.2216509061017087,0.0,false
NONDQUAR,5000,0,2P_SAR0_PH0_ATR0_RRU1,false,1,false,false,true,KKT_OK,28,372.665007,0.13335430603028894,0.0,false
NONDQUAR,5000,0,2P_SAR0_PH1_ATR0_RRU1,false,1,true,false,true,KKT_OK,22,195.620138,0.3451160822848034,0.0,false
NONDQUAR,5000,0,2P_SAR0_PH1_ATR1_RRU1,false,1,true,true,true,KKT_OK,21,341.347089,2.2216509061017087,0.0,false
NONDQUAR,5000,0,BASE_2P,true,1,false,false,false,KKT_OK,32,233.69099,0.2857335937499951,0.0,true
NONDQUAR,5000,0,2P_SAR1_PH1_ATR0_RRU0,true,1,true,false,false,KKT_OK,22,190.144486,0.3451160822848034,0.0,false
NONDQUAR,5000,0,2P_SAR1_PH1_ATR1_RRU0,true,1,true,true,false,KKT_OK,21,264.660624,2.2216509061017087,0.0,false
NONDQUAR,5000,0,2P_SAR1_PH0_ATR0_RRU1,true,1,false,false,true,KKT_OK,32,225.36387499999998,0.2857335937499951,0.0,false
NONDQUAR,5000,0,2P_SAR1_PH1_ATR0_RRU1,true,1,true,false,true,KKT_OK,22,267.969705,0.3451160822848034,0.0,false
NONDQUAR,5000,0,2P_SAR1_PH1_ATR1_RRU1,true,1,true,true,true,KKT_OK,21,262.412231,2.2216509061017087,0.0,false
NONMSQRT,4900,0,2P_SAR0_PH0_ATR0_RRU0,false,1,false,false,false,MAX_IT,500,11040.614804,4917.648096736219,0.0,false
NONMSQRT,4900,0,2P_SAR0_PH1_ATR0_RRU0,false,1,true,false,false,MAX_IT,500,9013.134386000002,2859.679977320556,0.0,false
NONMSQRT,4900,0,2P_SAR0_PH1_ATR1_RRU0,false,1,true,true,false,MAX_IT,500,14635.848812,4320.003003596115,0.0,false
NONMSQRT,4900,0,2P_SAR0_PH0_ATR0_RRU1,false,1,false,false,true,MAX_IT,500,11341.218276,4917.648096736219,0.0,false
NONMSQRT,4900,0,2P_SAR0_PH1_ATR0_RRU1,false,1,true,false,true,MAX_IT,500,8836.799863,2859.679977320556,0.0,false
NONMSQRT,4900,0,2P_SAR0_PH1_ATR1_RRU1,false,1,true,true,true,MAX_IT,500,14302.150909,4320.003003596115,0.0,false
NONMSQRT,4900,0,BASE_2P,true,1,false,false,false,MAX_IT,500,8611.695252000001,2909.986339828192,0.0,true
NONMSQRT,4900,0,2P_SAR1_PH1_ATR0_RRU0,true,1,true,false,false,MAX_IT,500,8806.165394000001,2859.679977320556,0.0,false
NONMSQRT,4900,0,2P_SAR1_PH1_ATR1_RRU0,true,1,true,true,false,MAX_IT,500,14467.788777000002,4320.003003596115,0.0,false
NONMSQRT,4900,0,2P_SAR1_PH0_ATR0_RRU1,true,1,false,false,true,MAX_IT,500,8590.526858000001,2909.986339828192,0.0,false
NONMSQRT,4900,0,2P_SAR1_PH1_ATR0_RRU1,true,1,true,false,true,MAX_IT,500,8801.152022,2859.679977320556,0.0,false
NONMSQRT,4900,0,2P_SAR1_PH1_ATR1_RRU1,true,1,true,true,true,MAX_IT,500,14330.742976,4320.003003596115,0.0,false
NONSCOMP,5000,0,2P_SAR0_PH0_ATR0_RRU0,false,1,false,false,false,SMALL_STEP,23,349.329293,1.1570035406131551,0.0,false
NONSCOMP,5000,0,2P_SAR0_PH1_ATR0_RRU0,false,1,true,false,false,MAX_IT,500,3355.221837,2.6998414191224214,0.0,false
NONSCOMP,5000,0,2P_SAR0_PH1_ATR1_RRU0,false,1,true,true,false,KKT_OK,38,602.3739340000001,0.27770087143196576,0.0,false
NONSCOMP,5000,0,2P_SAR0_PH0_ATR0_RRU1,false,1,false,false,true,SMALL_STEP,23,264.097484,1.1570035406131551,0.0,false
NONSCOMP,5000,0,2P_SAR0_PH1_ATR0_RRU1,false,1,true,false,true,MAX_IT,500,3389.4448279999997,2.6998414191224214,0.0,false
NONSCOMP,5000,0,2P_SAR0_PH1_ATR1_RRU1,false,1,true,true,true,KKT_OK,38,556.887326,0.27770087143196576,0.0,false
NONSCOMP,5000,0,BASE_2P,true,1,false,false,false,KKT_OK,118,815.442283,0.3679098533064804,0.0,true
NONSCOMP,5000,0,2P_SAR1_PH1_ATR0_RRU0,true,1,true,false,false,MAX_IT,500,3439.0129370000004,2.6998414191224214,0.0,false
NONSCOMP,5000,0,2P_SAR1_PH1_ATR1_RRU0,true,1,true,true,false,KKT_OK,38,533.35612,0.27770087143196576,0.0,false
NONSCOMP,5000,0,2P_SAR1_PH0_ATR0_RRU1,true,1,false,false,true,KKT_OK,118,832.331002,0.3679098533064804,0.0,false
NONSCOMP,5000,0,2P_SAR1_PH1_ATR0_RRU1,true,1,true,false,true,MAX_IT,500,3381.839137,2.6998414191224214,0.0,false
NONSCOMP,5000,0,2P_SAR1_PH1_ATR1_RRU1,true,1,true,true,true,KKT_OK,38,594.41445,0.27770087143196576,0.0,false
OBSTCLAE,10000,0,2P_SAR0_PH0_ATR0_RRU0,false,1,false,false,false,KKT_OK,0,19.076127,97.02009998980519,0.0,false
OBSTCLAE,10000,0,2P_SAR0_PH1_ATR0_RRU0,false,1,true,false,false,KKT_OK,0,26.363874,97.02009998980519,0.0,false
OBSTCLAE,10000,0,2P_SAR0_PH1_ATR1_RRU0,false,1,true,true,false,KKT_OK,0,20.061553999999997,97.02009998980519,0.0,false
OBSTCLAE,10000,0,2P_SAR0_PH0_ATR0_RRU1,false,1,false,false,true,KKT_OK,0,26.382088000000003,97.02009998980519,0.0,false
OBSTCLAE,10000,0,2P_SAR0_PH1_ATR0_RRU1,false,1,true,false,true,KKT_OK,0,19.633492,97.02009998980519,0.0,false
OBSTCLAE,10000,0,2P_SAR0_PH1_ATR1_RRU1,false,1,true,true,true,KKT_OK,0,25.284361,97.02009998980519,0.0,false
OBSTCLAE,10000,0,BASE_2P,true,1,false,false,false,KKT_OK,0,19.279788999999997,97.02009998980519,0.0,true
OBSTCLAE,10000,0,2P_SAR1_PH1_ATR0_RRU0,true,1,true,false,false,KKT_OK,0,25.232083,97.02009998980519,0.0,false
OBSTCLAE,10000,0,2P_SAR1_PH1_ATR1_RRU0,true,1,true,true,false,KKT_OK,0,19.788573,97.02009998980519,0.0,false
OBSTCLAE,10000,0,2P_SAR1_PH0_ATR0_RRU1,true,1,false,false,true,KKT_OK,0,26.405362,97.02009998980519,0.0,false
OBSTCLAE,10000,0,2P_SAR1_PH1_ATR0_RRU1,true,1,true,false,true,KKT_OK,0,40.165408,97.02009998980519,0.0,false
OBSTCLAE,10000,0,2P_SAR1_PH1_ATR1_RRU1,true,1,true,true,true,KKT_OK,0,36.965671,97.02009998980519,0.0,false
OBSTCLAL,10000,0,2P_SAR0_PH0_ATR0_RRU0,false,1,false,false,false,KKT_OK,0,55.393374,2.384303026950611,0.0,false
OBSTCLAL,10000,0,2P_SAR0_PH1_ATR0_RRU0,false,1,true,false,false,KKT_OK,0,23.597851,2.384303026950611,0.0,false
OBSTCLAL,10000,0,2P_SAR0_PH1_ATR1_RRU0,false,1,true,true,false,KKT_OK,0,25.339074,2.384303026950611,0.0,false
OBSTCLAL,10000,0,2P_SAR0_PH0_ATR0_RRU1,false,1,false,false,true,KKT_OK,0,40.717642,2.384303026950611,0.0,false
OBSTCLAL,10000,0,2P_SAR0_PH1_ATR0_RRU1,false,1,true,false,true,KKT_OK,0,21.300205,2.384303026950611,0.0,false
OBSTCLAL,10000,0,2P_SAR0_PH1_ATR1_RRU1,false,1,true,true,true,KKT_OK,0,24.944615,2.384303026950611,0.0,false
OBSTCLAL,10000,0,BASE_2P,true,1,false,false,false,KKT_OK,0,33.841998,2.384303026950611,0.0,true
OBSTCLAL,10000,0,2P_SAR1_PH1_ATR0_RRU0,true,1,true,false,false,KKT_OK,0,26.579598999999998,2.384303026950611,0.0,false
OBSTCLAL,10000,0,2P_SAR1_PH1_ATR1_RRU0,true,1,true,true,false,KKT_OK,0,19.860487,2.384303026950611,0.0,false
OBSTCLAL,10000,0,2P_SAR1_PH0_ATR0_RRU1,true,1,false,false,true,KKT_OK,0,25.893834000000002,2.384303026950611,0.0,false
OBSTCLAL,10000,0,2P_SAR1_PH1_ATR0_RRU1,true,1,true,false,true,KKT_OK,0,33.089918000000004,2.384303026950611,0.0,false
OBSTCLAL,10000,0,2P_SAR1_PH1_ATR1_RRU1,true,1,true,true,true,KKT_OK,0,28.707265,2.384303026950611,0.0,false
OBSTCLBL,10000,0,2P_SAR0_PH0_ATR0_RRU0,false,1,false,false,false,KKT_OK,0,26.135156,15.53723071959343,0.0,false
OBSTCLBL,10000,0,2P_SAR0_PH1_ATR0_RRU0,false,1,true,false,false,KKT_OK,0,27.529469000000002,15.53723071959343,0.0,false
OBSTCLBL,10000,0,2P_SAR0_PH1_ATR1_RRU0,false,1,true,true,false,KKT_OK,0,36.326534,15.53723071959343,0.0,false
OBSTCLBL,10000,0,2P_SAR0_PH0_ATR0_RRU1,false,1,false,false,true,KKT_OK,0,26.77234,15.53723071959343,0.0,false
OBSTCLBL,10000,0,2P_SAR0_PH1_ATR0_RRU1,false,1,true,false,true,KKT_OK,0,18.110569,15.53723071959343,0.0,false
OBSTCLBL,10000,0,2P_SAR0_PH1_ATR1_RRU1,false,1,true,true,true,KKT_OK,0,26.49459,15.53723071959343,0.0,false
OBSTCLBL,10000,0,BASE_2P,true,1,false,false,false,KKT_OK,0,19.15191,15.53723071959343,0.0,true
OBSTCLBL,10000,0,2P_SAR1_PH1_ATR0_RRU0,true,1,true,false,false,KKT_OK,0,26.280027,15.53723071959343,0.0,false
OBSTCLBL,10000,0,2P_SAR1_PH1_ATR1_RRU0,true,1,true,true,false,KKT_OK,0,19.241958999999998,15.53723071959343,0.0,false
OBSTCLBL,10000,0,2P_SAR1_PH0_ATR0_RRU1,true,1,false,false,true,KKT_OK,0,26.621427,15.53723071959343,0.0,false
OBSTCLBL,10000,0,2P_SAR1_PH1_ATR0_RRU1,true,1,true,false,true,KKT_OK,0,19.908367,15.53723071959343,0.0,false
OBSTCLBL,10000,0,2P_SAR1_PH1_ATR1_RRU1,true,1,true,true,true,KKT_OK,0,25.907188,15.53723071959343,0.0,false
OBSTCLBM,10000,0,2P_SAR0_PH0_ATR0_RRU0,false,1,false,false,false,KKT_OK,0,18.725681,8.779257652287594,0.0,false
OBSTCLBM,10000,0,2P_SAR0_PH1_ATR0_RRU0,false,1,true,false,false,KKT_OK,0,25.925664,8.779257652287594,0.0,false
OBSTCLBM,10000,0,2P_SAR0_PH1_ATR1_RRU0,false,1,true,true,false,KKT_OK,0,20.024305,8.779257652287594,0.0,false
OBSTCLBM,10000,0,2P_SAR0_PH0_ATR0_RRU1,false,1,false,false,true,KKT_OK,0,26.156275,8.779257652287594,0.0,false
OBSTCLBM,10000,0,2P_SAR0_PH1_ATR0_RRU1,false,1,true,false,true,KKT_OK,0,20.234519,8.779257652287594,0.0,false
OBSTCLBM,10000,0,2P_SAR0_PH1_ATR1_RRU1,false,1,true,true,true,KKT_OK,0,26.647746,8.779257652287594,0.0,false
OBSTCLBM,10000,0,BASE_2P,true,1,false,false,false,KKT_OK,0,20.318095,8.779257652287594,0.0,true
OBSTCLBM,10000,0,2P_SAR1_PH1_ATR0_RRU0,true,1,true,false,false,KKT_OK,0,26.199036,8.779257652287594,0.0,false
OBSTCLBM,10000,0,2P_SAR1_PH1_ATR1_RRU0,true,1,true,true,false,KKT_OK,0,20.238315,8.779257652287594,0.0,false
OBSTCLBM,10000,0,2P_SAR1_PH0_ATR0_RRU1,true,1,false,false,true,KKT_OK,0,26.428386000000003,8.779257652287594,0.0,false
OBSTCLBM,10000,0,2P_SAR1_PH1_ATR0_RRU1,true,1,true,false,true,KKT_OK,0,23.331321,8.779257652287594,0.0,false
OBSTCLBM,10000,0,2P_SAR1_PH1_ATR1_RRU1,true,1,true,true,true,KKT_OK,0,27.501396,8.779257652287594,0.0,false
OBSTCLBU,10000,0,2P_SAR0_PH0_ATR0_RRU0,false,1,false,false,false,KKT_OK,0,24.720737,16.467667666778873,0.0,false
OBSTCLBU,10000,0,2P_SAR0_PH1_ATR0_RRU0,false,1,true,false,false,KKT_OK,0,22.125238,16.467667666778873,0.0,false
OBSTCLBU,10000,0,2P_SAR0_PH1_ATR1_RRU0,false,1,true,true,false,KKT_OK,0,23.491319999999998,16.467667666778873,0.0,false
OBSTCLBU,10000,0,2P_SAR0_PH0_ATR0_RRU1,false,1,false,false,true,KKT_OK,0,22.678451,16.467667666778873,0.0,false
OBSTCLBU,10000,0,2P_SAR0_PH1_ATR0_RRU1,false,1,true,false,true,KKT_OK,0,24.488263,16.467667666778873,0.0,false
OBSTCLBU,10000,0,2P_SAR0_PH1_ATR1_RRU1,false,1,true,true,true,KKT_OK,0,23.374481999999997,16.467667666778873,0.0,false
OBSTCLBU,10000,0,BASE_2P,true,1,false,false,false,KKT_OK,0,24.745654,16.467667666778873,0.0,true
OBSTCLBU,10000,0,2P_SAR1_PH1_ATR0_RRU0,true,1,true,false,false,KKT_OK,0,23.294634000000002,16.467667666778873,0.0,false
OBSTCLBU,10000,0,2P_SAR1_PH1_ATR1_RRU0,true,1,true,true,false,KKT_OK,0,23.939508,16.467667666778873,0.0,false
OBSTCLBU,10000,0,2P_SAR1_PH0_ATR0_RRU1,true,1,false,false,true,KKT_OK,0,23.873324,16.467667666778873,0.0,false
OBSTCLBU,10000,0,2P_SAR1_PH1_ATR0_RRU1,true,1,true,false,true,KKT_OK,0,24.766553000000002,16.467667666778873,0.0,false
OBSTCLBU,10000,0,2P_SAR1_PH1_ATR1_RRU1,true,1,true,true,true,KKT_OK,0,24.127288,16.467667666778873,0.0,false
ODC,5184,0,2P_SAR0_PH0_ATR0_RRU0,false,1,false,false,false,KKT_OK,0,10.481603000000002,0.0,0.0,false
ODC,5184,0,2P_SAR0_PH1_ATR0_RRU0,false,1,true,false,false,KKT_OK,0,15.249035,0.0,0.0,false
ODC,5184,0,2P_SAR0_PH1_ATR1_RRU0,false,1,true,true,false,KKT_OK,0,13.922545,0.0,0.0,false
ODC,5184,0,2P_SAR0_PH0_ATR0_RRU1,false,1,false,false,true,KKT_OK,0,9.571812000000001,0.0,0.0,false
ODC,5184,0,2P_SAR0_PH1_ATR0_RRU1,false,1,true,false,true,KKT_OK,0,12.250701,0.0,0.0,false
ODC,5184,0,2P_SAR0_PH1_ATR1_RRU1,false,1,true,true,true,KKT_OK,0,21.371741,0.0,0.0,false
ODC,5184,0,BASE_2P,true,1,false,false,false,KKT_OK,0,9.715992,0.0,0.0,true
ODC,5184,0,2P_SAR1_PH1_ATR0_RRU0,true,1,true,false,false,KKT_OK,0,9.696715999999999,0.0,0.0,false
ODC,5184,0,2P_SAR1_PH1_ATR1_RRU0,true,1,true,true,false,KKT_OK,0,14.322724000000001,0.0,0.0,false
ODC,5184,0,2P_SAR1_PH0_ATR0_RRU1,true,1,false,false,true,KKT_OK,0,19.942849,0.0,0.0,false
ODC,5184,0,2P_SAR1_PH1_ATR0_RRU1,true,1,true,false,true,KKT_OK,0,9.56523,0.0,0.0,false
ODC,5184,0,2P_SAR1_PH1_ATR1_RRU1,true,1,true,true,true,KKT_OK,0,9.695894000000001,0.0,0.0,false
ODNAMUR,11130,0,2P_SAR0_PH0_ATR0_RRU0,false,1,false,false,false,MAX_IT,500,10600.980811,15112.153542759193,0.0,false
ODNAMUR,11130,0,2P_SAR0_PH1_ATR0_RRU0,false,1,true,false,false,MAX_IT,500,7509.554593,13485.015163125005,0.0,false
ODNAMUR,11130,0,2P_SAR0_PH1_ATR1_RRU0,false,1,true,true,false,MAX_IT,500,14000.493390000001,17868.16852400415,0.0,false
ODNAMUR,11130,0,2P_SAR0_PH0_ATR0_RRU1,false,1,false,false,true,MAX_IT,500,10908.057587,15112.153542759193,0.0,false
ODNAMUR,11130,0,2P_SAR0_PH1_ATR0_RRU1,false,1,true,false,true,MAX_IT,500,7705.149381,13485.015163125005,0.0,false
ODNAMUR,11130,0,2P_SAR0_PH1_ATR1_RRU1,false,1,true,true,true,MAX_IT,500,14063.303286,17868.16852400415,0.0,false
ODNAMUR,11130,0,BASE_2P,true,1,false,false,false,MAX_IT,500,7354.056987,15263.442158816795,0.0,true
ODNAMUR,11130,0,2P_SAR1_PH1_ATR0_RRU0,true,1,true,false,false,MAX_IT,500,7451.005217,13485.015163125005,0.0,false
ODNAMUR,11130,0,2P_SAR1_PH1_ATR1_RRU0,true,1,true,true,false,MAX_IT,500,14246.488911,17868.16852400415,0.0,false
ODNAMUR,11130,0,2P_SAR1_PH0_ATR0_RRU1,true,1,false,false,true,MAX_IT,500,7171.975711,15263.442158816795,0.0,false
ODNAMUR,11130,0,2P_SAR1_PH1_ATR0_RRU1,true,1,true,false,true,MAX_IT,500,7443.013828,13485.015163125005,0.0,false
ODNAMUR,11130,0,2P_SAR1_PH1_ATR1_RRU1,true,1,true,true,true,MAX_IT,500,14371.141322,17868.16852400415,0.0,false
OSBORNEA,5,0,2P_SAR0_PH0_ATR0_RRU0,false,1,false,false,false,SMALL_STEP,37,12.044075,0.09182978150685454,0.0,false
OSBORNEA,5,0,2P_SAR0_PH1_ATR0_RRU0,false,1,true,false,false,SMALL_STEP,117,25.051713,0.06291457580268203,0.0,false
OSBORNEA,5,0,2P_SAR0_PH1_ATR1_RRU0,false,1,true,true,false,SMALL_STEP,37,13.012047,0.11831695185911777,0.0,false
OSBORNEA,5,0,2P_SAR0_PH0_ATR0_RRU1,false,1,false,false,true,SMALL_STEP,37,10.842144999999999,0.09182978150685454,0.0,false
OSBORNEA,5,0,2P_SAR0_PH1_ATR0_RRU1,false,1,true,false,true,SMALL_STEP,117,24.796235,0.06291457580268203,0.0,false
OSBORNEA,5,0,2P_SAR0_PH1_ATR1_RRU1,false,1,true,true,true,SMALL_STEP,37,13.289536,0.11831695185911777,0.0,false
OSBORNEA,5,0,BASE_2P,true,1,false,false,false,SMALL_STEP,21,5.359923,0.10644525055204924,0.0,true
OSBORNEA,5,0,2P_SAR1_PH1_ATR0_RRU0,true,1,true,false,false,SMALL_STEP,117,24.917121,0.06291457580268203,0.0,false
OSBORNEA,5,0,2P_SAR1_PH1_ATR1_RRU0,true,1,true,true,false,SMALL_STEP,37,13.448754000000001,0.11831695185911777,0.0,false
OSBORNEA,5,0,2P_SAR1_PH0_ATR0_RRU1,true,1,false,false,true,SMALL_STEP,21,5.170929999999999,0.10644525055204924,0.0,false
OSBORNEA,5,0,2P_SAR1_PH1_ATR0_RRU1,true,1,true,false,true,SMALL_STEP,117,24.811314,0.06291457580268203,0.0,false
OSBORNEA,5,0,2P_SAR1_PH1_ATR1_RRU1,true,1,true,true,true,SMALL_STEP,37,13.006908,0.11831695185911777,0.0,false
OSBORNEB,11,0,2P_SAR0_PH0_ATR0_RRU0,false,1,false,false,false,MAX_IT,500,141.315145,0.2722079979973322,0.0,false
OSBORNEB,11,0,2P_SAR0_PH1_ATR0_RRU0,false,1,true,false,false,MAX_IT,500,114.530798,0.25314376389307197,0.0,false
OSBORNEB,11,0,2P_SAR0_PH1_ATR1_RRU0,false,1,true,true,false,MAX_IT,500,188.79926899999998,0.29882056419891306,0.0,false
OSBORNEB,11,0,2P_SAR0_PH0_ATR0_RRU1,false,1,false,false,true,MAX_IT,500,140.957155,0.2722079979973322,0.0,false
OSBORNEB,11,0,2P_SAR0_PH1_ATR0_RRU1,false,1,true,false,true,MAX_IT,500,110.78654,0.25314376389307197,0.0,false
OSBORNEB,11,0,2P_SAR0_PH1_ATR1_RRU1,false,1,true,true,true,MAX_IT,500,192.08366800000002,0.29882056419891306,0.0,false
OSBORNEB,11,0,BASE_2P,true,1,false,false,false,MAX_IT,500,100.346768,0.27704296059171574,0.0,true
OSBORNEB,11,0,2P_SAR1_PH1_ATR0_RRU0,true,1,true,false,false,MAX_IT,500,116.167963,0.25314376389307197,0.0,false
OSBORNEB,11,0,2P_SAR1_PH1_ATR1_RRU0,true,1,true,true,false,MAX_IT,500,192.006665,0.29882056419891306,0.0,false
OSBORNEB,11,0,2P_SAR1_PH0_ATR0_RRU1,true,1,false,false,true,MAX_IT,500,100.355925,0.27704296059171574,0.0,false
OSBORNEB,11,0,2P_SAR1_PH1_ATR0_RRU1,true,1,true,false,true,MAX_IT,500,114.70524499999999,0.25314376389307197,0.0,false
OSBORNEB,11,0,2P_SAR1_PH1_ATR1_RRU1,true,1,true,true,true,MAX_IT,500,187.718498,0.29882056419891306,0.0,false
OSCIGRAD,100000,0,2P_SAR0_PH0_ATR0_RRU0,false,1,false,false,false,MAX_IT,500,127708.849797,3.859241599854693e7,0.0,false
OSCIGRAD,100000,0,2P_SAR0_PH1_ATR0_RRU0,false,1,true,false,false,MAX_IT,500,97175.725708,3.7110561890027106e7,0.0,false
OSCIGRAD,100000,0,2P_SAR0_PH1_ATR1_RRU0,false,1,true,true,false,SMALL_STEP,97,34665.834231,6379.210897661369,0.0,false
OSCIGRAD,100000,0,2P_SAR0_PH0_ATR0_RRU1,false,1,false,false,true,MAX_IT,500,127922.135698,3.859241599854693e7,0.0,false
OSCIGRAD,100000,0,2P_SAR0_PH1_ATR0_RRU1,false,1,true,false,true,MAX_IT,500,93732.670379,3.7110561890027106e7,0.0,false
OSCIGRAD,100000,0,2P_SAR0_PH1_ATR1_RRU1,false,1,true,true,true,SMALL_STEP,97,34762.805617,6379.210897661369,0.0,false
OSCIGRAD,100000,0,BASE_2P,true,1,false,false,false,MAX_IT,500,87262.96734100001,1.1988348875889571e8,0.0,true
OSCIGRAD,100000,0,2P_SAR1_PH1_ATR0_RRU0,true,1,true,false,false,MAX_IT,500,96152.075557,3.7110561890027106e7,0.0,false
OSCIGRAD,100000,0,2P_SAR1_PH1_ATR1_RRU0,true,1,true,true,false,SMALL_STEP,97,34199.420206,6379.210897661369,0.0,false
OSCIGRAD,100000,0,2P_SAR1_PH0_ATR0_RRU1,true,1,false,false,true,MAX_IT,500,87050.275819,1.1988348875889571e8,0.0,false
OSCIGRAD,100000,0,2P_SAR1_PH1_ATR0_RRU1,true,1,true,false,true,MAX_IT,500,96311.208483,3.7110561890027106e7,0.0,false
OSCIGRAD,100000,0,2P_SAR1_PH1_ATR1_RRU1,true,1,true,true,true,SMALL_STEP,97,34454.946478,6379.210897661369,0.0,false
OSCIPATH,500,0,2P_SAR0_PH0_ATR0_RRU0,false,1,false,false,false,SMALL_STEP,3,11.510771,0.9999984930391371,0.0,false
OSCIPATH,500,0,2P_SAR0_PH1_ATR0_RRU0,false,1,true,false,false,SMALL_STEP,3,8.975059,0.9999994468795461,0.0,false
OSCIPATH,500,0,2P_SAR0_PH1_ATR1_RRU0,false,1,true,true,false,SMALL_STEP,3,10.321553000000002,0.9999741556771826,0.0,false
OSCIPATH,500,0,2P_SAR0_PH0_ATR0_RRU1,false,1,false,false,true,SMALL_STEP,3,10.849141,0.9999984930391371,0.0,false
OSCIPATH,500,0,2P_SAR0_PH1_ATR0_RRU1,false,1,true,false,true,SMALL_STEP,3,8.653507,0.9999994468795461,0.0,false
OSCIPATH,500,0,2P_SAR0_PH1_ATR1_RRU1,false,1,true,true,true,SMALL_STEP,3,10.244168,0.9999741556771826,0.0,false
OSCIPATH,500,0,BASE_2P,true,1,false,false,false,SMALL_STEP,3,9.907918,0.9999991928319365,0.0,true
OSCIPATH,500,0,2P_SAR1_PH1_ATR0_RRU0,true,1,true,false,false,SMALL_STEP,3,8.577774999999999,0.9999994468795461,0.0,false
OSCIPATH,500,0,2P_SAR1_PH1_ATR1_RRU0,true,1,true,true,false,SMALL_STEP,3,10.052669,0.9999741556771826,0.0,false
OSCIPATH,500,0,2P_SAR1_PH0_ATR0_RRU1,true,1,false,false,true,SMALL_STEP,3,9.895204,0.9999991928319365,0.0,false
OSCIPATH,500,0,2P_SAR1_PH1_ATR0_RRU1,true,1,true,false,true,SMALL_STEP,3,8.618712,0.9999994468795461,0.0,false
OSCIPATH,500,0,2P_SAR1_PH1_ATR1_RRU1,true,1,true,true,true,SMALL_STEP,3,10.141436,0.9999741556771826,0.0,false
OSLPHP,8,0,2P_SAR0_PH0_ATR0_RRU0,false,1,false,false,false,KKT_OK,6,4.897007,6.25,0.0,false
OSLPHP,8,0,2P_SAR0_PH1_ATR0_RRU0,false,1,true,false,false,KKT_OK,6,4.72784,6.249999999999999,0.0,false
OSLPHP,8,0,2P_SAR0_PH1_ATR1_RRU0,false,1,true,true,false,KKT_OK,6,9.507837,6.249999999999999,0.0,false
OSLPHP,8,0,2P_SAR0_PH0_ATR0_RRU1,false,1,false,false,true,KKT_OK,6,3.973878,6.25,0.0,false
OSLPHP,8,0,2P_SAR0_PH1_ATR0_RRU1,false,1,true,false,true,KKT_OK,6,4.126072,6.249999999999999,0.0,false
OSLPHP,8,0,2P_SAR0_PH1_ATR1_RRU1,false,1,true,true,true,KKT_OK,6,9.304936999999999,6.249999999999999,0.0,false
OSLPHP,8,0,BASE_2P,true,1,false,false,false,KKT_OK,7,3.82603,6.25,0.0,true
OSLPHP,8,0,2P_SAR1_PH1_ATR0_RRU0,true,1,true,false,false,KKT_OK,6,4.164464,6.249999999999999,0.0,false
OSLPHP,8,0,2P_SAR1_PH1_ATR1_RRU0,true,1,true,true,false,KKT_OK,6,9.356023,6.249999999999999,0.0,false
OSLPHP,8,0,2P_SAR1_PH0_ATR0_RRU1,true,1,false,false,true,KKT_OK,7,3.814508,6.25,0.0,false
OSLPHP,8,0,2P_SAR1_PH1_ATR0_RRU1,true,1,true,false,true,KKT_OK,6,4.1294189999999995,6.249999999999999,0.0,false
OSLPHP,8,0,2P_SAR1_PH1_ATR1_RRU1,true,1,true,true,true,KKT_OK,6,9.321659,6.249999999999999,0.0,false
PALMER1,4,0,2P_SAR0_PH0_ATR0_RRU0,false,1,false,false,false,MAX_IT,500,127.40826499999999,29265.886600274982,0.0,false
PALMER1,4,0,2P_SAR0_PH1_ATR0_RRU0,false,1,true,false,false,MAX_IT,500,95.61926299999999,29438.08620940044,0.0,false
PALMER1,4,0,2P_SAR0_PH1_ATR1_RRU0,false,1,true,true,false,SMALL_STEP,15,6.806295,34074.66512194246,0.0,false
PALMER1,4,0,2P_SAR0_PH0_ATR0_RRU1,false,1,false,false,true,MAX_IT,500,122.36793999999999,29265.886600274982,0.0,false
PALMER1,4,0,2P_SAR0_PH1_ATR0_RRU1,false,1,true,false,true,MAX_IT,500,94.859679,29438.08620940044,0.0,false
PALMER1,4,0,2P_SAR0_PH1_ATR1_RRU1,false,1,true,true,true,SMALL_STEP,15,6.597104000000001,34074.66512194246,0.0,false
PALMER1,4,0,BASE_2P,true,1,false,false,false,SMALL_STEP,39,8.402787,30929.315414985474,0.0,true
PALMER1,4,0,2P_SAR1_PH1_ATR0_RRU0,true,1,true,false,false,MAX_IT,500,99.403795,29438.08620940044,0.0,false
PALMER1,4,0,2P_SAR1_PH1_ATR1_RRU0,true,1,true,true,false,SMALL_STEP,15,6.613334,34074.66512194246,0.0,false
PALMER1,4,0,2P_SAR1_PH0_ATR0_RRU1,true,1,false,false,true,SMALL_STEP,39,8.427724,30929.315414985474,0.0,false
PALMER1,4,0,2P_SAR1_PH1_ATR0_RRU1,true,1,true,false,true,MAX_IT,500,100.418406,29438.08620940044,0.0,false
PALMER1,4,0,2P_SAR1_PH1_ATR1_RRU1,true,1,true,true,true,SMALL_STEP,15,6.624394,34074.66512194246,0.0,false
PALMER1A,6,0,2P_SAR0_PH0_ATR0_RRU0,false,1,false,false,false,SMALL_STEP,21,7.615921999999999,17989.254217316306,0.0,false
PALMER1A,6,0,2P_SAR0_PH1_ATR0_RRU0,false,1,true,false,false,SMALL_STEP,274,53.896764,17632.796772457794,0.0,false
PALMER1A,6,0,2P_SAR0_PH1_ATR1_RRU0,false,1,true,true,false,SMALL_STEP,29,10.339597000000001,19291.384426132998,0.0,false
PALMER1A,6,0,2P_SAR0_PH0_ATR0_RRU1,false,1,false,false,true,SMALL_STEP,21,6.967077000000001,17989.254217316306,0.0,false
PALMER1A,6,0,2P_SAR0_PH1_ATR0_RRU1,false,1,true,false,true,SMALL_STEP,274,53.337596,17632.796772457794,0.0,false
PALMER1A,6,0,2P_SAR0_PH1_ATR1_RRU1,false,1,true,true,true,SMALL_STEP,29,10.262622,19291.384426132998,0.0,false
PALMER1A,6,0,BASE_2P,true,1,false,false,false,SMALL_STEP,25,6.085354000000001,17923.107135416267,0.0,true
PALMER1A,6,0,2P_SAR1_PH1_ATR0_RRU0,true,1,true,false,false,SMALL_STEP,274,53.329751,17632.796772457794,0.0,false
PALMER1A,6,0,2P_SAR1_PH1_ATR1_RRU0,true,1,true,true,false,SMALL_STEP,29,10.194495,19291.384426132998,0.0,false
PALMER1A,6,0,2P_SAR1_PH0_ATR0_RRU1,true,1,false,false,true,SMALL_STEP,25,5.975948,17923.107135416267,0.0,false
PALMER1A,6,0,2P_SAR1_PH1_ATR0_RRU1,true,1,true,false,true,SMALL_STEP,274,58.026863,17632.796772457794,0.0,false
PALMER1A,6,0,2P_SAR1_PH1_ATR1_RRU1,true,1,true,true,true,SMALL_STEP,29,10.192661000000001,19291.384426132998,0.0,false
PALMER1B,4,0,2P_SAR0_PH0_ATR0_RRU0,false,1,false,false,false,MAX_IT,500,127.36503499999999,39160.057404292835,0.0,false
PALMER1B,4,0,2P_SAR0_PH1_ATR0_RRU0,false,1,true,false,false,MAX_IT,500,97.144651,40695.21294451082,0.0,false
PALMER1B,4,0,2P_SAR0_PH1_ATR1_RRU0,false,1,true,true,false,SMALL_STEP,20,8.323709000000001,23216.05807963519,0.0,false
PALMER1B,4,0,2P_SAR0_PH0_ATR0_RRU1,false,1,false,false,true,MAX_IT,500,122.27158,39160.057404292835,0.0,false
PALMER1B,4,0,2P_SAR0_PH1_ATR0_RRU1,false,1,true,false,true,MAX_IT,500,96.687064,40695.21294451082,0.0,false
PALMER1B,4,0,2P_SAR0_PH1_ATR1_RRU1,false,1,true,true,true,SMALL_STEP,20,8.118143,23216.05807963519,0.0,false
PALMER1B,4,0,BASE_2P,true,1,false,false,false,MAX_IT,500,88.651524,42497.78001484871,0.0,true
PALMER1B,4,0,2P_SAR1_PH1_ATR0_RRU0,true,1,true,false,false,MAX_IT,500,96.122655,40695.21294451082,0.0,false
PALMER1B,4,0,2P_SAR1_PH1_ATR1_RRU0,true,1,true,true,false,SMALL_STEP,20,8.097584999999999,23216.05807963519,0.0,false
PALMER1B,4,0,2P_SAR1_PH0_ATR0_RRU1,true,1,false,false,true,MAX_IT,500,84.24066900000001,42497.78001484871,0.0,false
PALMER1B,4,0,2P_SAR1_PH1_ATR0_RRU1,true,1,true,false,true,MAX_IT,500,96.090526,40695.21294451082,0.0,false
PALMER1B,4,0,2P_SAR1_PH1_ATR1_RRU1,true,1,true,true,true,SMALL_STEP,20,8.652274,23216.05807963519,0.0,false
PALMER1C,8,0,2P_SAR0_PH0_ATR0_RRU0,false,1,false,false,false,SMALL_STEP,56,16.720805,42120.18391032668,0.0,false
PALMER1C,8,0,2P_SAR0_PH1_ATR0_RRU0,false,1,true,false,false,SMALL_STEP,314,71.74628399999999,40782.6868319589,0.0,false
PALMER1C,8,0,2P_SAR0_PH1_ATR1_RRU0,false,1,true,true,false,SMALL_STEP,8,4.478222,43988.26005590226,0.0,false
PALMER1C,8,0,2P_SAR0_PH0_ATR0_RRU1,false,1,false,false,true,SMALL_STEP,56,16.031964,42120.18391032668,0.0,false
PALMER1C,8,0,2P_SAR0_PH1_ATR0_RRU1,false,1,true,false,true,SMALL_STEP,314,71.289929,40782.6868319589,0.0,false
PALMER1C,8,0,2P_SAR0_PH1_ATR1_RRU1,false,1,true,true,true,SMALL_STEP,8,4.3814709999999994,43988.26005590226,0.0,false
PALMER1C,8,0,BASE_2P,true,1,false,false,false,SMALL_STEP,19,4.901936,42618.12130891944,0.0,true
PALMER1C,8,0,2P_SAR1_PH1_ATR0_RRU0,true,1,true,false,false,SMALL_STEP,314,73.029729,40782.6868319589,0.0,false
PALMER1C,8,0,2P_SAR1_PH1_ATR1_RRU0,true,1,true,true,false,SMALL_STEP,8,4.555176,43988.26005590226,0.0,false
PALMER1C,8,0,2P_SAR1_PH0_ATR0_RRU1,true,1,false,false,true,SMALL_STEP,19,5.009758,42618.12130891944,0.0,false
PALMER1C,8,0,2P_SAR1_PH1_ATR0_RRU1,true,1,true,false,true,SMALL_STEP,314,72.04464300000001,40782.6868319589,0.0,false
PALMER1C,8,0,2P_SAR1_PH1_ATR1_RRU1,true,1,true,true,true,SMALL_STEP,8,4.452183,43988.26005590226,0.0,false
PALMER1D,7,0,2P_SAR0_PH0_ATR0_RRU0,false,1,false,false,false,SMALL_STEP,469,117.050264,39778.603959286185,0.0,false
PALMER1D,7,0,2P_SAR0_PH1_ATR0_RRU0,false,1,true,false,false,MAX_IT,500,117.177593,39865.996057553704,0.0,false
PALMER1D,7,0,2P_SAR0_PH1_ATR1_RRU0,false,1,true,true,false,SMALL_STEP,15,6.763144,39754.78664134152,0.0,false
PALMER1D,7,0,2P_SAR0_PH0_ATR0_RRU1,false,1,false,false,true,SMALL_STEP,469,121.166608,39778.603959286185,0.0,false
PALMER1D,7,0,2P_SAR0_PH1_ATR0_RRU1,false,1,true,false,true,MAX_IT,500,112.411591,39865.996057553704,0.0,false
PALMER1D,7,0,2P_SAR0_PH1_ATR1_RRU1,false,1,true,true,true,SMALL_STEP,15,6.9492329999999995,39754.78664134152,0.0,false
PALMER1D,7,0,BASE_2P,true,1,false,false,false,SMALL_STEP,99,18.857459,40736.912715872495,0.0,true
PALMER1D,7,0,2P_SAR1_PH1_ATR0_RRU0,true,1,true,false,false,MAX_IT,500,116.769468,39865.996057553704,0.0,false
PALMER1D,7,0,2P_SAR1_PH1_ATR1_RRU0,true,1,true,true,false,SMALL_STEP,15,7.0396019999999995,39754.78664134152,0.0,false
PALMER1D,7,0,2P_SAR1_PH0_ATR0_RRU1,true,1,false,false,true,SMALL_STEP,99,19.069596,40736.912715872495,0.0,false
PALMER1D,7,0,2P_SAR1_PH1_ATR0_RRU1,true,1,true,false,true,MAX_IT,500,114.912458,39865.996057553704,0.0,false
PALMER1D,7,0,2P_SAR1_PH1_ATR1_RRU1,true,1,true,true,true,SMALL_STEP,15,7.005608,39754.78664134152,0.0,false
PALMER1E,8,0,2P_SAR0_PH0_ATR0_RRU0,false,1,false,false,false,MAX_IT,500,127.52504400000001,36547.316283140346,0.0,false
PALMER1E,8,0,2P_SAR0_PH1_ATR0_RRU0,false,1,true,false,false,MAX_IT,500,103.740932,36975.57533358653,0.0,false
PALMER1E,8,0,2P_SAR0_PH1_ATR1_RRU0,false,1,true,true,false,MAX_IT,500,151.058085,37894.803786148,0.0,false
PALMER1E,8,0,2P_SAR0_PH0_ATR0_RRU1,false,1,false,false,true,MAX_IT,500,127.175469,36547.316283140346,0.0,false
PALMER1E,8,0,2P_SAR0_PH1_ATR0_RRU1,false,1,true,false,true,MAX_IT,500,102.070933,36975.57533358653,0.0,false
PALMER1E,8,0,2P_SAR0_PH1_ATR1_RRU1,false,1,true,true,true,MAX_IT,500,149.835925,37894.803786148,0.0,false
PALMER1E,8,0,BASE_2P,true,1,false,false,false,MAX_IT,500,92.399117,37413.026885801424,0.0,true
PALMER1E,8,0,2P_SAR1_PH1_ATR0_RRU0,true,1,true,false,false,MAX_IT,500,102.10464599999999,36975.57533358653,0.0,false
PALMER1E,8,0,2P_SAR1_PH1_ATR1_RRU0,true,1,true,true,false,MAX_IT,500,149.679642,37894.803786148,0.0,false
PALMER1E,8,0,2P_SAR1_PH0_ATR0_RRU1,true,1,false,false,true,MAX_IT,500,92.18739099999999,37413.026885801424,0.0,false
PALMER1E,8,0,2P_SAR1_PH1_ATR0_RRU1,true,1,true,false,true,MAX_IT,500,102.481502,36975.57533358653,0.0,false
PALMER1E,8,0,2P_SAR1_PH1_ATR1_RRU1,true,1,true,true,true,MAX_IT,500,150.795643,37894.803786148,0.0,false
PALMER2,4,0,2P_SAR0_PH0_ATR0_RRU0,false,1,false,false,false,KKT_OK,218,55.355076000000004,4581.166026204968,0.0,false
PALMER2,4,0,2P_SAR0_PH1_ATR0_RRU0,false,1,true,false,false,MAX_IT,500,89.398985,4582.978542317975,0.0,false
PALMER2,4,0,2P_SAR0_PH1_ATR1_RRU0,false,1,true,true,false,SMALL_STEP,322,88.26016100000001,3652.725105989703,0.0,false
PALMER2,4,0,2P_SAR0_PH0_ATR0_RRU1,false,1,false,false,true,KKT_OK,218,55.563397,4581.166026204968,0.0,false
PALMER2,4,0,2P_SAR0_PH1_ATR0_RRU1,false,1,true,false,true,MAX_IT,500,88.557318,4582.978542317975,0.0,false
PALMER2,4,0,2P_SAR0_PH1_ATR1_RRU1,false,1,true,true,true,SMALL_STEP,322,88.764185,3652.725105989703,0.0,false
PALMER2,4,0,BASE_2P,true,1,false,false,false,MAX_IT,500,84.536994,7943.722289653085,0.0,true
PALMER2,4,0,2P_SAR1_PH1_ATR0_RRU0,true,1,true,false,false,MAX_IT,500,93.580732,4582.978542317975,0.0,false
PALMER2,4,0,2P_SAR1_PH1_ATR1_RRU0,true,1,true,true,false,SMALL_STEP,322,88.244973,3652.725105989703,0.0,false
PALMER2,4,0,2P_SAR1_PH0_ATR0_RRU1,true,1,false,false,true,MAX_IT,500,89.009806,7943.722289653085,0.0,false
PALMER2,4,0,2P_SAR1_PH1_ATR0_RRU1,true,1,true,false,true,MAX_IT,500,88.559673,4582.978542317975,0.0,false
PALMER2,4,0,2P_SAR1_PH1_ATR1_RRU1,true,1,true,true,true,SMALL_STEP,322,88.047413,3652.725105989703,0.0,false
PALMER2A,6,0,2P_SAR0_PH0_ATR0_RRU0,false,1,false,false,false,MAX_IT,500,123.129406,223.42428776934383,0.0,false
PALMER2A,6,0,2P_SAR0_PH1_ATR0_RRU0,false,1,true,false,false,MAX_IT,500,92.59786,187.437734825675,0.0,false
PALMER2A,6,0,2P_SAR0_PH1_ATR1_RRU0,false,1,true,true,false,MAX_IT,500,142.452167,370.8810799359484,0.0,false
PALMER2A,6,0,2P_SAR0_PH0_ATR0_RRU1,false,1,false,false,true,MAX_IT,500,123.06977400000001,223.42428776934383,0.0,false
PALMER2A,6,0,2P_SAR0_PH1_ATR0_RRU1,false,1,true,false,true,MAX_IT,500,91.323812,187.437734825675,0.0,false
PALMER2A,6,0,2P_SAR0_PH1_ATR1_RRU1,false,1,true,true,true,MAX_IT,500,142.119935,370.8810799359484,0.0,false
PALMER2A,6,0,BASE_2P,true,1,false,false,false,MAX_IT,500,90.676459,292.17999723461173,0.0,true
PALMER2A,6,0,2P_SAR1_PH1_ATR0_RRU0,true,1,true,false,false,MAX_IT,500,91.645795,187.437734825675,0.0,false
PALMER2A,6,0,2P_SAR1_PH1_ATR1_RRU0,true,1,true,true,false,MAX_IT,500,142.30957,370.8810799359484,0.0,false
PALMER2A,6,0,2P_SAR1_PH0_ATR0_RRU1,true,1,false,false,true,MAX_IT,500,85.377539,292.17999723461173,0.0,false
PALMER2A,6,0,2P_SAR1_PH1_ATR0_RRU1,true,1,true,false,true,MAX_IT,500,96.51325700000001,187.437734825675,0.0,false
PALMER2A,6,0,2P_SAR1_PH1_ATR1_RRU1,true,1,true,true,true,MAX_IT,500,142.290224,370.8810799359484,0.0,false
PALMER2B,4,0,2P_SAR0_PH0_ATR0_RRU0,false,1,false,false,false,MAX_IT,500,121.70250200000001,1353.5852626053913,0.0,false
PALMER2B,4,0,2P_SAR0_PH1_ATR0_RRU0,false,1,true,false,false,MAX_IT,500,95.984396,1297.4470218043496,0.0,false
PALMER2B,4,0,2P_SAR0_PH1_ATR1_RRU0,false,1,true,true,false,MAX_IT,500,140.001344,1062.1922802104418,0.0,false
PALMER2B,4,0,2P_SAR0_PH0_ATR0_RRU1,false,1,false,false,true,MAX_IT,500,126.28214500000001,1353.5852626053913,0.0,false
PALMER2B,4,0,2P_SAR0_PH1_ATR0_RRU1,false,1,true,false,true,MAX_IT,500,90.045717,1297.4470218043496,0.0,false
PALMER2B,4,0,2P_SAR0_PH1_ATR1_RRU1,false,1,true,true,true,MAX_IT,500,140.326364,1062.1922802104418,0.0,false
PALMER2B,4,0,BASE_2P,true,1,false,false,false,MAX_IT,500,84.157042,1397.4409420562095,0.0,true
PALMER2B,4,0,2P_SAR1_PH1_ATR0_RRU0,true,1,true,false,false,MAX_IT,500,90.062518,1297.4470218043496,0.0,false
PALMER2B,4,0,2P_SAR1_PH1_ATR1_RRU0,true,1,true,true,false,MAX_IT,500,142.804007,1062.1922802104418,0.0,false
PALMER2B,4,0,2P_SAR1_PH0_ATR0_RRU1,true,1,false,false,true,MAX_IT,500,84.543225,1397.4409420562095,0.0,false
PALMER2B,4,0,2P_SAR1_PH1_ATR0_RRU1,true,1,true,false,true,MAX_IT,500,94.944377,1297.4470218043496,0.0,false
PALMER2B,4,0,2P_SAR1_PH1_ATR1_RRU1,true,1,true,true,true,MAX_IT,500,139.891218,1062.1922802104418,0.0,false
PALMER2C,8,0,2P_SAR0_PH0_ATR0_RRU0,false,1,false,false,false,SMALL_STEP,332,83.688924,1625.4106932027314,0.0,false
PALMER2C,8,0,2P_SAR0_PH1_ATR0_RRU0,false,1,true,false,false,MAX_IT,500,112.27464400000001,1597.5786712747865,0.0,false
PALMER2C,8,0,2P_SAR0_PH1_ATR1_RRU0,false,1,true,true,false,SMALL_STEP,8,4.821576,1479.5012737611264,0.0,false
PALMER2C,8,0,2P_SAR0_PH0_ATR0_RRU1,false,1,false,false,true,SMALL_STEP,332,84.29101299999999,1625.4106932027314,0.0,false
PALMER2C,8,0,2P_SAR0_PH1_ATR0_RRU1,false,1,true,false,true,MAX_IT,500,114.937654,1597.5786712747865,0.0,false
PALMER2C,8,0,2P_SAR0_PH1_ATR1_RRU1,false,1,true,true,true,SMALL_STEP,8,4.612693999999999,1479.5012737611264,0.0,false
PALMER2C,8,0,BASE_2P,true,1,false,false,false,SMALL_STEP,144,30.747450999999998,2264.9401058368203,0.0,true
PALMER2C,8,0,2P_SAR1_PH1_ATR0_RRU0,true,1,true,false,false,MAX_IT,500,110.662183,1597.5786712747865,0.0,false
PALMER2C,8,0,2P_SAR1_PH1_ATR1_RRU0,true,1,true,true,false,SMALL_STEP,8,4.844428,1479.5012737611264,0.0,false
PALMER2C,8,0,2P_SAR1_PH0_ATR0_RRU1,true,1,false,false,true,SMALL_STEP,144,26.471246999999998,2264.9401058368203,0.0,false
PALMER2C,8,0,2P_SAR1_PH1_ATR0_RRU1,true,1,true,false,true,MAX_IT,500,111.21016,1597.5786712747865,0.0,false
PALMER2C,8,0,2P_SAR1_PH1_ATR1_RRU1,true,1,true,true,true,SMALL_STEP,8,5.008116,1479.5012737611264,0.0,false
PALMER2E,8,0,2P_SAR0_PH0_ATR0_RRU0,false,1,false,false,false,MAX_IT,500,126.065488,1000.0575934004864,0.0,false
PALMER2E,8,0,2P_SAR0_PH1_ATR0_RRU0,false,1,true,false,false,MAX_IT,500,95.150634,1017.2816056363945,0.0,false
PALMER2E,8,0,2P_SAR0_PH1_ATR1_RRU0,false,1,true,true,false,MAX_IT,500,149.11834,1261.3752686511323,0.0,false
PALMER2E,8,0,2P_SAR0_PH0_ATR0_RRU1,false,1,false,false,true,MAX_IT,500,125.94190599999999,1000.0575934004864,0.0,false
PALMER2E,8,0,2P_SAR0_PH1_ATR0_RRU1,false,1,true,false,true,MAX_IT,500,95.14962200000001,1017.2816056363945,0.0,false
PALMER2E,8,0,2P_SAR0_PH1_ATR1_RRU1,false,1,true,true,true,MAX_IT,500,149.43727800000002,1261.3752686511323,0.0,false
PALMER2E,8,0,BASE_2P,true,1,false,false,false,MAX_IT,500,93.028476,1113.9517259890229,0.0,true
PALMER2E,8,0,2P_SAR1_PH1_ATR0_RRU0,true,1,true,false,false,MAX_IT,500,94.893642,1017.2816056363945,0.0,false
PALMER2E,8,0,2P_SAR1_PH1_ATR1_RRU0,true,1,true,true,false,MAX_IT,500,148.974049,1261.3752686511323,0.0,false
PALMER2E,8,0,2P_SAR1_PH0_ATR0_RRU1,true,1,false,false,true,MAX_IT,500,92.741889,1113.9517259890229,0.0,false
PALMER2E,8,0,2P_SAR1_PH1_ATR0_RRU1,true,1,true,false,true,MAX_IT,500,94.579292,1017.2816056363945,0.0,false
PALMER2E,8,0,2P_SAR1_PH1_ATR1_RRU1,true,1,true,true,true,MAX_IT,500,149.079567,1261.3752686511323,0.0,false
PALMER3,4,0,2P_SAR0_PH0_ATR0_RRU0,false,1,false,false,false,KKT_OK,70,20.154179000000003,2416.980428825259,0.0,false
PALMER3,4,0,2P_SAR0_PH1_ATR0_RRU0,false,1,true,false,false,KKT_OK,73,18.340069,2416.980401162545,0.0,false
PALMER3,4,0,2P_SAR0_PH1_ATR1_RRU0,false,1,true,true,false,KKT_OK,19,6.899579,2416.9805516623355,0.0,false
PALMER3,4,0,2P_SAR0_PH0_ATR0_RRU1,false,1,false,false,true,KKT_OK,70,19.021696000000002,2416.980428825259,0.0,false
PALMER3,4,0,2P_SAR0_PH1_ATR0_RRU1,false,1,true,false,true,KKT_OK,73,18.338396,2416.980401162545,0.0,false
PALMER3,4,0,2P_SAR0_PH1_ATR1_RRU1,false,1,true,true,true,KKT_OK,19,7.102088999999999,2416.9805516623355,0.0,false
PALMER3,4,0,BASE_2P,true,1,false,false,false,SMALL_STEP,234,41.060097,2416.980387579537,0.0,true
PALMER3,4,0,2P_SAR1_PH1_ATR0_RRU0,true,1,true,false,false,KKT_OK,73,18.068701,2416.980401162545,0.0,false
PALMER3,4,0,2P_SAR1_PH1_ATR1_RRU0,true,1,true,true,false,KKT_OK,19,6.922312,2416.9805516623355,0.0,false
PALMER3,4,0,2P_SAR1_PH0_ATR0_RRU1,true,1,false,false,true,SMALL_STEP,234,41.031163,2416.980387579537,0.0,false
PALMER3,4,0,2P_SAR1_PH1_ATR0_RRU1,true,1,true,false,true,KKT_OK,73,18.131819,2416.980401162545,0.0,false
PALMER3,4,0,2P_SAR1_PH1_ATR1_RRU1,true,1,true,true,true,KKT_OK,19,6.840839,2416.9805516623355,0.0,false
PALMER3A,6,0,2P_SAR0_PH0_ATR0_RRU0,false,1,false,false,false,MAX_IT,500,122.90185000000001,72.44145506230959,0.0,false
PALMER3A,6,0,2P_SAR0_PH1_ATR0_RRU0,false,1,true,false,false,MAX_IT,500,97.336379,66.466675209712,0.0,false
PALMER3A,6,0,2P_SAR0_PH1_ATR1_RRU0,false,1,true,true,false,SMALL_STEP,53,17.37948,38.24747782831197,0.0,false
PALMER3A,6,0,2P_SAR0_PH0_ATR0_RRU1,false,1,false,false,true,MAX_IT,500,128.24111499999998,72.44145506230959,0.0,false
PALMER3A,6,0,2P_SAR0_PH1_ATR0_RRU1,false,1,true,false,true,MAX_IT,500,96.88754800000001,66.466675209712,0.0,false
PALMER3A,6,0,2P_SAR0_PH1_ATR1_RRU1,false,1,true,true,true,SMALL_STEP,53,17.327953,38.24747782831197,0.0,false
PALMER3A,6,0,BASE_2P,true,1,false,false,false,MAX_IT,500,91.063263,81.67361162042516,0.0,true
PALMER3A,6,0,2P_SAR1_PH1_ATR0_RRU0,true,1,true,false,false,MAX_IT,500,91.524338,66.466675209712,0.0,false
PALMER3A,6,0,2P_SAR1_PH1_ATR1_RRU0,true,1,true,true,false,SMALL_STEP,53,17.858145999999998,38.24747782831197,0.0,false
PALMER3A,6,0,2P_SAR1_PH0_ATR0_RRU1,true,1,false,false,true,MAX_IT,500,85.272531,81.67361162042516,0.0,false
PALMER3A,6,0,2P_SAR1_PH1_ATR0_RRU1,true,1,true,false,true,MAX_IT,500,91.409151,66.466675209712,0.0,false
PALMER3A,6,0,2P_SAR1_PH1_ATR1_RRU1,true,1,true,true,true,SMALL_STEP,53,17.35295,38.24747782831197,0.0,false
PALMER3B,4,0,2P_SAR0_PH0_ATR0_RRU0,false,1,false,false,false,MAX_IT,500,122.135413,518.0967158962272,0.0,false
PALMER3B,4,0,2P_SAR0_PH1_ATR0_RRU0,false,1,true,false,false,MAX_IT,500,91.255303,538.7770868895241,0.0,false
PALMER3B,4,0,2P_SAR0_PH1_ATR1_RRU0,false,1,true,true,false,MAX_IT,500,133.99982699999998,368.26451150894906,0.0,false
PALMER3B,4,0,2P_SAR0_PH0_ATR0_RRU1,false,1,false,false,true,MAX_IT,500,121.425623,518.0967158962272,0.0,false
PALMER3B,4,0,2P_SAR0_PH1_ATR0_RRU1,false,1,true,false,true,MAX_IT,500,90.76137800000001,538.7770868895241,0.0,false
PALMER3B,4,0,2P_SAR0_PH1_ATR1_RRU1,false,1,true,true,true,MAX_IT,500,138.948892,368.26451150894906,0.0,false
PALMER3B,4,0,BASE_2P,true,1,false,false,false,MAX_IT,500,84.51112400000001,562.2824393255174,0.0,true
PALMER3B,4,0,2P_SAR1_PH1_ATR0_RRU0,true,1,true,false,false,MAX_IT,500,91.127423,538.7770868895241,0.0,false
PALMER3B,4,0,2P_SAR1_PH1_ATR1_RRU0,true,1,true,true,false,MAX_IT,500,134.516836,368.26451150894906,0.0,false
PALMER3B,4,0,2P_SAR1_PH0_ATR0_RRU1,true,1,false,false,true,MAX_IT,500,84.35392,562.2824393255174,0.0,false
PALMER3B,4,0,2P_SAR1_PH1_ATR0_RRU1,true,1,true,false,true,MAX_IT,500,90.454312,538.7770868895241,0.0,false
PALMER3B,4,0,2P_SAR1_PH1_ATR1_RRU1,true,1,true,true,true,MAX_IT,500,134.29081200000002,368.26451150894906,0.0,false
PALMER3C,8,0,2P_SAR0_PH0_ATR0_RRU0,false,1,false,false,false,MAX_IT,500,127.55844499999999,369.39808096975923,0.0,false
PALMER3C,8,0,2P_SAR0_PH1_ATR0_RRU0,false,1,true,false,false,MAX_IT,500,108.699163,419.0696581884838,0.0,false
PALMER3C,8,0,2P_SAR0_PH1_ATR1_RRU0,false,1,true,true,false,SMALL_STEP,10,5.439303000000001,650.3670320009892,0.0,false
PALMER3C,8,0,2P_SAR0_PH0_ATR0_RRU1,false,1,false,false,true,MAX_IT,500,124.563704,369.39808096975923,0.0,false
PALMER3C,8,0,2P_SAR0_PH1_ATR0_RRU1,false,1,true,false,true,MAX_IT,500,108.57621300000001,419.0696581884838,0.0,false
PALMER3C,8,0,2P_SAR0_PH1_ATR1_RRU1,false,1,true,true,true,SMALL_STEP,10,5.285375,650.3670320009892,0.0,false
PALMER3C,8,0,BASE_2P,true,1,false,false,false,MAX_IT,500,86.133184,707.8116414111756,0.0,true
PALMER3C,8,0,2P_SAR1_PH1_ATR0_RRU0,true,1,true,false,false,MAX_IT,500,108.419549,419.0696581884838,0.0,false
PALMER3C,8,0,2P_SAR1_PH1_ATR1_RRU0,true,1,true,true,false,SMALL_STEP,10,5.167965,650.3670320009892,0.0,false
PALMER3C,8,0,2P_SAR1_PH0_ATR0_RRU1,true,1,false,false,true,MAX_IT,500,86.123576,707.8116414111756,0.0,false
PALMER3C,8,0,2P_SAR1_PH1_ATR0_RRU1,true,1,true,false,true,MAX_IT,500,108.47187699999999,419.0696581884838,0.0,false
PALMER3C,8,0,2P_SAR1_PH1_ATR1_RRU1,true,1,true,true,true,SMALL_STEP,10,5.311784,650.3670320009892,0.0,false
PALMER3E,8,0,2P_SAR0_PH0_ATR0_RRU0,false,1,false,false,false,MAX_IT,500,126.56746799999999,181.2379535187817,0.0,false
PALMER3E,8,0,2P_SAR0_PH1_ATR0_RRU0,false,1,true,false,false,MAX_IT,500,104.080377,186.75793955856358,0.0,false
PALMER3E,8,0,2P_SAR0_PH1_ATR1_RRU0,false,1,true,true,false,MAX_IT,500,149.09162800000001,218.26645770508426,0.0,false
PALMER3E,8,0,2P_SAR0_PH0_ATR0_RRU1,false,1,false,false,true,MAX_IT,500,125.823315,181.2379535187817,0.0,false
PALMER3E,8,0,2P_SAR0_PH1_ATR0_RRU1,false,1,true,false,true,MAX_IT,500,103.84161,186.75793955856358,0.0,false
PALMER3E,8,0,2P_SAR0_PH1_ATR1_RRU1,false,1,true,true,true,MAX_IT,500,148.883709,218.26645770508426,0.0,false
PALMER3E,8,0,BASE_2P,true,1,false,false,false,MAX_IT,500,93.17376800000001,221.13527766064396,0.0,true
PALMER3E,8,0,2P_SAR1_PH1_ATR0_RRU0,true,1,true,false,false,MAX_IT,500,103.812916,186.75793955856358,0.0,false
PALMER3E,8,0,2P_SAR1_PH1_ATR1_RRU0,true,1,true,true,false,MAX_IT,500,149.529761,218.26645770508426,0.0,false
PALMER3E,8,0,2P_SAR1_PH0_ATR0_RRU1,true,1,false,false,true,MAX_IT,500,87.759011,221.13527766064396,0.0,false
PALMER3E,8,0,2P_SAR1_PH1_ATR0_RRU1,true,1,true,false,true,MAX_IT,500,103.47343000000001,186.75793955856358,0.0,false
PALMER3E,8,0,2P_SAR1_PH1_ATR1_RRU1,true,1,true,true,true,MAX_IT,500,149.06577,218.26645770508426,0.0,false
PALMER4,4,0,2P_SAR0_PH0_ATR0_RRU0,false,1,false,false,false,SMALL_STEP,71,20.49105,2424.0165449657125,0.0,false
PALMER4,4,0,2P_SAR0_PH1_ATR0_RRU0,false,1,true,false,false,KKT_OK,64,16.291992,2424.0165264026714,0.0,false
PALMER4,4,0,2P_SAR0_PH1_ATR1_RRU0,false,1,true,true,false,KKT_OK,20,7.799597,2424.0167762164738,0.0,false
PALMER4,4,0,2P_SAR0_PH0_ATR0_RRU1,false,1,false,false,true,SMALL_STEP,71,20.378218999999998,2424.0165449657125,0.0,false
PALMER4,4,0,2P_SAR0_PH1_ATR0_RRU1,false,1,true,false,true,KKT_OK,64,15.810248999999999,2424.0165264026714,0.0,false
PALMER4,4,0,2P_SAR0_PH1_ATR1_RRU1,false,1,true,true,true,KKT_OK,20,7.883884000000001,2424.0167762164738,0.0,false
PALMER4,4,0,BASE_2P,true,1,false,false,false,SMALL_STEP,253,45.137318,2424.016482371535,0.0,true
PALMER4,4,0,2P_SAR1_PH1_ATR0_RRU0,true,1,true,false,false,KKT_OK,64,15.496871,2424.0165264026714,0.0,false
PALMER4,4,0,2P_SAR1_PH1_ATR1_RRU0,true,1,true,true,false,KKT_OK,20,7.843288,2424.0167762164738,0.0,false
PALMER4,4,0,2P_SAR1_PH0_ATR0_RRU1,true,1,false,false,true,SMALL_STEP,253,44.979692,2424.016482371535,0.0,false
PALMER4,4,0,2P_SAR1_PH1_ATR0_RRU1,true,1,true,false,true,KKT_OK,64,15.85948,2424.0165264026714,0.0,false
PALMER4,4,0,2P_SAR1_PH1_ATR1_RRU1,true,1,true,true,true,KKT_OK,20,7.847787,2424.0167762164738,0.0,false
PALMER4A,6,0,2P_SAR0_PH0_ATR0_RRU0,false,1,false,false,false,MAX_IT,500,130.972854,84.17044096820419,0.0,false
PALMER4A,6,0,2P_SAR0_PH1_ATR0_RRU0,false,1,true,false,false,MAX_IT,500,95.222437,73.57836998141987,0.0,false
PALMER4A,6,0,2P_SAR0_PH1_ATR1_RRU0,false,1,true,true,false,SMALL_STEP,180,53.662764,60.55855042927509,0.0,false
PALMER4A,6,0,2P_SAR0_PH0_ATR0_RRU1,false,1,false,false,true,MAX_IT,500,129.92288599999998,84.17044096820419,0.0,false
PALMER4A,6,0,2P_SAR0_PH1_ATR0_RRU1,false,1,true,false,true,MAX_IT,500,95.50667899999999,73.57836998141987,0.0,false
PALMER4A,6,0,2P_SAR0_PH1_ATR1_RRU1,false,1,true,true,true,SMALL_STEP,180,53.301477999999996,60.55855042927509,0.0,false
PALMER4A,6,0,BASE_2P,true,1,false,false,false,MAX_IT,500,92.22461,88.68934051587235,0.0,true
PALMER4A,6,0,2P_SAR1_PH1_ATR0_RRU0,true,1,true,false,false,MAX_IT,500,94.54818399999999,73.57836998141987,0.0,false
PALMER4A,6,0,2P_SAR1_PH1_ATR1_RRU0,true,1,true,true,false,SMALL_STEP,180,53.568737999999996,60.55855042927509,0.0,false
PALMER4A,6,0,2P_SAR1_PH0_ATR0_RRU1,true,1,false,false,true,MAX_IT,500,86.89883900000001,88.68934051587235,0.0,false
PALMER4A,6,0,2P_SAR1_PH1_ATR0_RRU1,true,1,true,false,true,MAX_IT,500,94.585324,73.57836998141987,0.0,false
PALMER4A,6,0,2P_SAR1_PH1_ATR1_RRU1,true,1,true,true,true,SMALL_STEP,180,53.127140000000004,60.55855042927509,0.0,false
PALMER4B,4,0,2P_SAR0_PH0_ATR0_RRU0,false,1,false,false,false,MAX_IT,500,122.419104,444.88965080990135,0.0,false
PALMER4B,4,0,2P_SAR0_PH1_ATR0_RRU0,false,1,true,false,false,MAX_IT,500,92.03570599999999,534.0567836535697,0.0,false
PALMER4B,4,0,2P_SAR0_PH1_ATR1_RRU0,false,1,true,true,false,SMALL_STEP,53,18.610135,322.91630789208824,0.0,false
PALMER4B,4,0,2P_SAR0_PH0_ATR0_RRU1,false,1,false,false,true,MAX_IT,500,122.567442,444.88965080990135,0.0,false
PALMER4B,4,0,2P_SAR0_PH1_ATR0_RRU1,false,1,true,false,true,MAX_IT,500,91.72078499999999,534.0567836535697,0.0,false
PALMER4B,4,0,2P_SAR0_PH1_ATR1_RRU1,false,1,true,true,true,SMALL_STEP,53,18.439295,322.91630789208824,0.0,false
PALMER4B,4,0,BASE_2P,true,1,false,false,false,MAX_IT,500,85.217208,535.6625058389126,0.0,true
PALMER4B,4,0,2P_SAR1_PH1_ATR0_RRU0,true,1,true,false,false,MAX_IT,500,91.70743,534.0567836535697,0.0,false
PALMER4B,4,0,2P_SAR1_PH1_ATR1_RRU0,true,1,true,true,false,SMALL_STEP,53,18.470795000000003,322.91630789208824,0.0,false
PALMER4B,4,0,2P_SAR1_PH0_ATR0_RRU1,true,1,false,false,true,MAX_IT,500,85.06943,535.6625058389126,0.0,false
PALMER4B,4,0,2P_SAR1_PH1_ATR0_RRU1,true,1,true,false,true,MAX_IT,500,91.685639,534.0567836535697,0.0,false
PALMER4B,4,0,2P_SAR1_PH1_ATR1_RRU1,true,1,true,true,true,SMALL_STEP,53,18.572214,322.91630789208824,0.0,false
PALMER4C,8,0,2P_SAR0_PH0_ATR0_RRU0,false,1,false,false,false,MAX_IT,500,127.26203899999999,377.5965204714443,0.0,false
PALMER4C,8,0,2P_SAR0_PH1_ATR0_RRU0,false,1,true,false,false,MAX_IT,500,109.836494,434.31403257768847,0.0,false
PALMER4C,8,0,2P_SAR0_PH1_ATR1_RRU0,false,1,true,true,false,SMALL_STEP,10,5.634819,784.0161623517756,0.0,false
PALMER4C,8,0,2P_SAR0_PH0_ATR0_RRU1,false,1,false,false,true,MAX_IT,500,126.585742,377.5965204714443,0.0,false
PALMER4C,8,0,2P_SAR0_PH1_ATR0_RRU1,false,1,true,false,true,MAX_IT,500,110.11600800000001,434.31403257768847,0.0,false
PALMER4C,8,0,2P_SAR0_PH1_ATR1_RRU1,false,1,true,true,true,SMALL_STEP,10,5.536575999999999,784.0161623517756,0.0,false
PALMER4C,8,0,BASE_2P,true,1,false,false,false,MAX_IT,500,105.40007999999999,826.2816268146332,0.0,true
PALMER4C,8,0,2P_SAR1_PH1_ATR0_RRU0,true,1,true,false,false,MAX_IT,500,110.159579,434.31403257768847,0.0,false
PALMER4C,8,0,2P_SAR1_PH1_ATR1_RRU0,true,1,true,true,false,SMALL_STEP,10,5.29856,784.0161623517756,0.0,false
PALMER4C,8,0,2P_SAR1_PH0_ATR0_RRU1,true,1,false,false,true,MAX_IT,500,87.677869,826.2816268146332,0.0,false
PALMER4C,8,0,2P_SAR1_PH1_ATR0_RRU1,true,1,true,false,true,MAX_IT,500,109.347117,434.31403257768847,0.0,false
PALMER4C,8,0,2P_SAR1_PH1_ATR1_RRU1,true,1,true,true,true,SMALL_STEP,10,5.516057,784.0161623517756,0.0,false
PALMER4E,8,0,2P_SAR0_PH0_ATR0_RRU0,false,1,false,false,false,MAX_IT,500,126.76289399999999,169.85638763963487,0.0,false
PALMER4E,8,0,2P_SAR0_PH1_ATR0_RRU0,false,1,true,false,false,MAX_IT,500,111.849947,174.68376876416886,0.0,false
PALMER4E,8,0,2P_SAR0_PH1_ATR1_RRU0,false,1,true,true,false,MAX_IT,500,163.858612,176.485925629947,0.0,false
PALMER4E,8,0,2P_SAR0_PH0_ATR0_RRU1,false,1,false,false,true,MAX_IT,500,127.05324800000001,169.85638763963487,0.0,false
PALMER4E,8,0,2P_SAR0_PH1_ATR0_RRU1,false,1,true,false,true,MAX_IT,500,121.888199,174.68376876416886,0.0,false
PALMER4E,8,0,2P_SAR0_PH1_ATR1_RRU1,false,1,true,true,true,MAX_IT,500,164.675132,176.485925629947,0.0,false
PALMER4E,8,0,BASE_2P,true,1,false,false,false,MAX_IT,500,93.379914,221.37862595955178,0.0,true
PALMER4E,8,0,2P_SAR1_PH1_ATR0_RRU0,true,1,true,false,false,MAX_IT,500,110.767979,174.68376876416886,0.0,false
PALMER4E,8,0,2P_SAR1_PH1_ATR1_RRU0,true,1,true,true,false,MAX_IT,500,163.441029,176.485925629947,0.0,false
PALMER4E,8,0,2P_SAR1_PH0_ATR0_RRU1,true,1,false,false,true,MAX_IT,500,88.408137,221.37862595955178,0.0,false
PALMER4E,8,0,2P_SAR1_PH1_ATR0_RRU1,true,1,true,false,true,MAX_IT,500,110.855283,174.68376876416886,0.0,false
PALMER4E,8,0,2P_SAR1_PH1_ATR1_RRU1,true,1,true,true,true,MAX_IT,500,163.832663,176.485925629947,0.0,false
PALMER5A,8,0,2P_SAR0_PH0_ATR0_RRU0,false,1,false,false,false,SMALL_STEP,11,5.278912,10802.542277959541,0.0,false
PALMER5A,8,0,2P_SAR0_PH1_ATR0_RRU0,false,1,true,false,false,SMALL_STEP,107,22.744604000000002,10736.864041946053,0.0,false
PALMER5A,8,0,2P_SAR0_PH1_ATR1_RRU0,false,1,true,true,false,SMALL_STEP,16,6.553802,11442.692768020812,0.0,false
PALMER5A,8,0,2P_SAR0_PH0_ATR0_RRU1,false,1,false,false,true,SMALL_STEP,11,4.385578000000001,10802.542277959541,0.0,false
PALMER5A,8,0,2P_SAR0_PH1_ATR0_RRU1,false,1,true,false,true,SMALL_STEP,107,22.255988000000002,10736.864041946053,0.0,false
PALMER5A,8,0,2P_SAR0_PH1_ATR1_RRU1,false,1,true,true,true,SMALL_STEP,16,6.748176,11442.692768020812,0.0,false
PALMER5A,8,0,BASE_2P,true,1,false,false,false,SMALL_STEP,28,6.575022,10751.484409777,0.0,true
PALMER5A,8,0,2P_SAR1_PH1_ATR0_RRU0,true,1,true,false,false,SMALL_STEP,107,21.730954,10736.864041946053,0.0,false
PALMER5A,8,0,2P_SAR1_PH1_ATR1_RRU0,true,1,true,true,false,SMALL_STEP,16,6.703602,11442.692768020812,0.0,false
PALMER5A,8,0,2P_SAR1_PH0_ATR0_RRU1,true,1,false,false,true,SMALL_STEP,28,6.591813,10751.484409777,0.0,false
PALMER5A,8,0,2P_SAR1_PH1_ATR0_RRU1,true,1,true,false,true,SMALL_STEP,107,21.744259,10736.864041946053,0.0,false
PALMER5A,8,0,2P_SAR1_PH1_ATR1_RRU1,true,1,true,true,true,SMALL_STEP,16,6.5896490000000005,11442.692768020812,0.0,false
PALMER5B,9,0,2P_SAR0_PH0_ATR0_RRU0,false,1,false,false,false,SMALL_STEP,75,21.375868999999998,5883.062068367955,0.0,false
PALMER5B,9,0,2P_SAR0_PH1_ATR0_RRU0,false,1,true,false,false,SMALL_STEP,166,32.670775,5791.448493995223,0.0,false
PALMER5B,9,0,2P_SAR0_PH1_ATR1_RRU0,false,1,true,true,false,SMALL_STEP,24,9.083452000000001,6480.750415638633,0.0,false
PALMER5B,9,0,2P_SAR0_PH0_ATR0_RRU1,false,1,false,false,true,SMALL_STEP,75,20.463279,5883.062068367955,0.0,false
PALMER5B,9,0,2P_SAR0_PH1_ATR0_RRU1,false,1,true,false,true,SMALL_STEP,166,32.652280999999995,5791.448493995223,0.0,false
PALMER5B,9,0,2P_SAR0_PH1_ATR1_RRU1,false,1,true,true,true,SMALL_STEP,24,9.070317,6480.750415638633,0.0,false
PALMER5B,9,0,BASE_2P,true,1,false,false,false,SMALL_STEP,17,4.596233,5739.699203055238,0.0,true
PALMER5B,9,0,2P_SAR1_PH1_ATR0_RRU0,true,1,true,false,false,SMALL_STEP,166,32.681856,5791.448493995223,0.0,false
PALMER5B,9,0,2P_SAR1_PH1_ATR1_RRU0,true,1,true,true,false,SMALL_STEP,24,9.044069,6480.750415638633,0.0,false
PALMER5B,9,0,2P_SAR1_PH0_ATR0_RRU1,true,1,false,false,true,SMALL_STEP,17,4.619728,5739.699203055238,0.0,false
PALMER5B,9,0,2P_SAR1_PH1_ATR0_RRU1,true,1,true,false,true,SMALL_STEP,166,32.696022,5791.448493995223,0.0,false
PALMER5B,9,0,2P_SAR1_PH1_ATR1_RRU1,true,1,true,true,true,SMALL_STEP,24,8.995057000000001,6480.750415638633,0.0,false
PALMER5C,6,0,2P_SAR0_PH0_ATR0_RRU0,false,1,false,false,false,KKT_OK,44,13.70833,2.1280869723228926,0.0,false
PALMER5C,6,0,2P_SAR0_PH1_ATR0_RRU0,false,1,true,false,false,KKT_OK,63,13.783950999999998,2.1280868023727746,0.0,false
PALMER5C,6,0,2P_SAR0_PH1_ATR1_RRU0,false,1,true,true,false,KKT_OK,162,48.363874,2.1280888656277,0.0,false
PALMER5C,6,0,2P_SAR0_PH0_ATR0_RRU1,false,1,false,false,true,KKT_OK,44,13.494569,2.1280869723228926,0.0,false
PALMER5C,6,0,2P_SAR0_PH1_ATR0_RRU1,false,1,true,false,true,KKT_OK,63,13.992982,2.1280868023727746,0.0,false
PALMER5C,6,0,2P_SAR0_PH1_ATR1_RRU1,false,1,true,true,true,KKT_OK,162,53.835167000000006,2.1280888656277,0.0,false
PALMER5C,6,0,BASE_2P,true,1,false,false,false,KKT_OK,427,78.626436,2.128088459821832,0.0,true
PALMER5C,6,0,2P_SAR1_PH1_ATR0_RRU0,true,1,true,false,false,KKT_OK,63,14.381250999999999,2.1280868023727746,0.0,false
PALMER5C,6,0,2P_SAR1_PH1_ATR1_RRU0,true,1,true,true,false,KKT_OK,162,48.380384,2.1280888656277,0.0,false
PALMER5C,6,0,2P_SAR1_PH0_ATR0_RRU1,true,1,false,false,true,KKT_OK,427,73.647967,2.128088459821832,0.0,false
PALMER5C,6,0,2P_SAR1_PH1_ATR0_RRU1,true,1,true,false,true,KKT_OK,63,14.259381999999999,2.1280868023727746,0.0,false
PALMER5C,6,0,2P_SAR1_PH1_ATR1_RRU1,true,1,true,true,true,KKT_OK,162,48.355889,2.1280888656277,0.0,false
PALMER5D,4,0,2P_SAR0_PH0_ATR0_RRU0,false,1,false,false,false,MAX_IT,500,129.003813,730.6079796015423,0.0,false
PALMER5D,4,0,2P_SAR0_PH1_ATR0_RRU0,false,1,true,false,false,MAX_IT,500,102.15579,698.9485380871151,0.0,false
PALMER5D,4,0,2P_SAR0_PH1_ATR1_RRU0,false,1,true,true,false,MAX_IT,500,139.582257,362.5190051178074,0.0,false
PALMER5D,4,0,2P_SAR0_PH0_ATR0_RRU1,false,1,false,false,true,MAX_IT,500,122.27603500000001,730.6079796015423,0.0,false
PALMER5D,4,0,2P_SAR0_PH1_ATR0_RRU1,false,1,true,false,true,MAX_IT,500,102.35364,698.9485380871151,0.0,false
PALMER5D,4,0,2P_SAR0_PH1_ATR1_RRU1,false,1,true,true,true,MAX_IT,500,144.888271,362.5190051178074,0.0,false
PALMER5D,4,0,BASE_2P,true,1,false,false,false,MAX_IT,500,84.65853,2226.3259763195556,0.0,true
PALMER5D,4,0,2P_SAR1_PH1_ATR0_RRU0,true,1,true,false,false,MAX_IT,500,101.62578699999999,698.9485380871151,0.0,false
PALMER5D,4,0,2P_SAR1_PH1_ATR1_RRU0,true,1,true,true,false,MAX_IT,500,139.417809,362.5190051178074,0.0,false
PALMER5D,4,0,2P_SAR1_PH0_ATR0_RRU1,true,1,false,false,true,MAX_IT,500,85.24326599999999,2226.3259763195556,0.0,false
PALMER5D,4,0,2P_SAR1_PH1_ATR0_RRU1,true,1,true,false,true,MAX_IT,500,100.83805,698.9485380871151,0.0,false
PALMER5D,4,0,2P_SAR1_PH1_ATR1_RRU1,true,1,true,true,true,MAX_IT,500,139.25885,362.5190051178074,0.0,false
PALMER5E,8,0,2P_SAR0_PH0_ATR0_RRU0,false,1,false,false,false,SMALL_STEP,103,28.427543,2.128111887096394,0.0,false
PALMER5E,8,0,2P_SAR0_PH1_ATR0_RRU0,false,1,true,false,false,MAX_IT,500,101.076097,2.1336193619408648,0.0,false
PALMER5E,8,0,2P_SAR0_PH1_ATR1_RRU0,false,1,true,true,false,MAX_IT,500,154.4929,0.4297670838383637,0.0,false
PALMER5E,8,0,2P_SAR0_PH0_ATR0_RRU1,false,1,false,false,true,SMALL_STEP,103,28.454063,2.128111887096394,0.0,false
PALMER5E,8,0,2P_SAR0_PH1_ATR0_RRU1,false,1,true,false,true,MAX_IT,500,95.90839299999999,2.1336193619408648,0.0,false
PALMER5E,8,0,2P_SAR0_PH1_ATR1_RRU1,false,1,true,true,true,MAX_IT,500,149.313233,0.4297670838383637,0.0,false
PALMER5E,8,0,BASE_2P,true,1,false,false,false,MAX_IT,500,87.724466,3.804823719212972,0.0,true
PALMER5E,8,0,2P_SAR1_PH1_ATR0_RRU0,true,1,true,false,false,MAX_IT,500,100.810258,2.1336193619408648,0.0,false
PALMER5E,8,0,2P_SAR1_PH1_ATR1_RRU0,true,1,true,true,false,MAX_IT,500,157.26194900000002,0.4297670838383637,0.0,false
PALMER5E,8,0,2P_SAR1_PH0_ATR0_RRU1,true,1,false,false,true,MAX_IT,500,87.377565,3.804823719212972,0.0,false
PALMER5E,8,0,2P_SAR1_PH1_ATR0_RRU1,true,1,true,false,true,MAX_IT,500,95.881552,2.1336193619408648,0.0,false
PALMER5E,8,0,2P_SAR1_PH1_ATR1_RRU1,true,1,true,true,true,MAX_IT,500,154.52074199999998,0.4297670838383637,0.0,false
PALMER6A,6,0,2P_SAR0_PH0_ATR0_RRU0,false,1,false,false,false,MAX_IT,500,123.68763100000001,59.841219363280466,0.0,false
PALMER6A,6,0,2P_SAR0_PH1_ATR0_RRU0,false,1,true,false,false,MAX_IT,500,93.709912,50.16291452493274,0.0,false
PALMER6A,6,0,2P_SAR0_PH1_ATR1_RRU0,false,1,true,true,false,SMALL_STEP,452,130.051236,75.03377760122014,0.0,false
PALMER6A,6,0,2P_SAR0_PH0_ATR0_RRU1,false,1,false,false,true,MAX_IT,500,125.01656,59.841219363280466,0.0,false
PALMER6A,6,0,2P_SAR0_PH1_ATR0_RRU1,false,1,true,false,true,MAX_IT,500,94.190011,50.16291452493274,0.0,false
PALMER6A,6,0,2P_SAR0_PH1_ATR1_RRU1,false,1,true,true,true,SMALL_STEP,452,130.15650300000001,75.03377760122014,0.0,false
PALMER6A,6,0,BASE_2P,true,1,false,false,false,MAX_IT,500,86.06711,95.03489076839637,0.0,true
PALMER6A,6,0,2P_SAR1_PH1_ATR0_RRU0,true,1,true,false,false,MAX_IT,500,93.208503,50.16291452493274,0.0,false
PALMER6A,6,0,2P_SAR1_PH1_ATR1_RRU0,true,1,true,true,false,SMALL_STEP,452,134.79450400000002,75.03377760122014,0.0,false
PALMER6A,6,0,2P_SAR1_PH0_ATR0_RRU1,true,1,false,false,true,MAX_IT,500,86.067761,95.03489076839637,0.0,false
PALMER6A,6,0,2P_SAR1_PH1_ATR0_RRU1,true,1,true,false,true,MAX_IT,500,92.436024,50.16291452493274,0.0,false
PALMER6A,6,0,2P_SAR1_PH1_ATR1_RRU1,true,1,true,true,true,SMALL_STEP,452,129.745402,75.03377760122014,0.0,false
PALMER6C,8,0,2P_SAR0_PH0_ATR0_RRU0,false,1,false,false,false,MAX_IT,500,125.612317,205.14751809743797,0.0,false
PALMER6C,8,0,2P_SAR0_PH1_ATR0_RRU0,false,1,true,false,false,MAX_IT,500,110.035427,219.60717980232965,0.0,false
PALMER6C,8,0,2P_SAR0_PH1_ATR1_RRU0,false,1,true,true,false,MAX_IT,500,158.384281,556.2943732272828,0.0,false
PALMER6C,8,0,2P_SAR0_PH0_ATR0_RRU1,false,1,false,false,true,MAX_IT,500,125.26658900000001,205.14751809743797,0.0,false
PALMER6C,8,0,2P_SAR0_PH1_ATR0_RRU1,false,1,true,false,true,MAX_IT,500,110.81978500000001,219.60717980232965,0.0,false
PALMER6C,8,0,2P_SAR0_PH1_ATR1_RRU1,false,1,true,true,true,MAX_IT,500,152.753209,556.2943732272828,0.0,false
PALMER6C,8,0,BASE_2P,true,1,false,false,false,MAX_IT,500,87.284751,324.98362521433893,0.0,true
PALMER6C,8,0,2P_SAR1_PH1_ATR0_RRU0,true,1,true,false,false,MAX_IT,500,109.650024,219.60717980232965,0.0,false
PALMER6C,8,0,2P_SAR1_PH1_ATR1_RRU0,true,1,true,true,false,MAX_IT,500,153.423054,556.2943732272828,0.0,false
PALMER6C,8,0,2P_SAR1_PH0_ATR0_RRU1,true,1,false,false,true,MAX_IT,500,92.656979,324.98362521433893,0.0,false
PALMER6C,8,0,2P_SAR1_PH1_ATR0_RRU1,true,1,true,false,true,MAX_IT,500,109.37846699999999,219.60717980232965,0.0,false
PALMER6C,8,0,2P_SAR1_PH1_ATR1_RRU1,true,1,true,true,true,MAX_IT,500,153.83418200000003,556.2943732272828,0.0,false
PALMER6E,8,0,2P_SAR0_PH0_ATR0_RRU0,false,1,false,false,false,MAX_IT,500,126.493032,99.3054622225799,0.0,false
PALMER6E,8,0,2P_SAR0_PH1_ATR0_RRU0,false,1,true,false,false,MAX_IT,500,102.903814,110.03799838189363,0.0,false
PALMER6E,8,0,2P_SAR0_PH1_ATR1_RRU0,false,1,true,true,false,MAX_IT,500,154.44487900000001,229.06227644972589,0.0,false
PALMER6E,8,0,2P_SAR0_PH0_ATR0_RRU1,false,1,false,false,true,MAX_IT,500,126.54748299999999,99.3054622225799,0.0,false
PALMER6E,8,0,2P_SAR0_PH1_ATR0_RRU1,false,1,true,false,true,MAX_IT,500,102.86004199999999,110.03799838189363,0.0,false
PALMER6E,8,0,2P_SAR0_PH1_ATR1_RRU1,false,1,true,true,true,MAX_IT,500,154.071007,229.06227644972589,0.0,false
PALMER6E,8,0,BASE_2P,true,1,false,false,false,MAX_IT,500,93.742227,143.06916813131159,0.0,true
PALMER6E,8,0,2P_SAR1_PH1_ATR0_RRU0,true,1,true,false,false,MAX_IT,500,101.755542,110.03799838189363,0.0,false
PALMER6E,8,0,2P_SAR1_PH1_ATR1_RRU0,true,1,true,true,false,MAX_IT,500,154.289978,229.06227644972589,0.0,false
PALMER6E,8,0,2P_SAR1_PH0_ATR0_RRU1,true,1,false,false,true,MAX_IT,500,93.82755700000001,143.06916813131159,0.0,false
PALMER6E,8,0,2P_SAR1_PH1_ATR0_RRU1,true,1,true,false,true,MAX_IT,500,102.090439,110.03799838189363,0.0,false
PALMER6E,8,0,2P_SAR1_PH1_ATR1_RRU1,true,1,true,true,true,MAX_IT,500,154.53245299999998,229.06227644972589,0.0,false
PALMER7A,6,0,2P_SAR0_PH0_ATR0_RRU0,false,1,false,false,false,MAX_IT,500,124.200593,67.05140536173137,0.0,false
PALMER7A,6,0,2P_SAR0_PH1_ATR0_RRU0,false,1,true,false,false,MAX_IT,500,106.903893,72.74896550253374,0.0,false
PALMER7A,6,0,2P_SAR0_PH1_ATR1_RRU0,false,1,true,true,false,MAX_IT,500,142.247809,69.47469466092487,0.0,false
PALMER7A,6,0,2P_SAR0_PH0_ATR0_RRU1,false,1,false,false,true,MAX_IT,500,124.683217,67.05140536173137,0.0,false
PALMER7A,6,0,2P_SAR0_PH1_ATR0_RRU1,false,1,true,false,true,MAX_IT,500,106.993581,72.74896550253374,0.0,false
PALMER7A,6,0,2P_SAR0_PH1_ATR1_RRU1,false,1,true,true,true,MAX_IT,500,142.159824,69.47469466092487,0.0,false
PALMER7A,6,0,BASE_2P,true,1,false,false,false,MAX_IT,500,91.71229100000001,86.16142922074287,0.0,true
PALMER7A,6,0,2P_SAR1_PH1_ATR0_RRU0,true,1,true,false,false,MAX_IT,500,106.115034,72.74896550253374,0.0,false
PALMER7A,6,0,2P_SAR1_PH1_ATR1_RRU0,true,1,true,true,false,MAX_IT,500,142.032815,69.47469466092487,0.0,false
PALMER7A,6,0,2P_SAR1_PH0_ATR0_RRU1,true,1,false,false,true,MAX_IT,500,87.041753,86.16142922074287,0.0,false
PALMER7A,6,0,2P_SAR1_PH1_ATR0_RRU1,true,1,true,false,true,MAX_IT,500,111.44470600000001,72.74896550253374,0.0,false
PALMER7A,6,0,2P_SAR1_PH1_ATR1_RRU1,true,1,true,true,true,MAX_IT,500,147.556842,69.47469466092487,0.0,false
PALMER7C,8,0,2P_SAR0_PH0_ATR0_RRU0,false,1,false,false,false,MAX_IT,500,126.53629,352.21550666305694,0.0,false
PALMER7C,8,0,2P_SAR0_PH1_ATR0_RRU0,false,1,true,false,false,MAX_IT,500,110.679501,467.78957178817626,0.0,false
PALMER7C,8,0,2P_SAR0_PH1_ATR1_RRU0,false,1,true,true,false,MAX_IT,500,161.575956,547.1068509723784,0.0,false
PALMER7C,8,0,2P_SAR0_PH0_ATR0_RRU1,false,1,false,false,true,MAX_IT,500,131.407994,352.21550666305694,0.0,false
PALMER7C,8,0,2P_SAR0_PH1_ATR0_RRU1,false,1,true,false,true,MAX_IT,500,110.47525800000001,467.78957178817626,0.0,false
PALMER7C,8,0,2P_SAR0_PH1_ATR1_RRU1,false,1,true,true,true,MAX_IT,500,167.60376699999998,547.1068509723784,0.0,false
PALMER7C,8,0,BASE_2P,true,1,false,false,false,MAX_IT,500,87.52526900000001,1136.9343471668487,0.0,true
PALMER7C,8,0,2P_SAR1_PH1_ATR0_RRU0,true,1,true,false,false,MAX_IT,500,110.995423,467.78957178817626,0.0,false
PALMER7C,8,0,2P_SAR1_PH1_ATR1_RRU0,true,1,true,true,false,MAX_IT,500,166.54923,547.1068509723784,0.0,false
PALMER7C,8,0,2P_SAR1_PH0_ATR0_RRU1,true,1,false,false,true,MAX_IT,500,87.426875,1136.9343471668487,0.0,false
PALMER7C,8,0,2P_SAR1_PH1_ATR0_RRU1,true,1,true,false,true,MAX_IT,500,110.354872,467.78957178817626,0.0,false
PALMER7C,8,0,2P_SAR1_PH1_ATR1_RRU1,true,1,true,true,true,MAX_IT,500,166.697538,547.1068509723784,0.0,false
PALMER7E,8,0,2P_SAR0_PH0_ATR0_RRU0,false,1,false,false,false,MAX_IT,500,126.47050600000001,75.0272604547049,0.0,false
PALMER7E,8,0,2P_SAR0_PH1_ATR0_RRU0,false,1,true,false,false,MAX_IT,500,109.166394,82.41003343359264,0.0,false
PALMER7E,8,0,2P_SAR0_PH1_ATR1_RRU0,false,1,true,true,false,MAX_IT,500,166.716543,98.03115195687509,0.0,false
PALMER7E,8,0,2P_SAR0_PH0_ATR0_RRU1,false,1,false,false,true,MAX_IT,500,133.42105700000002,75.0272604547049,0.0,false
PALMER7E,8,0,2P_SAR0_PH1_ATR0_RRU1,false,1,true,false,true,MAX_IT,500,116.609016,82.41003343359264,0.0,false
PALMER7E,8,0,2P_SAR0_PH1_ATR1_RRU1,false,1,true,true,true,MAX_IT,500,174.991226,98.03115195687509,0.0,false
PALMER7E,8,0,BASE_2P,true,1,false,false,false,MAX_IT,500,88.115325,146.85196989912131,0.0,true
PALMER7E,8,0,2P_SAR1_PH1_ATR0_RRU0,true,1,true,false,false,MAX_IT,500,114.833117,82.41003343359264,0.0,false
PALMER7E,8,0,2P_SAR1_PH1_ATR1_RRU0,true,1,true,true,false,MAX_IT,500,172.56130100000001,98.03115195687509,0.0,false
PALMER7E,8,0,2P_SAR1_PH0_ATR0_RRU1,true,1,false,false,true,MAX_IT,500,88.254706,146.85196989912131,0.0,false
PALMER7E,8,0,2P_SAR1_PH1_ATR0_RRU1,true,1,true,false,true,MAX_IT,500,113.872637,82.41003343359264,0.0,false
PALMER7E,8,0,2P_SAR1_PH1_ATR1_RRU1,true,1,true,true,true,MAX_IT,500,166.19598599999998,98.03115195687509,0.0,false
PALMER8A,6,0,2P_SAR0_PH0_ATR0_RRU0,false,1,false,false,false,MAX_IT,500,124.424749,39.18883514856369,0.0,false
PALMER8A,6,0,2P_SAR0_PH1_ATR0_RRU0,false,1,true,false,false,MAX_IT,500,112.727669,46.48282658400422,0.0,false
PALMER8A,6,0,2P_SAR0_PH1_ATR1_RRU0,false,1,true,true,false,MAX_IT,500,151.083572,46.452010447028954,0.0,false
PALMER8A,6,0,2P_SAR0_PH0_ATR0_RRU1,false,1,false,false,true,MAX_IT,500,124.159392,39.18883514856369,0.0,false
PALMER8A,6,0,2P_SAR0_PH1_ATR0_RRU1,false,1,true,false,true,MAX_IT,500,107.169548,46.48282658400422,0.0,false
PALMER8A,6,0,2P_SAR0_PH1_ATR1_RRU1,false,1,true,true,true,MAX_IT,500,150.46468099999998,46.452010447028954,0.0,false
PALMER8A,6,0,BASE_2P,true,1,false,false,false,MAX_IT,500,86.06908800000001,54.831477476130274,0.0,true
PALMER8A,6,0,2P_SAR1_PH1_ATR0_RRU0,true,1,true,false,false,MAX_IT,500,112.44968800000001,46.48282658400422,0.0,false
PALMER8A,6,0,2P_SAR1_PH1_ATR1_RRU0,true,1,true,true,false,MAX_IT,500,146.306545,46.452010447028954,0.0,false
PALMER8A,6,0,2P_SAR1_PH0_ATR0_RRU1,true,1,false,false,true,MAX_IT,500,86.472595,54.831477476130274,0.0,false
PALMER8A,6,0,2P_SAR1_PH1_ATR0_RRU1,true,1,true,false,true,MAX_IT,500,106.462683,46.48282658400422,0.0,false
PALMER8A,6,0,2P_SAR1_PH1_ATR1_RRU1,true,1,true,true,true,MAX_IT,500,146.708479,46.452010447028954,0.0,false
PALMER8C,8,0,2P_SAR0_PH0_ATR0_RRU0,false,1,false,false,false,MAX_IT,500,133.04993000000002,168.40970308703203,0.0,false
PALMER8C,8,0,2P_SAR0_PH1_ATR0_RRU0,false,1,true,false,false,MAX_IT,500,117.531395,240.1944043848045,0.0,false
PALMER8C,8,0,2P_SAR0_PH1_ATR1_RRU0,false,1,true,true,false,MAX_IT,500,163.995869,721.258822278709,0.0,false
PALMER8C,8,0,2P_SAR0_PH0_ATR0_RRU1,false,1,false,false,true,MAX_IT,500,126.69445400000001,168.40970308703203,0.0,false
PALMER8C,8,0,2P_SAR0_PH1_ATR0_RRU1,false,1,true,false,true,MAX_IT,500,111.62820599999999,240.1944043848045,0.0,false
PALMER8C,8,0,2P_SAR0_PH1_ATR1_RRU1,false,1,true,true,true,MAX_IT,500,158.814204,721.258822278709,0.0,false
PALMER8C,8,0,BASE_2P,true,1,false,false,false,MAX_IT,500,93.899108,442.1776713270882,0.0,true
PALMER8C,8,0,2P_SAR1_PH1_ATR0_RRU0,true,1,true,false,false,MAX_IT,500,111.036658,240.1944043848045,0.0,false
PALMER8C,8,0,2P_SAR1_PH1_ATR1_RRU0,true,1,true,true,false,MAX_IT,500,159.330752,721.258822278709,0.0,false
PALMER8C,8,0,2P_SAR1_PH0_ATR0_RRU1,true,1,false,false,true,MAX_IT,500,94.099563,442.1776713270882,0.0,false
PALMER8C,8,0,2P_SAR1_PH1_ATR0_RRU1,true,1,true,false,true,MAX_IT,500,111.135773,240.1944043848045,0.0,false
PALMER8C,8,0,2P_SAR1_PH1_ATR1_RRU1,true,1,true,true,true,MAX_IT,500,158.757968,721.258822278709,0.0,false
PALMER8E,8,0,2P_SAR0_PH0_ATR0_RRU0,false,1,false,false,false,MAX_IT,500,124.119585,39.41509617555482,0.0,false
PALMER8E,8,0,2P_SAR0_PH1_ATR0_RRU0,false,1,true,false,false,MAX_IT,500,106.329962,39.42692159601476,0.0,false
PALMER8E,8,0,2P_SAR0_PH1_ATR1_RRU0,false,1,true,true,false,MAX_IT,500,151.854093,342.21500263111403,0.0,false
PALMER8E,8,0,2P_SAR0_PH0_ATR0_RRU1,false,1,false,false,true,MAX_IT,500,127.505373,39.41509617555482,0.0,false
PALMER8E,8,0,2P_SAR0_PH1_ATR0_RRU1,false,1,true,false,true,MAX_IT,500,110.643489,39.42692159601476,0.0,false
PALMER8E,8,0,2P_SAR0_PH1_ATR1_RRU1,false,1,true,true,true,MAX_IT,500,156.976517,342.21500263111403,0.0,false
PALMER8E,8,0,BASE_2P,true,1,false,false,false,MAX_IT,500,85.976943,70.52943473658038,0.0,true
PALMER8E,8,0,2P_SAR1_PH1_ATR0_RRU0,true,1,true,false,false,MAX_IT,500,110.55385199999999,39.42692159601476,0.0,false
PALMER8E,8,0,2P_SAR1_PH1_ATR1_RRU0,true,1,true,true,false,MAX_IT,500,155.89555,342.21500263111403,0.0,false
PALMER8E,8,0,2P_SAR1_PH0_ATR0_RRU1,true,1,false,false,true,MAX_IT,500,85.885753,70.52943473658038,0.0,false
PALMER8E,8,0,2P_SAR1_PH1_ATR0_RRU1,true,1,true,false,true,MAX_IT,500,110.378203,39.42692159601476,0.0,false
PALMER8E,8,0,2P_SAR1_PH1_ATR1_RRU1,true,1,true,true,true,MAX_IT,500,155.502934,342.21500263111403,0.0,false
PARKCH,15,0,2P_SAR0_PH0_ATR0_RRU0,false,1,false,false,false,SMALL_STEP,77,1203.6991500000001,2091.622307779532,0.0,false
PARKCH,15,0,2P_SAR0_PH1_ATR0_RRU0,false,1,true,false,false,SMALL_STEP,218,2951.802628,2064.9173614134875,0.0,false
PARKCH,15,0,2P_SAR0_PH1_ATR1_RRU0,false,1,true,true,false,SMALL_STEP,57,975.460455,2105.493752111042,0.0,false
PARKCH,15,0,2P_SAR0_PH0_ATR0_RRU1,false,1,false,false,true,SMALL_STEP,77,1203.533981,2091.622307779532,0.0,false
PARKCH,15,0,2P_SAR0_PH1_ATR0_RRU1,false,1,true,false,true,SMALL_STEP,218,2943.809365,2064.9173614134875,0.0,false
PARKCH,15,0,2P_SAR0_PH1_ATR1_RRU1,false,1,true,true,true,SMALL_STEP,57,968.4354400000001,2105.493752111042,0.0,false
PARKCH,15,0,BASE_2P,true,1,false,false,false,SMALL_STEP,19,272.88009800000003,2103.46072472583,0.0,true
PARKCH,15,0,2P_SAR1_PH1_ATR0_RRU0,true,1,true,false,false,SMALL_STEP,218,2934.5874909999998,2064.9173614134875,0.0,false
PARKCH,15,0,2P_SAR1_PH1_ATR1_RRU0,true,1,true,true,false,SMALL_STEP,57,963.9100050000001,2105.493752111042,0.0,false
PARKCH,15,0,2P_SAR1_PH0_ATR0_RRU1,true,1,false,false,true,SMALL_STEP,19,272.77637999999996,2103.46072472583,0.0,false
PARKCH,15,0,2P_SAR1_PH1_ATR0_RRU1,true,1,true,false,true,SMALL_STEP,218,2937.198364,2064.9173614134875,0.0,false
PARKCH,15,0,2P_SAR1_PH1_ATR1_RRU1,true,1,true,true,true,SMALL_STEP,57,963.963023,2105.493752111042,0.0,false
PATTERNLS,1001,0,2P_SAR0_PH0_ATR0_RRU0,false,1,false,false,false,KKT_OK,8,1099.953672,6.940281147595876e-30,0.0,false
PATTERNLS,1001,0,2P_SAR0_PH1_ATR0_RRU0,false,1,true,false,false,KKT_OK,8,782.949866,5.7588578718519295e-9,0.0,false
PATTERNLS,1001,0,2P_SAR0_PH1_ATR1_RRU0,false,1,true,true,false,KKT_OK,17,1729.914677,0.008037083036342138,0.0,false
PATTERNLS,1001,0,2P_SAR0_PH0_ATR0_RRU1,false,1,false,false,true,KKT_OK,8,1162.778712,6.940281147595876e-30,0.0,false
PATTERNLS,1001,0,2P_SAR0_PH1_ATR0_RRU1,false,1,true,false,true,KKT_OK,8,798.579434,5.7588578718519295e-9,0.0,false
PATTERNLS,1001,0,2P_SAR0_PH1_ATR1_RRU1,false,1,true,true,true,KKT_OK,17,1786.496235,0.008037083036342138,0.0,false
PATTERNLS,1001,0,BASE_2P,true,1,false,false,false,KKT_OK,13,1455.374331,1.927855874330586e-29,0.0,true
PATTERNLS,1001,0,2P_SAR1_PH1_ATR0_RRU0,true,1,true,false,false,KKT_OK,8,801.2612489999999,5.7588578718519295e-9,0.0,false
PATTERNLS,1001,0,2P_SAR1_PH1_ATR1_RRU0,true,1,true,true,false,KKT_OK,17,1750.4166910000001,0.008037083036342138,0.0,false
PATTERNLS,1001,0,2P_SAR1_PH0_ATR0_RRU1,true,1,false,false,true,KKT_OK,13,1456.8300780000002,1.927855874330586e-29,0.0,false
PATTERNLS,1001,0,2P_SAR1_PH1_ATR0_RRU1,true,1,true,false,true,KKT_OK,8,802.5503739999999,5.7588578718519295e-9,0.0,false
PATTERNLS,1001,0,2P_SAR1_PH1_ATR1_RRU1,true,1,true,true,true,KKT_OK,17,1785.3757400000002,0.008037083036342138,0.0,false
PENALTY1,1000,0,2P_SAR0_PH0_ATR0_RRU0,false,1,false,false,false,KKT_OK,29,67.263702,0.009724273681654549,0.0,false
PENALTY1,1000,0,2P_SAR0_PH1_ATR0_RRU0,false,1,true,false,false,KKT_OK,39,77.789453,0.010002896921741654,0.0,false
PENALTY1,1000,0,2P_SAR0_PH1_ATR1_RRU0,false,1,true,true,false,KKT_OK,43,139.228866,0.010010699673074728,0.0,false
PENALTY1,1000,0,2P_SAR0_PH0_ATR0_RRU1,false,1,false,false,true,KKT_OK,29,68.02854599999999,0.009724273681654549,0.0,false
PENALTY1,1000,0,2P_SAR0_PH1_ATR0_RRU1,false,1,true,false,true,KKT_OK,39,78.432137,0.010002896921741654,0.0,false
PENALTY1,1000,0,2P_SAR0_PH1_ATR1_RRU1,false,1,true,true,true,KKT_OK,43,139.620931,0.010010699673074728,0.0,false
PENALTY1,1000,0,BASE_2P,true,1,false,false,false,MAX_IT,500,711.986988,8.193509784233045e16,0.0,true
PENALTY1,1000,0,2P_SAR1_PH1_ATR0_RRU0,true,1,true,false,false,KKT_OK,39,81.578154,0.010002896921741654,0.0,false
PENALTY1,1000,0,2P_SAR1_PH1_ATR1_RRU0,true,1,true,true,false,KKT_OK,43,131.46778700000002,0.010010699673074728,0.0,false
PENALTY1,1000,0,2P_SAR1_PH0_ATR0_RRU1,true,1,false,false,true,MAX_IT,500,693.4436149999999,8.193509784233045e16,0.0,false
PENALTY1,1000,0,2P_SAR1_PH1_ATR0_RRU1,true,1,true,false,true,KKT_OK,39,81.55704499999999,0.010002896921741654,0.0,false
PENALTY1,1000,0,2P_SAR1_PH1_ATR1_RRU1,true,1,true,true,true,KKT_OK,43,135.614249,0.010010699673074728,0.0,false
PENALTY2,200,0,2P_SAR0_PH0_ATR0_RRU0,false,1,false,false,false,MAX_IT,500,336.134405,4.711627728264417e13,0.0,false
PENALTY2,200,0,2P_SAR0_PH1_ATR0_RRU0,false,1,true,false,false,MAX_IT,500,274.470242,4.711627727999962e13,0.0,false
PENALTY2,200,0,2P_SAR0_PH1_ATR1_RRU0,false,1,true,true,false,MAX_IT,500,400.01951099999997,4.711627727644591e13,0.0,false
PENALTY2,200,0,2P_SAR0_PH0_ATR0_RRU1,false,1,false,false,true,MAX_IT,500,332.951458,4.711627728264417e13,0.0,false
PENALTY2,200,0,2P_SAR0_PH1_ATR0_RRU1,false,1,true,false,true,MAX_IT,500,233.672022,4.711627727999962e13,0.0,false
PENALTY2,200,0,2P_SAR0_PH1_ATR1_RRU1,false,1,true,true,true,MAX_IT,500,467.479518,4.711627727644591e13,0.0,false
PENALTY2,200,0,BASE_2P,true,1,false,false,false,MAX_IT,500,235.166924,4.711627728796967e13,0.0,true
PENALTY2,200,0,2P_SAR1_PH1_ATR0_RRU0,true,1,true,false,false,MAX_IT,500,233.043593,4.711627727999962e13,0.0,false
PENALTY2,200,0,2P_SAR1_PH1_ATR1_RRU0,true,1,true,true,false,MAX_IT,500,400.085132,4.711627727644591e13,0.0,false
PENALTY2,200,0,2P_SAR1_PH0_ATR0_RRU1,true,1,false,false,true,MAX_IT,500,234.853094,4.711627728796967e13,0.0,false
PENALTY2,200,0,2P_SAR1_PH1_ATR0_RRU1,true,1,true,false,true,MAX_IT,500,235.996608,4.711627727999962e13,0.0,false
PENALTY2,200,0,2P_SAR1_PH1_ATR1_RRU1,true,1,true,true,true,MAX_IT,500,398.42099199999996,4.711627727644591e13,0.0,false
PENALTY3,200,0,2P_SAR0_PH0_ATR0_RRU0,false,1,false,false,false,MAX_IT,500,2619.861815,1.1753247587215829e8,0.0,false
PENALTY3,200,0,2P_SAR0_PH1_ATR0_RRU0,false,1,true,false,false,MAX_IT,500,2360.656155,1.1709054516143881e8,0.0,false
PENALTY3,200,0,2P_SAR0_PH1_ATR1_RRU0,false,1,true,true,false,MAX_IT,500,3002.315443,17.77697237167896,0.0,false
PENALTY3,200,0,2P_SAR0_PH0_ATR0_RRU1,false,1,false,false,true,MAX_IT,500,2637.623863,1.1753247587215829e8,0.0,false
PENALTY3,200,0,2P_SAR0_PH1_ATR0_RRU1,false,1,true,false,true,MAX_IT,500,2392.9771,1.1709054516143881e8,0.0,false
PENALTY3,200,0,2P_SAR0_PH1_ATR1_RRU1,false,1,true,true,true,MAX_IT,500,3003.8391340000003,17.77697237167896,0.0,false
PENALTY3,200,0,BASE_2P,true,1,false,false,false,MAX_IT,500,2207.4185810000004,1.1798097425998335e8,0.0,true
PENALTY3,200,0,2P_SAR1_PH1_ATR0_RRU0,true,1,true,false,false,MAX_IT,500,2357.906766,1.1709054516143881e8,0.0,false
PENALTY3,200,0,2P_SAR1_PH1_ATR1_RRU0,true,1,true,true,false,MAX_IT,500,3075.629715,17.77697237167896,0.0,false
PENALTY3,200,0,2P_SAR1_PH0_ATR0_RRU1,true,1,false,false,true,MAX_IT,500,2213.485383,1.1798097425998335e8,0.0,false
PENALTY3,200,0,2P_SAR1_PH1_ATR0_RRU1,true,1,true,false,true,MAX_IT,500,2358.354142,1.1709054516143881e8,0.0,false
PENALTY3,200,0,2P_SAR1_PH1_ATR1_RRU1,true,1,true,true,true,MAX_IT,500,3013.97022,17.77697237167896,0.0,false
PENTDI,5000,0,2P_SAR0_PH0_ATR0_RRU0,false,1,false,false,false,KKT_OK,0,16.795623,0.0,0.0,false
PENTDI,5000,0,2P_SAR0_PH1_ATR0_RRU0,false,1,true,false,false,KKT_OK,0,13.960078000000001,0.0,0.0,false
PENTDI,5000,0,2P_SAR0_PH1_ATR1_RRU0,false,1,true,true,false,KKT_OK,0,8.946349,0.0,0.0,false
PENTDI,5000,0,2P_SAR0_PH0_ATR0_RRU1,false,1,false,false,true,KKT_OK,0,8.831744,0.0,0.0,false
PENTDI,5000,0,2P_SAR0_PH1_ATR0_RRU1,false,1,true,false,true,KKT_OK,0,14.454874,0.0,0.0,false
PENTDI,5000,0,2P_SAR0_PH1_ATR1_RRU1,false,1,true,true,true,KKT_OK,0,12.880213999999999,0.0,0.0,false
PENTDI,5000,0,BASE_2P,true,1,false,false,false,KKT_OK,0,8.623555,0.0,0.0,true
PENTDI,5000,0,2P_SAR1_PH1_ATR0_RRU0,true,1,true,false,false,KKT_OK,0,8.673067,0.0,0.0,false
PENTDI,5000,0,2P_SAR1_PH1_ATR1_RRU0,true,1,true,true,false,KKT_OK,0,14.225175,0.0,0.0,false
PENTDI,5000,0,2P_SAR1_PH0_ATR0_RRU1,true,1,false,false,true,KKT_OK,0,14.778711999999999,0.0,0.0,false
PENTDI,5000,0,2P_SAR1_PH1_ATR0_RRU1,true,1,true,false,true,KKT_OK,0,8.689699000000001,0.0,0.0,false
PENTDI,5000,0,2P_SAR1_PH1_ATR1_RRU1,true,1,true,true,true,KKT_OK,0,8.666284999999998,0.0,0.0,false
PFIT1LS,3,0,2P_SAR0_PH0_ATR0_RRU0,false,1,false,false,false,MAX_IT,500,121.03408,0.25138687935993487,0.0,false
PFIT1LS,3,0,2P_SAR0_PH1_ATR0_RRU0,false,1,true,false,false,MAX_IT,500,113.934843,0.27971162442446257,0.0,false
PFIT1LS,3,0,2P_SAR0_PH1_ATR1_RRU0,false,1,true,true,false,MAX_IT,500,152.61349399999997,0.8495150994744222,0.0,false
PFIT1LS,3,0,2P_SAR0_PH0_ATR0_RRU1,false,1,false,false,true,MAX_IT,500,119.72167999999999,0.25138687935993487,0.0,false
PFIT1LS,3,0,2P_SAR0_PH1_ATR0_RRU1,false,1,true,false,true,MAX_IT,500,106.192991,0.27971162442446257,0.0,false
PFIT1LS,3,0,2P_SAR0_PH1_ATR1_RRU1,false,1,true,true,true,MAX_IT,500,151.641301,0.8495150994744222,0.0,false
PFIT1LS,3,0,BASE_2P,true,1,false,false,false,SMALL_STEP,22,5.749347,0.5007365708724921,0.0,true
PFIT1LS,3,0,2P_SAR1_PH1_ATR0_RRU0,true,1,true,false,false,MAX_IT,500,106.234199,0.27971162442446257,0.0,false
PFIT1LS,3,0,2P_SAR1_PH1_ATR1_RRU0,true,1,true,true,false,MAX_IT,500,152.394332,0.8495150994744222,0.0,false
PFIT1LS,3,0,2P_SAR1_PH0_ATR0_RRU1,true,1,false,false,true,SMALL_STEP,22,5.458592,0.5007365708724921,0.0,false
PFIT1LS,3,0,2P_SAR1_PH1_ATR0_RRU1,true,1,true,false,true,MAX_IT,500,106.136876,0.27971162442446257,0.0,false
PFIT1LS,3,0,2P_SAR1_PH1_ATR1_RRU1,true,1,true,true,true,MAX_IT,500,156.019337,0.8495150994744222,0.0,false
PFIT2LS,3,0,2P_SAR0_PH0_ATR0_RRU0,false,1,false,false,false,MAX_IT,500,124.792104,2.7700142027646524,0.0,false
PFIT2LS,3,0,2P_SAR0_PH1_ATR0_RRU0,false,1,true,false,false,MAX_IT,500,106.35269,2.9781400164719005,0.0,false
PFIT2LS,3,0,2P_SAR0_PH1_ATR1_RRU0,false,1,true,true,false,SMALL_STEP,300,88.729167,3.0307438008079624,0.0,false
PFIT2LS,3,0,2P_SAR0_PH0_ATR0_RRU1,false,1,false,false,true,MAX_IT,500,120.446999,2.7700142027646524,0.0,false
PFIT2LS,3,0,2P_SAR0_PH1_ATR0_RRU1,false,1,true,false,true,MAX_IT,500,108.050032,2.9781400164719005,0.0,false
PFIT2LS,3,0,2P_SAR0_PH1_ATR1_RRU1,false,1,true,true,true,SMALL_STEP,300,84.31914,3.0307438008079624,0.0,false
PFIT2LS,3,0,BASE_2P,true,1,false,false,false,SMALL_STEP,26,6.0188619999999995,4.013303947921338,0.0,true
PFIT2LS,3,0,2P_SAR1_PH1_ATR0_RRU0,true,1,true,false,false,MAX_IT,500,105.78736099999999,2.9781400164719005,0.0,false
PFIT2LS,3,0,2P_SAR1_PH1_ATR1_RRU0,true,1,true,true,false,SMALL_STEP,300,84.672813,3.0307438008079624,0.0,false
PFIT2LS,3,0,2P_SAR1_PH0_ATR0_RRU1,true,1,false,false,true,SMALL_STEP,26,5.936507,4.013303947921338,0.0,false
PFIT2LS,3,0,2P_SAR1_PH1_ATR0_RRU1,true,1,true,false,true,MAX_IT,500,105.71866200000001,2.9781400164719005,0.0,false
PFIT2LS,3,0,2P_SAR1_PH1_ATR1_RRU1,true,1,true,true,true,SMALL_STEP,300,84.015371,3.0307438008079624,0.0,false
PFIT3LS,3,0,2P_SAR0_PH0_ATR0_RRU0,false,1,false,false,false,MAX_IT,500,120.422392,7.601135588605289,0.0,false
PFIT3LS,3,0,2P_SAR0_PH1_ATR0_RRU0,false,1,true,false,false,MAX_IT,500,111.093226,7.687941284407167,0.0,false
PFIT3LS,3,0,2P_SAR0_PH1_ATR1_RRU0,false,1,true,true,false,MAX_IT,500,154.210235,14.880024627548966,0.0,false
PFIT3LS,3,0,2P_SAR0_PH0_ATR0_RRU1,false,1,false,false,true,MAX_IT,500,120.534904,7.601135588605289,0.0,false
PFIT3LS,3,0,2P_SAR0_PH1_ATR0_RRU1,false,1,true,false,true,MAX_IT,500,106.610393,7.687941284407167,0.0,false
PFIT3LS,3,0,2P_SAR0_PH1_ATR1_RRU1,false,1,true,true,true,MAX_IT,500,154.128682,14.880024627548966,0.0,false
PFIT3LS,3,0,BASE_2P,true,1,false,false,false,SMALL_STEP,27,6.493221,9.314362431177589,0.0,true
PFIT3LS,3,0,2P_SAR1_PH1_ATR0_RRU0,true,1,true,false,false,MAX_IT,500,110.816236,7.687941284407167,0.0,false
PFIT3LS,3,0,2P_SAR1_PH1_ATR1_RRU0,true,1,true,true,false,MAX_IT,500,153.037767,14.880024627548966,0.0,false
PFIT3LS,3,0,2P_SAR1_PH0_ATR0_RRU1,true,1,false,false,true,SMALL_STEP,27,6.529269,9.314362431177589,0.0,false
PFIT3LS,3,0,2P_SAR1_PH1_ATR0_RRU1,true,1,true,false,true,MAX_IT,500,107.08864999999999,7.687941284407167,0.0,false
PFIT3LS,3,0,2P_SAR1_PH1_ATR1_RRU1,true,1,true,true,true,MAX_IT,500,157.06156,14.880024627548966,0.0,false
PFIT4LS,3,0,2P_SAR0_PH0_ATR0_RRU0,false,1,false,false,false,SMALL_STEP,251,61.609081,12.109916463314391,0.0,false
PFIT4LS,3,0,2P_SAR0_PH1_ATR0_RRU0,false,1,true,false,false,SMALL_STEP,298,64.299154,12.195913959499121,0.0,false
PFIT4LS,3,0,2P_SAR0_PH1_ATR1_RRU0,false,1,true,true,false,SMALL_STEP,84,26.099843,38.549778753738295,0.0,false
PFIT4LS,3,0,2P_SAR0_PH0_ATR0_RRU1,false,1,false,false,true,SMALL_STEP,251,61.362299,12.109916463314391,0.0,false
PFIT4LS,3,0,2P_SAR0_PH1_ATR0_RRU1,false,1,true,false,true,SMALL_STEP,298,63.711692,12.195913959499121,0.0,false
PFIT4LS,3,0,2P_SAR0_PH1_ATR1_RRU1,false,1,true,true,true,SMALL_STEP,84,26.057533,38.549778753738295,0.0,false
PFIT4LS,3,0,BASE_2P,true,1,false,false,false,SMALL_STEP,27,6.621221,13.236534024088886,0.0,true
PFIT4LS,3,0,2P_SAR1_PH1_ATR0_RRU0,true,1,true,false,false,SMALL_STEP,298,64.068461,12.195913959499121,0.0,false
PFIT4LS,3,0,2P_SAR1_PH1_ATR1_RRU0,true,1,true,true,false,SMALL_STEP,84,26.186535,38.549778753738295,0.0,false
PFIT4LS,3,0,2P_SAR1_PH0_ATR0_RRU1,true,1,false,false,true,SMALL_STEP,27,6.656817,13.236534024088886,0.0,false
PFIT4LS,3,0,2P_SAR1_PH1_ATR0_RRU1,true,1,true,false,true,SMALL_STEP,298,68.788157,12.195913959499121,0.0,false
PFIT4LS,3,0,2P_SAR1_PH1_ATR1_RRU1,true,1,true,true,true,SMALL_STEP,84,26.053345,38.549778753738295,0.0,false
PORTFL1,12,1,2P_SAR0_PH0_ATR0_RRU0,false,1,false,false,false,SMALL_STEP,55,18.509064,0.0204862750290112,4.000411113480595e-12,false
PORTFL1,12,1,2P_SAR0_PH1_ATR0_RRU0,false,1,true,false,false,SMALL_STEP,63,16.259877999999997,0.02048627697133161,4.000216824451286e-12,false
PORTFL1,12,1,2P_SAR0_PH1_ATR1_RRU0,false,1,true,true,false,SMALL_STEP,48,19.050499,0.020486275452970586,4.000078046573208e-12,false
PORTFL1,12,1,2P_SAR0_PH0_ATR0_RRU1,false,1,false,false,true,SMALL_STEP,55,18.063738999999998,0.0204862750290112,4.000411113480595e-12,false
PORTFL1,12,1,2P_SAR0_PH1_ATR0_RRU1,false,1,true,false,true,SMALL_STEP,63,16.001153000000002,0.02048627697133161,4.000216824451286e-12,false
PORTFL1,12,1,2P_SAR0_PH1_ATR1_RRU1,false,1,true,true,true,SMALL_STEP,48,18.819445,0.020486275452970586,4.000078046573208e-12,false
PORTFL1,12,1,BASE_2P,true,1,false,false,false,SMALL_STEP,59,13.533728,0.02048634581892942,4.00082744711483e-12,true
PORTFL1,12,1,2P_SAR1_PH1_ATR0_RRU0,true,1,true,false,false,SMALL_STEP,63,15.833279,0.02048627697133161,4.000216824451286e-12,false
PORTFL1,12,1,2P_SAR1_PH1_ATR1_RRU0,true,1,true,true,false,SMALL_STEP,48,18.851445000000002,0.020486275452970586,4.000078046573208e-12,false
PORTFL1,12,1,2P_SAR1_PH0_ATR0_RRU1,true,1,false,false,true,SMALL_STEP,59,16.784852,0.02048634581892942,4.00082744711483e-12,false
PORTFL1,12,1,2P_SAR1_PH1_ATR0_RRU1,true,1,true,false,true,SMALL_STEP,63,15.963232000000001,0.02048627697133161,4.000216824451286e-12,false
PORTFL1,12,1,2P_SAR1_PH1_ATR1_RRU1,true,1,true,true,true,SMALL_STEP,48,18.86431,0.020486275452970586,4.000078046573208e-12,false
PORTFL2,12,1,2P_SAR0_PH0_ATR0_RRU0,false,1,false,false,false,SMALL_STEP,48,16.250711000000003,0.029689240488590764,3.999911513119514e-12,false
PORTFL2,12,1,2P_SAR0_PH1_ATR0_RRU0,false,1,true,false,false,SMALL_STEP,35,9.314539,0.029689241781734148,4.000105802148823e-12,false
PORTFL2,12,1,2P_SAR0_PH1_ATR1_RRU0,false,1,true,true,false,SMALL_STEP,289,97.395209,0.029689294316338544,3.999633957363358e-12,false
PORTFL2,12,1,2P_SAR0_PH0_ATR0_RRU1,false,1,false,false,true,SMALL_STEP,48,15.361092999999999,0.029689240488590764,3.999911513119514e-12,false
PORTFL2,12,1,2P_SAR0_PH1_ATR0_RRU1,false,1,true,false,true,SMALL_STEP,35,9.204903999999999,0.029689241781734148,4.000105802148823e-12,false
PORTFL2,12,1,2P_SAR0_PH1_ATR1_RRU1,false,1,true,true,true,SMALL_STEP,289,97.44439100000001,0.029689294316338544,3.999633957363358e-12,false
PORTFL2,12,1,BASE_2P,true,1,false,false,false,SMALL_STEP,60,13.437558000000001,0.02968926328042736,4.000910713841677e-12,true
PORTFL2,12,1,2P_SAR1_PH1_ATR0_RRU0,true,1,true,false,false,SMALL_STEP,35,9.241633,0.029689241781734148,4.000105802148823e-12,false
PORTFL2,12,1,2P_SAR1_PH1_ATR1_RRU0,true,1,true,true,false,SMALL_STEP,289,97.998189,0.029689294316338544,3.999633957363358e-12,false
PORTFL2,12,1,2P_SAR1_PH0_ATR0_RRU1,true,1,false,false,true,SMALL_STEP,60,13.584052,0.02968926328042736,4.000910713841677e-12,false
PORTFL2,12,1,2P_SAR1_PH1_ATR0_RRU1,true,1,true,false,true,SMALL_STEP,35,9.300714,0.029689241781734148,4.000105802148823e-12,false
PORTFL2,12,1,2P_SAR1_PH1_ATR1_RRU1,true,1,true,true,true,SMALL_STEP,289,97.78371700000001,0.029689294316338544,3.999633957363358e-12,false
PORTFL3,12,1,2P_SAR0_PH0_ATR0_RRU0,false,1,false,false,false,SMALL_STEP,49,17.590773000000002,0.03274972488297204,3.999911513119514e-12,false
PORTFL3,12,1,2P_SAR0_PH1_ATR0_RRU0,false,1,true,false,false,SMALL_STEP,43,11.569595999999999,0.03274971022587324,4.000216824451286e-12,false
PORTFL3,12,1,2P_SAR0_PH1_ATR1_RRU0,false,1,true,true,false,SMALL_STEP,28,12.058411999999999,0.03274970941106142,3.999856001968283e-12,false
PORTFL3,12,1,2P_SAR0_PH0_ATR0_RRU1,false,1,false,false,true,SMALL_STEP,49,15.760632,0.03274972488297204,3.999911513119514e-12,false
PORTFL3,12,1,2P_SAR0_PH1_ATR0_RRU1,false,1,true,false,true,SMALL_STEP,43,11.542726,0.03274971022587324,4.000216824451286e-12,false
PORTFL3,12,1,2P_SAR0_PH1_ATR1_RRU1,false,1,true,true,true,SMALL_STEP,28,12.052922,0.03274970941106142,3.999856001968283e-12,false
PORTFL3,12,1,BASE_2P,true,1,false,false,false,SMALL_STEP,44,10.557749999999999,0.0327497106187672,4.000411113480595e-12,true
PORTFL3,12,1,2P_SAR1_PH1_ATR0_RRU0,true,1,true,false,false,SMALL_STEP,43,11.38509,0.03274971022587324,4.000216824451286e-12,false
PORTFL3,12,1,2P_SAR1_PH1_ATR1_RRU0,true,1,true,true,false,SMALL_STEP,28,561.078754,0.03274970941106142,3.999856001968283e-12,false
PORTFL3,12,1,2P_SAR1_PH0_ATR0_RRU1,true,1,false,false,true,SMALL_STEP,44,10.620277,0.0327497106187672,4.000411113480595e-12,false
PORTFL3,12,1,2P_SAR1_PH1_ATR0_RRU1,true,1,true,false,true,SMALL_STEP,43,11.414886000000001,0.03274971022587324,4.000216824451286e-12,false
PORTFL3,12,1,2P_SAR1_PH1_ATR1_RRU1,true,1,true,true,true,SMALL_STEP,28,15.969634,0.03274970941106142,3.999856001968283e-12,false
PORTFL4,12,1,2P_SAR0_PH0_ATR0_RRU0,false,1,false,false,false,SMALL_STEP,51,18.153606999999997,0.026306961310084444,4.00018906887567e-12,false
PORTFL4,12,1,2P_SAR0_PH1_ATR0_RRU0,false,1,true,false,false,SMALL_STEP,37,10.148703,0.026306951555029958,4.000216824451286e-12,false
PORTFL4,12,1,2P_SAR0_PH1_ATR1_RRU0,false,1,true,true,false,SMALL_STEP,44,17.001077,0.026306950947659256,4.0000225354219765e-12,false
PORTFL4,12,1,2P_SAR0_PH0_ATR0_RRU1,false,1,false,false,true,SMALL_STEP,51,16.726923000000003,0.026306961310084444,4.00018906887567e-12,false
PORTFL4,12,1,2P_SAR0_PH1_ATR0_RRU1,false,1,true,false,true,SMALL_STEP,37,10.009191000000001,0.026306951555029958,4.000216824451286e-12,false
PORTFL4,12,1,2P_SAR0_PH1_ATR1_RRU1,false,1,true,true,true,SMALL_STEP,44,16.985828,0.026306950947659256,4.0000225354219765e-12,false
PORTFL4,12,1,BASE_2P,true,1,false,false,false,SMALL_STEP,43,10.272685000000001,0.026306982728917447,4.000577646934289e-12,true
PORTFL4,12,1,2P_SAR1_PH1_ATR0_RRU0,true,1,true,false,false,SMALL_STEP,37,9.97677,0.026306951555029958,4.000216824451286e-12,false
PORTFL4,12,1,2P_SAR1_PH1_ATR1_RRU0,true,1,true,true,false,SMALL_STEP,44,20.868616,0.026306950947659256,4.0000225354219765e-12,false
PORTFL4,12,1,2P_SAR1_PH0_ATR0_RRU1,true,1,false,false,true,SMALL_STEP,43,10.265602000000001,0.026306982728917447,4.000577646934289e-12,false
PORTFL4,12,1,2P_SAR1_PH1_ATR0_RRU1,true,1,true,false,true,SMALL_STEP,37,10.027446000000001,0.026306951555029958,4.000216824451286e-12,false
PORTFL4,12,1,2P_SAR1_PH1_ATR1_RRU1,true,1,true,true,true,SMALL_STEP,44,16.947106,0.026306950947659256,4.0000225354219765e-12,false
PORTFL6,12,1,2P_SAR0_PH0_ATR0_RRU0,false,1,false,false,false,SMALL_STEP,25,9.944621000000001,0.02579179844470633,3.999828246392667e-12,false
PORTFL6,12,1,2P_SAR0_PH1_ATR0_RRU0,false,1,true,false,false,SMALL_STEP,31,9.231103,0.025791799774000965,3.999911513119514e-12,false
PORTFL6,12,1,2P_SAR0_PH1_ATR1_RRU0,false,1,true,true,false,SMALL_STEP,165,57.748474,0.025791799092189264,4.000078046573208e-12,false
PORTFL6,12,1,2P_SAR0_PH0_ATR0_RRU1,false,1,false,false,true,SMALL_STEP,25,8.960485,0.02579179844470633,3.999828246392667e-12,false
PORTFL6,12,1,2P_SAR0_PH1_ATR0_RRU1,false,1,true,false,true,SMALL_STEP,31,8.57869,0.025791799774000965,3.999911513119514e-12,false
PORTFL6,12,1,2P_SAR0_PH1_ATR1_RRU1,false,1,true,true,true,SMALL_STEP,165,57.483568,0.025791799092189264,4.000078046573208e-12,false
PORTFL6,12,1,BASE_2P,true,1,false,false,false,SMALL_STEP,40,9.597239,0.025791853156896166,4.000105802148823e-12,true
PORTFL6,12,1,2P_SAR1_PH1_ATR0_RRU0,true,1,true,false,false,SMALL_STEP,31,8.641959,0.025791799774000965,3.999911513119514e-12,false
PORTFL6,12,1,2P_SAR1_PH1_ATR1_RRU0,true,1,true,true,false,SMALL_STEP,165,62.12616,0.025791799092189264,4.000078046573208e-12,false
PORTFL6,12,1,2P_SAR1_PH0_ATR0_RRU1,true,1,false,false,true,SMALL_STEP,40,9.687328,0.025791853156896166,4.000105802148823e-12,false
PORTFL6,12,1,2P_SAR1_PH1_ATR0_RRU1,true,1,true,false,true,SMALL_STEP,31,8.646427,0.025791799774000965,3.999911513119514e-12,false
PORTFL6,12,1,2P_SAR1_PH1_ATR1_RRU1,true,1,true,true,true,SMALL_STEP,165,57.734608,0.025791799092189264,4.000078046573208e-12,false
PORTSQP,100000,1,2P_SAR0_PH0_ATR0_RRU0,false,1,false,false,false,SMALL_STEP,53,334431.20538199996,33331.34184853317,5.738968328339311e-13,false
PORTSQP,100000,1,2P_SAR0_PH1_ATR0_RRU0,false,1,true,false,false,SMALL_STEP,30,197115.907358,33331.34175284102,1.267702956497807e-11,false
PORTSQP,100000,1,2P_SAR0_PH1_ATR1_RRU0,false,1,true,true,false,SMALL_STEP,45,311160.014589,33331.341806116245,1.553728500025553e-12,false
PORTSQP,100000,1,2P_SAR0_PH0_ATR0_RRU1,false,1,false,false,true,SMALL_STEP,53,334426.91625600006,33331.34184853317,5.738968328339311e-13,false
PORTSQP,100000,1,2P_SAR0_PH1_ATR0_RRU1,false,1,true,false,true,SMALL_STEP,30,196096.264224,33331.34175284102,1.267702956497807e-11,false
PORTSQP,100000,1,2P_SAR0_PH1_ATR1_RRU1,false,1,true,true,true,SMALL_STEP,45,308769.34242700005,33331.341806116245,1.553728500025553e-12,false
PORTSQP,100000,1,BASE_2P,true,1,false,false,false,SMALL_STEP,25,184156.789354,33331.34175375826,1.2667818183320634e-15,true
PORTSQP,100000,1,2P_SAR1_PH1_ATR0_RRU0,true,1,true,false,false,SMALL_STEP,30,195131.843197,33331.34175284102,1.267702956497807e-11,false
PORTSQP,100000,1,2P_SAR1_PH1_ATR1_RRU0,true,1,true,true,false,SMALL_STEP,45,309260.004531,33331.341806116245,1.553728500025553e-12,false
PORTSQP,100000,1,2P_SAR1_PH0_ATR0_RRU1,true,1,false,false,true,SMALL_STEP,25,184317.867223,33331.34175375826,1.2667818183320634e-15,false
PORTSQP,100000,1,2P_SAR1_PH1_ATR0_RRU1,true,1,true,false,true,SMALL_STEP,30,193894.695005,33331.34175284102,1.267702956497807e-11,false
PORTSQP,100000,1,2P_SAR1_PH1_ATR1_RRU1,true,1,true,true,true,SMALL_STEP,45,310474.752776,33331.341806116245,1.553728500025553e-12,false
POWELLBC,1000,0,2P_SAR0_PH0_ATR0_RRU0,false,1,false,false,false,SMALL_STEP,17,240.29441200000002,1.5302701840353925e6,0.0,false
POWELLBC,1000,0,2P_SAR0_PH1_ATR0_RRU0,false,1,true,false,false,MAX_IT,500,5285.277551,390788.0909055696,0.0,false
POWELLBC,1000,0,2P_SAR0_PH1_ATR1_RRU0,false,1,true,true,false,MAX_IT,500,6409.316304,378773.183014615,0.0,false
POWELLBC,1000,0,2P_SAR0_PH0_ATR0_RRU1,false,1,false,false,true,SMALL_STEP,17,240.688299,1.5302701840353925e6,0.0,false
POWELLBC,1000,0,2P_SAR0_PH1_ATR0_RRU1,false,1,true,false,true,MAX_IT,500,5291.267441,390788.0909055696,0.0,false
POWELLBC,1000,0,2P_SAR0_PH1_ATR1_RRU1,false,1,true,true,true,MAX_IT,500,6482.401339,378773.183014615,0.0,false
POWELLBC,1000,0,BASE_2P,true,1,false,false,false,SMALL_STEP,35,398.500413,1.3361852545932392e6,0.0,true
POWELLBC,1000,0,2P_SAR1_PH1_ATR0_RRU0,true,1,true,false,false,MAX_IT,500,5285.321027,390788.0909055696,0.0,false
POWELLBC,1000,0,2P_SAR1_PH1_ATR1_RRU0,true,1,true,true,false,MAX_IT,500,6432.197638,378773.183014615,0.0,false
POWELLBC,1000,0,2P_SAR1_PH0_ATR0_RRU1,true,1,false,false,true,SMALL_STEP,35,390.78668799999997,1.3361852545932392e6,0.0,false
POWELLBC,1000,0,2P_SAR1_PH1_ATR0_RRU1,true,1,true,false,true,MAX_IT,500,5232.386988,390788.0909055696,0.0,false
POWELLBC,1000,0,2P_SAR1_PH1_ATR1_RRU1,true,1,true,true,true,MAX_IT,500,6446.114457000001,378773.183014615,0.0,false
POWELLBSLS,2,0,2P_SAR0_PH0_ATR0_RRU0,false,1,false,false,false,SMALL_STEP,3,3.730975,0.13517192610176487,0.0,false
POWELLBSLS,2,0,2P_SAR0_PH1_ATR0_RRU0,false,1,true,false,false,SMALL_STEP,4,2.5241360000000004,0.13516112473876893,0.0,false
POWELLBSLS,2,0,2P_SAR0_PH1_ATR1_RRU0,false,1,true,true,false,SMALL_STEP,4,3.996021,0.1351841164683039,0.0,false
POWELLBSLS,2,0,2P_SAR0_PH0_ATR0_RRU1,false,1,false,false,true,SMALL_STEP,3,2.779794,0.13517192610176487,0.0,false
POWELLBSLS,2,0,2P_SAR0_PH1_ATR0_RRU1,false,1,true,false,true,SMALL_STEP,4,2.4599349999999998,0.13516112473876893,0.0,false
POWELLBSLS,2,0,2P_SAR0_PH1_ATR1_RRU1,false,1,true,true,true,SMALL_STEP,4,3.896846,0.1351841164683039,0.0,false
POWELLBSLS,2,0,BASE_2P,true,1,false,false,false,SMALL_STEP,3,2.458573,0.1352119874019722,0.0,true
POWELLBSLS,2,0,2P_SAR1_PH1_ATR0_RRU0,true,1,true,false,false,SMALL_STEP,4,2.47867,0.13516112473876893,0.0,false
POWELLBSLS,2,0,2P_SAR1_PH1_ATR1_RRU0,true,1,true,true,false,SMALL_STEP,4,3.903187,0.1351841164683039,0.0,false
POWELLBSLS,2,0,2P_SAR1_PH0_ATR0_RRU1,true,1,false,false,true,SMALL_STEP,3,2.429588,0.1352119874019722,0.0,false
POWELLBSLS,2,0,2P_SAR1_PH1_ATR0_RRU1,true,1,true,false,true,SMALL_STEP,4,2.4457289999999996,0.13516112473876893,0.0,false
POWELLBSLS,2,0,2P_SAR1_PH1_ATR1_RRU1,true,1,true,true,true,SMALL_STEP,4,3.9079759999999997,0.1351841164683039,0.0,false
POWELLSG,5000,0,2P_SAR0_PH0_ATR0_RRU0,false,1,false,false,false,KKT_OK,170,1682.915272,4.6402192645202325,0.0,false
POWELLSG,5000,0,2P_SAR0_PH1_ATR0_RRU0,false,1,true,false,false,KKT_OK,197,1427.944001,5.039050861888484,0.0,false
POWELLSG,5000,0,2P_SAR0_PH1_ATR1_RRU0,false,1,true,true,false,KKT_OK,217,3326.705785,4.3671290534758045,0.0,false
POWELLSG,5000,0,2P_SAR0_PH0_ATR0_RRU1,false,1,false,false,true,KKT_OK,170,1695.7287809999998,4.6402192645202325,0.0,false
POWELLSG,5000,0,2P_SAR0_PH1_ATR0_RRU1,false,1,true,false,true,KKT_OK,197,1514.432495,5.039050861888484,0.0,false
POWELLSG,5000,0,2P_SAR0_PH1_ATR1_RRU1,false,1,true,true,true,KKT_OK,217,3186.599675,4.3671290534758045,0.0,false
POWELLSG,5000,0,BASE_2P,true,1,false,false,false,KKT_OK,356,2364.069634,7.135749508626812,0.0,true
POWELLSG,5000,0,2P_SAR1_PH1_ATR0_RRU0,true,1,true,false,false,KKT_OK,197,1503.244191,5.039050861888484,0.0,false
POWELLSG,5000,0,2P_SAR1_PH1_ATR1_RRU0,true,1,true,true,false,KKT_OK,217,3239.327053,4.3671290534758045,0.0,false
POWELLSG,5000,0,2P_SAR1_PH0_ATR0_RRU1,true,1,false,false,true,KKT_OK,356,2399.5903420000004,7.135749508626812,0.0,false
POWELLSG,5000,0,2P_SAR1_PH1_ATR0_RRU1,true,1,true,false,true,KKT_OK,197,1659.383247,5.039050861888484,0.0,false
POWELLSG,5000,0,2P_SAR1_PH1_ATR1_RRU1,true,1,true,true,true,KKT_OK,217,3285.889241,4.3671290534758045,0.0,false
POWELLSQLS,2,0,2P_SAR0_PH0_ATR0_RRU0,false,1,false,false,false,SMALL_STEP,15,6.112855000000001,1.251536807656324e-7,0.0,false
POWELLSQLS,2,0,2P_SAR0_PH1_ATR0_RRU0,false,1,true,false,false,KKT_OK,17,9.329217,6.688366027253265e-15,0.0,false
POWELLSQLS,2,0,2P_SAR0_PH1_ATR1_RRU0,false,1,true,true,false,KKT_OK,18,7.413819999999999,1.8578874489711283e-12,0.0,false
POWELLSQLS,2,0,2P_SAR0_PH0_ATR0_RRU1,false,1,false,false,true,SMALL_STEP,15,5.158969,1.251536807656324e-7,0.0,false
POWELLSQLS,2,0,2P_SAR0_PH1_ATR0_RRU1,false,1,true,false,true,KKT_OK,17,5.857806999999999,6.688366027253265e-15,0.0,false
POWELLSQLS,2,0,2P_SAR0_PH1_ATR1_RRU1,false,1,true,true,true,KKT_OK,18,7.411214999999999,1.8578874489711283e-12,0.0,false
POWELLSQLS,2,0,BASE_2P,true,1,false,false,false,KKT_OK,33,8.86668,2.3303751632580343e-26,0.0,true
POWELLSQLS,2,0,2P_SAR1_PH1_ATR0_RRU0,true,1,true,false,false,KKT_OK,17,5.874478,6.688366027253265e-15,0.0,false
POWELLSQLS,2,0,2P_SAR1_PH1_ATR1_RRU0,true,1,true,true,false,KKT_OK,18,7.401296,1.8578874489711283e-12,0.0,false
POWELLSQLS,2,0,2P_SAR1_PH0_ATR0_RRU1,true,1,false,false,true,KKT_OK,33,8.941851,2.3303751632580343e-26,0.0,false
POWELLSQLS,2,0,2P_SAR1_PH1_ATR0_RRU1,true,1,true,false,true,KKT_OK,17,5.896078,6.688366027253265e-15,0.0,false
POWELLSQLS,2,0,2P_SAR1_PH1_ATR1_RRU1,true,1,true,true,true,KKT_OK,18,7.420884,1.8578874489711283e-12,0.0,false
POWER,10000,0,2P_SAR0_PH0_ATR0_RRU0,false,1,false,false,false,KKT_OK,8,453.208657,1.202023161399117e-49,0.0,false
POWER,10000,0,2P_SAR0_PH1_ATR0_RRU0,false,1,true,false,false,KKT_OK,12,452.370458,6.710558883752982e-12,0.0,false
POWER,10000,0,2P_SAR0_PH1_ATR1_RRU0,false,1,true,true,false,KKT_OK,28,934.2956300000001,5.206764408141422e-5,0.0,false
POWER,10000,0,2P_SAR0_PH0_ATR0_RRU1,false,1,false,false,true,KKT_OK,8,393.40903,1.202023161399117e-49,0.0,false
POWER,10000,0,2P_SAR0_PH1_ATR0_RRU1,false,1,true,false,true,KKT_OK,12,371.34538299999997,6.710558883752982e-12,0.0,false
POWER,10000,0,2P_SAR0_PH1_ATR1_RRU1,false,1,true,true,true,KKT_OK,28,901.331777,5.206764408141422e-5,0.0,false
POWER,10000,0,BASE_2P,true,1,false,false,false,KKT_OK,13,421.869977,9.27487007252405e-49,0.0,true
POWER,10000,0,2P_SAR1_PH1_ATR0_RRU0,true,1,true,false,false,KKT_OK,12,396.67713100000003,6.710558883752982e-12,0.0,false
POWER,10000,0,2P_SAR1_PH1_ATR1_RRU0,true,1,true,true,false,KKT_OK,28,854.74484,5.206764408141422e-5,0.0,false
POWER,10000,0,2P_SAR1_PH0_ATR0_RRU1,true,1,false,false,true,KKT_OK,13,498.760477,9.27487007252405e-49,0.0,false
POWER,10000,0,2P_SAR1_PH1_ATR0_RRU1,true,1,true,false,true,KKT_OK,12,444.676428,6.710558883752982e-12,0.0,false
POWER,10000,0,2P_SAR1_PH1_ATR1_RRU1,true,1,true,true,true,KKT_OK,28,931.267682,5.206764408141422e-5,0.0,false
POWERSUM,4,0,2P_SAR0_PH0_ATR0_RRU0,false,1,false,false,false,SMALL_STEP,9,4.717652,37.431446733081884,0.0,false
POWERSUM,4,0,2P_SAR0_PH1_ATR0_RRU0,false,1,true,false,false,KKT_OK,6,3.3085940000000003,37.43144669925622,0.0,false
POWERSUM,4,0,2P_SAR0_PH1_ATR1_RRU0,false,1,true,true,false,SMALL_STEP,10,4.954686,37.43123789479807,0.0,false
POWERSUM,4,0,2P_SAR0_PH0_ATR0_RRU1,false,1,false,false,true,SMALL_STEP,9,3.9663559999999998,37.431446733081884,0.0,false
POWERSUM,4,0,2P_SAR0_PH1_ATR0_RRU1,false,1,true,false,true,KKT_OK,6,3.2915330000000003,37.43144669925622,0.0,false
POWERSUM,4,0,2P_SAR0_PH1_ATR1_RRU1,false,1,true,true,true,SMALL_STEP,10,4.867593,37.43123789479807,0.0,false
POWERSUM,4,0,BASE_2P,true,1,false,false,false,SMALL_STEP,8,3.0862979999999998,37.43144876636986,0.0,true
POWERSUM,4,0,2P_SAR1_PH1_ATR0_RRU0,true,1,true,false,false,KKT_OK,6,3.405596,37.43144669925622,0.0,false
POWERSUM,4,0,2P_SAR1_PH1_ATR1_RRU0,true,1,true,true,false,SMALL_STEP,10,4.969003,37.43123789479807,0.0,false
POWERSUM,4,0,2P_SAR1_PH0_ATR0_RRU1,true,1,false,false,true,SMALL_STEP,8,3.1750239999999996,37.43144876636986,0.0,false
POWERSUM,4,0,2P_SAR1_PH1_ATR0_RRU1,true,1,true,false,true,KKT_OK,6,3.60554,37.43144669925622,0.0,false
POWERSUM,4,0,2P_SAR1_PH1_ATR1_RRU1,true,1,true,true,true,SMALL_STEP,10,4.951911,37.43123789479807,0.0,false
POWERSUMB,4,0,2P_SAR0_PH0_ATR0_RRU0,false,1,false,false,false,SMALL_STEP,9,4.698728,37.431446733081884,0.0,false
POWERSUMB,4,0,2P_SAR0_PH1_ATR0_RRU0,false,1,true,false,false,KKT_OK,6,3.332429,37.43144669925622,0.0,false
POWERSUMB,4,0,2P_SAR0_PH1_ATR1_RRU0,false,1,true,true,false,SMALL_STEP,10,4.863175,37.43123789479807,0.0,false
POWERSUMB,4,0,2P_SAR0_PH0_ATR0_RRU1,false,1,false,false,true,SMALL_STEP,9,4.023421999999999,37.431446733081884,0.0,false
POWERSUMB,4,0,2P_SAR0_PH1_ATR0_RRU1,false,1,true,false,true,KKT_OK,6,3.274201,37.43144669925622,0.0,false
POWERSUMB,4,0,2P_SAR0_PH1_ATR1_RRU1,false,1,true,true,true,SMALL_STEP,10,4.885356000000001,37.43123789479807,0.0,false
POWERSUMB,4,0,BASE_2P,true,1,false,false,false,SMALL_STEP,8,3.025344,37.43144876636986,0.0,true
POWERSUMB,4,0,2P_SAR1_PH1_ATR0_RRU0,true,1,true,false,false,KKT_OK,6,3.2860419999999997,37.43144669925622,0.0,false
POWERSUMB,4,0,2P_SAR1_PH1_ATR1_RRU0,true,1,true,true,false,SMALL_STEP,10,4.911124999999999,37.43123789479807,0.0,false
POWERSUMB,4,0,2P_SAR1_PH0_ATR0_RRU1,true,1,false,false,true,SMALL_STEP,8,3.068876,37.43144876636986,0.0,false
POWERSUMB,4,0,2P_SAR1_PH1_ATR0_RRU1,true,1,true,false,true,KKT_OK,6,3.288497,37.43144669925622,0.0,false
POWERSUMB,4,0,2P_SAR1_PH1_ATR1_RRU1,true,1,true,true,true,SMALL_STEP,10,4.8772709999999995,37.43123789479807,0.0,false
PRICE3,2,0,2P_SAR0_PH0_ATR0_RRU0,false,1,false,false,false,SMALL_STEP,49,13.666917000000002,1.4102388625668252e-5,0.0,false
PRICE3,2,0,2P_SAR0_PH1_ATR0_RRU0,false,1,true,false,false,SMALL_STEP,73,16.125061,3.194300913791194e-6,0.0,false
PRICE3,2,0,2P_SAR0_PH1_ATR1_RRU0,false,1,true,true,false,SMALL_STEP,36,11.288154,5.131162385679443e-5,0.0,false
PRICE3,2,0,2P_SAR0_PH0_ATR0_RRU1,false,1,false,false,true,SMALL_STEP,49,12.864966,1.4102388625668252e-5,0.0,false
PRICE3,2,0,2P_SAR0_PH1_ATR0_RRU1,false,1,true,false,true,SMALL_STEP,73,16.106215,3.194300913791194e-6,0.0,false
PRICE3,2,0,2P_SAR0_PH1_ATR1_RRU1,false,1,true,true,true,SMALL_STEP,36,11.282663999999999,5.131162385679443e-5,0.0,false
PRICE3,2,0,BASE_2P,true,1,false,false,false,SMALL_STEP,104,18.072346,0.0002802698358791589,0.0,true
PRICE3,2,0,2P_SAR1_PH1_ATR0_RRU0,true,1,true,false,false,SMALL_STEP,73,16.090135,3.194300913791194e-6,0.0,false
PRICE3,2,0,2P_SAR1_PH1_ATR1_RRU0,true,1,true,true,false,SMALL_STEP,36,11.362623000000001,5.131162385679443e-5,0.0,false
PRICE3,2,0,2P_SAR1_PH0_ATR0_RRU1,true,1,false,false,true,SMALL_STEP,104,18.312797,0.0002802698358791589,0.0,false
PRICE3,2,0,2P_SAR1_PH1_ATR0_RRU1,true,1,true,false,true,SMALL_STEP,73,17.058939,3.194300913791194e-6,0.0,false
PRICE3,2,0,2P_SAR1_PH1_ATR1_RRU1,true,1,true,true,true,SMALL_STEP,36,11.668204999999999,5.131162385679443e-5,0.0,false
PRICE3B,2,0,2P_SAR0_PH0_ATR0_RRU0,false,1,false,false,false,SMALL_STEP,49,14.407033,1.4102388625668252e-5,0.0,false
PRICE3B,2,0,2P_SAR0_PH1_ATR0_RRU0,false,1,true,false,false,SMALL_STEP,73,16.223094,3.194300913791194e-6,0.0,false
PRICE3B,2,0,2P_SAR0_PH1_ATR1_RRU0,false,1,true,true,false,SMALL_STEP,36,11.279028,5.131162385679443e-5,0.0,false
PRICE3B,2,0,2P_SAR0_PH0_ATR0_RRU1,false,1,false,false,true,SMALL_STEP,49,12.866579,1.4102388625668252e-5,0.0,false
PRICE3B,2,0,2P_SAR0_PH1_ATR0_RRU1,false,1,true,false,true,SMALL_STEP,73,16.099763,3.194300913791194e-6,0.0,false
PRICE3B,2,0,2P_SAR0_PH1_ATR1_RRU1,false,1,true,true,true,SMALL_STEP,36,11.339210000000001,5.131162385679443e-5,0.0,false
PRICE3B,2,0,BASE_2P,true,1,false,false,false,SMALL_STEP,104,22.392664999999997,0.0002802698358791589,0.0,true
PRICE3B,2,0,2P_SAR1_PH1_ATR0_RRU0,true,1,true,false,false,SMALL_STEP,73,16.093471,3.194300913791194e-6,0.0,false
PRICE3B,2,0,2P_SAR1_PH1_ATR1_RRU0,true,1,true,true,false,SMALL_STEP,36,11.296239,5.131162385679443e-5,0.0,false
PRICE3B,2,0,2P_SAR1_PH0_ATR0_RRU1,true,1,false,false,true,SMALL_STEP,104,18.075892,0.0002802698358791589,0.0,false
PRICE3B,2,0,2P_SAR1_PH1_ATR0_RRU1,true,1,true,false,true,SMALL_STEP,73,16.095154,3.194300913791194e-6,0.0,false
PRICE3B,2,0,2P_SAR1_PH1_ATR1_RRU1,true,1,true,true,true,SMALL_STEP,36,11.275009,5.131162385679443e-5,0.0,false
PRICE4,2,0,2P_SAR0_PH0_ATR0_RRU0,false,1,false,false,false,KKT_OK,8,5.980957,2.145701662201152e-28,0.0,false
PRICE4,2,0,2P_SAR0_PH1_ATR0_RRU0,false,1,true,false,false,KKT_OK,9,4.0943760000000005,9.890670924659096e-17,0.0,false
PRICE4,2,0,2P_SAR0_PH1_ATR1_RRU0,false,1,true,true,false,SMALL_STEP,83,23.15383,0.20795098865546038,0.0,false
PRICE4,2,0,2P_SAR0_PH0_ATR0_RRU1,false,1,false,false,true,KKT_OK,8,5.377488,2.145701662201152e-28,0.0,false
PRICE4,2,0,2P_SAR0_PH1_ATR0_RRU1,false,1,true,false,true,KKT_OK,9,4.109945000000001,9.890670924659096e-17,0.0,false
PRICE4,2,0,2P_SAR0_PH1_ATR1_RRU1,false,1,true,true,true,SMALL_STEP,83,23.331142,0.20795098865546038,0.0,false
PRICE4,2,0,BASE_2P,true,1,false,false,false,KKT_OK,13,6.190691,1.2621774483536189e-27,0.0,true
PRICE4,2,0,2P_SAR1_PH1_ATR0_RRU0,true,1,true,false,false,KKT_OK,9,4.063337000000001,9.890670924659096e-17,0.0,false
PRICE4,2,0,2P_SAR1_PH1_ATR1_RRU0,true,1,true,true,false,SMALL_STEP,83,23.046679,0.20795098865546038,0.0,false
PRICE4,2,0,2P_SAR1_PH0_ATR0_RRU1,true,1,false,false,true,KKT_OK,13,5.676147,1.2621774483536189e-27,0.0,false
PRICE4,2,0,2P_SAR1_PH1_ATR0_RRU1,true,1,true,false,true,KKT_OK,9,4.077114,9.890670924659096e-17,0.0,false
PRICE4,2,0,2P_SAR1_PH1_ATR1_RRU1,true,1,true,true,true,SMALL_STEP,83,23.022213,0.20795098865546038,0.0,false
PRICE4B,2,0,2P_SAR0_PH0_ATR0_RRU0,false,1,false,false,false,KKT_OK,8,6.093609,2.145701662201152e-28,0.0,false
PRICE4B,2,0,2P_SAR0_PH1_ATR0_RRU0,false,1,true,false,false,KKT_OK,9,4.01103,9.890670924659096e-17,0.0,false
PRICE4B,2,0,2P_SAR0_PH1_ATR1_RRU0,false,1,true,true,false,SMALL_STEP,83,23.272141,0.20795098865546038,0.0,false
PRICE4B,2,0,2P_SAR0_PH0_ATR0_RRU1,false,1,false,false,true,KKT_OK,8,5.185148,2.145701662201152e-28,0.0,false
PRICE4B,2,0,2P_SAR0_PH1_ATR0_RRU1,false,1,true,false,true,KKT_OK,9,3.983518,9.890670924659096e-17,0.0,false
PRICE4B,2,0,2P_SAR0_PH1_ATR1_RRU1,false,1,true,true,true,SMALL_STEP,83,23.286388000000002,0.20795098865546038,0.0,false
PRICE4B,2,0,BASE_2P,true,1,false,false,false,KKT_OK,13,5.784239,1.2621774483536189e-27,0.0,true
PRICE4B,2,0,2P_SAR1_PH1_ATR0_RRU0,true,1,true,false,false,KKT_OK,9,4.10212,9.890670924659096e-17,0.0,false
PRICE4B,2,0,2P_SAR1_PH1_ATR1_RRU0,true,1,true,true,false,SMALL_STEP,83,23.067257,0.20795098865546038,0.0,false
PRICE4B,2,0,2P_SAR1_PH0_ATR0_RRU1,true,1,false,false,true,KKT_OK,13,5.773089000000001,1.2621774483536189e-27,0.0,false
PRICE4B,2,0,2P_SAR1_PH1_ATR0_RRU1,true,1,true,false,true,KKT_OK,9,4.033051,9.890670924659096e-17,0.0,false
PRICE4B,2,0,2P_SAR1_PH1_ATR1_RRU1,true,1,true,true,true,SMALL_STEP,83,23.013527,0.20795098865546038,0.0,false
PROBPENL,500,0,2P_SAR0_PH0_ATR0_RRU0,false,1,false,false,false,SMALL_STEP,14,24.144074,3.2163821774343706e-6,0.0,false
PROBPENL,500,0,2P_SAR0_PH1_ATR0_RRU0,false,1,true,false,false,KKT_OK,6,16.773665,3.991983927208145e-7,0.0,false
PROBPENL,500,0,2P_SAR0_PH1_ATR1_RRU0,false,1,true,true,false,KKT_OK,13,45.436108000000004,2.673676145108951e-7,0.0,false
PROBPENL,500,0,2P_SAR0_PH0_ATR0_RRU1,false,1,false,false,true,SMALL_STEP,14,23.354475,3.2163821774343706e-6,0.0,false
PROBPENL,500,0,2P_SAR0_PH1_ATR0_RRU1,false,1,true,false,true,KKT_OK,6,16.806637,3.991983927208145e-7,0.0,false
PROBPENL,500,0,2P_SAR0_PH1_ATR1_RRU1,false,1,true,true,true,KKT_OK,13,43.447074,2.673676145108951e-7,0.0,false
PROBPENL,500,0,BASE_2P,true,1,false,false,false,SMALL_STEP,10,16.042635999999998,4.962764286141051e-6,0.0,true
PROBPENL,500,0,2P_SAR1_PH1_ATR0_RRU0,true,1,true,false,false,KKT_OK,6,19.501772,3.991983927208145e-7,0.0,false
PROBPENL,500,0,2P_SAR1_PH1_ATR1_RRU0,true,1,true,true,false,KKT_OK,13,45.661079,2.673676145108951e-7,0.0,false
PROBPENL,500,0,2P_SAR1_PH0_ATR0_RRU1,true,1,false,false,true,SMALL_STEP,10,19.082667,4.962764286141051e-6,0.0,false
PROBPENL,500,0,2P_SAR1_PH1_ATR0_RRU1,true,1,true,false,true,KKT_OK,6,17.286194000000002,3.991983927208145e-7,0.0,false
PROBPENL,500,0,2P_SAR1_PH1_ATR1_RRU1,true,1,true,true,true,KKT_OK,13,46.156085,2.673676145108951e-7,0.0,false
PSPDOC,4,0,2P_SAR0_PH0_ATR0_RRU0,false,1,false,false,false,KKT_OK,18,6.578457,2.414213711688487,0.0,false
PSPDOC,4,0,2P_SAR0_PH1_ATR0_RRU0,false,1,true,false,false,KKT_OK,26,6.510299,2.414213782181247,0.0,false
PSPDOC,4,0,2P_SAR0_PH1_ATR1_RRU0,false,1,true,true,false,KKT_OK,55,16.940026,2.414228782275536,0.0,false
PSPDOC,4,0,2P_SAR0_PH0_ATR0_RRU1,false,1,false,false,true,KKT_OK,18,6.293864,2.414213711688487,0.0,false
PSPDOC,4,0,2P_SAR0_PH1_ATR0_RRU1,false,1,true,false,true,KKT_OK,26,6.520869,2.414213782181247,0.0,false
PSPDOC,4,0,2P_SAR0_PH1_ATR1_RRU1,false,1,true,true,true,KKT_OK,55,16.984429,2.414228782275536,0.0,false
PSPDOC,4,0,BASE_2P,true,1,false,false,false,KKT_OK,32,8.134099,2.414213562373095,0.0,true
PSPDOC,4,0,2P_SAR1_PH1_ATR0_RRU0,true,1,true,false,false,KKT_OK,26,6.568448,2.414213782181247,0.0,false
PSPDOC,4,0,2P_SAR1_PH1_ATR1_RRU0,true,1,true,true,false,KKT_OK,55,21.524449,2.414228782275536,0.0,false
PSPDOC,4,0,2P_SAR1_PH0_ATR0_RRU1,true,1,false,false,true,KKT_OK,32,8.037468,2.414213562373095,0.0,false
PSPDOC,4,0,2P_SAR1_PH1_ATR0_RRU1,true,1,true,false,true,KKT_OK,26,6.6463540000000005,2.414213782181247,0.0,false
PSPDOC,4,0,2P_SAR1_PH1_ATR1_RRU1,true,1,true,true,true,KKT_OK,55,16.878631000000002,2.414228782275536,0.0,false
QING,100,0,2P_SAR0_PH0_ATR0_RRU0,false,1,false,false,false,SMALL_STEP,23,12.815525,4.35787910034631e-6,0.0,false
QING,100,0,2P_SAR0_PH1_ATR0_RRU0,false,1,true,false,false,SMALL_STEP,34,14.808034,6.261620372394676e-6,0.0,false
QING,100,0,2P_SAR0_PH1_ATR1_RRU0,false,1,true,true,false,KKT_OK,54,29.026775,2.1539504557720854e-6,0.0,false
QING,100,0,2P_SAR0_PH0_ATR0_RRU1,false,1,false,false,true,SMALL_STEP,23,12.295721,4.35787910034631e-6,0.0,false
QING,100,0,2P_SAR0_PH1_ATR0_RRU1,false,1,true,false,true,SMALL_STEP,34,14.669976,6.261620372394676e-6,0.0,false
QING,100,0,2P_SAR0_PH1_ATR1_RRU1,false,1,true,true,true,KKT_OK,54,31.843860000000003,2.1539504557720854e-6,0.0,false
QING,100,0,BASE_2P,true,1,false,false,false,SMALL_STEP,109,32.922359,7.281947786663813e-5,0.0,true
QING,100,0,2P_SAR1_PH1_ATR0_RRU0,true,1,true,false,false,SMALL_STEP,34,15.189789000000001,6.261620372394676e-6,0.0,false
QING,100,0,2P_SAR1_PH1_ATR1_RRU0,true,1,true,true,false,KKT_OK,54,31.852596,2.1539504557720854e-6,0.0,false
QING,100,0,2P_SAR1_PH0_ATR0_RRU1,true,1,false,false,true,SMALL_STEP,109,34.253631,7.281947786663813e-5,0.0,false
QING,100,0,2P_SAR1_PH1_ATR0_RRU1,true,1,true,false,true,SMALL_STEP,34,14.658214,6.261620372394676e-6,0.0,false
QING,100,0,2P_SAR1_PH1_ATR1_RRU1,true,1,true,true,true,KKT_OK,54,28.68219,2.1539504557720854e-6,0.0,false
QINGB,5,0,2P_SAR0_PH0_ATR0_RRU0,false,1,false,false,false,KKT_OK,19,7.048406999999999,1.676554114335586e-8,0.0,false
QINGB,5,0,2P_SAR0_PH1_ATR0_RRU0,false,1,true,false,false,KKT_OK,17,5.021602,3.562838014534608e-8,0.0,false
QINGB,5,0,2P_SAR0_PH1_ATR1_RRU0,false,1,true,true,false,KKT_OK,35,11.827224000000001,9.092795541139374e-7,0.0,false
QINGB,5,0,2P_SAR0_PH0_ATR0_RRU1,false,1,false,false,true,KKT_OK,19,6.207372,1.676554114335586e-8,0.0,false
QINGB,5,0,2P_SAR0_PH1_ATR0_RRU1,false,1,true,false,true,KKT_OK,17,4.965757,3.562838014534608e-8,0.0,false
QINGB,5,0,2P_SAR0_PH1_ATR1_RRU1,false,1,true,true,true,KKT_OK,35,11.864743,9.092795541139374e-7,0.0,false
QINGB,5,0,BASE_2P,true,1,false,false,false,KKT_OK,26,6.338807999999999,4.802956530392535e-8,0.0,true
QINGB,5,0,2P_SAR1_PH1_ATR0_RRU0,true,1,true,false,false,KKT_OK,17,4.99963,3.562838014534608e-8,0.0,false
QINGB,5,0,2P_SAR1_PH1_ATR1_RRU0,true,1,true,true,false,KKT_OK,35,11.870353999999999,9.092795541139374e-7,0.0,false
QINGB,5,0,2P_SAR1_PH0_ATR0_RRU1,true,1,false,false,true,KKT_OK,26,6.04654,4.802956530392535e-8,0.0,false
QINGB,5,0,2P_SAR1_PH1_ATR0_RRU1,true,1,true,false,true,KKT_OK,17,4.990995,3.562838014534608e-8,0.0,false
QINGB,5,0,2P_SAR1_PH1_ATR1_RRU1,true,1,true,true,true,KKT_OK,35,11.894961,9.092795541139374e-7,0.0,false
QR3DLS,610,0,2P_SAR0_PH0_ATR0_RRU0,false,1,false,false,false,MAX_IT,500,849.437544,0.9002260119776807,0.0,false
QR3DLS,610,0,2P_SAR0_PH1_ATR0_RRU0,false,1,true,false,false,MAX_IT,500,616.754835,0.6450092071454312,0.0,false
QR3DLS,610,0,2P_SAR0_PH1_ATR1_RRU0,false,1,true,true,false,MAX_IT,500,1083.307712,2.1722793095109783,0.0,false
QR3DLS,610,0,2P_SAR0_PH0_ATR0_RRU1,false,1,false,false,true,MAX_IT,500,870.986815,0.9002260119776807,0.0,false
QR3DLS,610,0,2P_SAR0_PH1_ATR0_RRU1,false,1,true,false,true,MAX_IT,500,644.087582,0.6450092071454312,0.0,false
QR3DLS,610,0,2P_SAR0_PH1_ATR1_RRU1,false,1,true,true,true,MAX_IT,500,1136.2124119999999,2.1722793095109783,0.0,false
QR3DLS,610,0,BASE_2P,true,1,false,false,false,MAX_IT,500,685.061911,1.5936576581217199,0.0,true
QR3DLS,610,0,2P_SAR1_PH1_ATR0_RRU0,true,1,true,false,false,MAX_IT,500,628.235867,0.6450092071454312,0.0,false
QR3DLS,610,0,2P_SAR1_PH1_ATR1_RRU0,true,1,true,true,false,MAX_IT,500,1148.156642,2.1722793095109783,0.0,false
QR3DLS,610,0,2P_SAR1_PH0_ATR0_RRU1,true,1,false,false,true,MAX_IT,500,608.996379,1.5936576581217199,0.0,false
QR3DLS,610,0,2P_SAR1_PH1_ATR0_RRU1,true,1,true,false,true,MAX_IT,500,641.928638,0.6450092071454312,0.0,false
QR3DLS,610,0,2P_SAR1_PH1_ATR1_RRU1,true,1,true,true,true,MAX_IT,500,1111.761177,2.1722793095109783,0.0,false
QRTQUAD,5000,0,2P_SAR0_PH0_ATR0_RRU0,false,1,false,false,false,MAX_IT,500,4730.048081,-1.2055745482510436e9,0.0,false
QRTQUAD,5000,0,2P_SAR0_PH1_ATR0_RRU0,false,1,true,false,false,MAX_IT,500,3330.604601,-1.2069207597761626e9,0.0,false
QRTQUAD,5000,0,2P_SAR0_PH1_ATR1_RRU0,false,1,true,true,false,MAX_IT,500,6047.532192000001,-1.2099821833338494e9,0.0,false
QRTQUAD,5000,0,2P_SAR0_PH0_ATR0_RRU1,false,1,false,false,true,MAX_IT,500,4759.6947390000005,-1.2055745482510436e9,0.0,false
QRTQUAD,5000,0,2P_SAR0_PH1_ATR0_RRU1,false,1,true,false,true,MAX_IT,500,3333.064705,-1.2069207597761626e9,0.0,false
QRTQUAD,5000,0,2P_SAR0_PH1_ATR1_RRU1,false,1,true,true,true,MAX_IT,500,6082.041333,-1.2099821833338494e9,0.0,false
QRTQUAD,5000,0,BASE_2P,true,1,false,false,false,MAX_IT,500,4714.216086,-1.2055745482510436e9,0.0,true
QRTQUAD,5000,0,2P_SAR1_PH1_ATR0_RRU0,true,1,true,false,false,MAX_IT,500,3352.342388,-1.2069207597761626e9,0.0,false
QRTQUAD,5000,0,2P_SAR1_PH1_ATR1_RRU0,true,1,true,true,false,MAX_IT,500,6067.753724,-1.2099821833338494e9,0.0,false
QRTQUAD,5000,0,2P_SAR1_PH0_ATR0_RRU1,true,1,false,false,true,MAX_IT,500,5311.583368,-1.2055745482510436e9,0.0,false
QRTQUAD,5000,0,2P_SAR1_PH1_ATR0_RRU1,true,1,true,false,true,MAX_IT,500,3326.61026,-1.2069207597761626e9,0.0,false
QRTQUAD,5000,0,2P_SAR1_PH1_ATR1_RRU1,true,1,true,true,true,MAX_IT,500,6044.079387,-1.2099821833338494e9,0.0,false
QUARTC,5000,0,2P_SAR0_PH0_ATR0_RRU0,false,1,false,false,false,KKT_OK,67,712.662584,0.062499999999090505,0.0,false
QUARTC,5000,0,2P_SAR0_PH1_ATR0_RRU0,false,1,true,false,false,KKT_OK,43,381.556059,0.00034998156101499956,0.0,false
QUARTC,5000,0,2P_SAR0_PH1_ATR1_RRU0,false,1,true,true,false,KKT_OK,48,521.107826,0.006187728791084819,0.0,false
QUARTC,5000,0,2P_SAR0_PH0_ATR0_RRU1,false,1,false,false,true,KKT_OK,67,706.951261,0.062499999999090505,0.0,false
QUARTC,5000,0,2P_SAR0_PH1_ATR0_RRU1,false,1,true,false,true,KKT_OK,43,376.569945,0.00034998156101499956,0.0,false
QUARTC,5000,0,2P_SAR0_PH1_ATR1_RRU1,false,1,true,true,true,KKT_OK,48,609.3164049999999,0.006187728791084819,0.0,false
QUARTC,5000,0,BASE_2P,true,1,false,false,false,MAX_IT,500,3208.136353,5.934687478597532e17,0.0,true
QUARTC,5000,0,2P_SAR1_PH1_ATR0_RRU0,true,1,true,false,false,KKT_OK,43,385.166785,0.00034998156101499956,0.0,false
QUARTC,5000,0,2P_SAR1_PH1_ATR1_RRU0,true,1,true,true,false,KKT_OK,48,533.347218,0.006187728791084819,0.0,false
QUARTC,5000,0,2P_SAR1_PH0_ATR0_RRU1,true,1,false,false,true,MAX_IT,500,3233.373663,5.934687478597532e17,0.0,false
QUARTC,5000,0,2P_SAR1_PH1_ATR0_RRU1,true,1,true,false,true,KKT_OK,43,383.873295,0.00034998156101499956,0.0,false
QUARTC,5000,0,2P_SAR1_PH1_ATR1_RRU1,true,1,true,true,true,KKT_OK,48,568.552734,0.006187728791084819,0.0,false
QUDLIN,5000,0,2P_SAR0_PH0_ATR0_RRU0,false,1,false,false,false,KKT_OK,10,117.939093,-1.25e9,0.0,false
QUDLIN,5000,0,2P_SAR0_PH1_ATR0_RRU0,false,1,true,false,false,KKT_OK,10,80.231315,-1.25e9,0.0,false
QUDLIN,5000,0,2P_SAR0_PH1_ATR1_RRU0,false,1,true,true,false,KKT_OK,10,81.340101,-1.25e9,0.0,false
QUDLIN,5000,0,2P_SAR0_PH0_ATR0_RRU1,false,1,false,false,true,KKT_OK,10,78.15894399999999,-1.25e9,0.0,false
QUDLIN,5000,0,2P_SAR0_PH1_ATR0_RRU1,false,1,true,false,true,KKT_OK,10,80.117321,-1.25e9,0.0,false
QUDLIN,5000,0,2P_SAR0_PH1_ATR1_RRU1,false,1,true,true,true,KKT_OK,10,113.73152400000001,-1.25e9,0.0,false
QUDLIN,5000,0,BASE_2P,true,1,false,false,false,KKT_OK,10,80.409408,-1.25e9,0.0,true
QUDLIN,5000,0,2P_SAR1_PH1_ATR0_RRU0,true,1,true,false,false,KKT_OK,10,119.284222,-1.25e9,0.0,false
QUDLIN,5000,0,2P_SAR1_PH1_ATR1_RRU0,true,1,true,true,false,KKT_OK,10,82.27615300000001,-1.25e9,0.0,false
QUDLIN,5000,0,2P_SAR1_PH0_ATR0_RRU1,true,1,false,false,true,KKT_OK,10,91.895876,-1.25e9,0.0,false
QUDLIN,5000,0,2P_SAR1_PH1_ATR0_RRU1,true,1,true,false,true,KKT_OK,10,82.47036800000001,-1.25e9,0.0,false
QUDLIN,5000,0,2P_SAR1_PH1_ATR1_RRU1,true,1,true,true,true,KKT_OK,10,84.446788,-1.25e9,0.0,false
RAT42LS,3,0,2P_SAR0_PH0_ATR0_RRU0,false,1,false,false,false,SMALL_STEP,43,12.844692,1393.651507828727,0.0,false
RAT42LS,3,0,2P_SAR0_PH1_ATR0_RRU0,false,1,true,false,false,SMALL_STEP,24,6.422676,1422.3570529916815,0.0,false
RAT42LS,3,0,2P_SAR0_PH1_ATR1_RRU0,false,1,true,true,false,SMALL_STEP,37,12.05304,1327.3051119426525,0.0,false
RAT42LS,3,0,2P_SAR0_PH0_ATR0_RRU1,false,1,false,false,true,SMALL_STEP,43,11.693436,1393.651507828727,0.0,false
RAT42LS,3,0,2P_SAR0_PH1_ATR0_RRU1,false,1,true,false,true,SMALL_STEP,24,6.276473,1422.3570529916815,0.0,false
RAT42LS,3,0,2P_SAR0_PH1_ATR1_RRU1,false,1,true,true,true,SMALL_STEP,37,12.054412000000001,1327.3051119426525,0.0,false
RAT42LS,3,0,BASE_2P,true,1,false,false,false,SMALL_STEP,10,3.196676,1418.3500373075592,0.0,true
RAT42LS,3,0,2P_SAR1_PH1_ATR0_RRU0,true,1,true,false,false,SMALL_STEP,24,6.247759,1422.3570529916815,0.0,false
RAT42LS,3,0,2P_SAR1_PH1_ATR1_RRU0,true,1,true,true,false,SMALL_STEP,37,11.942182,1327.3051119426525,0.0,false
RAT42LS,3,0,2P_SAR1_PH0_ATR0_RRU1,true,1,false,false,true,SMALL_STEP,10,3.2633509999999997,1418.3500373075592,0.0,false
RAT42LS,3,0,2P_SAR1_PH1_ATR0_RRU1,true,1,true,false,true,SMALL_STEP,24,6.208345,1422.3570529916815,0.0,false
RAT42LS,3,0,2P_SAR1_PH1_ATR1_RRU1,true,1,true,true,true,SMALL_STEP,37,11.906936,1327.3051119426525,0.0,false
RAT43LS,4,0,2P_SAR0_PH0_ATR0_RRU0,false,1,false,false,false,MAX_IT,500,122.67692500000001,1.5752171993363032e6,0.0,false
RAT43LS,4,0,2P_SAR0_PH1_ATR0_RRU0,false,1,true,false,false,KKT_OK,24,6.749609,1.0764615963733331e6,0.0,false
RAT43LS,4,0,2P_SAR0_PH1_ATR1_RRU0,false,1,true,true,false,SMALL_STEP,58,18.541049,23577.212133843692,0.0,false
RAT43LS,4,0,2P_SAR0_PH0_ATR0_RRU1,false,1,false,false,true,MAX_IT,500,125.321608,1.5752171993363032e6,0.0,false
RAT43LS,4,0,2P_SAR0_PH1_ATR0_RRU1,false,1,true,false,true,KKT_OK,24,6.4727,1.0764615963733331e6,0.0,false
RAT43LS,4,0,2P_SAR0_PH1_ATR1_RRU1,false,1,true,true,true,SMALL_STEP,58,22.15212,23577.212133843692,0.0,false
RAT43LS,4,0,BASE_2P,true,1,false,false,false,MAX_IT,500,84.568376,2.1565692949028597e6,0.0,true
RAT43LS,4,0,2P_SAR1_PH1_ATR0_RRU0,true,1,true,false,false,KKT_OK,24,6.801686,1.0764615963733331e6,0.0,false
RAT43LS,4,0,2P_SAR1_PH1_ATR1_RRU0,true,1,true,true,false,SMALL_STEP,58,18.49353,23577.212133843692,0.0,false
RAT43LS,4,0,2P_SAR1_PH0_ATR0_RRU1,true,1,false,false,true,MAX_IT,500,84.08937900000001,2.1565692949028597e6,0.0,false
RAT43LS,4,0,2P_SAR1_PH1_ATR0_RRU1,true,1,true,false,true,KKT_OK,24,6.465015999999999,1.0764615963733331e6,0.0,false
RAT43LS,4,0,2P_SAR1_PH1_ATR1_RRU1,true,1,true,true,true,SMALL_STEP,58,18.469765,23577.212133843692,0.0,false
RAYBENDL,2050,0,2P_SAR0_PH0_ATR0_RRU0,false,1,false,false,false,KKT_OK,0,4.72093,98.02582338676396,0.0,false
RAYBENDL,2050,0,2P_SAR0_PH1_ATR0_RRU0,false,1,true,false,false,KKT_OK,0,3.9861139999999997,98.02582338676396,0.0,false
RAYBENDL,2050,0,2P_SAR0_PH1_ATR1_RRU0,false,1,true,true,false,KKT_OK,0,3.976716,98.02582338676396,0.0,false
RAYBENDL,2050,0,2P_SAR0_PH0_ATR0_RRU1,false,1,false,false,true,KKT_OK,0,3.958392,98.02582338676396,0.0,false
RAYBENDL,2050,0,2P_SAR0_PH1_ATR0_RRU1,false,1,true,false,true,KKT_OK,0,3.990833,98.02582338676396,0.0,false
RAYBENDL,2050,0,2P_SAR0_PH1_ATR1_RRU1,false,1,true,true,true,KKT_OK,0,3.9570889999999994,98.02582338676396,0.0,false
RAYBENDL,2050,0,BASE_2P,true,1,false,false,false,KKT_OK,0,8.620282,98.02582338676396,0.0,true
RAYBENDL,2050,0,2P_SAR1_PH1_ATR0_RRU0,true,1,true,false,false,KKT_OK,0,4.086993,98.02582338676396,0.0,false
RAYBENDL,2050,0,2P_SAR1_PH1_ATR1_RRU0,true,1,true,true,false,KKT_OK,0,8.20801,98.02582338676396,0.0,false
RAYBENDL,2050,0,2P_SAR1_PH0_ATR0_RRU1,true,1,false,false,true,KKT_OK,0,3.9871459999999996,98.02582338676396,0.0,false
RAYBENDL,2050,0,2P_SAR1_PH1_ATR0_RRU1,true,1,true,false,true,KKT_OK,0,7.323314,98.02582338676396,0.0,false
RAYBENDL,2050,0,2P_SAR1_PH1_ATR1_RRU1,true,1,true,true,true,KKT_OK,0,3.937052,98.02582338676396,0.0,false
RAYBENDS,2050,0,2P_SAR0_PH0_ATR0_RRU0,false,1,false,false,false,KKT_OK,0,6.975150999999999,98.02515497624795,0.0,false
RAYBENDS,2050,0,2P_SAR0_PH1_ATR0_RRU0,false,1,true,false,false,KKT_OK,0,6.331055,98.02515497624795,0.0,false
RAYBENDS,2050,0,2P_SAR0_PH1_ATR1_RRU0,false,1,true,true,false,KKT_OK,0,6.358906999999999,98.02515497624795,0.0,false
RAYBENDS,2050,0,2P_SAR0_PH0_ATR0_RRU1,false,1,false,false,true,KKT_OK,0,11.272879,98.02515497624795,0.0,false
RAYBENDS,2050,0,2P_SAR0_PH1_ATR0_RRU1,false,1,true,false,true,KKT_OK,0,6.275862,98.02515497624795,0.0,false
RAYBENDS,2050,0,2P_SAR0_PH1_ATR1_RRU1,false,1,true,true,true,KKT_OK,0,10.881216,98.02515497624795,0.0,false
RAYBENDS,2050,0,BASE_2P,true,1,false,false,false,KKT_OK,0,6.409462,98.02515497624795,0.0,true
RAYBENDS,2050,0,2P_SAR1_PH1_ATR0_RRU0,true,1,true,false,false,KKT_OK,0,6.501735,98.02515497624795,0.0,false
RAYBENDS,2050,0,2P_SAR1_PH1_ATR1_RRU0,true,1,true,true,false,KKT_OK,0,6.392811,98.02515497624795,0.0,false
RAYBENDS,2050,0,2P_SAR1_PH0_ATR0_RRU1,true,1,false,false,true,KKT_OK,0,6.330533999999999,98.02515497624795,0.0,false
RAYBENDS,2050,0,2P_SAR1_PH1_ATR0_RRU1,true,1,true,false,true,KKT_OK,0,6.326567,98.02515497624795,0.0,false
RAYBENDS,2050,0,2P_SAR1_PH1_ATR1_RRU1,true,1,true,true,true,KKT_OK,0,6.425883000000001,98.02515497624795,0.0,false
RECIPELS,3,0,2P_SAR0_PH0_ATR0_RRU0,false,1,false,false,false,KKT_OK,23,7.410747,3.940108306033437e-5,0.0,false
RECIPELS,3,0,2P_SAR0_PH1_ATR0_RRU0,false,1,true,false,false,KKT_OK,16,4.328976,1.1448757825219789e-5,0.0,false
RECIPELS,3,0,2P_SAR0_PH1_ATR1_RRU0,false,1,true,true,false,KKT_OK,63,18.36542,4.277119391588667e-5,0.0,false
RECIPELS,3,0,2P_SAR0_PH0_ATR0_RRU1,false,1,false,false,true,KKT_OK,23,6.564712999999999,3.940108306033437e-5,0.0,false
RECIPELS,3,0,2P_SAR0_PH1_ATR0_RRU1,false,1,true,false,true,KKT_OK,16,4.312444999999999,1.1448757825219789e-5,0.0,false
RECIPELS,3,0,2P_SAR0_PH1_ATR1_RRU1,false,1,true,true,true,KKT_OK,63,18.411566,4.277119391588667e-5,0.0,false
RECIPELS,3,0,BASE_2P,true,1,false,false,false,SMALL_STEP,35,7.213718,146.31534047871187,0.0,true
RECIPELS,3,0,2P_SAR1_PH1_ATR0_RRU0,true,1,true,false,false,KKT_OK,16,4.598331,1.1448757825219789e-5,0.0,false
RECIPELS,3,0,2P_SAR1_PH1_ATR1_RRU0,true,1,true,true,false,KKT_OK,63,18.457793,4.277119391588667e-5,0.0,false
RECIPELS,3,0,2P_SAR1_PH0_ATR0_RRU1,true,1,false,false,true,SMALL_STEP,35,7.215422,146.31534047871187,0.0,false
RECIPELS,3,0,2P_SAR1_PH1_ATR0_RRU1,true,1,true,false,true,KKT_OK,16,4.321111,1.1448757825219789e-5,0.0,false
RECIPELS,3,0,2P_SAR1_PH1_ATR1_RRU1,true,1,true,true,true,KKT_OK,63,18.421725,4.277119391588667e-5,0.0,false
ROSENBR,2,0,2P_SAR0_PH0_ATR0_RRU0,false,1,false,false,false,MAX_IT,500,117.559095,0.02640869140624967,0.0,false
ROSENBR,2,0,2P_SAR0_PH1_ATR0_RRU0,false,1,true,false,false,MAX_IT,500,101.042747,0.04972041998276513,0.0,false
ROSENBR,2,0,2P_SAR0_PH1_ATR1_RRU0,false,1,true,true,false,MAX_IT,500,134.37344000000002,0.04702753308406984,0.0,false
ROSENBR,2,0,2P_SAR0_PH0_ATR0_RRU1,false,1,false,false,true,MAX_IT,500,117.660264,0.02640869140624967,0.0,false
ROSENBR,2,0,2P_SAR0_PH1_ATR0_RRU1,false,1,true,false,true,MAX_IT,500,100.988365,0.04972041998276513,0.0,false
ROSENBR,2,0,2P_SAR0_PH1_ATR1_RRU1,false,1,true,true,true,MAX_IT,500,133.555489,0.04702753308406984,0.0,false
ROSENBR,2,0,BASE_2P,true,1,false,false,false,MAX_IT,500,80.93772,2.536822262406344,0.0,true
ROSENBR,2,0,2P_SAR1_PH1_ATR0_RRU0,true,1,true,false,false,MAX_IT,500,100.888629,0.04972041998276513,0.0,false
ROSENBR,2,0,2P_SAR1_PH1_ATR1_RRU0,true,1,true,true,false,MAX_IT,500,133.886118,0.04702753308406984,0.0,false
ROSENBR,2,0,2P_SAR1_PH0_ATR0_RRU1,true,1,false,false,true,MAX_IT,500,81.213747,2.536822262406344,0.0,false
ROSENBR,2,0,2P_SAR1_PH1_ATR0_RRU1,true,1,true,false,true,MAX_IT,500,100.720895,0.04972041998276513,0.0,false
ROSENBR,2,0,2P_SAR1_PH1_ATR1_RRU1,true,1,true,true,true,MAX_IT,500,138.521268,0.04702753308406984,0.0,false
ROSENBRTU,2,0,2P_SAR0_PH0_ATR0_RRU0,false,1,false,false,false,SMALL_STEP,17,6.702841,0.918769272852194,0.0,false
ROSENBRTU,2,0,2P_SAR0_PH1_ATR0_RRU0,false,1,true,false,false,SMALL_STEP,15,5.174790000000001,0.9187692648899863,0.0,false
ROSENBRTU,2,0,2P_SAR0_PH1_ATR1_RRU0,false,1,true,true,false,SMALL_STEP,15,7.221833,0.9705740482148052,0.0,false
ROSENBRTU,2,0,2P_SAR0_PH0_ATR0_RRU1,false,1,false,false,true,SMALL_STEP,17,5.866676,0.918769272852194,0.0,false
ROSENBRTU,2,0,2P_SAR0_PH1_ATR0_RRU1,false,1,true,false,true,SMALL_STEP,15,5.082457000000001,0.9187692648899863,0.0,false
ROSENBRTU,2,0,2P_SAR0_PH1_ATR1_RRU1,false,1,true,true,true,SMALL_STEP,15,6.987685000000001,0.9705740482148052,0.0,false
ROSENBRTU,2,0,BASE_2P,true,1,false,false,false,SMALL_STEP,85,15.494463999999999,0.9645603608925918,0.0,true
ROSENBRTU,2,0,2P_SAR1_PH1_ATR0_RRU0,true,1,true,false,false,SMALL_STEP,15,5.5783059999999995,0.9187692648899863,0.0,false
ROSENBRTU,2,0,2P_SAR1_PH1_ATR1_RRU0,true,1,true,true,false,SMALL_STEP,15,7.100696,0.9705740482148052,0.0,false
ROSENBRTU,2,0,2P_SAR1_PH0_ATR0_RRU1,true,1,false,false,true,SMALL_STEP,85,15.620971,0.9645603608925918,0.0,false
ROSENBRTU,2,0,2P_SAR1_PH1_ATR0_RRU1,true,1,true,false,true,SMALL_STEP,15,5.164321,0.9187692648899863,0.0,false
ROSENBRTU,2,0,2P_SAR1_PH1_ATR1_RRU1,true,1,true,true,true,SMALL_STEP,15,7.015547,0.9705740482148052,0.0,false
ROSZMAN1LS,4,0,2P_SAR0_PH0_ATR0_RRU0,false,1,false,false,false,SMALL_STEP,3,3.602045,5.150071995154256,0.0,false
ROSZMAN1LS,4,0,2P_SAR0_PH1_ATR0_RRU0,false,1,true,false,false,SMALL_STEP,4,2.454647,5.150061242706314,0.0,false
ROSZMAN1LS,4,0,2P_SAR0_PH1_ATR1_RRU0,false,1,true,true,false,SMALL_STEP,4,4.219902,5.151592215905435,0.0,false
ROSZMAN1LS,4,0,2P_SAR0_PH0_ATR0_RRU1,false,1,false,false,true,SMALL_STEP,3,2.651866,5.150071995154256,0.0,false
ROSZMAN1LS,4,0,2P_SAR0_PH1_ATR0_RRU1,false,1,true,false,true,SMALL_STEP,4,2.374035,5.150061242706314,0.0,false
ROSZMAN1LS,4,0,2P_SAR0_PH1_ATR1_RRU1,false,1,true,true,true,SMALL_STEP,4,4.204713,5.151592215905435,0.0,false
ROSZMAN1LS,4,0,BASE_2P,true,1,false,false,false,SMALL_STEP,3,2.183509,5.150699567318701,0.0,true
ROSZMAN1LS,4,0,2P_SAR1_PH1_ATR0_RRU0,true,1,true,false,false,SMALL_STEP,4,2.352095,5.150061242706314,0.0,false
ROSZMAN1LS,4,0,2P_SAR1_PH1_ATR1_RRU0,true,1,true,true,false,SMALL_STEP,4,4.1994229999999995,5.151592215905435,0.0,false
ROSZMAN1LS,4,0,2P_SAR1_PH0_ATR0_RRU1,true,1,false,false,true,SMALL_STEP,3,2.208777,5.150699567318701,0.0,false
ROSZMAN1LS,4,0,2P_SAR1_PH1_ATR0_RRU1,true,1,true,false,true,SMALL_STEP,4,2.347826,5.150061242706314,0.0,false
ROSZMAN1LS,4,0,2P_SAR1_PH1_ATR1_RRU1,true,1,true,true,true,SMALL_STEP,4,4.199523,5.151592215905435,0.0,false
S308,2,0,2P_SAR0_PH0_ATR0_RRU0,false,1,false,false,false,KKT_OK,16,6.328931000000001,0.7731990566147412,0.0,false
S308,2,0,2P_SAR0_PH1_ATR0_RRU0,false,1,true,false,false,KKT_OK,18,5.23893,0.7731990564929618,0.0,false
S308,2,0,2P_SAR0_PH1_ATR1_RRU0,false,1,true,true,false,KKT_OK,21,7.361916,0.773199056495844,0.0,false
S308,2,0,2P_SAR0_PH0_ATR0_RRU1,false,1,false,false,true,KKT_OK,16,5.467658999999999,0.7731990566147412,0.0,false
S308,2,0,2P_SAR0_PH1_ATR0_RRU1,false,1,true,false,true,KKT_OK,18,5.526859,0.7731990564929618,0.0,false
S308,2,0,2P_SAR0_PH1_ATR1_RRU1,false,1,true,true,true,KKT_OK,21,7.1381559999999995,0.773199056495844,0.0,false
S308,2,0,BASE_2P,true,1,false,false,false,KKT_OK,36,7.6207,0.7731990565069169,0.0,true
S308,2,0,2P_SAR1_PH1_ATR0_RRU0,true,1,true,false,false,KKT_OK,18,5.159961999999999,0.7731990564929618,0.0,false
S308,2,0,2P_SAR1_PH1_ATR1_RRU0,true,1,true,true,false,KKT_OK,21,7.090157,0.773199056495844,0.0,false
S308,2,0,2P_SAR1_PH0_ATR0_RRU1,true,1,false,false,true,KKT_OK,36,7.597847,0.7731990565069169,0.0,false
S308,2,0,2P_SAR1_PH1_ATR0_RRU1,true,1,true,false,true,KKT_OK,18,5.145946,0.7731990564929618,0.0,false
S308,2,0,2P_SAR1_PH1_ATR1_RRU1,true,1,true,true,true,KKT_OK,21,7.617845,0.773199056495844,0.0,false
S316-322,2,1,2P_SAR0_PH0_ATR0_RRU0,false,1,false,false,false,INFEASIBLE_STATIONARY,0,1.1439620000000001,800.0,1.0,false
S316-322,2,1,2P_SAR0_PH1_ATR0_RRU0,false,1,true,false,false,INFEASIBLE_STATIONARY,0,0.595014,800.0,1.0,false
S316-322,2,1,2P_SAR0_PH1_ATR1_RRU0,false,1,true,true,false,INFEASIBLE_STATIONARY,0,0.594924,800.0,1.0,false
S316-322,2,1,2P_SAR0_PH0_ATR0_RRU1,false,1,false,false,true,INFEASIBLE_STATIONARY,0,1.150223,800.0,1.0,false
S316-322,2,1,2P_SAR0_PH1_ATR0_RRU1,false,1,true,false,true,INFEASIBLE_STATIONARY,0,0.58169,800.0,1.0,false
S316-322,2,1,2P_SAR0_PH1_ATR1_RRU1,false,1,true,true,true,INFEASIBLE_STATIONARY,0,0.573745,800.0,1.0,false
S316-322,2,1,BASE_2P,true,1,false,false,false,INFEASIBLE_STATIONARY,0,0.551934,800.0,1.0,true
S316-322,2,1,2P_SAR1_PH1_ATR0_RRU0,true,1,true,false,false,INFEASIBLE_STATIONARY,0,0.543688,800.0,1.0,false
S316-322,2,1,2P_SAR1_PH1_ATR1_RRU0,true,1,true,true,false,INFEASIBLE_STATIONARY,0,0.558786,800.0,1.0,false
S316-322,2,1,2P_SAR1_PH0_ATR0_RRU1,true,1,false,false,true,INFEASIBLE_STATIONARY,0,0.5558409999999999,800.0,1.0,false
S316-322,2,1,2P_SAR1_PH1_ATR0_RRU1,true,1,true,false,true,INFEASIBLE_STATIONARY,0,0.556021,800.0,1.0,false
S316-322,2,1,2P_SAR1_PH1_ATR1_RRU1,true,1,true,true,true,INFEASIBLE_STATIONARY,0,0.589865,800.0,1.0,false
S368,8,0,2P_SAR0_PH0_ATR0_RRU0,false,1,false,false,false,KKT_OK,11,4.879237,-0.9374997014156032,0.0,false
S368,8,0,2P_SAR0_PH1_ATR0_RRU0,false,1,true,false,false,KKT_OK,12,4.095078,-0.9374993703975423,0.0,false
S368,8,0,2P_SAR0_PH1_ATR1_RRU0,false,1,true,true,false,KKT_OK,12,5.0013749999999995,-0.9999994878753875,0.0,false
S368,8,0,2P_SAR0_PH0_ATR0_RRU1,false,1,false,false,true,KKT_OK,11,4.155711,-0.9374997014156032,0.0,false
S368,8,0,2P_SAR0_PH1_ATR0_RRU1,false,1,true,false,true,KKT_OK,12,4.008445999999999,-0.9374993703975423,0.0,false
S368,8,0,2P_SAR0_PH1_ATR1_RRU1,false,1,true,true,true,KKT_OK,12,4.963685,-0.9999994878753875,0.0,false
S368,8,0,BASE_2P,true,1,false,false,false,KKT_OK,11,4.167825,-0.9374997014156032,0.0,true
S368,8,0,2P_SAR1_PH1_ATR0_RRU0,true,1,true,false,false,KKT_OK,12,4.024866,-0.9374993703975423,0.0,false
S368,8,0,2P_SAR1_PH1_ATR1_RRU0,true,1,true,true,false,KKT_OK,12,5.060346,-0.9999994878753875,0.0,false
S368,8,0,2P_SAR1_PH0_ATR0_RRU1,true,1,false,false,true,KKT_OK,11,4.4610129999999995,-0.9374997014156032,0.0,false
S368,8,0,2P_SAR1_PH1_ATR0_RRU1,true,1,true,false,true,KKT_OK,12,4.00005,-0.9374993703975423,0.0,false
S368,8,0,2P_SAR1_PH1_ATR1_RRU1,true,1,true,true,true,KKT_OK,12,4.942635,-0.9999994878753875,0.0,false
SANTALS,21,0,2P_SAR0_PH0_ATR0_RRU0,false,1,false,false,false,KKT_OK,219,69.789876,0.002571185147922376,0.0,false
SANTALS,21,0,2P_SAR0_PH1_ATR0_RRU0,false,1,true,false,false,KKT_OK,152,32.105789,0.0025262150690823757,0.0,false
SANTALS,21,0,2P_SAR0_PH1_ATR1_RRU0,false,1,true,true,false,KKT_OK,423,152.731808,0.0035274239096850716,0.0,false
SANTALS,21,0,2P_SAR0_PH0_ATR0_RRU1,false,1,false,false,true,KKT_OK,219,65.168701,0.002571185147922376,0.0,false
SANTALS,21,0,2P_SAR0_PH1_ATR0_RRU1,false,1,true,false,true,KKT_OK,152,31.826456000000004,0.0025262150690823757,0.0,false
SANTALS,21,0,2P_SAR0_PH1_ATR1_RRU1,false,1,true,true,true,KKT_OK,423,153.094708,0.0035274239096850716,0.0,false
SANTALS,21,0,BASE_2P,true,1,false,false,false,KKT_OK,277,54.842706,0.001967405252300408,0.0,true
SANTALS,21,0,2P_SAR1_PH1_ATR0_RRU0,true,1,true,false,false,KKT_OK,152,31.71049,0.0025262150690823757,0.0,false
SANTALS,21,0,2P_SAR1_PH1_ATR1_RRU0,true,1,true,true,false,KKT_OK,423,154.132301,0.0035274239096850716,0.0,false
SANTALS,21,0,2P_SAR1_PH0_ATR0_RRU1,true,1,false,false,true,KKT_OK,277,54.744622,0.001967405252300408,0.0,false
SANTALS,21,0,2P_SAR1_PH1_ATR0_RRU1,true,1,true,false,true,KKT_OK,152,31.738242,0.0025262150690823757,0.0,false
SANTALS,21,0,2P_SAR1_PH1_ATR1_RRU1,true,1,true,true,true,KKT_OK,423,149.222396,0.0035274239096850716,0.0,false
SBRYBND,5000,0,2P_SAR0_PH0_ATR0_RRU0,false,1,false,false,false,SMALL_STEP,3,100.255734,98128.25246286228,0.0,false
SBRYBND,5000,0,2P_SAR0_PH1_ATR0_RRU0,false,1,true,false,false,SMALL_STEP,3,82.89778100000001,95838.62303344236,0.0,false
SBRYBND,5000,0,2P_SAR0_PH1_ATR1_RRU0,false,1,true,true,false,SMALL_STEP,3,145.60171699999998,105937.22560094592,0.0,false
SBRYBND,5000,0,2P_SAR0_PH0_ATR0_RRU1,false,1,false,false,true,SMALL_STEP,3,99.838994,98128.25246286228,0.0,false
SBRYBND,5000,0,2P_SAR0_PH1_ATR0_RRU1,false,1,true,false,true,SMALL_STEP,3,76.987824,95838.62303344236,0.0,false
SBRYBND,5000,0,2P_SAR0_PH1_ATR1_RRU1,false,1,true,true,true,SMALL_STEP,3,137.500267,105937.22560094592,0.0,false
SBRYBND,5000,0,BASE_2P,true,1,false,false,false,SMALL_STEP,3,89.504132,95184.3728031183,0.0,true
SBRYBND,5000,0,2P_SAR1_PH1_ATR0_RRU0,true,1,true,false,false,SMALL_STEP,3,98.489537,95838.62303344236,0.0,false
SBRYBND,5000,0,2P_SAR1_PH1_ATR1_RRU0,true,1,true,true,false,SMALL_STEP,3,98.46807700000001,105937.22560094592,0.0,false
SBRYBND,5000,0,2P_SAR1_PH0_ATR0_RRU1,true,1,false,false,true,SMALL_STEP,3,93.67448,95184.3728031183,0.0,false
SBRYBND,5000,0,2P_SAR1_PH1_ATR0_RRU1,true,1,true,false,true,SMALL_STEP,3,79.4694,95838.62303344236,0.0,false
SBRYBND,5000,0,2P_SAR1_PH1_ATR1_RRU1,true,1,true,true,true,SMALL_STEP,3,591.474388,105937.22560094592,0.0,false
SCHMVETT,5000,0,2P_SAR0_PH0_ATR0_RRU0,false,1,false,false,false,KKT_OK,53,596.718418,-14993.71304517179,0.0,false
SCHMVETT,5000,0,2P_SAR0_PH1_ATR0_RRU0,false,1,true,false,false,KKT_OK,50,407.35958300000004,-14993.704180141049,0.0,false
SCHMVETT,5000,0,2P_SAR0_PH1_ATR1_RRU0,false,1,true,true,false,KKT_OK,9,179.31788300000002,-14993.927962876154,0.0,false
SCHMVETT,5000,0,2P_SAR0_PH0_ATR0_RRU1,false,1,false,false,true,KKT_OK,53,605.42946,-14993.71304517179,0.0,false
SCHMVETT,5000,0,2P_SAR0_PH1_ATR0_RRU1,false,1,true,false,true,KKT_OK,50,415.77897,-14993.704180141049,0.0,false
SCHMVETT,5000,0,2P_SAR0_PH1_ATR1_RRU1,false,1,true,true,true,KKT_OK,9,139.83188299999998,-14993.927962876154,0.0,false
SCHMVETT,5000,0,BASE_2P,true,1,false,false,false,KKT_OK,53,610.650378,-14993.71304517179,0.0,true
SCHMVETT,5000,0,2P_SAR1_PH1_ATR0_RRU0,true,1,true,false,false,KKT_OK,50,412.695065,-14993.704180141049,0.0,false
SCHMVETT,5000,0,2P_SAR1_PH1_ATR1_RRU0,true,1,true,true,false,KKT_OK,9,140.957201,-14993.927962876154,0.0,false
SCHMVETT,5000,0,2P_SAR1_PH0_ATR0_RRU1,true,1,false,false,true,KKT_OK,53,605.073777,-14993.71304517179,0.0,false
SCHMVETT,5000,0,2P_SAR1_PH1_ATR0_RRU1,true,1,true,false,true,KKT_OK,50,412.710325,-14993.704180141049,0.0,false
SCHMVETT,5000,0,2P_SAR1_PH1_ATR1_RRU1,true,1,true,true,true,KKT_OK,9,151.808871,-14993.927962876154,0.0,false
SCOND1LS,5002,0,2P_SAR0_PH0_ATR0_RRU0,false,1,false,false,false,MAX_IT,500,5355.855441,426837.9198466256,0.0,false
SCOND1LS,5002,0,2P_SAR0_PH1_ATR0_RRU0,false,1,true,false,false,MAX_IT,500,3956.4970270000003,385003.43711740046,0.0,false
SCOND1LS,5002,0,2P_SAR0_PH1_ATR1_RRU0,false,1,true,true,false,MAX_IT,500,5929.362922,12501.368307529787,0.0,false
SCOND1LS,5002,0,2P_SAR0_PH0_ATR0_RRU1,false,1,false,false,true,MAX_IT,500,5321.0105920000005,426837.9198466256,0.0,false
SCOND1LS,5002,0,2P_SAR0_PH1_ATR0_RRU1,false,1,true,false,true,MAX_IT,500,4004.2087659999997,385003.43711740046,0.0,false
SCOND1LS,5002,0,2P_SAR0_PH1_ATR1_RRU1,false,1,true,true,true,MAX_IT,500,6039.022397,12501.368307529787,0.0,false
SCOND1LS,5002,0,BASE_2P,true,1,false,false,false,MAX_IT,500,3751.77612,455163.50062507286,0.0,true
SCOND1LS,5002,0,2P_SAR1_PH1_ATR0_RRU0,true,1,true,false,false,MAX_IT,500,3999.735225,385003.43711740046,0.0,false
SCOND1LS,5002,0,2P_SAR1_PH1_ATR1_RRU0,true,1,true,true,false,MAX_IT,500,6008.789623000001,12501.368307529787,0.0,false
SCOND1LS,5002,0,2P_SAR1_PH0_ATR0_RRU1,true,1,false,false,true,MAX_IT,500,3808.812928,455163.50062507286,0.0,false
SCOND1LS,5002,0,2P_SAR1_PH1_ATR0_RRU1,true,1,true,false,true,MAX_IT,500,4023.528723,385003.43711740046,0.0,false
SCOND1LS,5002,0,2P_SAR1_PH1_ATR1_RRU1,true,1,true,true,true,MAX_IT,500,5971.039427,12501.368307529787,0.0,false
SCOSINE,5000,0,2P_SAR0_PH0_ATR0_RRU0,false,1,false,false,false,SMALL_STEP,15,281.274269,-2386.1877459559923,0.0,false
SCOSINE,5000,0,2P_SAR0_PH1_ATR0_RRU0,false,1,true,false,false,SMALL_STEP,15,199.923678,-1857.7548926996765,0.0,false
SCOSINE,5000,0,2P_SAR0_PH1_ATR1_RRU0,false,1,true,true,false,SMALL_STEP,24,632.33837,-2384.898435118271,0.0,false
SCOSINE,5000,0,2P_SAR0_PH0_ATR0_RRU1,false,1,false,false,true,SMALL_STEP,15,241.634448,-2386.1877459559923,0.0,false
SCOSINE,5000,0,2P_SAR0_PH1_ATR0_RRU1,false,1,true,false,true,SMALL_STEP,15,200.35832200000002,-1857.7548926996765,0.0,false
SCOSINE,5000,0,2P_SAR0_PH1_ATR1_RRU1,false,1,true,true,true,SMALL_STEP,24,563.0047529999999,-2384.898435118271,0.0,false
SCOSINE,5000,0,BASE_2P,true,1,false,false,false,SMALL_STEP,16,170.519363,-1628.6310244811048,0.0,true
SCOSINE,5000,0,2P_SAR1_PH1_ATR0_RRU0,true,1,true,false,false,SMALL_STEP,15,205.295057,-1857.7548926996765,0.0,false
SCOSINE,5000,0,2P_SAR1_PH1_ATR1_RRU0,true,1,true,true,false,SMALL_STEP,24,568.54048,-2384.898435118271,0.0,false
SCOSINE,5000,0,2P_SAR1_PH0_ATR0_RRU1,true,1,false,false,true,SMALL_STEP,16,190.29653,-1628.6310244811048,0.0,false
SCOSINE,5000,0,2P_SAR1_PH1_ATR0_RRU1,true,1,true,false,true,SMALL_STEP,15,280.10987,-1857.7548926996765,0.0,false
SCOSINE,5000,0,2P_SAR1_PH1_ATR1_RRU1,true,1,true,true,true,SMALL_STEP,24,566.688002,-2384.898435118271,0.0,false
SCURLY10,10000,0,2P_SAR0_PH0_ATR0_RRU0,false,1,false,false,false,SMALL_STEP,231,4630.165212,2.3721198740699145e15,0.0,false
SCURLY10,10000,0,2P_SAR0_PH1_ATR0_RRU0,false,1,true,false,false,SMALL_STEP,470,6735.522568,1.0083501139817952e15,0.0,false
SCURLY10,10000,0,2P_SAR0_PH1_ATR1_RRU0,false,1,true,true,false,MAX_IT,500,14839.629292,3.3989987830084654e18,0.0,false
SCURLY10,10000,0,2P_SAR0_PH0_ATR0_RRU1,false,1,false,false,true,SMALL_STEP,231,4690.022521000001,2.3721198740699145e15,0.0,false
SCURLY10,10000,0,2P_SAR0_PH1_ATR0_RRU1,false,1,true,false,true,SMALL_STEP,470,6674.405722,1.0083501139817952e15,0.0,false
SCURLY10,10000,0,2P_SAR0_PH1_ATR1_RRU1,false,1,true,true,true,MAX_IT,500,14599.546273,3.3989987830084654e18,0.0,false
SCURLY10,10000,0,BASE_2P,true,1,false,false,false,SMALL_STEP,321,4376.340187000001,6.363613798123313e16,0.0,true
SCURLY10,10000,0,2P_SAR1_PH1_ATR0_RRU0,true,1,true,false,false,SMALL_STEP,470,6676.729173,1.0083501139817952e15,0.0,false
SCURLY10,10000,0,2P_SAR1_PH1_ATR1_RRU0,true,1,true,true,false,MAX_IT,500,15428.927509,3.3989987830084654e18,0.0,false
SCURLY10,10000,0,2P_SAR1_PH0_ATR0_RRU1,true,1,false,false,true,SMALL_STEP,321,4328.696848,6.363613798123313e16,0.0,false
SCURLY10,10000,0,2P_SAR1_PH1_ATR0_RRU1,true,1,true,false,true,SMALL_STEP,470,6716.894957,1.0083501139817952e15,0.0,false
SCURLY10,10000,0,2P_SAR1_PH1_ATR1_RRU1,true,1,true,true,true,MAX_IT,500,14600.475004,3.3989987830084654e18,0.0,false
SCURLY20,10000,0,2P_SAR0_PH0_ATR0_RRU0,false,1,false,false,false,SMALL_STEP,307,6744.604711,9.423851257401677e16,0.0,false
SCURLY20,10000,0,2P_SAR0_PH1_ATR0_RRU0,false,1,true,false,false,MAX_IT,500,7387.009627,9.98330669077617e17,0.0,false
SCURLY20,10000,0,2P_SAR0_PH1_ATR1_RRU0,false,1,true,true,false,MAX_IT,500,14314.261105,3.064885137571954e19,0.0,false
SCURLY20,10000,0,2P_SAR0_PH0_ATR0_RRU1,false,1,false,false,true,SMALL_STEP,307,6272.62587,9.423851257401677e16,0.0,false
SCURLY20,10000,0,2P_SAR0_PH1_ATR0_RRU1,false,1,true,false,true,MAX_IT,500,7292.250345,9.98330669077617e17,0.0,false
SCURLY20,10000,0,2P_SAR0_PH1_ATR1_RRU1,false,1,true,true,true,MAX_IT,500,14359.895204,3.064885137571954e19,0.0,false
SCURLY20,10000,0,BASE_2P,true,1,false,false,false,SMALL_STEP,349,4978.132504,1.2645269749274278e18,0.0,true
SCURLY20,10000,0,2P_SAR1_PH1_ATR0_RRU0,true,1,true,false,false,MAX_IT,500,7375.77438,9.98330669077617e17,0.0,false
SCURLY20,10000,0,2P_SAR1_PH1_ATR1_RRU0,true,1,true,true,false,MAX_IT,500,14301.77504,3.064885137571954e19,0.0,false
SCURLY20,10000,0,2P_SAR1_PH0_ATR0_RRU1,true,1,false,false,true,SMALL_STEP,349,4934.40956,1.2645269749274278e18,0.0,false
SCURLY20,10000,0,2P_SAR1_PH1_ATR0_RRU1,true,1,true,false,true,MAX_IT,500,7264.63362,9.98330669077617e17,0.0,false
SCURLY20,10000,0,2P_SAR1_PH1_ATR1_RRU1,true,1,true,true,true,MAX_IT,500,14487.497894,3.064885137571954e19,0.0,false
SCURLY30,10000,0,2P_SAR0_PH0_ATR0_RRU0,false,1,false,false,false,MAX_IT,500,10428.952549,2.610698420206007e20,0.0,false
SCURLY30,10000,0,2P_SAR0_PH1_ATR0_RRU0,false,1,true,false,false,MAX_IT,500,7446.707563,1.380673570864375e20,0.0,false
SCURLY30,10000,0,2P_SAR0_PH1_ATR1_RRU0,false,1,true,true,false,MAX_IT,500,14072.964823999999,1.6197343007294682e20,0.0,false
SCURLY30,10000,0,2P_SAR0_PH0_ATR0_RRU1,false,1,false,false,true,MAX_IT,500,10413.945856,2.610698420206007e20,0.0,false
SCURLY30,10000,0,2P_SAR0_PH1_ATR0_RRU1,false,1,true,false,true,MAX_IT,500,7562.7086229999995,1.380673570864375e20,0.0,false
SCURLY30,10000,0,2P_SAR0_PH1_ATR1_RRU1,false,1,true,true,true,MAX_IT,500,13759.172467999999,1.6197343007294682e20,0.0,false
SCURLY30,10000,0,BASE_2P,true,1,false,false,false,SMALL_STEP,440,6456.180208,3.3436452394850355e18,0.0,true
SCURLY30,10000,0,2P_SAR1_PH1_ATR0_RRU0,true,1,true,false,false,MAX_IT,500,7436.073304,1.380673570864375e20,0.0,false
SCURLY30,10000,0,2P_SAR1_PH1_ATR1_RRU0,true,1,true,true,false,MAX_IT,500,14003.619813000001,1.6197343007294682e20,0.0,false
SCURLY30,10000,0,2P_SAR1_PH0_ATR0_RRU1,true,1,false,false,true,SMALL_STEP,440,6463.45234,3.3436452394850355e18,0.0,false
SCURLY30,10000,0,2P_SAR1_PH1_ATR0_RRU1,true,1,true,false,true,MAX_IT,500,7446.9577469999995,1.380673570864375e20,0.0,false
SCURLY30,10000,0,2P_SAR1_PH1_ATR1_RRU1,true,1,true,true,true,MAX_IT,500,13962.930354999999,1.6197343007294682e20,0.0,false
SENSORS,100,0,2P_SAR0_PH0_ATR0_RRU0,false,1,false,false,false,SMALL_STEP,33,152.819219,-2101.781228085489,0.0,false
SENSORS,100,0,2P_SAR0_PH1_ATR0_RRU0,false,1,true,false,false,SMALL_STEP,29,112.600898,-2108.5312361729407,0.0,false
SENSORS,100,0,2P_SAR0_PH1_ATR1_RRU0,false,1,true,true,false,KKT_OK,53,272.57622100000003,-2095.8749752331823,0.0,false
SENSORS,100,0,2P_SAR0_PH0_ATR0_RRU1,false,1,false,false,true,SMALL_STEP,33,152.75015,-2101.781228085489,0.0,false
SENSORS,100,0,2P_SAR0_PH1_ATR0_RRU1,false,1,true,false,true,SMALL_STEP,29,112.262884,-2108.5312361729407,0.0,false
SENSORS,100,0,2P_SAR0_PH1_ATR1_RRU1,false,1,true,true,true,KKT_OK,53,272.67060799999996,-2095.8749752331823,0.0,false
SENSORS,100,0,BASE_2P,true,1,false,false,false,SMALL_STEP,96,384.792547,-2108.5270244768303,0.0,true
SENSORS,100,0,2P_SAR1_PH1_ATR0_RRU0,true,1,true,false,false,SMALL_STEP,29,112.352873,-2108.5312361729407,0.0,false
SENSORS,100,0,2P_SAR1_PH1_ATR1_RRU0,true,1,true,true,false,KKT_OK,53,275.378669,-2095.8749752331823,0.0,false
SENSORS,100,0,2P_SAR1_PH0_ATR0_RRU1,true,1,false,false,true,SMALL_STEP,96,383.29922100000005,-2108.5270244768303,0.0,false
SENSORS,100,0,2P_SAR1_PH1_ATR0_RRU1,true,1,true,false,true,SMALL_STEP,29,112.563237,-2108.5312361729407,0.0,false
SENSORS,100,0,2P_SAR1_PH1_ATR1_RRU1,true,1,true,true,true,KKT_OK,53,272.54749499999997,-2095.8749752331823,0.0,false
SIM2PHP,2,0,2P_SAR0_PH0_ATR0_RRU0,false,1,false,false,false,KKT_OK,6,2.571677,0.0,0.0,false
SIM2PHP,2,0,2P_SAR0_PH1_ATR0_RRU0,false,1,true,false,false,KKT_OK,6,1.768582,0.0,0.0,false
SIM2PHP,2,0,2P_SAR0_PH1_ATR1_RRU0,false,1,true,true,false,KKT_OK,6,1.743235,0.0,0.0,false
SIM2PHP,2,0,2P_SAR0_PH0_ATR0_RRU1,false,1,false,false,true,KKT_OK,6,1.737755,0.0,0.0,false
SIM2PHP,2,0,2P_SAR0_PH1_ATR0_RRU1,false,1,true,false,true,KKT_OK,6,1.732775,0.0,0.0,false
SIM2PHP,2,0,2P_SAR0_PH1_ATR1_RRU1,false,1,true,true,true,KKT_OK,6,1.721915,0.0,0.0,false
SIM2PHP,2,0,BASE_2P,true,1,false,false,false,KKT_OK,8,2.036825,0.0,0.0,true
SIM2PHP,2,0,2P_SAR1_PH1_ATR0_RRU0,true,1,true,false,false,KKT_OK,6,1.7196710000000002,0.0,0.0,false
SIM2PHP,2,0,2P_SAR1_PH1_ATR1_RRU0,true,1,true,true,false,KKT_OK,6,1.7452189999999999,0.0,0.0,false
SIM2PHP,2,0,2P_SAR1_PH0_ATR0_RRU1,true,1,false,false,true,KKT_OK,8,2.0314349999999997,0.0,0.0,false
SIM2PHP,2,0,2P_SAR1_PH1_ATR0_RRU1,true,1,true,false,true,KKT_OK,6,1.705284,0.0,0.0,false
SIM2PHP,2,0,2P_SAR1_PH1_ATR1_RRU1,true,1,true,true,true,KKT_OK,6,1.716486,0.0,0.0,false
SIMPHP,2,0,2P_SAR0_PH0_ATR0_RRU0,false,1,false,false,false,KKT_OK,14,7.578756,3.851859888774472e-33,0.0,false
SIMPHP,2,0,2P_SAR0_PH1_ATR0_RRU0,false,1,true,false,false,KKT_OK,13,5.535959,2.407412430484045e-34,0.0,false
SIMPHP,2,0,2P_SAR0_PH1_ATR1_RRU0,false,1,true,true,false,KKT_OK,21,12.679398999999998,9.62964972193618e-34,0.0,false
SIMPHP,2,0,2P_SAR0_PH0_ATR0_RRU1,false,1,false,false,true,KKT_OK,14,6.528037,3.851859888774472e-33,0.0,false
SIMPHP,2,0,2P_SAR0_PH1_ATR0_RRU1,false,1,true,false,true,KKT_OK,13,5.334992000000001,2.407412430484045e-34,0.0,false
SIMPHP,2,0,2P_SAR0_PH1_ATR1_RRU1,false,1,true,true,true,KKT_OK,21,12.571878,9.62964972193618e-34,0.0,false
SIMPHP,2,0,BASE_2P,true,1,false,false,false,KKT_OK,103,19.872793,1.765419090962115e-27,0.0,true
SIMPHP,2,0,2P_SAR1_PH1_ATR0_RRU0,true,1,true,false,false,KKT_OK,13,5.352997,2.407412430484045e-34,0.0,false
SIMPHP,2,0,2P_SAR1_PH1_ATR1_RRU0,true,1,true,true,false,KKT_OK,21,12.590321999999999,9.62964972193618e-34,0.0,false
SIMPHP,2,0,2P_SAR1_PH0_ATR0_RRU1,true,1,false,false,true,KKT_OK,103,19.832708,1.765419090962115e-27,0.0,false
SIMPHP,2,0,2P_SAR1_PH1_ATR0_RRU1,true,1,true,false,true,KKT_OK,13,5.4083000000000006,2.407412430484045e-34,0.0,false
SIMPHP,2,0,2P_SAR1_PH1_ATR1_RRU1,true,1,true,true,true,KKT_OK,21,12.620087999999999,9.62964972193618e-34,0.0,false
SINEALI,1000,0,2P_SAR0_PH0_ATR0_RRU0,false,1,false,false,false,KKT_OK,11,38.742747,-99900.96144603808,0.0,false
SINEALI,1000,0,2P_SAR0_PH1_ATR0_RRU0,false,1,true,false,false,KKT_OK,9,25.025795,-99900.9614495716,0.0,false
SINEALI,1000,0,2P_SAR0_PH1_ATR1_RRU0,false,1,true,true,false,KKT_OK,170,442.56560900000005,-99900.2827496764,0.0,false
SINEALI,1000,0,2P_SAR0_PH0_ATR0_RRU1,false,1,false,false,true,KKT_OK,11,37.511680999999996,-99900.96144603808,0.0,false
SINEALI,1000,0,2P_SAR0_PH1_ATR0_RRU1,false,1,true,false,true,KKT_OK,9,24.999765,-99900.9614495716,0.0,false
SINEALI,1000,0,2P_SAR0_PH1_ATR1_RRU1,false,1,true,true,true,KKT_OK,170,491.30655299999995,-99900.2827496764,0.0,false
SINEALI,1000,0,BASE_2P,true,1,false,false,false,KKT_OK,11,37.474402,-99900.96144603808,0.0,true
SINEALI,1000,0,2P_SAR1_PH1_ATR0_RRU0,true,1,true,false,false,KKT_OK,9,27.146267,-99900.9614495716,0.0,false
SINEALI,1000,0,2P_SAR1_PH1_ATR1_RRU0,true,1,true,true,false,KKT_OK,170,449.698809,-99900.2827496764,0.0,false
SINEALI,1000,0,2P_SAR1_PH0_ATR0_RRU1,true,1,false,false,true,KKT_OK,11,38.045491,-99900.96144603808,0.0,false
SINEALI,1000,0,2P_SAR1_PH1_ATR0_RRU1,true,1,true,false,true,KKT_OK,9,24.697289,-99900.9614495716,0.0,false
SINEALI,1000,0,2P_SAR1_PH1_ATR1_RRU1,true,1,true,true,true,KKT_OK,170,447.35379600000005,-99900.2827496764,0.0,false
SINEVAL,2,0,2P_SAR0_PH0_ATR0_RRU0,false,1,false,false,false,MAX_IT,500,118.92772699999999,3.648656525578098,0.0,false
SINEVAL,2,0,2P_SAR0_PH1_ATR0_RRU0,false,1,true,false,false,MAX_IT,500,105.415278,3.951028631429116,0.0,false
SINEVAL,2,0,2P_SAR0_PH1_ATR1_RRU0,false,1,true,true,false,MAX_IT,500,132.995397,3.248983824706923,0.0,false
SINEVAL,2,0,2P_SAR0_PH0_ATR0_RRU1,false,1,false,false,true,MAX_IT,500,117.77298499999999,3.648656525578098,0.0,false
SINEVAL,2,0,2P_SAR0_PH1_ATR0_RRU1,false,1,true,false,true,MAX_IT,500,105.134913,3.951028631429116,0.0,false
SINEVAL,2,0,2P_SAR0_PH1_ATR1_RRU1,false,1,true,true,true,MAX_IT,500,132.79338800000002,3.248983824706923,0.0,false
SINEVAL,2,0,BASE_2P,true,1,false,false,false,MAX_IT,500,81.91208499999999,4.706654341404948,0.0,true
SINEVAL,2,0,2P_SAR1_PH1_ATR0_RRU0,true,1,true,false,false,MAX_IT,500,100.751883,3.951028631429116,0.0,false
SINEVAL,2,0,2P_SAR1_PH1_ATR1_RRU0,true,1,true,true,false,MAX_IT,500,137.611633,3.248983824706923,0.0,false
SINEVAL,2,0,2P_SAR1_PH0_ATR0_RRU1,true,1,false,false,true,MAX_IT,500,85.86210399999999,4.706654341404948,0.0,false
SINEVAL,2,0,2P_SAR1_PH1_ATR0_RRU1,true,1,true,false,true,MAX_IT,500,100.207404,3.951028631429116,0.0,false
SINEVAL,2,0,2P_SAR1_PH1_ATR1_RRU1,true,1,true,true,true,MAX_IT,500,132.681589,3.248983824706923,0.0,false
SINQUAD,5000,0,2P_SAR0_PH0_ATR0_RRU0,false,1,false,false,false,KKT_OK,40,446.44553399999995,-6.748559224583245e6,0.0,false
SINQUAD,5000,0,2P_SAR0_PH1_ATR0_RRU0,false,1,true,false,false,KKT_OK,32,310.797128,-6.757013757252035e6,0.0,false
SINQUAD,5000,0,2P_SAR0_PH1_ATR1_RRU0,false,1,true,true,false,KKT_OK,206,2676.152287,-6.757013715483217e6,0.0,false
SINQUAD,5000,0,2P_SAR0_PH0_ATR0_RRU1,false,1,false,false,true,KKT_OK,40,523.150665,-6.748559224583245e6,0.0,false
SINQUAD,5000,0,2P_SAR0_PH1_ATR0_RRU1,false,1,true,false,true,KKT_OK,32,308.93591999999995,-6.757013757252035e6,0.0,false
SINQUAD,5000,0,2P_SAR0_PH1_ATR1_RRU1,false,1,true,true,true,KKT_OK,206,2653.476658,-6.757013715483217e6,0.0,false
SINQUAD,5000,0,BASE_2P,true,1,false,false,false,KKT_OK,40,522.359982,-6.748559224583245e6,0.0,true
SINQUAD,5000,0,2P_SAR1_PH1_ATR0_RRU0,true,1,true,false,false,KKT_OK,32,310.92762,-6.757013757252035e6,0.0,false
SINQUAD,5000,0,2P_SAR1_PH1_ATR1_RRU0,true,1,true,true,false,KKT_OK,206,2676.462194,-6.757013715483217e6,0.0,false
SINQUAD,5000,0,2P_SAR1_PH0_ATR0_RRU1,true,1,false,false,true,KKT_OK,40,451.450364,-6.748559224583245e6,0.0,false
SINQUAD,5000,0,2P_SAR1_PH1_ATR0_RRU1,true,1,true,false,true,KKT_OK,32,343.441088,-6.757013757252035e6,0.0,false
SINQUAD,5000,0,2P_SAR1_PH1_ATR1_RRU1,true,1,true,true,true,KKT_OK,206,2659.655988,-6.757013715483217e6,0.0,false
SINQUAD2,5000,0,2P_SAR0_PH0_ATR0_RRU0,false,1,false,false,false,KKT_OK,0,14.657234,0.6561000000000001,0.0,false
SINQUAD2,5000,0,2P_SAR0_PH1_ATR0_RRU0,false,1,true,false,false,KKT_OK,0,10.469138,0.6561000000000001,0.0,false
SINQUAD2,5000,0,2P_SAR0_PH1_ATR1_RRU0,false,1,true,true,false,KKT_OK,0,11.760187,0.6561000000000001,0.0,false
SINQUAD2,5000,0,2P_SAR0_PH0_ATR0_RRU1,false,1,false,false,true,KKT_OK,0,14.476916,0.6561000000000001,0.0,false
SINQUAD2,5000,0,2P_SAR0_PH1_ATR0_RRU1,false,1,true,false,true,KKT_OK,0,14.93863,0.6561000000000001,0.0,false
SINQUAD2,5000,0,2P_SAR0_PH1_ATR1_RRU1,false,1,true,true,true,KKT_OK,0,12.254914000000001,0.6561000000000001,0.0,false
SINQUAD2,5000,0,BASE_2P,true,1,false,false,false,KKT_OK,0,8.966214,0.6561000000000001,0.0,true
SINQUAD2,5000,0,2P_SAR1_PH1_ATR0_RRU0,true,1,true,false,false,KKT_OK,0,22.958362,0.6561000000000001,0.0,false
SINQUAD2,5000,0,2P_SAR1_PH1_ATR1_RRU0,true,1,true,true,false,KKT_OK,0,12.758237000000001,0.6561000000000001,0.0,false
SINQUAD2,5000,0,2P_SAR1_PH0_ATR0_RRU1,true,1,false,false,true,KKT_OK,0,8.521652,0.6561000000000001,0.0,false
SINQUAD2,5000,0,2P_SAR1_PH1_ATR0_RRU1,true,1,true,false,true,KKT_OK,0,17.898735,0.6561000000000001,0.0,false
SINQUAD2,5000,0,2P_SAR1_PH1_ATR1_RRU1,true,1,true,true,true,KKT_OK,0,11.230485,0.6561000000000001,0.0,false
SISSER,2,0,2P_SAR0_PH0_ATR0_RRU0,false,1,false,false,false,KKT_OK,8,6.077522999999999,1.0182467378036861e-64,0.0,false
SISSER,2,0,2P_SAR0_PH1_ATR0_RRU0,false,1,true,false,false,KKT_OK,9,2.688996,1.8628858640938837e-9,0.0,false
SISSER,2,0,2P_SAR0_PH1_ATR1_RRU0,false,1,true,true,false,KKT_OK,9,3.414756,5.145582868810106e-9,0.0,false
SISSER,2,0,2P_SAR0_PH0_ATR0_RRU1,false,1,false,false,true,KKT_OK,8,5.300448,1.0182467378036861e-64,0.0,false
SISSER,2,0,2P_SAR0_PH1_ATR0_RRU1,false,1,true,false,true,KKT_OK,9,2.6504950000000003,1.8628858640938837e-9,0.0,false
SISSER,2,0,2P_SAR0_PH1_ATR1_RRU1,false,1,true,true,true,KKT_OK,9,3.4327099999999997,5.145582868810106e-9,0.0,false
SISSER,2,0,BASE_2P,true,1,false,false,false,KKT_OK,13,3.0104480000000002,1.3525691128665986e-63,0.0,true
SISSER,2,0,2P_SAR1_PH1_ATR0_RRU0,true,1,true,false,false,KKT_OK,9,2.6451439999999997,1.8628858640938837e-9,0.0,false
SISSER,2,0,2P_SAR1_PH1_ATR1_RRU0,true,1,true,true,false,KKT_OK,9,3.383658,5.145582868810106e-9,0.0,false
SISSER,2,0,2P_SAR1_PH0_ATR0_RRU1,true,1,false,false,true,KKT_OK,13,3.025026,1.3525691128665986e-63,0.0,false
SISSER,2,0,2P_SAR1_PH1_ATR0_RRU1,true,1,true,false,true,KKT_OK,9,2.684508,1.8628858640938837e-9,0.0,false
SISSER,2,0,2P_SAR1_PH1_ATR1_RRU1,true,1,true,true,true,KKT_OK,9,3.458618,5.145582868810106e-9,0.0,false
SISSER2,2,0,2P_SAR0_PH0_ATR0_RRU0,false,1,false,false,false,KKT_OK,8,3.607246,9.765626464843884e-8,0.0,false
SISSER2,2,0,2P_SAR0_PH1_ATR0_RRU0,false,1,true,false,false,KKT_OK,8,2.38111,2.2341504706858367e-10,0.0,false
SISSER2,2,0,2P_SAR0_PH1_ATR1_RRU0,false,1,true,true,false,KKT_OK,10,3.7363779999999998,1.948345408789909e-8,0.0,false
SISSER2,2,0,2P_SAR0_PH0_ATR0_RRU1,false,1,false,false,true,KKT_OK,8,2.838717,9.765626464843884e-8,0.0,false
SISSER2,2,0,2P_SAR0_PH1_ATR0_RRU1,false,1,true,false,true,KKT_OK,8,2.353348,2.2341504706858367e-10,0.0,false
SISSER2,2,0,2P_SAR0_PH1_ATR1_RRU1,false,1,true,true,true,KKT_OK,10,3.712313,1.948345408789909e-8,0.0,false
SISSER2,2,0,BASE_2P,true,1,false,false,false,KKT_OK,16,3.4994750000000003,2.6486052890802816e-63,0.0,true
SISSER2,2,0,2P_SAR1_PH1_ATR0_RRU0,true,1,true,false,false,KKT_OK,8,2.3479780000000003,2.2341504706858367e-10,0.0,false
SISSER2,2,0,2P_SAR1_PH1_ATR1_RRU0,true,1,true,true,false,KKT_OK,10,3.7048099999999997,1.948345408789909e-8,0.0,false
SISSER2,2,0,2P_SAR1_PH0_ATR0_RRU1,true,1,false,false,true,KKT_OK,16,3.542986,2.6486052890802816e-63,0.0,false
SISSER2,2,0,2P_SAR1_PH1_ATR0_RRU1,true,1,true,false,true,KKT_OK,8,2.390828,2.2341504706858367e-10,0.0,false
SISSER2,2,0,2P_SAR1_PH1_ATR1_RRU1,true,1,true,true,true,KKT_OK,10,3.774009,1.948345408789909e-8,0.0,false
SNAIL,2,0,2P_SAR0_PH0_ATR0_RRU0,false,1,false,false,false,MAX_IT,500,117.331293,12.948536796384673,0.0,false
SNAIL,2,0,2P_SAR0_PH1_ATR0_RRU0,false,1,true,false,false,MAX_IT,500,98.477891,13.247251266684609,0.0,false
SNAIL,2,0,2P_SAR0_PH1_ATR1_RRU0,false,1,true,true,false,MAX_IT,500,135.375231,11.323862379252972,0.0,false
SNAIL,2,0,2P_SAR0_PH0_ATR0_RRU1,false,1,false,false,true,MAX_IT,500,117.315555,12.948536796384673,0.0,false
SNAIL,2,0,2P_SAR0_PH1_ATR0_RRU1,false,1,true,false,true,MAX_IT,500,103.37292,13.247251266684609,0.0,false
SNAIL,2,0,2P_SAR0_PH1_ATR1_RRU1,false,1,true,true,true,MAX_IT,500,135.332781,11.323862379252972,0.0,false
SNAIL,2,0,BASE_2P,true,1,false,false,false,MAX_IT,500,81.635775,13.899241081734617,0.0,true
SNAIL,2,0,2P_SAR1_PH1_ATR0_RRU0,true,1,true,false,false,MAX_IT,500,98.432436,13.247251266684609,0.0,false
SNAIL,2,0,2P_SAR1_PH1_ATR1_RRU0,true,1,true,true,false,MAX_IT,500,139.917899,11.323862379252972,0.0,false
SNAIL,2,0,2P_SAR1_PH0_ATR0_RRU1,true,1,false,false,true,MAX_IT,500,85.431695,13.899241081734617,0.0,false
SNAIL,2,0,2P_SAR1_PH1_ATR0_RRU1,true,1,true,false,true,MAX_IT,500,102.18275,13.247251266684609,0.0,false
SNAIL,2,0,2P_SAR1_PH1_ATR1_RRU1,true,1,true,true,true,MAX_IT,500,134.712439,11.323862379252972,0.0,false
SPARSINE,5000,0,2P_SAR0_PH0_ATR0_RRU0,false,1,false,false,false,SMALL_STEP,15,302.29929300000003,0.1341372728081272,0.0,false
SPARSINE,5000,0,2P_SAR0_PH1_ATR0_RRU0,false,1,true,false,false,KKT_OK,6,141.41841,0.0,0.0,false
SPARSINE,5000,0,2P_SAR0_PH1_ATR1_RRU0,false,1,true,true,false,SMALL_STEP,124,1924.0967520000002,0.21011231467553773,0.0,false
SPARSINE,5000,0,2P_SAR0_PH0_ATR0_RRU1,false,1,false,false,true,SMALL_STEP,15,281.34765,0.1341372728081272,0.0,false
SPARSINE,5000,0,2P_SAR0_PH1_ATR0_RRU1,false,1,true,false,true,KKT_OK,6,144.55721799999998,0.0,0.0,false
SPARSINE,5000,0,2P_SAR0_PH1_ATR1_RRU1,false,1,true,true,true,SMALL_STEP,124,1974.8804069999999,0.21011231467553773,0.0,false
SPARSINE,5000,0,BASE_2P,true,1,false,false,false,KKT_OK,8,267.860708,1.733683617338502e-25,0.0,true
SPARSINE,5000,0,2P_SAR1_PH1_ATR0_RRU0,true,1,true,false,false,KKT_OK,6,160.44404500000002,0.0,0.0,false
SPARSINE,5000,0,2P_SAR1_PH1_ATR1_RRU0,true,1,true,true,false,SMALL_STEP,124,1915.53519,0.21011231467553773,0.0,false
SPARSINE,5000,0,2P_SAR1_PH0_ATR0_RRU1,true,1,false,false,true,KKT_OK,8,272.874147,1.733683617338502e-25,0.0,false
SPARSINE,5000,0,2P_SAR1_PH1_ATR0_RRU1,true,1,true,false,true,KKT_OK,6,142.286725,0.0,0.0,false
SPARSINE,5000,0,2P_SAR1_PH1_ATR1_RRU1,true,1,true,true,true,SMALL_STEP,124,1918.771919,0.21011231467553773,0.0,false
SPARSQUR,10000,0,2P_SAR0_PH0_ATR0_RRU0,false,1,false,false,false,KKT_OK,11,362.017995,5.239213351160294e-6,0.0,false
SPARSQUR,10000,0,2P_SAR0_PH1_ATR0_RRU0,false,1,true,false,false,KKT_OK,7,201.019092,2.418742108224414e-10,0.0,false
SPARSQUR,10000,0,2P_SAR0_PH1_ATR1_RRU0,false,1,true,true,false,KKT_OK,10,384.205652,5.109590998861705e-6,0.0,false
SPARSQUR,10000,0,2P_SAR0_PH0_ATR0_RRU1,false,1,false,false,true,KKT_OK,11,301.589491,5.239213351160294e-6,0.0,false
SPARSQUR,10000,0,2P_SAR0_PH1_ATR0_RRU1,false,1,true,false,true,KKT_OK,7,200.968617,2.418742108224414e-10,0.0,false
SPARSQUR,10000,0,2P_SAR0_PH1_ATR1_RRU1,false,1,true,true,true,KKT_OK,10,379.28877300000005,5.109590998861705e-6,0.0,false
SPARSQUR,10000,0,BASE_2P,true,1,false,false,false,KKT_OK,8,381.312603,1.3354477456688964e-58,0.0,true
SPARSQUR,10000,0,2P_SAR1_PH1_ATR0_RRU0,true,1,true,false,false,KKT_OK,7,198.02662700000002,2.418742108224414e-10,0.0,false
SPARSQUR,10000,0,2P_SAR1_PH1_ATR1_RRU0,true,1,true,true,false,KKT_OK,10,457.03346,5.109590998861705e-6,0.0,false
SPARSQUR,10000,0,2P_SAR1_PH0_ATR0_RRU1,true,1,false,false,true,KKT_OK,8,458.445103,1.3354477456688964e-58,0.0,false
SPARSQUR,10000,0,2P_SAR1_PH1_ATR0_RRU1,true,1,true,false,true,KKT_OK,7,199.877352,2.418742108224414e-10,0.0,false
SPARSQUR,10000,0,2P_SAR1_PH1_ATR1_RRU1,true,1,true,true,true,KKT_OK,10,383.773172,5.109590998861705e-6,0.0,false
SPECAN,9,0,2P_SAR0_PH0_ATR0_RRU0,false,1,false,false,false,MAX_IT,500,1268.972609,73.48285867115905,0.0,false
SPECAN,9,0,2P_SAR0_PH1_ATR0_RRU0,false,1,true,false,false,MAX_IT,500,1089.942073,16.977661517912182,0.0,false
SPECAN,9,0,2P_SAR0_PH1_ATR1_RRU0,false,1,true,true,false,MAX_IT,500,1360.3281869999998,26.930801349110556,0.0,false
SPECAN,9,0,2P_SAR0_PH0_ATR0_RRU1,false,1,false,false,true,MAX_IT,500,1268.793931,73.48285867115905,0.0,false
SPECAN,9,0,2P_SAR0_PH1_ATR0_RRU1,false,1,true,false,true,MAX_IT,500,1095.889549,16.977661517912182,0.0,false
SPECAN,9,0,2P_SAR0_PH1_ATR1_RRU1,false,1,true,true,true,MAX_IT,500,1362.238421,26.930801349110556,0.0,false
SPECAN,9,0,BASE_2P,true,1,false,false,false,MAX_IT,500,1078.862365,424.9978332192332,0.0,true
SPECAN,9,0,2P_SAR1_PH1_ATR0_RRU0,true,1,true,false,false,MAX_IT,500,1089.284886,16.977661517912182,0.0,false
SPECAN,9,0,2P_SAR1_PH1_ATR1_RRU0,true,1,true,true,false,MAX_IT,500,1360.816805,26.930801349110556,0.0,false
SPECAN,9,0,2P_SAR1_PH0_ATR0_RRU1,true,1,false,false,true,MAX_IT,500,1076.172805,424.9978332192332,0.0,false
SPECAN,9,0,2P_SAR1_PH1_ATR0_RRU1,true,1,true,false,true,MAX_IT,500,1086.015209,16.977661517912182,0.0,false
SPECAN,9,0,2P_SAR1_PH1_ATR1_RRU1,true,1,true,true,true,MAX_IT,500,1357.054044,26.930801349110556,0.0,false
SPIN2LS,102,0,2P_SAR0_PH0_ATR0_RRU0,false,1,false,false,false,MAX_IT,500,394.267031,0.9472065531587874,0.0,false
SPIN2LS,102,0,2P_SAR0_PH1_ATR0_RRU0,false,1,true,false,false,MAX_IT,500,300.47250399999996,8.180181809591996,0.0,false
SPIN2LS,102,0,2P_SAR0_PH1_ATR1_RRU0,false,1,true,true,false,MAX_IT,500,510.867214,2.900941321820385,0.0,false
SPIN2LS,102,0,2P_SAR0_PH0_ATR0_RRU1,false,1,false,false,true,MAX_IT,500,390.814786,0.9472065531587874,0.0,false
SPIN2LS,102,0,2P_SAR0_PH1_ATR0_RRU1,false,1,true,false,true,MAX_IT,500,303.810107,8.180181809591996,0.0,false
SPIN2LS,102,0,2P_SAR0_PH1_ATR1_RRU1,false,1,true,true,true,MAX_IT,500,551.2145939999999,2.900941321820385,0.0,false
SPIN2LS,102,0,BASE_2P,true,1,false,false,false,MAX_IT,500,296.691312,0.6523878976873232,0.0,true
SPIN2LS,102,0,2P_SAR1_PH1_ATR0_RRU0,true,1,true,false,false,MAX_IT,500,302.383653,8.180181809591996,0.0,false
SPIN2LS,102,0,2P_SAR1_PH1_ATR1_RRU0,true,1,true,true,false,MAX_IT,500,510.902109,2.900941321820385,0.0,false
SPIN2LS,102,0,2P_SAR1_PH0_ATR0_RRU1,true,1,false,false,true,MAX_IT,500,297.695412,0.6523878976873232,0.0,false
SPIN2LS,102,0,2P_SAR1_PH1_ATR0_RRU1,true,1,true,false,true,MAX_IT,500,302.384325,8.180181809591996,0.0,false
SPIN2LS,102,0,2P_SAR1_PH1_ATR1_RRU1,true,1,true,true,true,MAX_IT,500,512.608294,2.900941321820385,0.0,false
SPINLS,1327,0,2P_SAR0_PH0_ATR0_RRU0,false,1,false,false,false,SMALL_STEP,457,1459.824947,98.77972665631007,0.0,false
SPINLS,1327,0,2P_SAR0_PH1_ATR0_RRU0,false,1,true,false,false,MAX_IT,500,1127.1018370000002,24.67987302125195,0.0,false
SPINLS,1327,0,2P_SAR0_PH1_ATR1_RRU0,false,1,true,true,false,MAX_IT,500,2079.275552,117.90221899278309,0.0,false
SPINLS,1327,0,2P_SAR0_PH0_ATR0_RRU1,false,1,false,false,true,SMALL_STEP,457,1496.314177,98.77972665631007,0.0,false
SPINLS,1327,0,2P_SAR0_PH1_ATR0_RRU1,false,1,true,false,true,MAX_IT,500,1201.518726,24.67987302125195,0.0,false
SPINLS,1327,0,2P_SAR0_PH1_ATR1_RRU1,false,1,true,true,true,MAX_IT,500,2119.6229670000002,117.90221899278309,0.0,false
SPINLS,1327,0,BASE_2P,true,1,false,false,false,SMALL_STEP,377,851.567458,26.199633913643865,0.0,true
SPINLS,1327,0,2P_SAR1_PH1_ATR0_RRU0,true,1,true,false,false,MAX_IT,500,1126.3164199999999,24.67987302125195,0.0,false
SPINLS,1327,0,2P_SAR1_PH1_ATR1_RRU0,true,1,true,true,false,MAX_IT,500,2142.441731,117.90221899278309,0.0,false
SPINLS,1327,0,2P_SAR1_PH0_ATR0_RRU1,true,1,false,false,true,SMALL_STEP,377,943.8728229999999,26.199633913643865,0.0,false
SPINLS,1327,0,2P_SAR1_PH1_ATR0_RRU1,true,1,true,false,true,MAX_IT,500,1128.319529,24.67987302125195,0.0,false
SPINLS,1327,0,2P_SAR1_PH1_ATR1_RRU1,true,1,true,true,true,MAX_IT,500,2116.066897,117.90221899278309,0.0,false
SPMSRTLS,4999,0,2P_SAR0_PH0_ATR0_RRU0,false,1,false,false,false,KKT_OK,54,603.735116,2.622052930602533,0.0,false
SPMSRTLS,4999,0,2P_SAR0_PH1_ATR0_RRU0,false,1,true,false,false,KKT_OK,49,431.35256599999997,0.5656064880433922,0.0,false
SPMSRTLS,4999,0,2P_SAR0_PH1_ATR1_RRU0,false,1,true,true,false,KKT_OK,79,1190.226565,2.6242256845940246,0.0,false
SPMSRTLS,4999,0,2P_SAR0_PH0_ATR0_RRU1,false,1,false,false,true,KKT_OK,54,586.701982,2.622052930602533,0.0,false
SPMSRTLS,4999,0,2P_SAR0_PH1_ATR0_RRU1,false,1,true,false,true,KKT_OK,49,432.389658,0.5656064880433922,0.0,false
SPMSRTLS,4999,0,2P_SAR0_PH1_ATR1_RRU1,false,1,true,true,true,KKT_OK,79,1130.81692,2.6242256845940246,0.0,false
SPMSRTLS,4999,0,BASE_2P,true,1,false,false,false,KKT_OK,45,376.39570199999997,1.2133586619599694,0.0,true
SPMSRTLS,4999,0,2P_SAR1_PH1_ATR0_RRU0,true,1,true,false,false,KKT_OK,49,439.851985,0.5656064880433922,0.0,false
SPMSRTLS,4999,0,2P_SAR1_PH1_ATR1_RRU0,true,1,true,true,false,KKT_OK,79,1131.491762,2.6242256845940246,0.0,false
SPMSRTLS,4999,0,2P_SAR1_PH0_ATR0_RRU1,true,1,false,false,true,KKT_OK,45,354.684948,1.2133586619599694,0.0,false
SPMSRTLS,4999,0,2P_SAR1_PH1_ATR0_RRU1,true,1,true,false,true,KKT_OK,49,404.066198,0.5656064880433922,0.0,false
SPMSRTLS,4999,0,2P_SAR1_PH1_ATR1_RRU1,true,1,true,true,true,KKT_OK,79,1126.186946,2.6242256845940246,0.0,false
SROSENBR,5000,0,2P_SAR0_PH0_ATR0_RRU0,false,1,false,false,false,MAX_IT,500,4815.691362,33.606553603238474,0.0,false
SROSENBR,5000,0,2P_SAR0_PH1_ATR0_RRU0,false,1,true,false,false,MAX_IT,500,4070.185655,68.14195410214795,0.0,false
SROSENBR,5000,0,2P_SAR0_PH1_ATR1_RRU0,false,1,true,true,false,MAX_IT,500,6751.043731000001,37.649304037933966,0.0,false
SROSENBR,5000,0,2P_SAR0_PH0_ATR0_RRU1,false,1,false,false,true,MAX_IT,500,4821.808884,33.606553603238474,0.0,false
SROSENBR,5000,0,2P_SAR0_PH1_ATR0_RRU1,false,1,true,false,true,MAX_IT,500,4082.721503,68.14195410214795,0.0,false
SROSENBR,5000,0,2P_SAR0_PH1_ATR1_RRU1,false,1,true,true,true,MAX_IT,500,6674.035973999999,37.649304037933966,0.0,false
SROSENBR,5000,0,BASE_2P,true,1,false,false,false,MAX_IT,500,3238.965988,253.5517440147813,0.0,true
SROSENBR,5000,0,2P_SAR1_PH1_ATR0_RRU0,true,1,true,false,false,MAX_IT,500,4199.815207000001,68.14195410214795,0.0,false
SROSENBR,5000,0,2P_SAR1_PH1_ATR1_RRU0,true,1,true,true,false,MAX_IT,500,6678.845032,37.649304037933966,0.0,false
SROSENBR,5000,0,2P_SAR1_PH0_ATR0_RRU1,true,1,false,false,true,MAX_IT,500,3265.882007,253.5517440147813,0.0,false
SROSENBR,5000,0,2P_SAR1_PH1_ATR0_RRU1,true,1,true,false,true,MAX_IT,500,4099.769699,68.14195410214795,0.0,false
SROSENBR,5000,0,2P_SAR1_PH1_ATR1_RRU1,true,1,true,true,true,MAX_IT,500,6709.230235999999,37.649304037933966,0.0,false
SSBRYBND,5000,0,2P_SAR0_PH0_ATR0_RRU0,false,1,false,false,false,SMALL_STEP,231,2444.3972879999997,16742.420239060626,0.0,false
SSBRYBND,5000,0,2P_SAR0_PH1_ATR0_RRU0,false,1,true,false,false,SMALL_STEP,385,2837.499025,7132.43985261792,0.0,false
SSBRYBND,5000,0,2P_SAR0_PH1_ATR1_RRU0,false,1,true,true,false,MAX_IT,500,6165.63057,25898.336526990766,0.0,false
SSBRYBND,5000,0,2P_SAR0_PH0_ATR0_RRU1,false,1,false,false,true,SMALL_STEP,231,2484.155824,16742.420239060626,0.0,false
SSBRYBND,5000,0,2P_SAR0_PH1_ATR0_RRU1,false,1,true,false,true,SMALL_STEP,385,2822.6224009999996,7132.43985261792,0.0,false
SSBRYBND,5000,0,2P_SAR0_PH1_ATR1_RRU1,false,1,true,true,true,MAX_IT,500,6145.18318,25898.336526990766,0.0,false
SSBRYBND,5000,0,BASE_2P,true,1,false,false,false,SMALL_STEP,202,1536.933624,11711.227351257261,0.0,true
SSBRYBND,5000,0,2P_SAR1_PH1_ATR0_RRU0,true,1,true,false,false,SMALL_STEP,385,2840.580436,7132.43985261792,0.0,false
SSBRYBND,5000,0,2P_SAR1_PH1_ATR1_RRU0,true,1,true,true,false,MAX_IT,500,6258.878863999999,25898.336526990766,0.0,false
SSBRYBND,5000,0,2P_SAR1_PH0_ATR0_RRU1,true,1,false,false,true,SMALL_STEP,202,1475.157076,11711.227351257261,0.0,false
SSBRYBND,5000,0,2P_SAR1_PH1_ATR0_RRU1,true,1,true,false,true,SMALL_STEP,385,2861.266851,7132.43985261792,0.0,false
SSBRYBND,5000,0,2P_SAR1_PH1_ATR1_RRU1,true,1,true,true,true,MAX_IT,500,6142.996215,25898.336526990766,0.0,false
SSC,5184,0,2P_SAR0_PH0_ATR0_RRU0,false,1,false,false,false,KKT_OK,0,17.649867,-2.0000000000069504,0.0,false
SSC,5184,0,2P_SAR0_PH1_ATR0_RRU0,false,1,true,false,false,KKT_OK,0,14.791584,-2.0000000000069504,0.0,false
SSC,5184,0,2P_SAR0_PH1_ATR1_RRU0,false,1,true,true,false,KKT_OK,0,9.6854,-2.0000000000069504,0.0,false
SSC,5184,0,2P_SAR0_PH0_ATR0_RRU1,false,1,false,false,true,KKT_OK,0,9.549805999999998,-2.0000000000069504,0.0,false
SSC,5184,0,2P_SAR0_PH1_ATR0_RRU1,false,1,true,false,true,KKT_OK,0,15.117594,-2.0000000000069504,0.0,false
SSC,5184,0,2P_SAR0_PH1_ATR1_RRU1,false,1,true,true,true,KKT_OK,0,9.399143,-2.0000000000069504,0.0,false
SSC,5184,0,BASE_2P,true,1,false,false,false,KKT_OK,0,9.566938,-2.0000000000069504,0.0,true
SSC,5184,0,2P_SAR1_PH1_ATR0_RRU0,true,1,true,false,false,KKT_OK,0,9.681272,-2.0000000000069504,0.0,false
SSC,5184,0,2P_SAR1_PH1_ATR1_RRU0,true,1,true,true,false,KKT_OK,0,15.301679,-2.0000000000069504,0.0,false
SSC,5184,0,2P_SAR1_PH0_ATR0_RRU1,true,1,false,false,true,KKT_OK,0,9.387032,-2.0000000000069504,0.0,false
SSC,5184,0,2P_SAR1_PH1_ATR0_RRU1,true,1,true,false,true,KKT_OK,0,9.443286,-2.0000000000069504,0.0,false
SSC,5184,0,2P_SAR1_PH1_ATR1_RRU1,true,1,true,true,true,KKT_OK,0,15.455066,-2.0000000000069504,0.0,false
SSCOSINE,5000,0,2P_SAR0_PH0_ATR0_RRU0,false,1,false,false,false,SMALL_STEP,15,207.360211,-4571.740103078007,0.0,false
SSCOSINE,5000,0,2P_SAR0_PH1_ATR0_RRU0,false,1,true,false,false,SMALL_STEP,13,260.244348,-3479.337074474254,0.0,false
SSCOSINE,5000,0,2P_SAR0_PH1_ATR1_RRU0,false,1,true,true,false,SMALL_STEP,44,984.358281,-4551.40277739259,0.0,false
SSCOSINE,5000,0,2P_SAR0_PH0_ATR0_RRU1,false,1,false,false,true,SMALL_STEP,15,207.832585,-4571.740103078007,0.0,false
SSCOSINE,5000,0,2P_SAR0_PH1_ATR0_RRU1,false,1,true,false,true,SMALL_STEP,13,186.92346400000002,-3479.337074474254,0.0,false
SSCOSINE,5000,0,2P_SAR0_PH1_ATR1_RRU1,false,1,true,true,true,SMALL_STEP,44,1032.731471,-4551.40277739259,0.0,false
SSCOSINE,5000,0,BASE_2P,true,1,false,false,false,SMALL_STEP,16,173.088983,-3470.6936643093754,0.0,true
SSCOSINE,5000,0,2P_SAR1_PH1_ATR0_RRU0,true,1,true,false,false,SMALL_STEP,13,177.892209,-3479.337074474254,0.0,false
SSCOSINE,5000,0,2P_SAR1_PH1_ATR1_RRU0,true,1,true,true,false,SMALL_STEP,44,958.6344919999999,-4551.40277739259,0.0,false
SSCOSINE,5000,0,2P_SAR1_PH0_ATR0_RRU1,true,1,false,false,true,SMALL_STEP,16,177.67927,-3470.6936643093754,0.0,false
SSCOSINE,5000,0,2P_SAR1_PH1_ATR0_RRU1,true,1,true,false,true,SMALL_STEP,13,206.459854,-3479.337074474254,0.0,false
SSCOSINE,5000,0,2P_SAR1_PH1_ATR1_RRU1,true,1,true,true,true,SMALL_STEP,44,1002.6219679999999,-4551.40277739259,0.0,false
SSI,3,0,2P_SAR0_PH0_ATR0_RRU0,false,1,false,false,false,MAX_IT,500,124.181994,0.05000401718480629,0.0,false
SSI,3,0,2P_SAR0_PH1_ATR0_RRU0,false,1,true,false,false,MAX_IT,500,101.233924,0.05798617985199182,0.0,false
SSI,3,0,2P_SAR0_PH1_ATR1_RRU0,false,1,true,true,false,SMALL_STEP,189,55.755045,0.03380920120351485,0.0,false
SSI,3,0,2P_SAR0_PH0_ATR0_RRU1,false,1,false,false,true,MAX_IT,500,117.809979,0.05000401718480629,0.0,false
SSI,3,0,2P_SAR0_PH1_ATR0_RRU1,false,1,true,false,true,MAX_IT,500,104.48441199999999,0.05798617985199182,0.0,false
SSI,3,0,2P_SAR0_PH1_ATR1_RRU1,false,1,true,true,true,SMALL_STEP,189,51.690092,0.03380920120351485,0.0,false
SSI,3,0,BASE_2P,true,1,false,false,false,MAX_IT,500,81.206754,0.0745583388560247,0.0,true
SSI,3,0,2P_SAR1_PH1_ATR0_RRU0,true,1,true,false,false,MAX_IT,500,104.886445,0.05798617985199182,0.0,false
SSI,3,0,2P_SAR1_PH1_ATR1_RRU0,true,1,true,true,false,SMALL_STEP,189,51.434624,0.03380920120351485,0.0,false
SSI,3,0,2P_SAR1_PH0_ATR0_RRU1,true,1,false,false,true,MAX_IT,500,81.462614,0.0745583388560247,0.0,false
SSI,3,0,2P_SAR1_PH1_ATR0_RRU1,true,1,true,false,true,MAX_IT,500,104.98564,0.05798617985199182,0.0,false
SSI,3,0,2P_SAR1_PH1_ATR1_RRU1,true,1,true,true,true,SMALL_STEP,189,51.346528,0.03380920120351485,0.0,false
STRATEC,10,0,2P_SAR0_PH0_ATR0_RRU0,false,1,false,false,false,SMALL_STEP,9,122.766052,2690.712548879394,0.0,false
STRATEC,10,0,2P_SAR0_PH1_ATR0_RRU0,false,1,true,false,false,SMALL_STEP,334,3332.942573,2612.222416962991,0.0,false
STRATEC,10,0,2P_SAR0_PH1_ATR1_RRU0,false,1,true,true,false,SMALL_STEP,5,92.119143,2699.5143802272105,0.0,false
STRATEC,10,0,2P_SAR0_PH0_ATR0_RRU1,false,1,false,false,true,SMALL_STEP,9,122.007481,2690.712548879394,0.0,false
STRATEC,10,0,2P_SAR0_PH1_ATR0_RRU1,false,1,true,false,true,SMALL_STEP,334,3328.3595680000003,2612.222416962991,0.0,false
STRATEC,10,0,2P_SAR0_PH1_ATR1_RRU1,false,1,true,true,true,SMALL_STEP,5,95.765602,2699.5143802272105,0.0,false
STRATEC,10,0,BASE_2P,true,1,false,false,false,SMALL_STEP,226,2246.649615,2632.9532235370248,0.0,true
STRATEC,10,0,2P_SAR1_PH1_ATR0_RRU0,true,1,true,false,false,SMALL_STEP,334,3332.2021830000003,2612.222416962991,0.0,false
STRATEC,10,0,2P_SAR1_PH1_ATR1_RRU0,true,1,true,true,false,SMALL_STEP,5,92.114614,2699.5143802272105,0.0,false
STRATEC,10,0,2P_SAR1_PH0_ATR0_RRU1,true,1,false,false,true,SMALL_STEP,226,2246.6323319999997,2632.9532235370248,0.0,false
STRATEC,10,0,2P_SAR1_PH1_ATR0_RRU1,true,1,true,false,true,SMALL_STEP,334,3327.650014,2612.222416962991,0.0,false
STRATEC,10,0,2P_SAR1_PH1_ATR1_RRU1,true,1,true,true,true,SMALL_STEP,5,92.336198,2699.5143802272105,0.0,false
STREG,4,0,2P_SAR0_PH0_ATR0_RRU0,false,1,false,false,false,MAX_IT,500,119.333062,9.999683410970883e19,0.0,false
STREG,4,0,2P_SAR0_PH1_ATR0_RRU0,false,1,true,false,false,MAX_IT,500,82.941162,9.998858472091037e19,0.0,false
STREG,4,0,2P_SAR0_PH1_ATR1_RRU0,false,1,true,true,false,MAX_IT,500,124.514185,9.821318814812222e19,0.0,false
STREG,4,0,2P_SAR0_PH0_ATR0_RRU1,false,1,false,false,true,MAX_IT,500,122.36800600000001,9.999683410970883e19,0.0,false
STREG,4,0,2P_SAR0_PH1_ATR0_RRU1,false,1,true,false,true,MAX_IT,500,82.441035,9.998858472091037e19,0.0,false
STREG,4,0,2P_SAR0_PH1_ATR1_RRU1,false,1,true,true,true,MAX_IT,500,124.208433,9.821318814812222e19,0.0,false
STREG,4,0,BASE_2P,true,1,false,false,false,MAX_IT,500,82.08605,9.999999899999619e19,0.0,true
STREG,4,0,2P_SAR1_PH1_ATR0_RRU0,true,1,true,false,false,MAX_IT,500,81.997976,9.998858472091037e19,0.0,false
STREG,4,0,2P_SAR1_PH1_ATR1_RRU0,true,1,true,true,false,MAX_IT,500,124.379183,9.821318814812222e19,0.0,false
STREG,4,0,2P_SAR1_PH0_ATR0_RRU1,true,1,false,false,true,MAX_IT,500,85.93528,9.999999899999619e19,0.0,false
STREG,4,0,2P_SAR1_PH1_ATR0_RRU1,true,1,true,false,true,MAX_IT,500,82.062387,9.998858472091037e19,0.0,false
STREG,4,0,2P_SAR1_PH1_ATR1_RRU1,true,1,true,true,true,MAX_IT,500,128.511993,9.821318814812222e19,0.0,false
STRTCHDV,10,0,2P_SAR0_PH0_ATR0_RRU0,false,1,false,false,false,KKT_OK,6,3.5826000000000002,4.437804057611306e-11,0.0,false
STRTCHDV,10,0,2P_SAR0_PH1_ATR0_RRU0,false,1,true,false,false,KKT_OK,4,1.8676579999999998,2.4366925401693196e-12,0.0,false
STRTCHDV,10,0,2P_SAR0_PH1_ATR1_RRU0,false,1,true,true,false,KKT_OK,12,4.569929,7.0278948473492145e-6,0.0,false
STRTCHDV,10,0,2P_SAR0_PH0_ATR0_RRU1,false,1,false,false,true,KKT_OK,6,2.837895,4.437804057611306e-11,0.0,false
STRTCHDV,10,0,2P_SAR0_PH1_ATR0_RRU1,false,1,true,false,true,KKT_OK,4,1.801123,2.4366925401693196e-12,0.0,false
STRTCHDV,10,0,2P_SAR0_PH1_ATR1_RRU1,false,1,true,true,true,KKT_OK,12,4.492243,7.0278948473492145e-6,0.0,false
STRTCHDV,10,0,BASE_2P,true,1,false,false,false,KKT_OK,5,2.1383539999999996,2.751794302137918e-9,0.0,true
STRTCHDV,10,0,2P_SAR1_PH1_ATR0_RRU0,true,1,true,false,false,KKT_OK,4,1.805682,2.4366925401693196e-12,0.0,false
STRTCHDV,10,0,2P_SAR1_PH1_ATR1_RRU0,true,1,true,true,false,KKT_OK,12,4.487385,7.0278948473492145e-6,0.0,false
STRTCHDV,10,0,2P_SAR1_PH0_ATR0_RRU1,true,1,false,false,true,KKT_OK,5,2.148304,2.751794302137918e-9,0.0,false
STRTCHDV,10,0,2P_SAR1_PH1_ATR0_RRU1,true,1,true,false,true,KKT_OK,4,1.79392,2.4366925401693196e-12,0.0,false
STRTCHDV,10,0,2P_SAR1_PH1_ATR1_RRU1,true,1,true,true,true,KKT_OK,12,4.480411999999999,7.0278948473492145e-6,0.0,false
STRTCHDVB,10,0,2P_SAR0_PH0_ATR0_RRU0,false,1,false,false,false,KKT_OK,6,3.588401,4.437804057611306e-11,0.0,false
STRTCHDVB,10,0,2P_SAR0_PH1_ATR0_RRU0,false,1,true,false,false,KKT_OK,4,1.9864499999999998,2.4366925401693196e-12,0.0,false
STRTCHDVB,10,0,2P_SAR0_PH1_ATR1_RRU0,false,1,true,true,false,KKT_OK,12,4.489759,7.0278948473492145e-6,0.0,false
STRTCHDVB,10,0,2P_SAR0_PH0_ATR0_RRU1,false,1,false,false,true,KKT_OK,6,2.924136,4.437804057611306e-11,0.0,false
STRTCHDVB,10,0,2P_SAR0_PH1_ATR0_RRU1,false,1,true,false,true,KKT_OK,4,1.8188060000000001,2.4366925401693196e-12,0.0,false
STRTCHDVB,10,0,2P_SAR0_PH1_ATR1_RRU1,false,1,true,true,true,KKT_OK,12,4.481353,7.0278948473492145e-6,0.0,false
STRTCHDVB,10,0,BASE_2P,true,1,false,false,false,KKT_OK,5,2.140248,2.751794302137918e-9,0.0,true
STRTCHDVB,10,0,2P_SAR1_PH1_ATR0_RRU0,true,1,true,false,false,KKT_OK,4,1.795813,2.4366925401693196e-12,0.0,false
STRTCHDVB,10,0,2P_SAR1_PH1_ATR1_RRU0,true,1,true,true,false,KKT_OK,12,4.461646,7.0278948473492145e-6,0.0,false
STRTCHDVB,10,0,2P_SAR1_PH0_ATR0_RRU1,true,1,false,false,true,KKT_OK,5,2.164854,2.751794302137918e-9,0.0,false
STRTCHDVB,10,0,2P_SAR1_PH1_ATR0_RRU1,true,1,true,false,true,KKT_OK,4,2.3085739999999997,2.4366925401693196e-12,0.0,false
STRTCHDVB,10,0,2P_SAR1_PH1_ATR1_RRU1,true,1,true,true,true,KKT_OK,12,4.514204,7.0278948473492145e-6,0.0,false
TAME,2,1,2P_SAR0_PH0_ATR0_RRU0,false,1,false,false,false,KKT_OK,5,6.415365,0.0,0.0,false
TAME,2,1,2P_SAR0_PH1_ATR0_RRU0,false,1,true,false,false,KKT_OK,5,4.921438,0.0,0.0,false
TAME,2,1,2P_SAR0_PH1_ATR1_RRU0,false,1,true,true,false,KKT_OK,5,9.575804,0.0,0.0,false
TAME,2,1,2P_SAR0_PH0_ATR0_RRU1,false,1,false,false,true,KKT_OK,5,5.486326,0.0,0.0,false
TAME,2,1,2P_SAR0_PH1_ATR0_RRU1,false,1,true,false,true,KKT_OK,5,4.895379,0.0,0.0,false
TAME,2,1,2P_SAR0_PH1_ATR1_RRU1,false,1,true,true,true,KKT_OK,5,9.614277,0.0,0.0,false
TAME,2,1,BASE_2P,true,1,false,false,false,KKT_OK,5,5.4941,0.0,0.0,true
TAME,2,1,2P_SAR1_PH1_ATR0_RRU0,true,1,true,false,false,KKT_OK,5,4.941935,0.0,0.0,false
TAME,2,1,2P_SAR1_PH1_ATR1_RRU0,true,1,true,true,false,KKT_OK,5,9.593528000000001,0.0,0.0,false
TAME,2,1,2P_SAR1_PH0_ATR0_RRU1,true,1,false,false,true,KKT_OK,5,5.489692,0.0,0.0,false
TAME,2,1,2P_SAR1_PH1_ATR0_RRU1,true,1,true,false,true,KKT_OK,5,4.8775249999999994,0.0,0.0,false
TAME,2,1,2P_SAR1_PH1_ATR1_RRU1,true,1,true,true,true,KKT_OK,5,9.542963,0.0,0.0,false
TESTQUAD,10,0,2P_SAR0_PH0_ATR0_RRU0,false,1,false,false,false,KKT_OK,8,6.147964,1.7333379899506822e-26,0.0,false
TESTQUAD,10,0,2P_SAR0_PH1_ATR0_RRU0,false,1,true,false,false,KKT_OK,7,4.33535,7.70372439978081e-27,0.0,false
TESTQUAD,10,0,2P_SAR0_PH1_ATR1_RRU0,false,1,true,true,false,SMALL_STEP,40,13.527806,0.03847839685317845,0.0,false
TESTQUAD,10,0,2P_SAR0_PH0_ATR0_RRU1,false,1,false,false,true,KKT_OK,8,5.448675,1.7333379899506822e-26,0.0,false
TESTQUAD,10,0,2P_SAR0_PH1_ATR0_RRU1,false,1,true,false,true,KKT_OK,7,4.309261,7.70372439978081e-27,0.0,false
TESTQUAD,10,0,2P_SAR0_PH1_ATR1_RRU1,false,1,true,true,true,SMALL_STEP,40,13.542404,0.03847839685317845,0.0,false
TESTQUAD,10,0,BASE_2P,true,1,false,false,false,KKT_OK,13,6.150599,4.814827749863006e-26,0.0,true
TESTQUAD,10,0,2P_SAR1_PH1_ATR0_RRU0,true,1,true,false,false,KKT_OK,7,4.380895,7.70372439978081e-27,0.0,false
TESTQUAD,10,0,2P_SAR1_PH1_ATR1_RRU0,true,1,true,true,false,SMALL_STEP,40,13.603459,0.03847839685317845,0.0,false
TESTQUAD,10,0,2P_SAR1_PH0_ATR0_RRU1,true,1,false,false,true,KKT_OK,13,5.979438999999999,4.814827749863006e-26,0.0,false
TESTQUAD,10,0,2P_SAR1_PH1_ATR0_RRU1,true,1,true,false,true,KKT_OK,7,4.368372,7.70372439978081e-27,0.0,false
TESTQUAD,10,0,2P_SAR1_PH1_ATR1_RRU1,true,1,true,true,true,SMALL_STEP,40,13.565086,0.03847839685317845,0.0,false
THURBERLS,7,0,2P_SAR0_PH0_ATR0_RRU0,false,1,false,false,false,SMALL_STEP,87,23.75969,994343.527445712,0.0,false
THURBERLS,7,0,2P_SAR0_PH1_ATR0_RRU0,false,1,true,false,false,SMALL_STEP,73,15.865174999999999,994629.3479011422,0.0,false
THURBERLS,7,0,2P_SAR0_PH1_ATR1_RRU0,false,1,true,true,false,SMALL_STEP,45,15.361661,998810.4736225599,0.0,false
THURBERLS,7,0,2P_SAR0_PH0_ATR0_RRU1,false,1,false,false,true,SMALL_STEP,87,23.057324,994343.527445712,0.0,false
THURBERLS,7,0,2P_SAR0_PH1_ATR0_RRU1,false,1,true,false,true,SMALL_STEP,73,19.590041,994629.3479011422,0.0,false
THURBERLS,7,0,2P_SAR0_PH1_ATR1_RRU1,false,1,true,true,true,SMALL_STEP,45,15.004082,998810.4736225599,0.0,false
THURBERLS,7,0,BASE_2P,true,1,false,false,false,SMALL_STEP,117,21.641493,993689.408070491,0.0,true
THURBERLS,7,0,2P_SAR1_PH1_ATR0_RRU0,true,1,true,false,false,SMALL_STEP,73,15.864132,994629.3479011422,0.0,false
THURBERLS,7,0,2P_SAR1_PH1_ATR1_RRU0,true,1,true,true,false,SMALL_STEP,45,15.044196,998810.4736225599,0.0,false
THURBERLS,7,0,2P_SAR1_PH0_ATR0_RRU1,true,1,false,false,true,SMALL_STEP,117,21.646983000000002,993689.408070491,0.0,false
THURBERLS,7,0,2P_SAR1_PH1_ATR0_RRU1,true,1,true,false,true,SMALL_STEP,73,15.865705,994629.3479011422,0.0,false
THURBERLS,7,0,2P_SAR1_PH1_ATR1_RRU1,true,1,true,true,true,SMALL_STEP,45,15.032905,998810.4736225599,0.0,false
TOINTGOR,50,0,2P_SAR0_PH0_ATR0_RRU0,false,1,false,false,false,MAX_IT,500,169.07040600000002,1375.6496365488256,0.0,false
TOINTGOR,50,0,2P_SAR0_PH1_ATR0_RRU0,false,1,true,false,false,MAX_IT,500,119.846684,1373.952471510239,0.0,false
TOINTGOR,50,0,2P_SAR0_PH1_ATR1_RRU0,false,1,true,true,false,MAX_IT,500,237.07191699999998,1373.9295449652986,0.0,false
TOINTGOR,50,0,2P_SAR0_PH0_ATR0_RRU1,false,1,false,false,true,MAX_IT,500,167.62061,1375.6496365488256,0.0,false
TOINTGOR,50,0,2P_SAR0_PH1_ATR0_RRU1,false,1,true,false,true,MAX_IT,500,120.407784,1373.952471510239,0.0,false
TOINTGOR,50,0,2P_SAR0_PH1_ATR1_RRU1,false,1,true,true,true,MAX_IT,500,235.058386,1373.9295449652986,0.0,false
TOINTGOR,50,0,BASE_2P,true,1,false,false,false,MAX_IT,500,116.695421,1374.125332385062,0.0,true
TOINTGOR,50,0,2P_SAR1_PH1_ATR0_RRU0,true,1,true,false,false,MAX_IT,500,121.024379,1373.952471510239,0.0,false
TOINTGOR,50,0,2P_SAR1_PH1_ATR1_RRU0,true,1,true,true,false,MAX_IT,500,234.955984,1373.9295449652986,0.0,false
TOINTGOR,50,0,2P_SAR1_PH0_ATR0_RRU1,true,1,false,false,true,MAX_IT,500,117.075293,1374.125332385062,0.0,false
TOINTGOR,50,0,2P_SAR1_PH1_ATR0_RRU1,true,1,true,false,true,MAX_IT,500,121.19585099999999,1373.952471510239,0.0,false
TOINTGOR,50,0,2P_SAR1_PH1_ATR1_RRU1,true,1,true,true,true,MAX_IT,500,239.38005,1373.9295449652986,0.0,false
TOINTGSS,5000,0,2P_SAR0_PH0_ATR0_RRU0,false,1,false,false,false,KKT_OK,13,157.89369200000002,10.000227942377203,0.0,false
TOINTGSS,5000,0,2P_SAR0_PH1_ATR0_RRU0,false,1,true,false,false,KKT_OK,10,124.819968,10.00092790286069,0.0,false
TOINTGSS,5000,0,2P_SAR0_PH1_ATR1_RRU0,false,1,true,true,false,KKT_OK,14,222.347439,10.00458692756173,0.0,false
TOINTGSS,5000,0,2P_SAR0_PH0_ATR0_RRU1,false,1,false,false,true,KKT_OK,13,232.23228300000002,10.000227942377203,0.0,false
TOINTGSS,5000,0,2P_SAR0_PH1_ATR0_RRU1,false,1,true,false,true,KKT_OK,10,123.503272,10.00092790286069,0.0,false
TOINTGSS,5000,0,2P_SAR0_PH1_ATR1_RRU1,false,1,true,true,true,KKT_OK,14,293.915811,10.00458692756173,0.0,false
TOINTGSS,5000,0,BASE_2P,true,1,false,false,false,KKT_OK,33,338.57122699999996,9.999999999860112,0.0,true
TOINTGSS,5000,0,2P_SAR1_PH1_ATR0_RRU0,true,1,true,false,false,KKT_OK,10,125.410504,10.00092790286069,0.0,false
TOINTGSS,5000,0,2P_SAR1_PH1_ATR1_RRU0,true,1,true,true,false,KKT_OK,14,220.047732,10.00458692756173,0.0,false
TOINTGSS,5000,0,2P_SAR1_PH0_ATR0_RRU1,true,1,false,false,true,KKT_OK,33,318.644495,9.999999999860112,0.0,false
TOINTGSS,5000,0,2P_SAR1_PH1_ATR0_RRU1,true,1,true,false,true,KKT_OK,10,126.692665,10.00092790286069,0.0,false
TOINTGSS,5000,0,2P_SAR1_PH1_ATR1_RRU1,true,1,true,true,true,KKT_OK,14,222.749693,10.00458692756173,0.0,false
TOINTPSP,50,0,2P_SAR0_PH0_ATR0_RRU0,false,1,false,false,false,MAX_IT,500,166.72985100000002,225.5780290417901,0.0,false
TOINTPSP,50,0,2P_SAR0_PH1_ATR0_RRU0,false,1,true,false,false,KKT_OK,231,58.599112000000005,225.56070275261644,0.0,false
TOINTPSP,50,0,2P_SAR0_PH1_ATR1_RRU0,false,1,true,true,false,MAX_IT,500,236.410908,225.57213070648655,0.0,false
TOINTPSP,50,0,2P_SAR0_PH0_ATR0_RRU1,false,1,false,false,true,MAX_IT,500,166.074474,225.5780290417901,0.0,false
TOINTPSP,50,0,2P_SAR0_PH1_ATR0_RRU1,false,1,true,false,true,KKT_OK,231,58.577922,225.56070275261644,0.0,false
TOINTPSP,50,0,2P_SAR0_PH1_ATR1_RRU1,false,1,true,true,true,MAX_IT,500,235.515492,225.57213070648655,0.0,false
TOINTPSP,50,0,BASE_2P,true,1,false,false,false,SMALL_STEP,287,68.816768,225.56141108590236,0.0,true
TOINTPSP,50,0,2P_SAR1_PH1_ATR0_RRU0,true,1,true,false,false,KKT_OK,231,61.272769,225.56070275261644,0.0,false
TOINTPSP,50,0,2P_SAR1_PH1_ATR1_RRU0,true,1,true,true,false,MAX_IT,500,237.413055,225.57213070648655,0.0,false
TOINTPSP,50,0,2P_SAR1_PH0_ATR0_RRU1,true,1,false,false,true,SMALL_STEP,287,65.62997,225.56141108590236,0.0,false
TOINTPSP,50,0,2P_SAR1_PH1_ATR0_RRU1,true,1,true,false,true,KKT_OK,231,58.097953000000004,225.56070275261644,0.0,false
TOINTPSP,50,0,2P_SAR1_PH1_ATR1_RRU1,true,1,true,true,true,MAX_IT,500,239.096809,225.57213070648655,0.0,false
TOINTQOR,50,0,2P_SAR0_PH0_ATR0_RRU0,false,1,false,false,false,MAX_IT,500,167.408993,1175.4824057006842,0.0,false
TOINTQOR,50,0,2P_SAR0_PH1_ATR0_RRU0,false,1,true,false,false,KKT_OK,176,42.725291,1175.4725044516856,0.0,false
TOINTQOR,50,0,2P_SAR0_PH1_ATR1_RRU0,false,1,true,true,false,KKT_OK,152,71.374277,1175.472464409926,0.0,false
TOINTQOR,50,0,2P_SAR0_PH0_ATR0_RRU1,false,1,false,false,true,MAX_IT,500,165.43380399999998,1175.4824057006842,0.0,false
TOINTQOR,50,0,2P_SAR0_PH1_ATR0_RRU1,false,1,true,false,true,KKT_OK,176,43.017508,1175.4725044516856,0.0,false
TOINTQOR,50,0,2P_SAR0_PH1_ATR1_RRU1,false,1,true,true,true,KKT_OK,152,68.645487,1175.472464409926,0.0,false
TOINTQOR,50,0,BASE_2P,true,1,false,false,false,KKT_OK,324,73.110621,1175.4725438537603,0.0,true
TOINTQOR,50,0,2P_SAR1_PH1_ATR0_RRU0,true,1,true,false,false,KKT_OK,176,42.902413,1175.4725044516856,0.0,false
TOINTQOR,50,0,2P_SAR1_PH1_ATR1_RRU0,true,1,true,true,false,KKT_OK,152,68.267439,1175.472464409926,0.0,false
TOINTQOR,50,0,2P_SAR1_PH0_ATR0_RRU1,true,1,false,false,true,KKT_OK,324,73.225154,1175.4725438537603,0.0,false
TOINTQOR,50,0,2P_SAR1_PH1_ATR0_RRU1,true,1,true,false,true,KKT_OK,176,42.784101,1175.4725044516856,0.0,false
TOINTQOR,50,0,2P_SAR1_PH1_ATR1_RRU1,true,1,true,true,true,KKT_OK,152,68.190465,1175.472464409926,0.0,false
TORSION1,5476,0,2P_SAR0_PH0_ATR0_RRU0,false,1,false,false,false,KKT_OK,0,11.391966,-0.3467817601809315,0.0,false
TORSION1,5476,0,2P_SAR0_PH1_ATR0_RRU0,false,1,true,false,false,KKT_OK,0,10.353682,-0.3467817601809315,0.0,false
TORSION1,5476,0,2P_SAR0_PH1_ATR1_RRU0,false,1,true,true,false,KKT_OK,0,14.295895,-0.3467817601809315,0.0,false
TORSION1,5476,0,2P_SAR0_PH0_ATR0_RRU1,false,1,false,false,true,KKT_OK,0,10.519843,-0.3467817601809315,0.0,false
TORSION1,5476,0,2P_SAR0_PH1_ATR0_RRU1,false,1,true,false,true,KKT_OK,0,14.635922,-0.3467817601809315,0.0,false
TORSION1,5476,0,2P_SAR0_PH1_ATR1_RRU1,false,1,true,true,true,KKT_OK,0,10.57741,-0.3467817601809315,0.0,false
TORSION1,5476,0,BASE_2P,true,1,false,false,false,KKT_OK,0,14.828814,-0.3467817601809315,0.0,true
TORSION1,5476,0,2P_SAR1_PH1_ATR0_RRU0,true,1,true,false,false,KKT_OK,0,10.610522000000001,-0.3467817601809315,0.0,false
TORSION1,5476,0,2P_SAR1_PH1_ATR1_RRU0,true,1,true,true,false,KKT_OK,0,15.193696,-0.3467817601809315,0.0,false
TORSION1,5476,0,2P_SAR1_PH0_ATR0_RRU1,true,1,false,false,true,KKT_OK,0,10.708596,-0.3467817601809315,0.0,false
TORSION1,5476,0,2P_SAR1_PH1_ATR0_RRU1,true,1,true,false,true,KKT_OK,0,15.746331999999999,-0.3467817601809315,0.0,false
TORSION1,5476,0,2P_SAR1_PH1_ATR1_RRU1,true,1,true,true,true,KKT_OK,0,11.157688,-0.3467817601809315,0.0,false
TORSION2,5476,0,2P_SAR0_PH0_ATR0_RRU0,false,1,false,false,false,KKT_OK,0,14.649808,0.0,0.0,false
TORSION2,5476,0,2P_SAR0_PH1_ATR0_RRU0,false,1,true,false,false,KKT_OK,0,10.489596,0.0,0.0,false
TORSION2,5476,0,2P_SAR0_PH1_ATR1_RRU0,false,1,true,true,false,KKT_OK,0,18.327706,0.0,0.0,false
TORSION2,5476,0,2P_SAR0_PH0_ATR0_RRU1,false,1,false,false,true,KKT_OK,0,16.555628,0.0,0.0,false
TORSION2,5476,0,2P_SAR0_PH1_ATR0_RRU1,false,1,true,false,true,KKT_OK,0,14.720731,0.0,0.0,false
TORSION2,5476,0,2P_SAR0_PH1_ATR1_RRU1,false,1,true,true,true,KKT_OK,0,10.519131,0.0,0.0,false
TORSION2,5476,0,BASE_2P,true,1,false,false,false,KKT_OK,0,15.269799,0.0,0.0,true
TORSION2,5476,0,2P_SAR1_PH1_ATR0_RRU0,true,1,true,false,false,KKT_OK,0,15.13669,0.0,0.0,false
TORSION2,5476,0,2P_SAR1_PH1_ATR1_RRU0,true,1,true,true,false,KKT_OK,0,19.562038,0.0,0.0,false
TORSION2,5476,0,2P_SAR1_PH0_ATR0_RRU1,true,1,false,false,true,KKT_OK,0,9.975944,0.0,0.0,false
TORSION2,5476,0,2P_SAR1_PH1_ATR0_RRU1,true,1,true,false,true,KKT_OK,0,25.790473000000002,0.0,0.0,false
TORSION2,5476,0,2P_SAR1_PH1_ATR1_RRU1,true,1,true,true,true,KKT_OK,0,10.42771,0.0,0.0,false
TORSION3,5476,0,2P_SAR0_PH0_ATR0_RRU0,false,1,false,false,false,KKT_OK,0,15.262746,-1.1799587164578886,0.0,false
TORSION3,5476,0,2P_SAR0_PH1_ATR0_RRU0,false,1,true,false,false,KKT_OK,0,10.405789,-1.1799587164578886,0.0,false
TORSION3,5476,0,2P_SAR0_PH1_ATR1_RRU0,false,1,true,true,false,KKT_OK,0,16.739291,-1.1799587164578886,0.0,false
TORSION3,5476,0,2P_SAR0_PH0_ATR0_RRU1,false,1,false,false,true,KKT_OK,0,10.586157,-1.1799587164578886,0.0,false
TORSION3,5476,0,2P_SAR0_PH1_ATR0_RRU1,false,1,true,false,true,KKT_OK,0,19.90466,-1.1799587164578886,0.0,false
TORSION3,5476,0,2P_SAR0_PH1_ATR1_RRU1,false,1,true,true,true,KKT_OK,0,16.884293000000003,-1.1799587164578886,0.0,false
TORSION3,5476,0,BASE_2P,true,1,false,false,false,KKT_OK,0,17.665185,-1.1799587164578886,0.0,true
TORSION3,5476,0,2P_SAR1_PH1_ATR0_RRU0,true,1,true,false,false,KKT_OK,0,10.492902,-1.1799587164578886,0.0,false
TORSION3,5476,0,2P_SAR1_PH1_ATR1_RRU0,true,1,true,true,false,KKT_OK,0,22.192525,-1.1799587164578886,0.0,false
TORSION3,5476,0,2P_SAR1_PH0_ATR0_RRU1,true,1,false,false,true,KKT_OK,0,13.674942000000001,-1.1799587164578886,0.0,false
TORSION3,5476,0,2P_SAR1_PH1_ATR0_RRU1,true,1,true,false,true,KKT_OK,0,23.836624,-1.1799587164578886,0.0,false
TORSION3,5476,0,2P_SAR1_PH1_ATR1_RRU1,true,1,true,true,true,KKT_OK,0,12.335553,-1.1799587164578886,0.0,false
TORSION4,5476,0,2P_SAR0_PH0_ATR0_RRU0,false,1,false,false,false,KKT_OK,0,18.478779,0.0,0.0,false
TORSION4,5476,0,2P_SAR0_PH1_ATR0_RRU0,false,1,true,false,false,KKT_OK,0,10.457376,0.0,0.0,false
TORSION4,5476,0,2P_SAR0_PH1_ATR1_RRU0,false,1,true,true,false,KKT_OK,0,15.169552,0.0,0.0,false
TORSION4,5476,0,2P_SAR0_PH0_ATR0_RRU1,false,1,false,false,true,KKT_OK,0,10.593551,0.0,0.0,false
TORSION4,5476,0,2P_SAR0_PH1_ATR0_RRU1,false,1,true,false,true,KKT_OK,0,16.461691000000002,0.0,0.0,false
TORSION4,5476,0,2P_SAR0_PH1_ATR1_RRU1,false,1,true,true,true,KKT_OK,0,10.559177,0.0,0.0,false
TORSION4,5476,0,BASE_2P,true,1,false,false,false,KKT_OK,0,19.919939,0.0,0.0,true
TORSION4,5476,0,2P_SAR1_PH1_ATR0_RRU0,true,1,true,false,false,KKT_OK,0,15.288875,0.0,0.0,false
TORSION4,5476,0,2P_SAR1_PH1_ATR1_RRU0,true,1,true,true,false,KKT_OK,0,17.894745999999998,0.0,0.0,false
TORSION4,5476,0,2P_SAR1_PH0_ATR0_RRU1,true,1,false,false,true,KKT_OK,0,10.132166999999999,0.0,0.0,false
TORSION4,5476,0,2P_SAR1_PH1_ATR0_RRU1,true,1,true,false,true,KKT_OK,0,12.904629,0.0,0.0,false
TORSION4,5476,0,2P_SAR1_PH1_ATR1_RRU1,true,1,true,true,true,KKT_OK,0,19.051592999999997,0.0,0.0,false
TORSION5,5476,0,2P_SAR0_PH0_ATR0_RRU0,false,1,false,false,false,KKT_OK,0,11.588804,-2.8463126290118956,0.0,false
TORSION5,5476,0,2P_SAR0_PH1_ATR0_RRU0,false,1,true,false,false,KKT_OK,0,16.220109,-2.8463126290118956,0.0,false
TORSION5,5476,0,2P_SAR0_PH1_ATR1_RRU0,false,1,true,true,false,KKT_OK,0,10.68407,-2.8463126290118956,0.0,false
TORSION5,5476,0,2P_SAR0_PH0_ATR0_RRU1,false,1,false,false,true,KKT_OK,0,16.982958,-2.8463126290118956,0.0,false
TORSION5,5476,0,2P_SAR0_PH1_ATR0_RRU1,false,1,true,false,true,KKT_OK,0,10.935762,-2.8463126290118956,0.0,false
TORSION5,5476,0,2P_SAR0_PH1_ATR1_RRU1,false,1,true,true,true,KKT_OK,0,17.205023999999998,-2.8463126290118956,0.0,false
TORSION5,5476,0,BASE_2P,true,1,false,false,false,KKT_OK,0,10.531214,-2.8463126290118956,0.0,true
TORSION5,5476,0,2P_SAR1_PH1_ATR0_RRU0,true,1,true,false,false,KKT_OK,0,16.200592,-2.8463126290118956,0.0,false
TORSION5,5476,0,2P_SAR1_PH1_ATR1_RRU0,true,1,true,true,false,KKT_OK,0,10.613809,-2.8463126290118956,0.0,false
TORSION5,5476,0,2P_SAR1_PH0_ATR0_RRU1,true,1,false,false,true,KKT_OK,0,16.201804,-2.8463126290118956,0.0,false
TORSION5,5476,0,2P_SAR1_PH1_ATR0_RRU1,true,1,true,false,true,KKT_OK,0,10.744694,-2.8463126290118956,0.0,false
TORSION5,5476,0,2P_SAR1_PH1_ATR1_RRU1,true,1,true,true,true,KKT_OK,0,15.907853999999999,-2.8463126290118956,0.0,false
TORSION6,5476,0,2P_SAR0_PH0_ATR0_RRU0,false,1,false,false,false,KKT_OK,0,11.203142,0.0,0.0,false
TORSION6,5476,0,2P_SAR0_PH1_ATR0_RRU0,false,1,true,false,false,KKT_OK,0,10.38482,0.0,0.0,false
TORSION6,5476,0,2P_SAR0_PH1_ATR1_RRU0,false,1,true,true,false,KKT_OK,0,14.915335,0.0,0.0,false
TORSION6,5476,0,2P_SAR0_PH0_ATR0_RRU1,false,1,false,false,true,KKT_OK,0,10.580226,0.0,0.0,false
TORSION6,5476,0,2P_SAR0_PH1_ATR0_RRU1,false,1,true,false,true,KKT_OK,0,14.471664,0.0,0.0,false
TORSION6,5476,0,2P_SAR0_PH1_ATR1_RRU1,false,1,true,true,true,KKT_OK,0,10.492091,0.0,0.0,false
TORSION6,5476,0,BASE_2P,true,1,false,false,false,KKT_OK,0,14.760124,0.0,0.0,true
TORSION6,5476,0,2P_SAR1_PH1_ATR0_RRU0,true,1,true,false,false,KKT_OK,0,10.66799,0.0,0.0,false
TORSION6,5476,0,2P_SAR1_PH1_ATR1_RRU0,true,1,true,true,false,KKT_OK,0,16.529017,0.0,0.0,false
TORSION6,5476,0,2P_SAR1_PH0_ATR0_RRU1,true,1,false,false,true,KKT_OK,0,10.600574,0.0,0.0,false
TORSION6,5476,0,2P_SAR1_PH1_ATR0_RRU1,true,1,true,false,true,KKT_OK,0,16.673888,0.0,0.0,false
TORSION6,5476,0,2P_SAR1_PH1_ATR1_RRU1,true,1,true,true,true,KKT_OK,0,10.927787,0.0,0.0,false
TORSIONA,5476,0,2P_SAR0_PH0_ATR0_RRU0,false,1,false,false,false,KKT_OK,0,11.583726,-0.3332707825116121,0.0,false
TORSIONA,5476,0,2P_SAR0_PH1_ATR0_RRU0,false,1,true,false,false,KKT_OK,0,16.984441,-0.3332707825116121,0.0,false
TORSIONA,5476,0,2P_SAR0_PH1_ATR1_RRU0,false,1,true,true,false,KKT_OK,0,11.176202,-0.3332707825116121,0.0,false
TORSIONA,5476,0,2P_SAR0_PH0_ATR0_RRU1,false,1,false,false,true,KKT_OK,0,16.830572,-0.3332707825116121,0.0,false
TORSIONA,5476,0,2P_SAR0_PH1_ATR0_RRU1,false,1,true,false,true,KKT_OK,0,10.826748,-0.3332707825116121,0.0,false
TORSIONA,5476,0,2P_SAR0_PH1_ATR1_RRU1,false,1,true,true,true,KKT_OK,0,17.09092,-0.3332707825116121,0.0,false
TORSIONA,5476,0,BASE_2P,true,1,false,false,false,KKT_OK,0,10.540951999999999,-0.3332707825116121,0.0,true
TORSIONA,5476,0,2P_SAR1_PH1_ATR0_RRU0,true,1,true,false,false,KKT_OK,0,17.189845,-0.3332707825116121,0.0,false
TORSIONA,5476,0,2P_SAR1_PH1_ATR1_RRU0,true,1,true,true,false,KKT_OK,0,10.606976000000001,-0.3332707825116121,0.0,false
TORSIONA,5476,0,2P_SAR1_PH0_ATR0_RRU1,true,1,false,false,true,KKT_OK,0,16.822617,-0.3332707825116121,0.0,false
TORSIONA,5476,0,2P_SAR1_PH1_ATR0_RRU1,true,1,true,false,true,KKT_OK,0,10.515094,-0.3332707825116121,0.0,false
TORSIONA,5476,0,2P_SAR1_PH1_ATR1_RRU1,true,1,true,true,true,KKT_OK,0,11.471224000000001,-0.3332707825116121,0.0,false
TORSIONB,5476,0,2P_SAR0_PH0_ATR0_RRU0,false,1,false,false,false,KKT_OK,0,11.474168,0.0,0.0,false
TORSIONB,5476,0,2P_SAR0_PH1_ATR0_RRU0,false,1,true,false,false,KKT_OK,0,17.274599000000002,0.0,0.0,false
TORSIONB,5476,0,2P_SAR0_PH1_ATR1_RRU0,false,1,true,true,false,KKT_OK,0,10.72161,0.0,0.0,false
TORSIONB,5476,0,2P_SAR0_PH0_ATR0_RRU1,false,1,false,false,true,KKT_OK,0,17.132544,0.0,0.0,false
TORSIONB,5476,0,2P_SAR0_PH1_ATR0_RRU1,false,1,true,false,true,KKT_OK,0,10.756645,0.0,0.0,false
TORSIONB,5476,0,2P_SAR0_PH1_ATR1_RRU1,false,1,true,true,true,KKT_OK,0,17.310336999999997,0.0,0.0,false
TORSIONB,5476,0,BASE_2P,true,1,false,false,false,KKT_OK,0,10.572431,0.0,0.0,true
TORSIONB,5476,0,2P_SAR1_PH1_ATR0_RRU0,true,1,true,false,false,KKT_OK,0,17.214807,0.0,0.0,false
TORSIONB,5476,0,2P_SAR1_PH1_ATR1_RRU0,true,1,true,true,false,KKT_OK,0,10.821716,0.0,0.0,false
TORSIONB,5476,0,2P_SAR1_PH0_ATR0_RRU1,true,1,false,false,true,KKT_OK,0,17.309344,0.0,0.0,false
TORSIONB,5476,0,2P_SAR1_PH1_ATR0_RRU1,true,1,true,false,true,KKT_OK,0,10.606534,0.0,0.0,false
TORSIONB,5476,0,2P_SAR1_PH1_ATR1_RRU1,true,1,true,true,true,KKT_OK,0,17.363967000000002,0.0,0.0,false
TORSIONC,5476,0,2P_SAR0_PH0_ATR0_RRU0,false,1,false,false,false,KKT_OK,0,11.339057,-1.1664477387885857,0.0,false
TORSIONC,5476,0,2P_SAR0_PH1_ATR0_RRU0,false,1,true,false,false,KKT_OK,0,18.577801,-1.1664477387885857,0.0,false
TORSIONC,5476,0,2P_SAR0_PH1_ATR1_RRU0,false,1,true,true,false,KKT_OK,0,13.301027999999999,-1.1664477387885857,0.0,false
TORSIONC,5476,0,2P_SAR0_PH0_ATR0_RRU1,false,1,false,false,true,KKT_OK,0,16.630948,-1.1664477387885857,0.0,false
TORSIONC,5476,0,2P_SAR0_PH1_ATR0_RRU1,false,1,true,false,true,KKT_OK,0,10.485991,-1.1664477387885857,0.0,false
TORSIONC,5476,0,2P_SAR0_PH1_ATR1_RRU1,false,1,true,true,true,KKT_OK,0,19.021401,-1.1664477387885857,0.0,false
TORSIONC,5476,0,BASE_2P,true,1,false,false,false,KKT_OK,0,17.748818999999997,-1.1664477387885857,0.0,true
TORSIONC,5476,0,2P_SAR1_PH1_ATR0_RRU0,true,1,true,false,false,KKT_OK,0,17.122378,-1.1664477387885857,0.0,false
TORSIONC,5476,0,2P_SAR1_PH1_ATR1_RRU0,true,1,true,true,false,KKT_OK,0,10.440334,-1.1664477387885857,0.0,false
TORSIONC,5476,0,2P_SAR1_PH0_ATR0_RRU1,true,1,false,false,true,KKT_OK,0,17.352709,-1.1664477387885857,0.0,false
TORSIONC,5476,0,2P_SAR1_PH1_ATR0_RRU1,true,1,true,false,true,KKT_OK,0,10.537236,-1.1664477387885857,0.0,false
TORSIONC,5476,0,2P_SAR1_PH1_ATR1_RRU1,true,1,true,true,true,KKT_OK,0,17.249816000000003,-1.1664477387885857,0.0,false
TORSIOND,5476,0,2P_SAR0_PH0_ATR0_RRU0,false,1,false,false,false,KKT_OK,0,16.973018999999997,0.0,0.0,false
TORSIOND,5476,0,2P_SAR0_PH1_ATR0_RRU0,false,1,true,false,false,KKT_OK,0,16.54024,0.0,0.0,false
TORSIOND,5476,0,2P_SAR0_PH1_ATR1_RRU0,false,1,true,true,false,KKT_OK,0,17.124432,0.0,0.0,false
TORSIOND,5476,0,2P_SAR0_PH0_ATR0_RRU1,false,1,false,false,true,KKT_OK,0,10.608289,0.0,0.0,false
TORSIOND,5476,0,2P_SAR0_PH1_ATR0_RRU1,false,1,true,false,true,KKT_OK,0,16.801619,0.0,0.0,false
TORSIOND,5476,0,2P_SAR0_PH1_ATR1_RRU1,false,1,true,true,true,KKT_OK,0,10.586819,0.0,0.0,false
TORSIOND,5476,0,BASE_2P,true,1,false,false,false,KKT_OK,0,16.404306000000002,0.0,0.0,true
TORSIOND,5476,0,2P_SAR1_PH1_ATR0_RRU0,true,1,true,false,false,KKT_OK,0,10.532248,0.0,0.0,false
TORSIOND,5476,0,2P_SAR1_PH1_ATR1_RRU0,true,1,true,true,false,KKT_OK,0,16.98449,0.0,0.0,false
TORSIOND,5476,0,2P_SAR1_PH0_ATR0_RRU1,true,1,false,false,true,KKT_OK,0,10.475992,0.0,0.0,false
TORSIOND,5476,0,2P_SAR1_PH1_ATR0_RRU1,true,1,true,false,true,KKT_OK,0,17.073517,0.0,0.0,false
TORSIOND,5476,0,2P_SAR1_PH1_ATR1_RRU1,true,1,true,true,true,KKT_OK,0,10.67237,0.0,0.0,false
TORSIONE,5476,0,2P_SAR0_PH0_ATR0_RRU0,false,1,false,false,false,KKT_OK,0,18.654048,-2.832801651342533,0.0,false
TORSIONE,5476,0,2P_SAR0_PH1_ATR0_RRU0,false,1,true,false,false,KKT_OK,0,17.351611,-2.832801651342533,0.0,false
TORSIONE,5476,0,2P_SAR0_PH1_ATR1_RRU0,false,1,true,true,false,KKT_OK,0,21.535428999999997,-2.832801651342533,0.0,false
TORSIONE,5476,0,2P_SAR0_PH0_ATR0_RRU1,false,1,false,false,true,KKT_OK,0,10.979176,-2.832801651342533,0.0,false
TORSIONE,5476,0,2P_SAR0_PH1_ATR0_RRU1,false,1,true,false,true,KKT_OK,0,17.27658,-2.832801651342533,0.0,false
TORSIONE,5476,0,2P_SAR0_PH1_ATR1_RRU1,false,1,true,true,true,KKT_OK,0,10.780634000000001,-2.832801651342533,0.0,false
TORSIONE,5476,0,BASE_2P,true,1,false,false,false,KKT_OK,0,16.994562000000002,-2.832801651342533,0.0,true
TORSIONE,5476,0,2P_SAR1_PH1_ATR0_RRU0,true,1,true,false,false,KKT_OK,0,14.602346,-2.832801651342533,0.0,false
TORSIONE,5476,0,2P_SAR1_PH1_ATR1_RRU0,true,1,true,true,false,KKT_OK,0,10.558188,-2.832801651342533,0.0,false
TORSIONE,5476,0,2P_SAR1_PH0_ATR0_RRU1,true,1,false,false,true,KKT_OK,0,14.305059,-2.832801651342533,0.0,false
TORSIONE,5476,0,2P_SAR1_PH1_ATR0_RRU1,true,1,true,false,true,KKT_OK,0,10.575981,-2.832801651342533,0.0,false
TORSIONE,5476,0,2P_SAR1_PH1_ATR1_RRU1,true,1,true,true,true,KKT_OK,0,14.65783,-2.832801651342533,0.0,false
TORSIONF,5476,0,2P_SAR0_PH0_ATR0_RRU0,false,1,false,false,false,KKT_OK,0,11.442232,0.0,0.0,false
TORSIONF,5476,0,2P_SAR0_PH1_ATR0_RRU0,false,1,true,false,false,KKT_OK,0,16.653885,0.0,0.0,false
TORSIONF,5476,0,2P_SAR0_PH1_ATR1_RRU0,false,1,true,true,false,KKT_OK,0,11.188768,0.0,0.0,false
TORSIONF,5476,0,2P_SAR0_PH0_ATR0_RRU1,false,1,false,false,true,KKT_OK,0,16.748141,0.0,0.0,false
TORSIONF,5476,0,2P_SAR0_PH1_ATR0_RRU1,false,1,true,false,true,KKT_OK,0,10.71396,0.0,0.0,false
TORSIONF,5476,0,2P_SAR0_PH1_ATR1_RRU1,false,1,true,true,true,KKT_OK,0,16.217879,0.0,0.0,false
TORSIONF,5476,0,BASE_2P,true,1,false,false,false,KKT_OK,0,10.772439,0.0,0.0,true
TORSIONF,5476,0,2P_SAR1_PH1_ATR0_RRU0,true,1,true,false,false,KKT_OK,0,16.065804,0.0,0.0,false
TORSIONF,5476,0,2P_SAR1_PH1_ATR1_RRU0,true,1,true,true,false,KKT_OK,0,10.873077,0.0,0.0,false
TORSIONF,5476,0,2P_SAR1_PH0_ATR0_RRU1,true,1,false,false,true,KKT_OK,0,15.800758000000002,0.0,0.0,false
TORSIONF,5476,0,2P_SAR1_PH1_ATR0_RRU1,true,1,true,false,true,KKT_OK,0,10.654959,0.0,0.0,false
TORSIONF,5476,0,2P_SAR1_PH1_ATR1_RRU1,true,1,true,true,true,KKT_OK,0,15.720048,0.0,0.0,false
TQUARTIC,5000,0,2P_SAR0_PH0_ATR0_RRU0,false,1,false,false,false,KKT_OK,0,15.942536,0.81,0.0,false
TQUARTIC,5000,0,2P_SAR0_PH1_ATR0_RRU0,false,1,true,false,false,KKT_OK,0,13.075550999999999,0.81,0.0,false
TQUARTIC,5000,0,2P_SAR0_PH1_ATR1_RRU0,false,1,true,true,false,KKT_OK,0,9.092687,0.81,0.0,false
TQUARTIC,5000,0,2P_SAR0_PH0_ATR0_RRU1,false,1,false,false,true,KKT_OK,0,8.716793000000001,0.81,0.0,false
TQUARTIC,5000,0,2P_SAR0_PH1_ATR0_RRU1,false,1,true,false,true,KKT_OK,0,15.131979,0.81,0.0,false
TQUARTIC,5000,0,2P_SAR0_PH1_ATR1_RRU1,false,1,true,true,true,KKT_OK,0,13.004869000000001,0.81,0.0,false
TQUARTIC,5000,0,BASE_2P,true,1,false,false,false,KKT_OK,0,8.646542,0.81,0.0,true
TQUARTIC,5000,0,2P_SAR1_PH1_ATR0_RRU0,true,1,true,false,false,KKT_OK,0,8.715940999999999,0.81,0.0,false
TQUARTIC,5000,0,2P_SAR1_PH1_ATR1_RRU0,true,1,true,true,false,KKT_OK,0,14.082795,0.81,0.0,false
TQUARTIC,5000,0,2P_SAR1_PH0_ATR0_RRU1,true,1,false,false,true,KKT_OK,0,13.151652,0.81,0.0,false
TQUARTIC,5000,0,2P_SAR1_PH1_ATR0_RRU1,true,1,true,false,true,KKT_OK,0,8.681386,0.81,0.0,false
TQUARTIC,5000,0,2P_SAR1_PH1_ATR1_RRU1,true,1,true,true,true,KKT_OK,0,8.691526,0.81,0.0,false
TRIDIA,10000,0,2P_SAR0_PH0_ATR0_RRU0,false,1,false,false,false,KKT_OK,8,285.769814,0.5599920654731986,0.0,false
TRIDIA,10000,0,2P_SAR0_PH1_ATR0_RRU0,false,1,true,false,false,SMALL_STEP,7,211.48025,2.2799749490534116,0.0,false
TRIDIA,10000,0,2P_SAR0_PH1_ATR1_RRU0,false,1,true,true,false,SMALL_STEP,81,2030.3898629999999,0.654572847433354,0.0,false
TRIDIA,10000,0,2P_SAR0_PH0_ATR0_RRU1,false,1,false,false,true,KKT_OK,8,327.10669199999995,0.5599920654731986,0.0,false
TRIDIA,10000,0,2P_SAR0_PH1_ATR0_RRU1,false,1,true,false,true,SMALL_STEP,7,245.303585,2.2799749490534116,0.0,false
TRIDIA,10000,0,2P_SAR0_PH1_ATR1_RRU1,false,1,true,true,true,SMALL_STEP,81,2081.547534,0.654572847433354,0.0,false
TRIDIA,10000,0,BASE_2P,true,1,false,false,false,SMALL_STEP,13,337.01879,2.3999688249453914,0.0,true
TRIDIA,10000,0,2P_SAR1_PH1_ATR0_RRU0,true,1,true,false,false,SMALL_STEP,7,215.40634599999998,2.2799749490534116,0.0,false
TRIDIA,10000,0,2P_SAR1_PH1_ATR1_RRU0,true,1,true,true,false,SMALL_STEP,81,2030.135031,0.654572847433354,0.0,false
TRIDIA,10000,0,2P_SAR1_PH0_ATR0_RRU1,true,1,false,false,true,SMALL_STEP,13,306.89537700000005,2.3999688249453914,0.0,false
TRIDIA,10000,0,2P_SAR1_PH1_ATR0_RRU1,true,1,true,false,true,SMALL_STEP,7,211.217249,2.2799749490534116,0.0,false
TRIDIA,10000,0,2P_SAR1_PH1_ATR1_RRU1,true,1,true,true,true,SMALL_STEP,81,2038.9477610000001,0.654572847433354,0.0,false
TRIGON1,10,0,2P_SAR0_PH0_ATR0_RRU0,false,1,false,false,false,SMALL_STEP,131,36.709941,0.0003000908239763615,0.0,false
TRIGON1,10,0,2P_SAR0_PH1_ATR0_RRU0,false,1,true,false,false,SMALL_STEP,220,41.098825,0.0003715858256905553,0.0,false
TRIGON1,10,0,2P_SAR0_PH1_ATR1_RRU0,false,1,true,true,false,SMALL_STEP,176,52.56119,0.0008619134692545838,0.0,false
TRIGON1,10,0,2P_SAR0_PH0_ATR0_RRU1,false,1,false,false,true,SMALL_STEP,131,34.921253,0.0003000908239763615,0.0,false
TRIGON1,10,0,2P_SAR0_PH1_ATR0_RRU1,false,1,true,false,true,SMALL_STEP,220,43.337065,0.0003715858256905553,0.0,false
TRIGON1,10,0,2P_SAR0_PH1_ATR1_RRU1,false,1,true,true,true,SMALL_STEP,176,53.725399,0.0008619134692545838,0.0,false
TRIGON1,10,0,BASE_2P,true,1,false,false,false,SMALL_STEP,179,32.953299,0.000821641841268375,0.0,true
TRIGON1,10,0,2P_SAR1_PH1_ATR0_RRU0,true,1,true,false,false,SMALL_STEP,220,45.110123,0.0003715858256905553,0.0,false
TRIGON1,10,0,2P_SAR1_PH1_ATR1_RRU0,true,1,true,true,false,SMALL_STEP,176,52.825535,0.0008619134692545838,0.0,false
TRIGON1,10,0,2P_SAR1_PH0_ATR0_RRU1,true,1,false,false,true,SMALL_STEP,179,34.672106,0.000821641841268375,0.0,false
TRIGON1,10,0,2P_SAR1_PH1_ATR0_RRU1,true,1,true,false,true,SMALL_STEP,220,41.995915000000004,0.0003715858256905553,0.0,false
TRIGON1,10,0,2P_SAR1_PH1_ATR1_RRU1,true,1,true,true,true,SMALL_STEP,176,57.194833,0.0008619134692545838,0.0,false
TRIGON1B,10,0,2P_SAR0_PH0_ATR0_RRU0,false,1,false,false,false,SMALL_STEP,166,45.567049,0.00047608574925030986,0.0,false
TRIGON1B,10,0,2P_SAR0_PH1_ATR0_RRU0,false,1,true,false,false,SMALL_STEP,218,40.765202,0.0003830904473768324,0.0,false
TRIGON1B,10,0,2P_SAR0_PH1_ATR1_RRU0,false,1,true,true,false,KKT_OK,14,5.475118,0.0,0.0,false
TRIGON1B,10,0,2P_SAR0_PH0_ATR0_RRU1,false,1,false,false,true,SMALL_STEP,166,47.635801,0.00047608574925030986,0.0,false
TRIGON1B,10,0,2P_SAR0_PH1_ATR0_RRU1,false,1,true,false,true,SMALL_STEP,218,40.618828,0.0003830904473768324,0.0,false
TRIGON1B,10,0,2P_SAR0_PH1_ATR1_RRU1,false,1,true,true,true,KKT_OK,14,5.293087,0.0,0.0,false
TRIGON1B,10,0,BASE_2P,true,1,false,false,false,SMALL_STEP,179,33.155709,0.000821641841268375,0.0,true
TRIGON1B,10,0,2P_SAR1_PH1_ATR0_RRU0,true,1,true,false,false,SMALL_STEP,218,40.650466,0.0003830904473768324,0.0,false
TRIGON1B,10,0,2P_SAR1_PH1_ATR1_RRU0,true,1,true,true,false,KKT_OK,14,5.228857,0.0,0.0,false
TRIGON1B,10,0,2P_SAR1_PH0_ATR0_RRU1,true,1,false,false,true,SMALL_STEP,179,33.168162,0.000821641841268375,0.0,false
TRIGON1B,10,0,2P_SAR1_PH1_ATR0_RRU1,true,1,true,false,true,SMALL_STEP,218,46.325618999999996,0.0003830904473768324,0.0,false
TRIGON1B,10,0,2P_SAR1_PH1_ATR1_RRU1,true,1,true,true,true,KKT_OK,14,6.273512,0.0,0.0,false
TRIGON2,10,0,2P_SAR0_PH0_ATR0_RRU0,false,1,false,false,false,SMALL_STEP,53,15.892797,3.376639544668095,0.0,false
TRIGON2,10,0,2P_SAR0_PH1_ATR0_RRU0,false,1,true,false,false,SMALL_STEP,15,5.229769,2.5592672890147625,0.0,false
TRIGON2,10,0,2P_SAR0_PH1_ATR1_RRU0,false,1,true,true,false,SMALL_STEP,85,26.49448,2.970619254966331,0.0,false
TRIGON2,10,0,2P_SAR0_PH0_ATR0_RRU1,false,1,false,false,true,SMALL_STEP,53,15.395887,3.376639544668095,0.0,false
TRIGON2,10,0,2P_SAR0_PH1_ATR0_RRU1,false,1,true,false,true,SMALL_STEP,15,5.344594,2.5592672890147625,0.0,false
TRIGON2,10,0,2P_SAR0_PH1_ATR1_RRU1,false,1,true,true,true,SMALL_STEP,85,26.584419,2.970619254966331,0.0,false
TRIGON2,10,0,BASE_2P,true,1,false,false,false,SMALL_STEP,92,17.910373,2.5596139498446493,0.0,true
TRIGON2,10,0,2P_SAR1_PH1_ATR0_RRU0,true,1,true,false,false,SMALL_STEP,15,5.277028,2.5592672890147625,0.0,false
TRIGON2,10,0,2P_SAR1_PH1_ATR1_RRU0,true,1,true,true,false,SMALL_STEP,85,26.500933,2.970619254966331,0.0,false
TRIGON2,10,0,2P_SAR1_PH0_ATR0_RRU1,true,1,false,false,true,SMALL_STEP,92,17.886658,2.5596139498446493,0.0,false
TRIGON2,10,0,2P_SAR1_PH1_ATR0_RRU1,true,1,true,false,true,SMALL_STEP,15,5.258964,2.5592672890147625,0.0,false
TRIGON2,10,0,2P_SAR1_PH1_ATR1_RRU1,true,1,true,true,true,SMALL_STEP,85,26.656384000000003,2.970619254966331,0.0,false
TRIGON2B,10,0,2P_SAR0_PH0_ATR0_RRU0,false,1,false,false,false,SMALL_STEP,53,15.869323000000001,3.376639544668095,0.0,false
TRIGON2B,10,0,2P_SAR0_PH1_ATR0_RRU0,false,1,true,false,false,SMALL_STEP,15,5.249034,2.5592672890147625,0.0,false
TRIGON2B,10,0,2P_SAR0_PH1_ATR1_RRU0,false,1,true,true,false,SMALL_STEP,85,26.5211,2.970619254966331,0.0,false
TRIGON2B,10,0,2P_SAR0_PH0_ATR0_RRU1,false,1,false,false,true,SMALL_STEP,53,15.455188,3.376639544668095,0.0,false
TRIGON2B,10,0,2P_SAR0_PH1_ATR0_RRU1,false,1,true,false,true,SMALL_STEP,15,5.179225,2.5592672890147625,0.0,false
TRIGON2B,10,0,2P_SAR0_PH1_ATR1_RRU1,false,1,true,true,true,SMALL_STEP,85,26.441892000000003,2.970619254966331,0.0,false
TRIGON2B,10,0,BASE_2P,true,1,false,false,false,SMALL_STEP,92,22.101717999999998,2.5596139498446493,0.0,true
TRIGON2B,10,0,2P_SAR1_PH1_ATR0_RRU0,true,1,true,false,false,SMALL_STEP,15,5.289681,2.5592672890147625,0.0,false
TRIGON2B,10,0,2P_SAR1_PH1_ATR1_RRU0,true,1,true,true,false,SMALL_STEP,85,26.509289,2.970619254966331,0.0,false
TRIGON2B,10,0,2P_SAR1_PH0_ATR0_RRU1,true,1,false,false,true,SMALL_STEP,92,18.025018,2.5596139498446493,0.0,false
TRIGON2B,10,0,2P_SAR1_PH1_ATR0_RRU1,true,1,true,false,true,SMALL_STEP,15,5.346667999999999,2.5592672890147625,0.0,false
TRIGON2B,10,0,2P_SAR1_PH1_ATR1_RRU1,true,1,true,true,true,SMALL_STEP,85,26.48356,2.970619254966331,0.0,false
TRY-B,2,1,2P_SAR0_PH0_ATR0_RRU0,false,1,false,false,false,KKT_OK,49,34.85866600000001,3.492545077333672e-9,3.0674267345043305e-6,false
TRY-B,2,1,2P_SAR0_PH1_ATR0_RRU0,false,1,true,false,false,KKT_OK,45,30.37857,0.0,2.1244639407669297e-5,false
TRY-B,2,1,2P_SAR0_PH1_ATR1_RRU0,false,1,true,true,false,KKT_OK,45,36.272914,0.0,2.1887006955711996e-5,false
TRY-B,2,1,2P_SAR0_PH0_ATR0_RRU1,false,1,false,false,true,KKT_OK,49,33.518929,3.492545077333672e-9,3.0674267345043305e-6,false
TRY-B,2,1,2P_SAR0_PH1_ATR0_RRU1,false,1,true,false,true,KKT_OK,45,30.3677,0.0,2.1244639407669297e-5,false
TRY-B,2,1,2P_SAR0_PH1_ATR1_RRU1,false,1,true,true,true,KKT_OK,45,35.831358,0.0,2.1887006955711996e-5,false
TRY-B,2,1,BASE_2P,true,1,false,false,false,KKT_OK,52,25.887946,4.0343553385849944e-8,4.420673769778283e-5,true
TRY-B,2,1,2P_SAR1_PH1_ATR0_RRU0,true,1,true,false,false,KKT_OK,45,30.21741,0.0,2.1244639407669297e-5,false
TRY-B,2,1,2P_SAR1_PH1_ATR1_RRU0,true,1,true,true,false,KKT_OK,45,35.585157,0.0,2.1887006955711996e-5,false
TRY-B,2,1,2P_SAR1_PH0_ATR0_RRU1,true,1,false,false,true,KKT_OK,52,26.011006,4.0343553385849944e-8,4.420673769778283e-5,false
TRY-B,2,1,2P_SAR1_PH1_ATR0_RRU1,true,1,true,false,true,KKT_OK,45,30.467297000000002,0.0,2.1244639407669297e-5,false
TRY-B,2,1,2P_SAR1_PH1_ATR1_RRU1,true,1,true,true,true,KKT_OK,45,35.964938000000004,0.0,2.1887006955711996e-5,false
VANDANMSLS,22,0,2P_SAR0_PH0_ATR0_RRU0,false,1,false,false,false,KKT_OK,8,4.245156,12.14558577297375,0.0,false
VANDANMSLS,22,0,2P_SAR0_PH1_ATR0_RRU0,false,1,true,false,false,KKT_OK,8,3.003431,12.145492906956903,0.0,false
VANDANMSLS,22,0,2P_SAR0_PH1_ATR1_RRU0,false,1,true,true,false,KKT_OK,8,3.8183570000000002,12.145448658134285,0.0,false
VANDANMSLS,22,0,2P_SAR0_PH0_ATR0_RRU1,false,1,false,false,true,KKT_OK,8,3.7583450000000003,12.14558577297375,0.0,false
VANDANMSLS,22,0,2P_SAR0_PH1_ATR0_RRU1,false,1,true,false,true,KKT_OK,8,2.9497009999999997,12.145492906956903,0.0,false
VANDANMSLS,22,0,2P_SAR0_PH1_ATR1_RRU1,false,1,true,true,true,KKT_OK,8,3.7813679999999996,12.145448658134285,0.0,false
VANDANMSLS,22,0,BASE_2P,true,1,false,false,false,KKT_OK,19,4.8599369999999995,12.145612833062403,0.0,true
VANDANMSLS,22,0,2P_SAR1_PH1_ATR0_RRU0,true,1,true,false,false,KKT_OK,8,2.9246440000000002,12.145492906956903,0.0,false
VANDANMSLS,22,0,2P_SAR1_PH1_ATR1_RRU0,true,1,true,true,false,KKT_OK,8,3.780526,12.145448658134285,0.0,false
VANDANMSLS,22,0,2P_SAR1_PH0_ATR0_RRU1,true,1,false,false,true,KKT_OK,19,4.883881,12.145612833062403,0.0,false
VANDANMSLS,22,0,2P_SAR1_PH1_ATR0_RRU1,true,1,true,false,true,KKT_OK,8,2.9200060000000003,12.145492906956903,0.0,false
VANDANMSLS,22,0,2P_SAR1_PH1_ATR1_RRU1,true,1,true,true,true,KKT_OK,8,3.7615410000000002,12.145448658134285,0.0,false
VARDIM,200,0,2P_SAR0_PH0_ATR0_RRU0,false,1,false,false,false,SMALL_STEP,12,11.635549000000001,22.167052536774523,0.0,false
VARDIM,200,0,2P_SAR0_PH1_ATR0_RRU0,false,1,true,false,false,SMALL_STEP,11,8.377901,22.166287033183618,0.0,false
VARDIM,200,0,2P_SAR0_PH1_ATR1_RRU0,false,1,true,true,false,SMALL_STEP,11,16.08153,22.306188647324703,0.0,false
VARDIM,200,0,2P_SAR0_PH0_ATR0_RRU1,false,1,false,false,true,SMALL_STEP,12,10.884172,22.167052536774523,0.0,false
VARDIM,200,0,2P_SAR0_PH1_ATR0_RRU1,false,1,true,false,true,SMALL_STEP,11,7.9836030000000004,22.166287033183618,0.0,false
VARDIM,200,0,2P_SAR0_PH1_ATR1_RRU1,false,1,true,true,true,SMALL_STEP,11,13.525236,22.306188647324703,0.0,false
VARDIM,200,0,BASE_2P,true,1,false,false,false,SMALL_STEP,13,10.079796,22.16638932695577,0.0,true
VARDIM,200,0,2P_SAR1_PH1_ATR0_RRU0,true,1,true,false,false,SMALL_STEP,11,7.788959,22.166287033183618,0.0,false
VARDIM,200,0,2P_SAR1_PH1_ATR1_RRU0,true,1,true,true,false,SMALL_STEP,11,13.396095,22.306188647324703,0.0,false
VARDIM,200,0,2P_SAR1_PH0_ATR0_RRU1,true,1,false,false,true,SMALL_STEP,13,12.406482,22.16638932695577,0.0,false
VARDIM,200,0,2P_SAR1_PH1_ATR0_RRU1,true,1,true,false,true,SMALL_STEP,11,7.735519,22.166287033183618,0.0,false
VARDIM,200,0,2P_SAR1_PH1_ATR1_RRU1,true,1,true,true,true,SMALL_STEP,11,13.444675,22.306188647324703,0.0,false
VAREIGVL,5000,0,2P_SAR0_PH0_ATR0_RRU0,false,1,false,false,false,KKT_OK,8,272.158903,1.099594446426952e-28,0.0,false
VAREIGVL,5000,0,2P_SAR0_PH1_ATR0_RRU0,false,1,true,false,false,KKT_OK,11,125.936151,0.09414769025494504,0.0,false
VAREIGVL,5000,0,2P_SAR0_PH1_ATR1_RRU0,false,1,true,true,false,KKT_OK,22,411.333253,0.28129599237397296,0.0,false
VAREIGVL,5000,0,2P_SAR0_PH0_ATR0_RRU1,false,1,false,false,true,KKT_OK,8,211.04472299999998,1.099594446426952e-28,0.0,false
VAREIGVL,5000,0,2P_SAR0_PH1_ATR0_RRU1,false,1,true,false,true,KKT_OK,11,126.23959900000001,0.09414769025494504,0.0,false
VAREIGVL,5000,0,2P_SAR0_PH1_ATR1_RRU1,false,1,true,true,true,KKT_OK,22,340.096627,0.28129599237397296,0.0,false
VAREIGVL,5000,0,BASE_2P,true,1,false,false,false,KKT_OK,13,230.59283299999998,3.0544290178526463e-28,0.0,true
VAREIGVL,5000,0,2P_SAR1_PH1_ATR0_RRU0,true,1,true,false,false,KKT_OK,11,198.397682,0.09414769025494504,0.0,false
VAREIGVL,5000,0,2P_SAR1_PH1_ATR1_RRU0,true,1,true,true,false,KKT_OK,22,338.875302,0.28129599237397296,0.0,false
VAREIGVL,5000,0,2P_SAR1_PH0_ATR0_RRU1,true,1,false,false,true,KKT_OK,13,238.235118,3.0544290178526463e-28,0.0,false
VAREIGVL,5000,0,2P_SAR1_PH1_ATR0_RRU1,true,1,true,false,true,KKT_OK,11,129.30621,0.09414769025494504,0.0,false
VAREIGVL,5000,0,2P_SAR1_PH1_ATR1_RRU1,true,1,true,true,true,KKT_OK,22,336.483286,0.28129599237397296,0.0,false
VESUVIALS,8,0,2P_SAR0_PH0_ATR0_RRU0,false,1,false,false,false,SMALL_STEP,3,5.410077,3354.0342962075288,0.0,false
VESUVIALS,8,0,2P_SAR0_PH1_ATR0_RRU0,false,1,true,false,false,SMALL_STEP,3,5.0621160000000005,3353.9946954744623,0.0,false
VESUVIALS,8,0,2P_SAR0_PH1_ATR1_RRU0,false,1,true,true,false,SMALL_STEP,3,7.925033999999999,3356.845452565852,0.0,false
VESUVIALS,8,0,2P_SAR0_PH0_ATR0_RRU1,false,1,false,false,true,SMALL_STEP,3,4.523727,3354.0342962075288,0.0,false
VESUVIALS,8,0,2P_SAR0_PH1_ATR0_RRU1,false,1,true,false,true,SMALL_STEP,3,5.015347,3353.9946954744623,0.0,false
VESUVIALS,8,0,2P_SAR0_PH1_ATR1_RRU1,false,1,true,true,true,SMALL_STEP,3,7.926747,3356.845452565852,0.0,false
VESUVIALS,8,0,BASE_2P,true,1,false,false,false,SMALL_STEP,3,4.28988,3354.20290669444,0.0,true
VESUVIALS,8,0,2P_SAR1_PH1_ATR0_RRU0,true,1,true,false,false,SMALL_STEP,3,5.006311,3353.9946954744623,0.0,false
VESUVIALS,8,0,2P_SAR1_PH1_ATR1_RRU0,true,1,true,true,false,SMALL_STEP,3,7.993030999999999,3356.845452565852,0.0,false
VESUVIALS,8,0,2P_SAR1_PH0_ATR0_RRU1,true,1,false,false,true,SMALL_STEP,3,4.323933,3354.20290669444,0.0,false
VESUVIALS,8,0,2P_SAR1_PH1_ATR0_RRU1,true,1,true,false,true,SMALL_STEP,3,5.320288000000001,3353.9946954744623,0.0,false
VESUVIALS,8,0,2P_SAR1_PH1_ATR1_RRU1,true,1,true,true,true,SMALL_STEP,3,7.879999000000001,3356.845452565852,0.0,false
VESUVIOLS,8,0,2P_SAR0_PH0_ATR0_RRU0,false,1,false,false,false,SMALL_STEP,3,4.795997,1667.95040777962,0.0,false
VESUVIOLS,8,0,2P_SAR0_PH1_ATR0_RRU0,false,1,true,false,false,SMALL_STEP,3,5.2912539999999995,1899.0848897037704,0.0,false
VESUVIOLS,8,0,2P_SAR0_PH1_ATR1_RRU0,false,1,true,true,false,SMALL_STEP,5,11.203050000000001,1754.1315151974768,0.0,false
VESUVIOLS,8,0,2P_SAR0_PH0_ATR0_RRU1,false,1,false,false,true,SMALL_STEP,3,3.9730770000000004,1667.95040777962,0.0,false
VESUVIOLS,8,0,2P_SAR0_PH1_ATR0_RRU1,false,1,true,false,true,SMALL_STEP,3,4.910191,1899.0848897037704,0.0,false
VESUVIOLS,8,0,2P_SAR0_PH1_ATR1_RRU1,false,1,true,true,true,SMALL_STEP,5,11.146855,1754.1315151974768,0.0,false
VESUVIOLS,8,0,BASE_2P,true,1,false,false,false,SMALL_STEP,3,3.7393389999999997,1966.6918491367223,0.0,true
VESUVIOLS,8,0,2P_SAR1_PH1_ATR0_RRU0,true,1,true,false,false,SMALL_STEP,3,4.902807,1899.0848897037704,0.0,false
VESUVIOLS,8,0,2P_SAR1_PH1_ATR1_RRU0,true,1,true,true,false,SMALL_STEP,5,11.291765999999999,1754.1315151974768,0.0,false
VESUVIOLS,8,0,2P_SAR1_PH0_ATR0_RRU1,true,1,false,false,true,SMALL_STEP,3,3.7294210000000003,1966.6918491367223,0.0,false
VESUVIOLS,8,0,2P_SAR1_PH1_ATR0_RRU1,true,1,true,false,true,SMALL_STEP,3,4.89391,1899.0848897037704,0.0,false
VESUVIOLS,8,0,2P_SAR1_PH1_ATR1_RRU1,true,1,true,true,true,SMALL_STEP,5,11.13349,1754.1315151974768,0.0,false
VESUVIOULS,8,0,2P_SAR0_PH0_ATR0_RRU0,false,1,false,false,false,SMALL_STEP,3,4.7677439999999995,0.8057800539798152,0.0,false
VESUVIOULS,8,0,2P_SAR0_PH1_ATR0_RRU0,false,1,true,false,false,SMALL_STEP,3,4.970123,0.89601788701147,0.0,false
VESUVIOULS,8,0,2P_SAR0_PH1_ATR1_RRU0,false,1,true,true,false,SMALL_STEP,5,9.743989,0.7994362952237097,0.0,false
VESUVIOULS,8,0,2P_SAR0_PH0_ATR0_RRU1,false,1,false,false,true,SMALL_STEP,3,3.9901989999999996,0.8057800539798152,0.0,false
VESUVIOULS,8,0,2P_SAR0_PH1_ATR0_RRU1,false,1,true,false,true,SMALL_STEP,3,5.2407699999999995,0.89601788701147,0.0,false
VESUVIOULS,8,0,2P_SAR0_PH1_ATR1_RRU1,false,1,true,true,true,SMALL_STEP,5,9.719032,0.7994362952237097,0.0,false
VESUVIOULS,8,0,BASE_2P,true,1,false,false,false,SMALL_STEP,3,3.736033,0.9554942273888979,0.0,true
VESUVIOULS,8,0,2P_SAR1_PH1_ATR0_RRU0,true,1,true,false,false,SMALL_STEP,3,4.900863,0.89601788701147,0.0,false
VESUVIOULS,8,0,2P_SAR1_PH1_ATR1_RRU0,true,1,true,true,false,SMALL_STEP,5,9.725173999999999,0.7994362952237097,0.0,false
VESUVIOULS,8,0,2P_SAR1_PH0_ATR0_RRU1,true,1,false,false,true,SMALL_STEP,3,3.7469729999999997,0.9554942273888979,0.0,false
VESUVIOULS,8,0,2P_SAR1_PH1_ATR0_RRU1,true,1,true,false,true,SMALL_STEP,3,4.896636,0.89601788701147,0.0,false
VESUVIOULS,8,0,2P_SAR1_PH1_ATR1_RRU1,true,1,true,true,true,SMALL_STEP,5,9.729441999999999,0.7994362952237097,0.0,false
VIBRBEAM,8,0,2P_SAR0_PH0_ATR0_RRU0,false,1,false,false,false,SMALL_STEP,4,3.473492,1755.1172718138114,0.0,false
VIBRBEAM,8,0,2P_SAR0_PH1_ATR0_RRU0,false,1,true,false,false,SMALL_STEP,6,4.233585,1529.6314830374195,0.0,false
VIBRBEAM,8,0,2P_SAR0_PH1_ATR1_RRU0,false,1,true,true,false,SMALL_STEP,7,8.69791,1132.866400567246,0.0,false
VIBRBEAM,8,0,2P_SAR0_PH0_ATR0_RRU1,false,1,false,false,true,SMALL_STEP,4,2.678143,1755.1172718138114,0.0,false
VIBRBEAM,8,0,2P_SAR0_PH1_ATR0_RRU1,false,1,true,false,true,SMALL_STEP,6,3.99638,1529.6314830374195,0.0,false
VIBRBEAM,8,0,2P_SAR0_PH1_ATR1_RRU1,false,1,true,true,true,SMALL_STEP,7,8.709353,1132.866400567246,0.0,false
VIBRBEAM,8,0,BASE_2P,true,1,false,false,false,SMALL_STEP,4,3.0105750000000002,1264.9566112713292,0.0,true
VIBRBEAM,8,0,2P_SAR1_PH1_ATR0_RRU0,true,1,true,false,false,SMALL_STEP,6,3.9885650000000004,1529.6314830374195,0.0,false
VIBRBEAM,8,0,2P_SAR1_PH1_ATR1_RRU0,true,1,true,true,false,SMALL_STEP,7,8.683433,1132.866400567246,0.0,false
VIBRBEAM,8,0,2P_SAR1_PH0_ATR0_RRU1,true,1,false,false,true,SMALL_STEP,4,3.0558199999999998,1264.9566112713292,0.0,false
VIBRBEAM,8,0,2P_SAR1_PH1_ATR0_RRU1,true,1,true,false,true,SMALL_STEP,6,4.081869999999999,1529.6314830374195,0.0,false
VIBRBEAM,8,0,2P_SAR1_PH1_ATR1_RRU1,true,1,true,true,true,SMALL_STEP,7,8.684305,1132.866400567246,0.0,false
WALL10,1461,0,2P_SAR0_PH0_ATR0_RRU0,false,1,false,false,false,MAX_IT,500,1624.065405,1140.3297967062517,0.0,false
WALL10,1461,0,2P_SAR0_PH1_ATR0_RRU0,false,1,true,false,false,MAX_IT,500,1200.787663,323.3498991550826,0.0,false
WALL10,1461,0,2P_SAR0_PH1_ATR1_RRU0,false,1,true,true,false,MAX_IT,500,2146.650733,384.0265917761321,0.0,false
WALL10,1461,0,2P_SAR0_PH0_ATR0_RRU1,false,1,false,false,true,MAX_IT,500,1619.464702,1140.3297967062517,0.0,false
WALL10,1461,0,2P_SAR0_PH1_ATR0_RRU1,false,1,true,false,true,MAX_IT,500,1117.026324,323.3498991550826,0.0,false
WALL10,1461,0,2P_SAR0_PH1_ATR1_RRU1,false,1,true,true,true,MAX_IT,500,2159.1599060000003,384.0265917761321,0.0,false
WALL10,1461,0,BASE_2P,true,1,false,false,false,MAX_IT,500,1207.534629,1360.3843258607574,0.0,true
WALL10,1461,0,2P_SAR1_PH1_ATR0_RRU0,true,1,true,false,false,MAX_IT,500,1226.260496,323.3498991550826,0.0,false
WALL10,1461,0,2P_SAR1_PH1_ATR1_RRU0,true,1,true,true,false,MAX_IT,500,2154.000383,384.0265917761321,0.0,false
WALL10,1461,0,2P_SAR1_PH0_ATR0_RRU1,true,1,false,false,true,MAX_IT,500,1121.520606,1360.3843258607574,0.0,false
WALL10,1461,0,2P_SAR1_PH1_ATR0_RRU1,true,1,true,false,true,MAX_IT,500,1151.841869,323.3498991550826,0.0,false
WALL10,1461,0,2P_SAR1_PH1_ATR1_RRU1,true,1,true,true,true,MAX_IT,500,2142.866825,384.0265917761321,0.0,false
WALL100,149624,0,2P_SAR0_PH0_ATR0_RRU0,false,1,false,false,false,MAX_IT,500,211401.971936,164467.8240715247,0.0,false
WALL100,149624,0,2P_SAR0_PH1_ATR0_RRU0,false,1,true,false,false,MAX_IT,500,154294.770996,74144.375251771,0.0,false
WALL100,149624,0,2P_SAR0_PH1_ATR1_RRU0,false,1,true,true,false,MAX_IT,500,295365.06423200003,229043.97844128206,0.0,false
WALL100,149624,0,2P_SAR0_PH0_ATR0_RRU1,false,1,false,false,true,MAX_IT,500,215739.689933,164467.8240715247,0.0,false
WALL100,149624,0,2P_SAR0_PH1_ATR0_RRU1,false,1,true,false,true,MAX_IT,500,153906.37188599998,74144.375251771,0.0,false
WALL100,149624,0,2P_SAR0_PH1_ATR1_RRU1,false,1,true,true,true,MAX_IT,500,294873.048091,229043.97844128206,0.0,false
WALL100,149624,0,BASE_2P,true,1,false,false,false,MAX_IT,500,150118.18952400002,530524.8225767559,0.0,true
WALL100,149624,0,2P_SAR1_PH1_ATR0_RRU0,true,1,true,false,false,MAX_IT,500,149696.198947,74144.375251771,0.0,false
WALL100,149624,0,2P_SAR1_PH1_ATR1_RRU0,true,1,true,true,false,MAX_IT,500,296355.348021,229043.97844128206,0.0,false
WALL100,149624,0,2P_SAR1_PH0_ATR0_RRU1,true,1,false,false,true,MAX_IT,500,149524.621543,530524.8225767559,0.0,false
WALL100,149624,0,2P_SAR1_PH1_ATR0_RRU1,true,1,true,false,true,MAX_IT,500,149147.87224700002,74144.375251771,0.0,false
WALL100,149624,0,2P_SAR1_PH1_ATR1_RRU1,true,1,true,true,true,MAX_IT,500,298034.151778,229043.97844128206,0.0,false
WALL20,5924,0,2P_SAR0_PH0_ATR0_RRU0,false,1,false,false,false,MAX_IT,500,6456.711281999999,2961.524381486375,0.0,false
WALL20,5924,0,2P_SAR0_PH1_ATR0_RRU0,false,1,true,false,false,MAX_IT,500,4516.2942,2457.029170293423,0.0,false
WALL20,5924,0,2P_SAR0_PH1_ATR1_RRU0,false,1,true,true,false,MAX_IT,500,8608.154664000002,2056.4917588837443,0.0,false
WALL20,5924,0,2P_SAR0_PH0_ATR0_RRU1,false,1,false,false,true,MAX_IT,500,6519.220682,2961.524381486375,0.0,false
WALL20,5924,0,2P_SAR0_PH1_ATR0_RRU1,false,1,true,false,true,MAX_IT,500,4584.138411999999,2457.029170293423,0.0,false
WALL20,5924,0,2P_SAR0_PH1_ATR1_RRU1,false,1,true,true,true,MAX_IT,500,8686.44837,2056.4917588837443,0.0,false
WALL20,5924,0,BASE_2P,true,1,false,false,false,MAX_IT,500,4435.315908,6479.609941416583,0.0,true
WALL20,5924,0,2P_SAR1_PH1_ATR0_RRU0,true,1,true,false,false,MAX_IT,500,4535.691693999999,2457.029170293423,0.0,false
WALL20,5924,0,2P_SAR1_PH1_ATR1_RRU0,true,1,true,true,false,MAX_IT,500,8646.052724000001,2056.4917588837443,0.0,false
WALL20,5924,0,2P_SAR1_PH0_ATR0_RRU1,true,1,false,false,true,MAX_IT,500,4558.73078,6479.609941416583,0.0,false
WALL20,5924,0,2P_SAR1_PH1_ATR0_RRU1,true,1,true,false,true,MAX_IT,500,4488.317566,2457.029170293423,0.0,false
WALL20,5924,0,2P_SAR1_PH1_ATR1_RRU1,true,1,true,true,true,MAX_IT,500,8638.461306,2056.4917588837443,0.0,false
WALL50,37311,0,2P_SAR0_PH0_ATR0_RRU0,false,1,false,false,false,MAX_IT,500,42736.176683,28450.666678308393,0.0,false
WALL50,37311,0,2P_SAR0_PH1_ATR0_RRU0,false,1,true,false,false,MAX_IT,500,28450.315298999998,13317.927878287417,0.0,false
WALL50,37311,0,2P_SAR0_PH1_ATR1_RRU0,false,1,true,true,false,MAX_IT,500,58352.828807,30848.942131139902,0.0,false
WALL50,37311,0,2P_SAR0_PH0_ATR0_RRU1,false,1,false,false,true,MAX_IT,500,41857.207442000006,28450.666678308393,0.0,false
WALL50,37311,0,2P_SAR0_PH1_ATR0_RRU1,false,1,true,false,true,MAX_IT,500,29080.404121,13317.927878287417,0.0,false
WALL50,37311,0,2P_SAR0_PH1_ATR1_RRU1,false,1,true,true,true,MAX_IT,500,57440.083644,30848.942131139902,0.0,false
WALL50,37311,0,BASE_2P,true,1,false,false,false,MAX_IT,500,28794.154301,97086.52606027645,0.0,true
WALL50,37311,0,2P_SAR1_PH1_ATR0_RRU0,true,1,true,false,false,MAX_IT,500,28125.411266,13317.927878287417,0.0,false
WALL50,37311,0,2P_SAR1_PH1_ATR1_RRU0,true,1,true,true,false,MAX_IT,500,58369.718411,30848.942131139902,0.0,false
WALL50,37311,0,2P_SAR1_PH0_ATR0_RRU1,true,1,false,false,true,MAX_IT,500,28745.264143,97086.52606027645,0.0,false
WALL50,37311,0,2P_SAR1_PH1_ATR0_RRU1,true,1,true,false,true,MAX_IT,500,28730.287016,13317.927878287417,0.0,false
WALL50,37311,0,2P_SAR1_PH1_ATR1_RRU1,true,1,true,true,true,MAX_IT,500,58414.416843,30848.942131139902,0.0,false
WATSON,12,0,2P_SAR0_PH0_ATR0_RRU0,false,1,false,false,false,MAX_IT,500,132.468827,0.08123921255247435,0.0,false
WATSON,12,0,2P_SAR0_PH1_ATR0_RRU0,false,1,true,false,false,MAX_IT,500,104.91657000000001,0.02603387706659351,0.0,false
WATSON,12,0,2P_SAR0_PH1_ATR1_RRU0,false,1,true,true,false,MAX_IT,500,200.22061399999998,0.01706850000156932,0.0,false
WATSON,12,0,2P_SAR0_PH0_ATR0_RRU1,false,1,false,false,true,MAX_IT,500,131.731394,0.08123921255247435,0.0,false
WATSON,12,0,2P_SAR0_PH1_ATR0_RRU1,false,1,true,false,true,MAX_IT,500,100.71424499999999,0.02603387706659351,0.0,false
WATSON,12,0,2P_SAR0_PH1_ATR1_RRU1,false,1,true,true,true,MAX_IT,500,205.189837,0.01706850000156932,0.0,false
WATSON,12,0,BASE_2P,true,1,false,false,false,MAX_IT,500,92.019009,0.6263147292255702,0.0,true
WATSON,12,0,2P_SAR1_PH1_ATR0_RRU0,true,1,true,false,false,MAX_IT,500,100.985804,0.02603387706659351,0.0,false
WATSON,12,0,2P_SAR1_PH1_ATR1_RRU0,true,1,true,true,false,MAX_IT,500,204.40283,0.01706850000156932,0.0,false
WATSON,12,0,2P_SAR1_PH0_ATR0_RRU1,true,1,false,false,true,MAX_IT,500,92.08530400000001,0.6263147292255702,0.0,false
WATSON,12,0,2P_SAR1_PH1_ATR0_RRU1,true,1,true,false,true,MAX_IT,500,100.65286900000001,0.02603387706659351,0.0,false
WATSON,12,0,2P_SAR1_PH1_ATR1_RRU1,true,1,true,true,true,MAX_IT,500,205.414348,0.01706850000156932,0.0,false
WAYSEA1,2,0,2P_SAR0_PH0_ATR0_RRU0,false,1,false,false,false,SMALL_STEP,251,61.239566,0.005842543373061753,0.0,false
WAYSEA1,2,0,2P_SAR0_PH1_ATR0_RRU0,false,1,true,false,false,MAX_IT,500,92.33161600000001,0.0036571679028888967,0.0,false
WAYSEA1,2,0,2P_SAR0_PH1_ATR1_RRU0,false,1,true,true,false,SMALL_STEP,32,11.145102,0.001173135916195962,0.0,false
WAYSEA1,2,0,2P_SAR0_PH0_ATR0_RRU1,false,1,false,false,true,SMALL_STEP,251,60.484429,0.005842543373061753,0.0,false
WAYSEA1,2,0,2P_SAR0_PH1_ATR0_RRU1,false,1,true,false,true,MAX_IT,500,96.517129,0.0036571679028888967,0.0,false
WAYSEA1,2,0,2P_SAR0_PH1_ATR1_RRU1,false,1,true,true,true,SMALL_STEP,32,11.260138,0.001173135916195962,0.0,false
WAYSEA1,2,0,BASE_2P,true,1,false,false,false,MAX_IT,500,81.805895,0.017753198014768497,0.0,true
WAYSEA1,2,0,2P_SAR1_PH1_ATR0_RRU0,true,1,true,false,false,MAX_IT,500,91.412931,0.0036571679028888967,0.0,false
WAYSEA1,2,0,2P_SAR1_PH1_ATR1_RRU0,true,1,true,true,false,SMALL_STEP,32,10.963671,0.001173135916195962,0.0,false
WAYSEA1,2,0,2P_SAR1_PH0_ATR0_RRU1,true,1,false,false,true,MAX_IT,500,81.394673,0.017753198014768497,0.0,false
WAYSEA1,2,0,2P_SAR1_PH1_ATR0_RRU1,true,1,true,false,true,MAX_IT,500,91.65105799999999,0.0036571679028888967,0.0,false
WAYSEA1,2,0,2P_SAR1_PH1_ATR1_RRU1,true,1,true,true,true,SMALL_STEP,32,10.967398,0.001173135916195962,0.0,false
WAYSEA1B,2,0,2P_SAR0_PH0_ATR0_RRU0,false,1,false,false,false,SMALL_STEP,251,66.892652,0.005842543373061753,0.0,false
WAYSEA1B,2,0,2P_SAR0_PH1_ATR0_RRU0,false,1,true,false,false,MAX_IT,500,91.895516,0.0036571679028888967,0.0,false
WAYSEA1B,2,0,2P_SAR0_PH1_ATR1_RRU0,false,1,true,true,false,SMALL_STEP,32,16.419749,0.001173135916195962,0.0,false
WAYSEA1B,2,0,2P_SAR0_PH0_ATR0_RRU1,false,1,false,false,true,SMALL_STEP,251,60.609013000000004,0.005842543373061753,0.0,false
WAYSEA1B,2,0,2P_SAR0_PH1_ATR0_RRU1,false,1,true,false,true,MAX_IT,500,92.473831,0.0036571679028888967,0.0,false
WAYSEA1B,2,0,2P_SAR0_PH1_ATR1_RRU1,false,1,true,true,true,SMALL_STEP,32,11.296956999999999,0.001173135916195962,0.0,false
WAYSEA1B,2,0,BASE_2P,true,1,false,false,false,MAX_IT,500,82.010679,0.017753198014768497,0.0,true
WAYSEA1B,2,0,2P_SAR1_PH1_ATR0_RRU0,true,1,true,false,false,MAX_IT,500,91.437085,0.0036571679028888967,0.0,false
WAYSEA1B,2,0,2P_SAR1_PH1_ATR1_RRU0,true,1,true,true,false,SMALL_STEP,32,10.85615,0.001173135916195962,0.0,false
WAYSEA1B,2,0,2P_SAR1_PH0_ATR0_RRU1,true,1,false,false,true,MAX_IT,500,81.244941,0.017753198014768497,0.0,false
WAYSEA1B,2,0,2P_SAR1_PH1_ATR0_RRU1,true,1,true,false,true,MAX_IT,500,91.32765099999999,0.0036571679028888967,0.0,false
WAYSEA1B,2,0,2P_SAR1_PH1_ATR1_RRU1,true,1,true,true,true,SMALL_STEP,32,11.348854000000001,0.001173135916195962,0.0,false
WAYSEA2,2,0,2P_SAR0_PH0_ATR0_RRU0,false,1,false,false,false,KKT_OK,10,5.329781,4.574171076771595e-10,0.0,false
WAYSEA2,2,0,2P_SAR0_PH1_ATR0_RRU0,false,1,true,false,false,SMALL_STEP,294,60.025367,8.581025252621071e-5,0.0,false
WAYSEA2,2,0,2P_SAR0_PH1_ATR1_RRU0,false,1,true,true,false,SMALL_STEP,209,58.612636,4.6191376718325865e-5,0.0,false
WAYSEA2,2,0,2P_SAR0_PH0_ATR0_RRU1,false,1,false,false,true,KKT_OK,10,4.8824000000000005,4.574171076771595e-10,0.0,false
WAYSEA2,2,0,2P_SAR0_PH1_ATR0_RRU1,false,1,true,false,true,SMALL_STEP,294,60.344295,8.581025252621071e-5,0.0,false
WAYSEA2,2,0,2P_SAR0_PH1_ATR1_RRU1,false,1,true,true,true,SMALL_STEP,209,57.780775,4.6191376718325865e-5,0.0,false
WAYSEA2,2,0,BASE_2P,true,1,false,false,false,SMALL_STEP,366,61.20482,0.0004949369037638556,0.0,true
WAYSEA2,2,0,2P_SAR1_PH1_ATR0_RRU0,true,1,true,false,false,SMALL_STEP,294,60.041357,8.581025252621071e-5,0.0,false
WAYSEA2,2,0,2P_SAR1_PH1_ATR1_RRU0,true,1,true,true,false,SMALL_STEP,209,57.879228999999995,4.6191376718325865e-5,0.0,false
WAYSEA2,2,0,2P_SAR1_PH0_ATR0_RRU1,true,1,false,false,true,SMALL_STEP,366,60.551404000000005,0.0004949369037638556,0.0,false
WAYSEA2,2,0,2P_SAR1_PH1_ATR0_RRU1,true,1,true,false,true,SMALL_STEP,294,59.715796000000005,8.581025252621071e-5,0.0,false
WAYSEA2,2,0,2P_SAR1_PH1_ATR1_RRU1,true,1,true,true,true,SMALL_STEP,209,58.176838000000004,4.6191376718325865e-5,0.0,false
WAYSEA2B,2,0,2P_SAR0_PH0_ATR0_RRU0,false,1,false,false,false,KKT_OK,10,5.2866290000000005,4.574171076771595e-10,0.0,false
WAYSEA2B,2,0,2P_SAR0_PH1_ATR0_RRU0,false,1,true,false,false,SMALL_STEP,294,59.982847,8.581025252621071e-5,0.0,false
WAYSEA2B,2,0,2P_SAR0_PH1_ATR1_RRU0,false,1,true,true,false,SMALL_STEP,209,58.194300999999996,4.6191376718325865e-5,0.0,false
WAYSEA2B,2,0,2P_SAR0_PH0_ATR0_RRU1,false,1,false,false,true,KKT_OK,10,4.596214000000001,4.574171076771595e-10,0.0,false
WAYSEA2B,2,0,2P_SAR0_PH1_ATR0_RRU1,false,1,true,false,true,SMALL_STEP,294,65.491362,8.581025252621071e-5,0.0,false
WAYSEA2B,2,0,2P_SAR0_PH1_ATR1_RRU1,false,1,true,true,true,SMALL_STEP,209,66.414996,4.6191376718325865e-5,0.0,false
WAYSEA2B,2,0,BASE_2P,true,1,false,false,false,SMALL_STEP,366,61.366183,0.0004949369037638556,0.0,true
WAYSEA2B,2,0,2P_SAR1_PH1_ATR0_RRU0,true,1,true,false,false,SMALL_STEP,294,59.749148000000005,8.581025252621071e-5,0.0,false
WAYSEA2B,2,0,2P_SAR1_PH1_ATR1_RRU0,true,1,true,true,false,SMALL_STEP,209,57.356288,4.6191376718325865e-5,0.0,false
WAYSEA2B,2,0,2P_SAR1_PH0_ATR0_RRU1,true,1,false,false,true,SMALL_STEP,366,60.566891999999996,0.0004949369037638556,0.0,false
WAYSEA2B,2,0,2P_SAR1_PH1_ATR0_RRU1,true,1,true,false,true,SMALL_STEP,294,59.453171999999995,8.581025252621071e-5,0.0,false
WAYSEA2B,2,0,2P_SAR1_PH1_ATR1_RRU1,true,1,true,true,true,SMALL_STEP,209,57.620233,4.6191376718325865e-5,0.0,false
WEEDS,3,0,2P_SAR0_PH0_ATR0_RRU0,false,1,false,false,false,MAX_IT,500,120.288749,4458.5130680447255,0.0,false
WEEDS,3,0,2P_SAR0_PH1_ATR0_RRU0,false,1,true,false,false,MAX_IT,500,91.81358,4003.380325758967,0.0,false
WEEDS,3,0,2P_SAR0_PH1_ATR1_RRU0,false,1,true,true,false,MAX_IT,500,141.984997,1782.6146046100464,0.0,false
WEEDS,3,0,2P_SAR0_PH0_ATR0_RRU1,false,1,false,false,true,MAX_IT,500,120.275393,4458.5130680447255,0.0,false
WEEDS,3,0,2P_SAR0_PH1_ATR0_RRU1,false,1,true,false,true,MAX_IT,500,90.73739,4003.380325758967,0.0,false
WEEDS,3,0,2P_SAR0_PH1_ATR1_RRU1,false,1,true,true,true,MAX_IT,500,136.77832700000002,1782.6146046100464,0.0,false
WEEDS,3,0,BASE_2P,true,1,false,false,false,MAX_IT,500,83.237058,6349.927639602428,0.0,true
WEEDS,3,0,2P_SAR1_PH1_ATR0_RRU0,true,1,true,false,false,MAX_IT,500,90.498052,4003.380325758967,0.0,false
WEEDS,3,0,2P_SAR1_PH1_ATR1_RRU0,true,1,true,true,false,MAX_IT,500,137.136459,1782.6146046100464,0.0,false
WEEDS,3,0,2P_SAR1_PH0_ATR0_RRU1,true,1,false,false,true,MAX_IT,500,83.01967,6349.927639602428,0.0,false
WEEDS,3,0,2P_SAR1_PH1_ATR0_RRU1,true,1,true,false,true,MAX_IT,500,90.07066900000001,4003.380325758967,0.0,false
WEEDS,3,0,2P_SAR1_PH1_ATR1_RRU1,true,1,true,true,true,MAX_IT,500,137.22638800000001,1782.6146046100464,0.0,false
WOODS,4000,0,2P_SAR0_PH0_ATR0_RRU0,false,1,false,false,false,KKT_OK,55,464.69716999999997,7877.015683776202,0.0,false
WOODS,4000,0,2P_SAR0_PH1_ATR0_RRU0,false,1,true,false,false,KKT_OK,67,480.168147,7877.02838685399,0.0,false
WOODS,4000,0,2P_SAR0_PH1_ATR1_RRU0,false,1,true,true,false,KKT_OK,124,1315.613192,7877.118455999766,0.0,false
WOODS,4000,0,2P_SAR0_PH0_ATR0_RRU1,false,1,false,false,true,KKT_OK,55,451.835192,7877.015683776202,0.0,false
WOODS,4000,0,2P_SAR0_PH1_ATR0_RRU1,false,1,true,false,true,KKT_OK,67,547.02796,7877.02838685399,0.0,false
WOODS,4000,0,2P_SAR0_PH1_ATR1_RRU1,false,1,true,true,true,KKT_OK,124,1328.818937,7877.118455999766,0.0,false
WOODS,4000,0,BASE_2P,true,1,false,false,false,SMALL_STEP,84,540.8470480000001,7877.4831653091305,0.0,true
WOODS,4000,0,2P_SAR1_PH1_ATR0_RRU0,true,1,true,false,false,KKT_OK,67,471.21110999999996,7877.02838685399,0.0,false
WOODS,4000,0,2P_SAR1_PH1_ATR1_RRU0,true,1,true,true,false,KKT_OK,124,1252.3351380000001,7877.118455999766,0.0,false
WOODS,4000,0,2P_SAR1_PH0_ATR0_RRU1,true,1,false,false,true,SMALL_STEP,84,471.677552,7877.4831653091305,0.0,false
WOODS,4000,0,2P_SAR1_PH1_ATR0_RRU1,true,1,true,false,true,KKT_OK,67,476.769766,7877.02838685399,0.0,false
WOODS,4000,0,2P_SAR1_PH1_ATR1_RRU1,true,1,true,true,true,KKT_OK,124,1319.036595,7877.118455999766,0.0,false
YATP1CLS,123200,0,2P_SAR0_PH0_ATR0_RRU0,false,1,false,false,false,MAX_IT,500,196015.465908,1.1098830117690302e6,0.0,false
YATP1CLS,123200,0,2P_SAR0_PH1_ATR0_RRU0,false,1,true,false,false,MAX_IT,500,161007.813238,1.7243095462482052e6,0.0,false
YATP1CLS,123200,0,2P_SAR0_PH1_ATR1_RRU0,false,1,true,true,false,MAX_IT,500,266541.223137,1.978455910969472e6,0.0,false
YATP1CLS,123200,0,2P_SAR0_PH0_ATR0_RRU1,false,1,false,false,true,MAX_IT,500,198686.455529,1.1098830117690302e6,0.0,false
YATP1CLS,123200,0,2P_SAR0_PH1_ATR0_RRU1,false,1,true,false,true,MAX_IT,500,160466.187665,1.7243095462482052e6,0.0,false
YATP1CLS,123200,0,2P_SAR0_PH1_ATR1_RRU1,false,1,true,true,true,MAX_IT,500,269057.126076,1.978455910969472e6,0.0,false
YATP1CLS,123200,0,BASE_2P,true,1,false,false,false,MAX_IT,500,144040.28505900002,113372.87364586504,0.0,true
YATP1CLS,123200,0,2P_SAR1_PH1_ATR0_RRU0,true,1,true,false,false,MAX_IT,500,164345.843644,1.7243095462482052e6,0.0,false
YATP1CLS,123200,0,2P_SAR1_PH1_ATR1_RRU0,true,1,true,true,false,MAX_IT,500,267909.387826,1.978455910969472e6,0.0,false
YATP1CLS,123200,0,2P_SAR1_PH0_ATR0_RRU1,true,1,false,false,true,MAX_IT,500,144361.59853800002,113372.87364586504,0.0,false
YATP1CLS,123200,0,2P_SAR1_PH1_ATR0_RRU1,true,1,true,false,true,MAX_IT,500,165309.76760300001,1.7243095462482052e6,0.0,false
YATP1CLS,123200,0,2P_SAR1_PH1_ATR1_RRU1,true,1,true,true,true,MAX_IT,500,267405.634545,1.978455910969472e6,0.0,false
YATP1LS,123200,0,2P_SAR0_PH0_ATR0_RRU0,false,1,false,false,false,MAX_IT,500,195420.345723,1.1098830117690302e6,0.0,false
YATP1LS,123200,0,2P_SAR0_PH1_ATR0_RRU0,false,1,true,false,false,MAX_IT,500,159186.852924,1.7243095462482052e6,0.0,false
YATP1LS,123200,0,2P_SAR0_PH1_ATR1_RRU0,false,1,true,true,false,MAX_IT,500,265167.36346699996,1.8304193504812971e6,0.0,false
YATP1LS,123200,0,2P_SAR0_PH0_ATR0_RRU1,false,1,false,false,true,MAX_IT,500,193859.208408,1.1098830117690302e6,0.0,false
YATP1LS,123200,0,2P_SAR0_PH1_ATR0_RRU1,false,1,true,false,true,MAX_IT,500,159756.087482,1.7243095462482052e6,0.0,false
YATP1LS,123200,0,2P_SAR0_PH1_ATR1_RRU1,false,1,true,true,true,MAX_IT,500,264825.275186,1.8304193504812971e6,0.0,false
YATP1LS,123200,0,BASE_2P,true,1,false,false,false,MAX_IT,500,139624.595524,113372.87364586504,0.0,true
YATP1LS,123200,0,2P_SAR1_PH1_ATR0_RRU0,true,1,true,false,false,MAX_IT,500,159207.676076,1.7243095462482052e6,0.0,false
YATP1LS,123200,0,2P_SAR1_PH1_ATR1_RRU0,true,1,true,true,false,MAX_IT,500,265008.55455700005,1.8304193504812971e6,0.0,false
YATP1LS,123200,0,2P_SAR1_PH0_ATR0_RRU1,true,1,false,false,true,MAX_IT,500,140557.60898,113372.87364586504,0.0,false
YATP1LS,123200,0,2P_SAR1_PH1_ATR0_RRU1,true,1,true,false,true,MAX_IT,500,159933.432519,1.7243095462482052e6,0.0,false
YATP1LS,123200,0,2P_SAR1_PH1_ATR1_RRU1,true,1,true,true,true,MAX_IT,500,265430.736611,1.8304193504812971e6,0.0,false
YATP2CLS,123200,0,2P_SAR0_PH0_ATR0_RRU0,false,1,false,false,false,SMALL_STEP,375,136025.724215,366.89473589636725,0.0,false
YATP2CLS,123200,0,2P_SAR0_PH1_ATR0_RRU0,false,1,true,false,false,SMALL_STEP,254,68939.021719,8.644169576445053,0.0,false
YATP2CLS,123200,0,2P_SAR0_PH1_ATR1_RRU0,false,1,true,true,false,MAX_IT,500,234406.21232999998,19577.01258729544,0.0,false
YATP2CLS,123200,0,2P_SAR0_PH0_ATR0_RRU1,false,1,false,false,true,SMALL_STEP,375,134879.099903,366.89473589636725,0.0,false
YATP2CLS,123200,0,2P_SAR0_PH1_ATR0_RRU1,false,1,true,false,true,SMALL_STEP,254,69451.48821899999,8.644169576445053,0.0,false
YATP2CLS,123200,0,2P_SAR0_PH1_ATR1_RRU1,false,1,true,true,true,MAX_IT,500,234475.691283,19577.01258729544,0.0,false
YATP2CLS,123200,0,BASE_2P,true,1,false,false,false,MAX_IT,500,127908.58602,12992.804481547942,0.0,true
YATP2CLS,123200,0,2P_SAR1_PH1_ATR0_RRU0,true,1,true,false,false,SMALL_STEP,254,69701.925745,8.644169576445053,0.0,false
YATP2CLS,123200,0,2P_SAR1_PH1_ATR1_RRU0,true,1,true,true,false,MAX_IT,500,233252.46935,19577.01258729544,0.0,false
YATP2CLS,123200,0,2P_SAR1_PH0_ATR0_RRU1,true,1,false,false,true,MAX_IT,500,127308.221512,12992.804481547942,0.0,false
YATP2CLS,123200,0,2P_SAR1_PH1_ATR0_RRU1,true,1,true,false,true,SMALL_STEP,254,69483.252083,8.644169576445053,0.0,false
YATP2CLS,123200,0,2P_SAR1_PH1_ATR1_RRU1,true,1,true,true,true,MAX_IT,500,233588.640637,19577.01258729544,0.0,false
YATP2LS,8,0,2P_SAR0_PH0_ATR0_RRU0,false,1,false,false,false,KKT_OK,27,9.237917999999999,3.795467836816807e-8,0.0,false
YATP2LS,8,0,2P_SAR0_PH1_ATR0_RRU0,false,1,true,false,false,KKT_OK,20,6.120414,2.4254065305965706e-12,0.0,false
YATP2LS,8,0,2P_SAR0_PH1_ATR1_RRU0,false,1,true,true,false,MAX_IT,500,155.041937,0.003522007065093373,0.0,false
YATP2LS,8,0,2P_SAR0_PH0_ATR0_RRU1,false,1,false,false,true,KKT_OK,27,8.780420000000001,3.795467836816807e-8,0.0,false
YATP2LS,8,0,2P_SAR0_PH1_ATR0_RRU1,false,1,true,false,true,KKT_OK,20,6.119392,2.4254065305965706e-12,0.0,false
YATP2LS,8,0,2P_SAR0_PH1_ATR1_RRU1,false,1,true,true,true,MAX_IT,500,156.177436,0.003522007065093373,0.0,false
YATP2LS,8,0,BASE_2P,true,1,false,false,false,MAX_IT,500,89.18145299999999,115.63833319754407,0.0,true
YATP2LS,8,0,2P_SAR1_PH1_ATR0_RRU0,true,1,true,false,false,KKT_OK,20,6.212776,2.4254065305965706e-12,0.0,false
YATP2LS,8,0,2P_SAR1_PH1_ATR1_RRU0,true,1,true,true,false,MAX_IT,500,161.950278,0.003522007065093373,0.0,false
YATP2LS,8,0,2P_SAR1_PH0_ATR0_RRU1,true,1,false,false,true,MAX_IT,500,86.05783699999999,115.63833319754407,0.0,false
YATP2LS,8,0,2P_SAR1_PH1_ATR0_RRU1,true,1,true,false,true,KKT_OK,20,6.1405009999999995,2.4254065305965706e-12,0.0,false
YATP2LS,8,0,2P_SAR1_PH1_ATR1_RRU1,true,1,true,true,true,MAX_IT,500,155.014997,0.003522007065093373,0.0,false
YFIT,3,0,2P_SAR0_PH0_ATR0_RRU0,false,1,false,false,false,MAX_IT,500,121.51980499999999,198.25191683559777,0.0,false
YFIT,3,0,2P_SAR0_PH1_ATR0_RRU0,false,1,true,false,false,MAX_IT,500,92.866681,198.24463755478047,0.0,false
YFIT,3,0,2P_SAR0_PH1_ATR1_RRU0,false,1,true,true,false,MAX_IT,500,145.73543,209.0295016658236,0.0,false
YFIT,3,0,2P_SAR0_PH0_ATR0_RRU1,false,1,false,false,true,MAX_IT,500,127.43162799999999,198.25191683559777,0.0,false
YFIT,3,0,2P_SAR0_PH1_ATR0_RRU1,false,1,true,false,true,MAX_IT,500,92.040222,198.24463755478047,0.0,false
YFIT,3,0,2P_SAR0_PH1_ATR1_RRU1,false,1,true,true,true,MAX_IT,500,141.281241,209.0295016658236,0.0,false
YFIT,3,0,BASE_2P,true,1,false,false,false,MAX_IT,500,84.072334,209.12824075700127,0.0,true
YFIT,3,0,2P_SAR1_PH1_ATR0_RRU0,true,1,true,false,false,MAX_IT,500,91.695696,198.24463755478047,0.0,false
YFIT,3,0,2P_SAR1_PH1_ATR1_RRU0,true,1,true,true,false,MAX_IT,500,142.947354,209.0295016658236,0.0,false
YFIT,3,0,2P_SAR1_PH0_ATR0_RRU1,true,1,false,false,true,MAX_IT,500,84.433362,209.12824075700127,0.0,false
YFIT,3,0,2P_SAR1_PH1_ATR0_RRU1,true,1,true,false,true,MAX_IT,500,92.081369,198.24463755478047,0.0,false
YFIT,3,0,2P_SAR1_PH1_ATR1_RRU1,true,1,true,true,true,MAX_IT,500,145.44901399999998,209.0295016658236,0.0,false
YFITU,3,0,2P_SAR0_PH0_ATR0_RRU0,false,1,false,false,false,MAX_IT,500,121.369663,198.25191683559777,0.0,false
YFITU,3,0,2P_SAR0_PH1_ATR0_RRU0,false,1,true,false,false,MAX_IT,500,92.359891,198.24463755478047,0.0,false
YFITU,3,0,2P_SAR0_PH1_ATR1_RRU0,false,1,true,true,false,MAX_IT,500,141.16438200000002,209.0295016658236,0.0,false
YFITU,3,0,2P_SAR0_PH0_ATR0_RRU1,false,1,false,false,true,MAX_IT,500,120.893371,198.25191683559777,0.0,false
YFITU,3,0,2P_SAR0_PH1_ATR0_RRU1,false,1,true,false,true,MAX_IT,500,92.26636500000001,198.24463755478047,0.0,false
YFITU,3,0,2P_SAR0_PH1_ATR1_RRU1,false,1,true,true,true,MAX_IT,500,145.399321,209.0295016658236,0.0,false
YFITU,3,0,BASE_2P,true,1,false,false,false,MAX_IT,500,84.727203,209.12824075700127,0.0,true
YFITU,3,0,2P_SAR1_PH1_ATR0_RRU0,true,1,true,false,false,MAX_IT,500,92.46249300000001,198.24463755478047,0.0,false
YFITU,3,0,2P_SAR1_PH1_ATR1_RRU0,true,1,true,true,false,MAX_IT,500,145.48730600000002,209.0295016658236,0.0,false
YFITU,3,0,2P_SAR1_PH0_ATR0_RRU1,true,1,false,false,true,MAX_IT,500,84.306775,209.12824075700127,0.0,false
YFITU,3,0,2P_SAR1_PH1_ATR0_RRU1,true,1,true,false,true,MAX_IT,500,91.50044,198.24463755478047,0.0,false
YFITU,3,0,2P_SAR1_PH1_ATR1_RRU1,true,1,true,true,true,MAX_IT,500,145.66013,209.0295016658236,0.0,false
ZANGWIL2,2,0,2P_SAR0_PH0_ATR0_RRU0,false,1,false,false,false,KKT_OK,7,5.145145,-18.200000000091002,0.0,false
ZANGWIL2,2,0,2P_SAR0_PH1_ATR0_RRU0,false,1,true,false,false,KKT_OK,7,4.609591,-18.20000000009101,0.0,false
ZANGWIL2,2,0,2P_SAR0_PH1_ATR1_RRU0,false,1,true,true,false,KKT_OK,15,5.72335,-18.19999999983895,0.0,false
ZANGWIL2,2,0,2P_SAR0_PH0_ATR0_RRU1,false,1,false,false,true,KKT_OK,7,4.131345,-18.200000000091002,0.0,false
ZANGWIL2,2,0,2P_SAR0_PH1_ATR0_RRU1,false,1,true,false,true,KKT_OK,7,4.5285400000000005,-18.20000000009101,0.0,false
ZANGWIL2,2,0,2P_SAR0_PH1_ATR1_RRU1,false,1,true,true,true,KKT_OK,15,5.721306,-18.19999999983895,0.0,false
ZANGWIL2,2,0,BASE_2P,true,1,false,false,false,KKT_OK,7,4.103833000000001,-18.200000000091002,0.0,true
ZANGWIL2,2,0,2P_SAR1_PH1_ATR0_RRU0,true,1,true,false,false,KKT_OK,7,4.541835,-18.20000000009101,0.0,false
ZANGWIL2,2,0,2P_SAR1_PH1_ATR1_RRU0,true,1,true,true,false,KKT_OK,15,5.744237999999999,-18.19999999983895,0.0,false
ZANGWIL2,2,0,2P_SAR1_PH0_ATR0_RRU1,true,1,false,false,true,KKT_OK,7,4.137977,-18.200000000091002,0.0,false
ZANGWIL2,2,0,2P_SAR1_PH1_ATR0_RRU1,true,1,true,false,true,KKT_OK,7,4.54993,-18.20000000009101,0.0,false
ZANGWIL2,2,0,2P_SAR1_PH1_ATR1_RRU1,true,1,true,true,true,KKT_OK,15,6.434442000000001,-18.19999999983895,0.0,false
